OS detected as Windows
ARCHITECTURE: given as "x64v3", resolved as "-march=x86-64-v3"
make -C external/clapack
make -C kar
make[1]: Entering directory '/d/Praat-work/稳定早期版/external/clapack'
clang -std=gnu++17 -municode -D_FILE_OFFSET_BITS=64 -march=x86-64-v3 -O3 -Wshadow -I ../../melder  -c -o blas.o blas.cpp
make[1]: Entering directory '/d/Praat-work/稳定早期版/kar'
clang -std=gnu++17 -municode -D_FILE_OFFSET_BITS=64 -march=x86-64-v3 -O3 -Wshadow -I ../melder  -c -o ipaSerifRegularPS.o ipaSerifRegularPS.cpp
clang -std=gnu++17 -municode -D_FILE_OFFSET_BITS=64 -march=x86-64-v3 -O3 -Wshadow -I ../../melder  -c -o lapack.o lapack.cpp
clang -std=gnu++17 -municode -D_FILE_OFFSET_BITS=64 -march=x86-64-v3 -O3 -Wshadow -I ../melder  -c -o longchar.o longchar.cpp
clang -std=gnu++17 -municode -D_FILE_OFFSET_BITS=64 -march=x86-64-v3 -O3 -Wshadow -I ../../melder  -c -o lapack_dg.o lapack_dg.cpp
clang -std=gnu++17 -municode -D_FILE_OFFSET_BITS=64 -march=x86-64-v3 -O3 -Wshadow -I ../melder  -c -o wctype_portable.o wctype_portable.cpp
clang -std=gnu++17 -municode -D_FILE_OFFSET_BITS=64 -march=x86-64-v3 -O3 -Wshadow -I ../../melder  -c -o lapack_dlaq.o lapack_dlaq.cpp
clang -std=gnu++17 -municode -D_FILE_OFFSET_BITS=64 -march=x86-64-v3 -O3 -Wshadow -I ../../melder  -c -o lapack_dlar.o lapack_dlar.cpp
clang -std=gnu++17 -municode -D_FILE_OFFSET_BITS=64 -march=x86-64-v3 -O3 -Wshadow -I ../../melder  -c -o lapack_ds.o lapack_ds.cpp
clang -std=gnu++17 -municode -D_FILE_OFFSET_BITS=64 -march=x86-64-v3 -O3 -Wshadow -I ../../melder  -c -o lapack_dt.o lapack_dt.cpp
lapack_dt.cpp:4889:34: warning: operator '<<' has lower precedence than '+'; '+' will be evaluated first [-Wshift-op-parentheses]
 4889 |         dlacpy_("Full", n1, n2, &t[(*n1 + 1 << 2) - 4], &c__4, li, &c__4);
      |                                     ~~~~^~~ ~~
lapack_dt.cpp:4889:34: note: place parentheses around the '+' expression to silence this warning
 4889 |         dlacpy_("Full", n1, n2, &t[(*n1 + 1 << 2) - 4], &c__4, li, &c__4);
      |                                         ^
      |                                     (      )
lapack_dt.cpp:4890:34: warning: operator '<<' has lower precedence than '+'; '+' will be evaluated first [-Wshift-op-parentheses]
 4890 |         dlacpy_("Full", n1, n2, &s[(*n1 + 1 << 2) - 4], &c__4, &ir[*n2 + 1 + (
      |                                     ~~~~^~~ ~~
lapack_dt.cpp:4890:34: note: place parentheses around the '+' expression to silence this warning
 4890 |         dlacpy_("Full", n1, n2, &s[(*n1 + 1 << 2) - 4], &c__4, &ir[*n2 + 1 + (
      |                                         ^
      |                                     (      )
lapack_dt.cpp:4891:7: warning: operator '<<' has lower precedence than '+'; '+' will be evaluated first [-Wshift-op-parentheses]
 4891 |                 *n1 + 1 << 2) - 5], &c__4);
      |                 ~~~~^~~ ~~
lapack_dt.cpp:4891:7: note: place parentheses around the '+' expression to silence this warning
 4891 |                 *n1 + 1 << 2) - 5], &c__4);
      |                     ^
      |                 (      )
lapack_dt.cpp:4892:58: warning: operator '<<' has lower precedence than '+'; '+' will be evaluated first [-Wshift-op-parentheses]
 4892 |         dtgsy2_("N", &c__0, n1, n2, s, &c__4, &s[*n1 + 1 + (*n1 + 1 << 2) - 5]
      |                                                             ~~~~^~~ ~~
lapack_dt.cpp:4892:58: note: place parentheses around the '+' expression to silence this warning
 4892 |         dtgsy2_("N", &c__0, n1, n2, s, &c__4, &s[*n1 + 1 + (*n1 + 1 << 2) - 5]
      |                                                                 ^
      |                                                             (      )
lapack_dt.cpp:4893:29: warning: operator '<<' has lower precedence than '+'; '+' will be evaluated first [-Wshift-op-parentheses]
 4893 | , &c__4, &ir[*n2 + 1 + (*n1 + 1 << 2) - 5], &c__4, t, &c__4, &
      |                         ~~~~^~~ ~~
lapack_dt.cpp:4893:29: note: place parentheses around the '+' expression to silence this warning
 4893 | , &c__4, &ir[*n2 + 1 + (*n1 + 1 << 2) - 5], &c__4, t, &c__4, &
      |                             ^
      |                         (      )
lapack_dt.cpp:4894:20: warning: operator '<<' has lower precedence than '+'; '+' will be evaluated first [-Wshift-op-parentheses]
 4894 |                 t[*n1 + 1 + (*n1 + 1 << 2) - 5], &c__4, li, &c__4, &scale, &
      |                              ~~~~^~~ ~~
lapack_dt.cpp:4894:20: note: place parentheses around the '+' expression to silence this warning
 4894 |                 t[*n1 + 1 + (*n1 + 1 << 2) - 5], &c__4, li, &c__4, &scale, &
      |                                  ^
      |                              (      )
lapack_dt.cpp:5100:21: warning: operator '<<' has lower precedence than '+'; '+' will be evaluated first [-Wshift-op-parentheses]
 5100 |                     n2 + 1 + (*n2 + 1 << 2) - 5], &t[m + (m - 1 << 2) - 5]);
      |                               ~~~~^~~ ~~
lapack_dt.cpp:5100:21: note: place parentheses around the '+' expression to silence this warning
 5100 |                     n2 + 1 + (*n2 + 1 << 2) - 5], &t[m + (m - 1 << 2) - 5]);
      |                                   ^
      |                               (      )
lapack_dt.cpp:5100:47: warning: operator '<<' has lower precedence than '-'; '-' will be evaluated first [-Wshift-op-parentheses]
 5100 |                     n2 + 1 + (*n2 + 1 << 2) - 5], &t[m + (m - 1 << 2) - 5]);
      |                                                           ~~^~~ ~~
lapack_dt.cpp:5100:47: note: place parentheses around the '-' expression to silence this warning
 5100 |                     n2 + 1 + (*n2 + 1 << 2) - 5], &t[m + (m - 1 << 2) - 5]);lapack_ds.cpp
:      9825| :                                                            ^20
:       | warning:                                                           (    )operator '<<' has lower precedence than '-'; '-' will be evaluated first [-Wshift-op-parentheses]

 9825 |             kc = kc + (*n - k << 1) + 1;
      |                        ~~~^~~ ~~
lapack_dt.cpp:5103:45: warning: operator '<<' has lower precedence than '+'; '+' will be evaluated first [-Wshift-op-parentheses]
 5103 |             t[m + (m << 2) - 5] = t[*n2 + 1 + (*n2 + 1 << 2) -lapack_ds.cpp :59825]:;20
:       | note:                                                ~~~~^~~ ~~place parentheses around the '-' expression to silence this warning

 9825 |             kc = kc + (lapack_dt.cpp*:n5103 :-45 :k note:  place parentheses around the '+' expression to silence this warning
<<  15103) |          +   1; 
       t|                           ^[
m       | +                       (     ) 
(m << 2) - 5] = t[*n2 + 1 + (*n2 + 1 << 2) - 5];
      |                                                    ^
      |                                                (      )
lapack_dt.cpp:5104:42: warning: operator '<<' has lower precedence than '-'; '-' will be evaluated first [-Wshift-op-parentheses]
 5104 |             t[m - 1 + (m << 2) - 5] = -t[m + (m - 1 << 2) - 5];
      |                                               ~~^~~ ~~
lapack_dt.cpp:5104:42: note: place parentheses around the '-' expression to silence this warning
 5104 |             t[m - 1 + (m << 2) - 5] = -t[m + (m - 1 << 2) - 5];
      |                                                 ^
      |                                               (    )
lapack_dt.cpp:5118:26: warning: operator '<<' has lower precedence than '+'; '+' will be evaluated first [-Wshift-op-parentheses]
 5118 |                 lda, &t[*n2 + 1 + (*n2 + 1 << 2) - 5], &c__4, &c_b5, &work[1],
      |                                    ~~~~^~~ ~~
lapack_dt.cpp:5118:26: note: place parentheses around the '+' expression to silence this warning
 5118 |                 lda, &t[*n2 + 1 + (*n2 + 1 << 2) - 5], &c__4, &c_b5, &work[1],
      |                                        ^
      |                                    (      )
lapack_dt.cpp:5123:26: warning: operator '<<' has lower precedence than '+'; '+' will be evaluated first [-Wshift-op-parentheses]
 5123 |                 ldb, &t[*n2 + 1 + (*n2 + 1 << 2) - 5], &c__4, &c_b5, &work[1],
      |                                    ~~~~^~~ ~~
lapack_dt.cpp:5123:26: note: place parentheses around the '+' expression to silence this warning
 5123 |                 ldb, &t[*n2 + 1 + (*n2 + 1 << 2) - 5], &c__4, &c_b5, &work[1],
      |                                        ^
      |                                    (      )
lapack_ds.cpp:10854:17: warning: operator '<<' has lower precedence than '-'; '-' will be evaluated first [-Wshift-op-parentheses]
 10854 |             lwmin = *n - 1 << 1;
       |                     ~~~^~~ ~~
lapack_ds.cpp:10854:17: note: place parentheses around the '-' expression to silence this warning
 10854 |             lwmin = *n - 1 << 1;
       |                        ^
       |                     (     )
lapack_dlaq.cpp:8435:8: warning: operator '<<' has lower precedence than '+'; '+' will be evaluated first [-Wshift-op-parentheses]
 8435 |                 (*n1 + 1 << 2) - 5], &c__4, &d__[(*n1 + 1 << 2) - 4], &c__4, &
      |                  ~~~~^~~ ~~
lapack_dlaq.cpp:8435:8: note: place parentheses around the '+' expression to silence this warning
 8435 |                 (*n1 + 1 << 2) - 5], &c__4, &d__[(*n1 + 1 << 2) - 4], &c__4, &
      |                      ^
      |                  (      )
lapack_dlaq.cpp:8435:41: warning: operator '<<' has lower precedence than '+'; '+' will be evaluated first [-Wshift-op-parentheses]
 8435 |                 (*n1 + 1 << 2) - 5], &c__4, &d__[(*n1 + 1 << 2) - 4], &c__4, &
      |                                                   ~~~~^~~ ~~
lapack_dlaq.cpp:8435:41: note: place parentheses around the '+' expression to silence this warning
 8435 |                 (*n1 + 1 << 2) - 5], &c__4, &d__[(*n1 + 1 << 2) - 4], &c__4, &
      |                                                       ^
      |                                                   (      )
lapack_dlar.cpp:14218:15: warning: operator '<<' has lower precedence than '-'; '-' will be evaluated first [-Wshift-op-parentheses]
 14218 |     i__1 = *n - 1 << 1;
       |            ~~~^~~ ~~
lapack_dlar.cpp:14218:15: note: place parentheses around the '-' expression to silence this warning
 14218 |     i__1 = *n - 1 << 1;
       |               ^
       |            (     )
lapack_dlar.cpp:14296:12: warning: operator '<<' has lower precedence than '+'; '+' will be evaluated first [-Wshift-op-parentheses]
 14296 |         ipn4 = i0 + n0 << 2;
       |                ~~~^~~~ ~~
lapack_dlar.cpp:14296:12: note: place parentheses around the '+' expression to silence this warning
 14296 |         ipn4 = i0 + n0 << 2;
       |                   ^
       |                (      )
lapack_dlar.cpp:14297:17: warning: operator '<<' has lower precedence than '-'; '-' will be evaluated first [-Wshift-op-parentheses]
 14297 |         i__1 = i0 + n0 - 1 << 1;
       |                ~~~~~~~~^~~ ~~
lapack_dlar.cpp:14297:17: note: place parentheses around the '-' expression to silence this warning
 14297 |         i__1 = i0 + n0 - 1 << 1;
       |                        ^
       |                (          )
lapack_dlar.cpp:14317:16: warning: operator '<<' has lower precedence than '-'; '-' will be evaluated first [-Wshift-op-parentheses]
 14317 |         for (i4 = (n0 - 1 << 2) + pp; i4 >= i__1; i4 += -4) {
       |                    ~~~^~~ ~~
lapack_dlar.cpp:14317:16: note: place parentheses around the '-' expression to silence this warning
 14317 |         for (i4 = (n0 - 1 << 2) + pp; i4 >= i__1; i4 += -4) {
       |                       ^
       |                    (     )
lapack_dlar.cpp:14331:13: warning: operator '<<' has lower precedence than '-'; '-' will be evaluated first [-Wshift-op-parentheses]
 14331 |         i__1 = (n0 - 1 << 2) + pp;
       |                 ~~~^~~ ~~
lapack_dlar.cpp:14331:13: note: place parentheses around the '-' expression to silence this warning
 14331 |         i__1 = (n0 - 1 << 2) + pp;
       |                    ^
       |                 (     )
lapack_dlar.cpp:14386:15: warning: operator '<<' has lower precedence than '-'; '-' will be evaluated first [-Wshift-op-parentheses]
 14386 |     ndiv = n0 - i0 << 1;
       |            ~~~^~~~ ~~
lapack_dlar.cpp:14386:15: note: place parentheses around the '-' expression to silence this warning
 14386 |     ndiv = n0 - i0 << 1;
       |               ^
       |            (      )
lapack_dlar.cpp:14460:15: warning: operator '<<' has lower precedence than '-'; '-' will be evaluated first [-Wshift-op-parentheses]
 14460 |             if (kmin - i0 << 1 < n0 - kmin && deemin <= z__[(n0 << 2) - 3] *
       |                 ~~~~~^~~~ ~~
lapack_dlar.cpp:14460:15: note: place parentheses around the '-' expression to silence this warning
 14460 |             if (kmin - i0 << 1 < n0 - kmin && deemin <= z__[(n0 << 2) - 3] *
       |                      ^
       |                 (        )
lapack_dlar.cpp:14462:13: warning: operator '<<' has lower precedence than '+'; '+' will be evaluated first [-Wshift-op-parentheses]
 14462 |                 ipn4 = i0 + n0 << 2;
       |                        ~~~^~~~ ~~
lapack_dlar.cpp:14462:13: note: place parentheses around the '+' expression to silence this warning
 14462 |                 ipn4 = i0 + n0 << 2;
       |                           ^
       |                        (      )
lapack_dlar.cpp:14464:18: warning: operator '<<' has lower precedence than '-'; '-' will be evaluated first [-Wshift-op-parentheses]
 14464 |                 i__2 = i0 + n0 - 1 << 1;
       |                        ~~~~~~~~^~~ ~~
lapack_dlar.cpp:14464:18: note: place parentheses around the '-' expression to silence this warning
 14464 |                 i__2 = i0 + n0 - 1 << 1;
       |                                ^
       |                        (          )
lapack_dlar.cpp:14519:17: warning: operator '<<' has lower precedence than '-'; '-' will be evaluated first [-Wshift-op-parentheses]
 14519 |                     i__3 = n0 - 3 << 2;
       |                            ~~~^~~ ~~
lapack_dlar.cpp:14519:17: note: place parentheses around the '-' expression to silence this warning
 14519 |                     i__3 = n0 - 3 << 2;
       |                               ^
       |                            (     )
lapack_dt.cpp:14362:15: warning: operator '<<' has lower precedence than '-'; '-' will be evaluated first [-Wshift-op-parentheses]
 14362 |                     nn = *n - 1 << 1;
       |                          ~~~^~~ ~~
lapack_dt.cpp:14362:15: note: place parentheses around the '-' expression to silence this warning
 14362 |                     nn = *n - 1 << 1;
       |                             ^
       |                          (     )
lapack_dlar.cpp:14784:17: warning: operator '<<' has lower precedence than '+'; '+' will be evaluated first [-Wshift-op-parentheses]
 14784 |             ipn4 = *i0 + *n0 << 2;
       |                    ~~~~^~~~~ ~~
lapack_dlar.cpp:14784:17: note: place parentheses around the '+' expression to silence this warning
 14784 |             ipn4 = *i0 + *n0 << 2;
       |                        ^
       |                    (        )
lapack_dlar.cpp:14785:23: warning: operator '<<' has lower precedence than '-'; '-' will be evaluated first [-Wshift-op-parentheses]
 14785 |             i__1 = *i0 + *n0 - 1 << 1;
       |                    ~~~~~~~~~~^~~ ~~
lapack_dlar.cpp:14785:23: note: place parentheses around the '-' expression to silence this warning
 14785 |             i__1 = *i0 + *n0 - 1 << 1;
       |                              ^
       |                    (            )
lapack_dlar.cpp:14846:56: warning: operator '<<' has lower precedence than '-'; '-' will be evaluated first [-Wshift-op-parentheses]
 14846 |     } else if (*dmin__ < 0. && *dmin1 > 0. && z__[(*n0 - 1 << 2) - *pp] < tol
       |                                                    ~~~~^~~ ~~
lapack_dlar.cpp:14846:56: note: place parentheses around the '-' expression to silence this warning
 14846 |     } else if (*dmin__ < 0. && *dmin1 > 0. && z__[(*n0 - 1 << 2) - *pp] < tol
       |                                                        ^
       |                                                    (      )
lapack_dlar.cpp:14851:11: warning: operator '<<' has lower precedence than '-'; '-' will be evaluated first [-Wshift-op-parentheses]
 14851 |         z__[(*n0 - 1 << 2) - *pp + 2] = 0.;
       |              ~~~~^~~ ~~
lapack_dlar.cpp:14851:11: note: place parentheses around the '-' expression to silence this warning
 14851 |         z__[(*n0 - 1 << 2) - *pp + 2] = 0.;
       |                  ^
       |              (      )
lapack_dlar.cpp:15405:17: warning: operator '<<' has lower precedence than '-'; '-' will be evaluated first [-Wshift-op-parentheses]
 15405 |             i__1 = *n0 - 3 << 2;
       |                    ~~~~^~~ ~~
lapack_dlar.cpp:15405:17: note: place parentheses around the '-' expression to silence this warning
 15405 |             i__1 = *n0 - 3 << 2;
       |                        ^
       |                    (      )
lapack_dlar.cpp:15418:17: warning: operator '<<' has lower precedence than '-'; '-' will be evaluated first [-Wshift-op-parentheses]
 15418 |             i__1 = *n0 - 3 << 2;
       |                    ~~~~^~~ ~~
lapack_dlar.cpp:15418:17: note: place parentheses around the '-' expression to silence this warning
 15418 |             i__1 = *n0 - 3 << 2;
       |                        ^
       |                    (      )
lapack_dlar.cpp:15436:12: warning: operator '<<' has lower precedence than '-'; '-' will be evaluated first [-Wshift-op-parentheses]
 15436 |         j4 = (*n0 - 2 << 2) - *pp;
       |               ~~~~^~~ ~~
lapack_dlar.cpp:15436:12: note: place parentheses around the '-' expression to silence this warning
 15436 |         j4 = (*n0 - 2 << 2) - *pp;
       |                   ^
       |               (      )
lapack_dlar.cpp:15456:17: warning: operator '<<' has lower precedence than '-'; '-' will be evaluated first [-Wshift-op-parentheses]
 15456 |             i__1 = *n0 - 3 << 2;
       |                    ~~~~^~~ ~~
lapack_dlar.cpp:15456:17: note: place parentheses around the '-' expression to silence this warning
 15456 |             i__1 = *n0 - 3 << 2;
       |                        ^
       |                    (      )
lapack_dlar.cpp:15472:17: warning: operator '<<' has lower precedence than '-'; '-' will be evaluated first [-Wshift-op-parentheses]
 15472 |             i__1 = *n0 - 3 << 2;
       |                    ~~~~^~~ ~~
lapack_dlar.cpp:15472:17: note: place parentheses around the '-' expression to silence this warning
 15472 |             i__1 = *n0 - 3 << 2;
       |                        ^
       |                    (      )
lapack_dlar.cpp:15493:12: warning: operator '<<' has lower precedence than '-'; '-' will be evaluated first [-Wshift-op-parentheses]
 15493 |         j4 = (*n0 - 2 << 2) - *pp;
       |               ~~~~^~~ ~~
lapack_dlar.cpp:15493:12: note: place parentheses around the '-' expression to silence this warning
 15493 |         j4 = (*n0 - 2 << 2) - *pp;
       |                   ^
       |               (      )
lapack_dlar.cpp:15618:13: warning: operator '<<' has lower precedence than '-'; '-' will be evaluated first [-Wshift-op-parentheses]
 15618 |         i__1 = *n0 - 3 << 2;
       |                ~~~~^~~ ~~
lapack_dlar.cpp:15618:13: note: place parentheses around the '-' expression to silence this warning
 15618 |         i__1 = *n0 - 3 << 2;
       |                    ^
       |                (      )
lapack_dlar.cpp:15642:13: warning: operator '<<' has lower precedence than '-'; '-' will be evaluated first [-Wshift-op-parentheses]
 15642 |         i__1 = *n0 - 3 << 2;
       |                ~~~~^~~ ~~
lapack_dlar.cpp:15642:13: note: place parentheses around the '-' expression to silence this warning
 15642 |         i__1 = *n0 - 3 << 2;
       |                    ^
       |                (      )
lapack_dlar.cpp:15671:15: warning: operator '<<' has lower precedence than '-'; '-' will be evaluated first [-Wshift-op-parentheses]
 15671 |     j4 = (*n0 - 2 << 2) - *pp;
       |           ~~~~^~~ ~~
lapack_dlar.cpp:15671:15: note: place parentheses around the '-' expression to silence this warning
 15671 |     j4 = (*n0 - 2 << 2) - *pp;
       |               ^
       |           (      )
lapack_dlar.cpp:22041:17: warning: operator '<<' has lower precedence than '+'; '+' will be evaluated first [-Wshift-op-parentheses]
 22041 |             ipn4 = *i0 + *n0 << 2;
       |                    ~~~~^~~~~ ~~
lapack_dlar.cpp:22041:17: note: place parentheses around the '+' expression to silence this warning
 22041 |             ipn4 = *i0 + *n0 << 2;
       |                        ^
       |                    (        )
lapack_dlar.cpp:22042:23: warning: operator '<<' has lower precedence than '-'; '-' will be evaluated first [-Wshift-op-parentheses]
 22042 |             i__1 = *i0 + *n0 - 1 << 1;
       |                    ~~~~~~~~~~^~~ ~~
lapack_dlar.cpp:22042:23: note: place parentheses around the '-' expression to silence this warning
 22042 |             i__1 = *i0 + *n0 - 1 << 1;
       |                              ^
       |                    (            )
lapack_dlar.cpp:22109:53: warning: operator '<<' has lower precedence than '-'; '-' will be evaluated first [-Wshift-op-parentheses]
 22109 |         } else if (*dmin__ < 0. && *dmin1 > 0. && z__[(*n0 - 1 << 2) - *pp] <
       |                                                        ~~~~^~~ ~~
lapack_dlar.cpp:22109:53: note: place parentheses around the '-' expression to silence this warning
 22109 |         } else if (*dmin__ < 0. && *dmin1 > 0. && z__[(*n0 - 1 << 2) - *pp] <
       |                                                            ^
       |                                                        (      )
lapack_dlar.cpp:22114:15: warning: operator '<<' has lower precedence than '-'; '-' will be evaluated first [-Wshift-op-parentheses]
 22114 |             z__[(*n0 - 1 << 2) - *pp + 2] = 0.;
       |                  ~~~~^~~ ~~
lapack_dlar.cpp:22114:15: note: place parentheses around the '-' expression to silence this warning
 22114 |             z__[(*n0 - 1 << 2) - *pp + 2] = 0.;
       |                      ^
       |                  (      )
2 warnings generated.
27 warnings generated.
13 warnings generated.
2 warnings generated.
touch libclapack.a
rm libclapack.a
ar cq libclapack.a blas.o lapack.o lapack_dg.o lapack_dlaq.o lapack_dlar.o lapack_ds.o lapack_dt.o
ranlib libclapack.a
make[1]: Leaving directory '/d/Praat-work/稳定早期版/external/clapack'
make -C external/gsl
make[1]: Entering directory '/d/Praat-work/稳定早期版/external/gsl'
clang -std=gnu99 -municode -D_FILE_OFFSET_BITS=64 -march=x86-64-v3 -O3   -c -o gsl_blas__blas.o gsl_blas__blas.c
clang -std=gnu99 -municode -D_FILE_OFFSET_BITS=64 -march=x86-64-v3 -O3   -c -o gsl_block__block.o gsl_block__block.c
clang -std=gnu99 -municode -D_FILE_OFFSET_BITS=64 -march=x86-64-v3 -O3   -c -o gsl_block__file.o gsl_block__file.c
clang -std=gnu99 -municode -D_FILE_OFFSET_BITS=64 -march=x86-64-v3 -O3   -c -o gsl_block__init.o gsl_block__init.c
clang -std=gnu99 -municode -D_FILE_OFFSET_BITS=64 -march=x86-64-v3 -O3   -c -o gsl_bspline__bspline.o gsl_bspline__bspline.c
clang -std=gnu99 -municode -D_FILE_OFFSET_BITS=64 -march=x86-64-v3 -O3   -c -o gsl_cblas__caxpy.o gsl_cblas__caxpy.c
clang -std=gnu99 -municode -D_FILE_OFFSET_BITS=64 -march=x86-64-v3 -O3   -c -o gsl_cblas__ccopy.o gsl_cblas__ccopy.c
clang -std=gnu99 -municode -D_FILE_OFFSET_BITS=64 -march=x86-64-v3 -O3   -c -o gsl_cblas__cdotc_sub.o gsl_cblas__cdotc_sub.c
clang -std=gnu99 -municode -D_FILE_OFFSET_BITS=64 -march=x86-64-v3 -O3   -c -o gsl_cblas__cdotu_sub.o gsl_cblas__cdotu_sub.c
clang -std=gnu99 -municode -D_FILE_OFFSET_BITS=64 -march=x86-64-v3 -O3   -c -o gsl_cblas__cgbmv.o gsl_cblas__cgbmv.c
clang -std=gnu99 -municode -D_FILE_OFFSET_BITS=64 -march=x86-64-v3 -O3   -c -o gsl_cblas__cgemm.o gsl_cblas__cgemm.c
clang -std=gnu99 -municode -D_FILE_OFFSET_BITS=64 -march=x86-64-v3 -O3   -c -o gsl_cblas__cgemv.o gsl_cblas__cgemv.c
clang -std=gnu99 -municode -D_FILE_OFFSET_BITS=64 -march=x86-64-v3 -O3   -c -o gsl_cblas__cgerc.o gsl_cblas__cgerc.c
clang -std=gnu99 -municode -D_FILE_OFFSET_BITS=64 -march=x86-64-v3 -O3   -c -o gsl_cblas__cgeru.o gsl_cblas__cgeru.c
clang -std=gnu99 -municode -D_FILE_OFFSET_BITS=64 -march=x86-64-v3 -O3   -c -o gsl_cblas__chbmv.o gsl_cblas__chbmv.c
clang -std=gnu99 -municode -D_FILE_OFFSET_BITS=64 -march=x86-64-v3 -O3   -c -o gsl_cblas__chemm.o gsl_cblas__chemm.c
clang -std=gnu99 -municode -D_FILE_OFFSET_BITS=64 -march=x86-64-v3 -O3   -c -o gsl_cblas__chemv.o gsl_cblas__chemv.c
clang -std=gnu99 -municode -D_FILE_OFFSET_BITS=64 -march=x86-64-v3 -O3   -c -o gsl_cblas__cher.o gsl_cblas__cher.c
clang -std=gnu99 -municode -D_FILE_OFFSET_BITS=64 -march=x86-64-v3 -O3   -c -o gsl_cblas__cher2.o gsl_cblas__cher2.c
clang -std=gnu99 -municode -D_FILE_OFFSET_BITS=64 -march=x86-64-v3 -O3   -c -o gsl_cblas__cher2k.o gsl_cblas__cher2k.c
clang -std=gnu99 -municode -D_FILE_OFFSET_BITS=64 -march=x86-64-v3 -O3   -c -o gsl_cblas__cherk.o gsl_cblas__cherk.c
clang -std=gnu99 -municode -D_FILE_OFFSET_BITS=64 -march=x86-64-v3 -O3   -c -o gsl_cblas__chpmv.o gsl_cblas__chpmv.c
clang -std=gnu99 -municode -D_FILE_OFFSET_BITS=64 -march=x86-64-v3 -O3   -c -o gsl_cblas__chpr.o gsl_cblas__chpr.c
clang -std=gnu99 -municode -D_FILE_OFFSET_BITS=64 -march=x86-64-v3 -O3   -c -o gsl_cblas__chpr2.o gsl_cblas__chpr2.c
clang -std=gnu99 -municode -D_FILE_OFFSET_BITS=64 -march=x86-64-v3 -O3   -c -o gsl_cblas__cscal.o gsl_cblas__cscal.c
clang -std=gnu99 -municode -D_FILE_OFFSET_BITS=64 -march=x86-64-v3 -O3   -c -o gsl_cblas__csscal.o gsl_cblas__csscal.c
clang -std=gnu99 -municode -D_FILE_OFFSET_BITS=64 -march=x86-64-v3 -O3   -c -o gsl_cblas__cswap.o gsl_cblas__cswap.c
clang -std=gnu99 -municode -D_FILE_OFFSET_BITS=64 -march=x86-64-v3 -O3   -c -o gsl_cblas__csymm.o gsl_cblas__csymm.c
clang -std=gnu99 -municode -D_FILE_OFFSET_BITS=64 -march=x86-64-v3 -O3   -c -o gsl_cblas__csyr2k.o gsl_cblas__csyr2k.c
clang -std=gnu99 -municode -D_FILE_OFFSET_BITS=64 -march=x86-64-v3 -O3   -c -o gsl_cblas__csyrk.o gsl_cblas__csyrk.c
clang -std=gnu99 -municode -D_FILE_OFFSET_BITS=64 -march=x86-64-v3 -O3   -c -o gsl_cblas__ctbmv.o gsl_cblas__ctbmv.c
clang -std=gnu99 -municode -D_FILE_OFFSET_BITS=64 -march=x86-64-v3 -O3   -c -o gsl_cblas__ctbsv.o gsl_cblas__ctbsv.c
clang -std=gnu99 -municode -D_FILE_OFFSET_BITS=64 -march=x86-64-v3 -O3   -c -o gsl_cblas__ctpmv.o gsl_cblas__ctpmv.c
clang -std=gnu99 -municode -D_FILE_OFFSET_BITS=64 -march=x86-64-v3 -O3   -c -o gsl_cblas__ctpsv.o gsl_cblas__ctpsv.c
clang -std=gnu99 -municode -D_FILE_OFFSET_BITS=64 -march=x86-64-v3 -O3   -c -o gsl_cblas__ctrmm.o gsl_cblas__ctrmm.c
clang -std=gnu99 -municode -D_FILE_OFFSET_BITS=64 -march=x86-64-v3 -O3   -c -o gsl_cblas__ctrmv.o gsl_cblas__ctrmv.c
clang -std=gnu99 -municode -D_FILE_OFFSET_BITS=64 -march=x86-64-v3 -O3   -c -o gsl_cblas__ctrsm.o gsl_cblas__ctrsm.c
clang -std=gnu99 -municode -D_FILE_OFFSET_BITS=64 -march=x86-64-v3 -O3   -c -o gsl_cblas__ctrsv.o gsl_cblas__ctrsv.c
clang -std=gnu99 -municode -D_FILE_OFFSET_BITS=64 -march=x86-64-v3 -O3   -c -o gsl_cblas__dasum.o gsl_cblas__dasum.c
clang -std=gnu99 -municode -D_FILE_OFFSET_BITS=64 -march=x86-64-v3 -O3   -c -o gsl_cblas__daxpy.o gsl_cblas__daxpy.c
clang -std=gnu99 -municode -D_FILE_OFFSET_BITS=64 -march=x86-64-v3 -O3   -c -o gsl_cblas__dcopy.o gsl_cblas__dcopy.c
clang -std=gnu99 -municode -D_FILE_OFFSET_BITS=64 -march=x86-64-v3 -O3   -c -o gsl_cblas__ddot.o gsl_cblas__ddot.c
clang -std=gnu99 -municode -D_FILE_OFFSET_BITS=64 -march=x86-64-v3 -O3   -c -o gsl_cblas__dgbmv.o gsl_cblas__dgbmv.c
clang -std=gnu99 -municode -D_FILE_OFFSET_BITS=64 -march=x86-64-v3 -O3   -c -o gsl_cblas__dgemm.o gsl_cblas__dgemm.c
clang -std=gnu99 -municode -D_FILE_OFFSET_BITS=64 -march=x86-64-v3 -O3   -c -o gsl_cblas__dgemv.o gsl_cblas__dgemv.c
clang -std=gnu99 -municode -D_FILE_OFFSET_BITS=64 -march=x86-64-v3 -O3   -c -o gsl_cblas__dger.o gsl_cblas__dger.c
clang -std=gnu99 -municode -D_FILE_OFFSET_BITS=64 -march=x86-64-v3 -O3   -c -o gsl_cblas__dnrm2.o gsl_cblas__dnrm2.c
clang -std=gnu99 -municode -D_FILE_OFFSET_BITS=64 -march=x86-64-v3 -O3   -c -o gsl_cblas__drot.o gsl_cblas__drot.c
clang -std=gnu99 -municode -D_FILE_OFFSET_BITS=64 -march=x86-64-v3 -O3   -c -o gsl_cblas__drotg.o gsl_cblas__drotg.c
clang -std=gnu99 -municode -D_FILE_OFFSET_BITS=64 -march=x86-64-v3 -O3   -c -o gsl_cblas__drotm.o gsl_cblas__drotm.c
clang -std=gnu99 -municode -D_FILE_OFFSET_BITS=64 -march=x86-64-v3 -O3   -c -o gsl_cblas__drotmg.o gsl_cblas__drotmg.c
clang -std=gnu99 -municode -D_FILE_OFFSET_BITS=64 -march=x86-64-v3 -O3   -c -o gsl_cblas__dsbmv.o gsl_cblas__dsbmv.c
clang -std=gnu99 -municode -D_FILE_OFFSET_BITS=64 -march=x86-64-v3 -O3   -c -o gsl_cblas__dscal.o gsl_cblas__dscal.c
clang -std=gnu99 -municode -D_FILE_OFFSET_BITS=64 -march=x86-64-v3 -O3   -c -o gsl_cblas__dsdot.o gsl_cblas__dsdot.c
clang -std=gnu99 -municode -D_FILE_OFFSET_BITS=64 -march=x86-64-v3 -O3   -c -o gsl_cblas__dspmv.o gsl_cblas__dspmv.c
clang -std=gnu99 -municode -D_FILE_OFFSET_BITS=64 -march=x86-64-v3 -O3   -c -o gsl_cblas__dspr.o gsl_cblas__dspr.c
clang -std=gnu99 -municode -D_FILE_OFFSET_BITS=64 -march=x86-64-v3 -O3   -c -o gsl_cblas__dspr2.o gsl_cblas__dspr2.c
clang -std=gnu99 -municode -D_FILE_OFFSET_BITS=64 -march=x86-64-v3 -O3   -c -o gsl_cblas__dswap.o gsl_cblas__dswap.c
clang -std=gnu99 -municode -D_FILE_OFFSET_BITS=64 -march=x86-64-v3 -O3   -c -o gsl_cblas__dsymm.o gsl_cblas__dsymm.c
clang -std=gnu99 -municode -D_FILE_OFFSET_BITS=64 -march=x86-64-v3 -O3   -c -o gsl_cblas__dsymv.o gsl_cblas__dsymv.c
clang -std=gnu99 -municode -D_FILE_OFFSET_BITS=64 -march=x86-64-v3 -O3   -c -o gsl_cblas__dsyr.o gsl_cblas__dsyr.c
clang -std=gnu99 -municode -D_FILE_OFFSET_BITS=64 -march=x86-64-v3 -O3   -c -o gsl_cblas__dsyr2.o gsl_cblas__dsyr2.c
clang -std=gnu99 -municode -D_FILE_OFFSET_BITS=64 -march=x86-64-v3 -O3   -c -o gsl_cblas__dsyr2k.o gsl_cblas__dsyr2k.c
clang -std=gnu99 -municode -D_FILE_OFFSET_BITS=64 -march=x86-64-v3 -O3   -c -o gsl_cblas__dsyrk.o gsl_cblas__dsyrk.c
clang -std=gnu99 -municode -D_FILE_OFFSET_BITS=64 -march=x86-64-v3 -O3   -c -o gsl_cblas__dtbmv.o gsl_cblas__dtbmv.c
clang -std=gnu99 -municode -D_FILE_OFFSET_BITS=64 -march=x86-64-v3 -O3   -c -o gsl_cblas__dtbsv.o gsl_cblas__dtbsv.c
clang -std=gnu99 -municode -D_FILE_OFFSET_BITS=64 -march=x86-64-v3 -O3   -c -o gsl_cblas__dtpmv.o gsl_cblas__dtpmv.c
clang -std=gnu99 -municode -D_FILE_OFFSET_BITS=64 -march=x86-64-v3 -O3   -c -o gsl_cblas__dtpsv.o gsl_cblas__dtpsv.c
clang -std=gnu99 -municode -D_FILE_OFFSET_BITS=64 -march=x86-64-v3 -O3   -c -o gsl_cblas__dtrmm.o gsl_cblas__dtrmm.c
clang -std=gnu99 -municode -D_FILE_OFFSET_BITS=64 -march=x86-64-v3 -O3   -c -o gsl_cblas__dtrmv.o gsl_cblas__dtrmv.c
clang -std=gnu99 -municode -D_FILE_OFFSET_BITS=64 -march=x86-64-v3 -O3   -c -o gsl_cblas__dtrsm.o gsl_cblas__dtrsm.c
clang -std=gnu99 -municode -D_FILE_OFFSET_BITS=64 -march=x86-64-v3 -O3   -c -o gsl_cblas__dtrsv.o gsl_cblas__dtrsv.c
clang -std=gnu99 -municode -D_FILE_OFFSET_BITS=64 -march=x86-64-v3 -O3   -c -o gsl_cblas__dzasum.o gsl_cblas__dzasum.c
clang -std=gnu99 -municode -D_FILE_OFFSET_BITS=64 -march=x86-64-v3 -O3   -c -o gsl_cblas__dznrm2.o gsl_cblas__dznrm2.c
clang -std=gnu99 -municode -D_FILE_OFFSET_BITS=64 -march=x86-64-v3 -O3   -c -o gsl_cblas__icamax.o gsl_cblas__icamax.c
clang -std=gnu99 -municode -D_FILE_OFFSET_BITS=64 -march=x86-64-v3 -O3   -c -o gsl_cblas__idamax.o gsl_cblas__idamax.c
clang -std=gnu99 -municode -D_FILE_OFFSET_BITS=64 -march=x86-64-v3 -O3   -c -o gsl_cblas__isamax.o gsl_cblas__isamax.c
clang -std=gnu99 -municode -D_FILE_OFFSET_BITS=64 -march=x86-64-v3 -O3   -c -o gsl_cblas__izamax.o gsl_cblas__izamax.c
clang -std=gnu99 -municode -D_FILE_OFFSET_BITS=64 -march=x86-64-v3 -O3   -c -o gsl_cblas__sasum.o gsl_cblas__sasum.c
clang -std=gnu99 -municode -D_FILE_OFFSET_BITS=64 -march=x86-64-v3 -O3   -c -o gsl_cblas__saxpy.o gsl_cblas__saxpy.c
clang -std=gnu99 -municode -D_FILE_OFFSET_BITS=64 -march=x86-64-v3 -O3   -c -o gsl_cblas__scasum.o gsl_cblas__scasum.c
clang -std=gnu99 -municode -D_FILE_OFFSET_BITS=64 -march=x86-64-v3 -O3   -c -o gsl_cblas__scnrm2.o gsl_cblas__scnrm2.c
clang -std=gnu99 -municode -D_FILE_OFFSET_BITS=64 -march=x86-64-v3 -O3   -c -o gsl_cblas__scopy.o gsl_cblas__scopy.c
clang -std=gnu99 -municode -D_FILE_OFFSET_BITS=64 -march=x86-64-v3 -O3   -c -o gsl_cblas__sdot.o gsl_cblas__sdot.c
clang -std=gnu99 -municode -D_FILE_OFFSET_BITS=64 -march=x86-64-v3 -O3   -c -o gsl_cblas__sdsdot.o gsl_cblas__sdsdot.c
clang -std=gnu99 -municode -D_FILE_OFFSET_BITS=64 -march=x86-64-v3 -O3   -c -o gsl_cblas__sgbmv.o gsl_cblas__sgbmv.c
clang -std=gnu99 -municode -D_FILE_OFFSET_BITS=64 -march=x86-64-v3 -O3   -c -o gsl_cblas__sgemm.o gsl_cblas__sgemm.c
clang -std=gnu99 -municode -D_FILE_OFFSET_BITS=64 -march=x86-64-v3 -O3   -c -o gsl_cblas__sgemv.o gsl_cblas__sgemv.c
clang -std=gnu99 -municode -D_FILE_OFFSET_BITS=64 -march=x86-64-v3 -O3   -c -o gsl_cblas__sger.o gsl_cblas__sger.c
clang -std=gnu99 -municode -D_FILE_OFFSET_BITS=64 -march=x86-64-v3 -O3   -c -o gsl_cblas__snrm2.o gsl_cblas__snrm2.c
clang -std=gnu99 -municode -D_FILE_OFFSET_BITS=64 -march=x86-64-v3 -O3   -c -o gsl_cblas__srot.o gsl_cblas__srot.c
clang -std=gnu99 -municode -D_FILE_OFFSET_BITS=64 -march=x86-64-v3 -O3   -c -o gsl_cblas__srotg.o gsl_cblas__srotg.c
clang -std=gnu99 -municode -D_FILE_OFFSET_BITS=64 -march=x86-64-v3 -O3   -c -o gsl_cblas__srotm.o gsl_cblas__srotm.c
clang -std=gnu99 -municode -D_FILE_OFFSET_BITS=64 -march=x86-64-v3 -O3   -c -o gsl_cblas__srotmg.o gsl_cblas__srotmg.c
clang -std=gnu99 -municode -D_FILE_OFFSET_BITS=64 -march=x86-64-v3 -O3   -c -o gsl_cblas__ssbmv.o gsl_cblas__ssbmv.c
clang -std=gnu99 -municode -D_FILE_OFFSET_BITS=64 -march=x86-64-v3 -O3   -c -o gsl_cblas__sscal.o gsl_cblas__sscal.c
clang -std=gnu99 -municode -D_FILE_OFFSET_BITS=64 -march=x86-64-v3 -O3   -c -o gsl_cblas__sspmv.o gsl_cblas__sspmv.c
clang -std=gnu99 -municode -D_FILE_OFFSET_BITS=64 -march=x86-64-v3 -O3   -c -o gsl_cblas__sspr.o gsl_cblas__sspr.c
clang -std=gnu99 -municode -D_FILE_OFFSET_BITS=64 -march=x86-64-v3 -O3   -c -o gsl_cblas__sspr2.o gsl_cblas__sspr2.c
clang -std=gnu99 -municode -D_FILE_OFFSET_BITS=64 -march=x86-64-v3 -O3   -c -o gsl_cblas__sswap.o gsl_cblas__sswap.c
clang -std=gnu99 -municode -D_FILE_OFFSET_BITS=64 -march=x86-64-v3 -O3   -c -o gsl_cblas__ssymm.o gsl_cblas__ssymm.c
clang -std=gnu99 -municode -D_FILE_OFFSET_BITS=64 -march=x86-64-v3 -O3   -c -o gsl_cblas__ssymv.o gsl_cblas__ssymv.c
clang -std=gnu99 -municode -D_FILE_OFFSET_BITS=64 -march=x86-64-v3 -O3   -c -o gsl_cblas__ssyr.o gsl_cblas__ssyr.c
clang -std=gnu99 -municode -D_FILE_OFFSET_BITS=64 -march=x86-64-v3 -O3   -c -o gsl_cblas__ssyr2.o gsl_cblas__ssyr2.c
clang -std=gnu99 -municode -D_FILE_OFFSET_BITS=64 -march=x86-64-v3 -O3   -c -o gsl_cblas__ssyr2k.o gsl_cblas__ssyr2k.c
clang -std=gnu99 -municode -D_FILE_OFFSET_BITS=64 -march=x86-64-v3 -O3   -c -o gsl_cblas__ssyrk.o gsl_cblas__ssyrk.c
clang -std=gnu99 -municode -D_FILE_OFFSET_BITS=64 -march=x86-64-v3 -O3   -c -o gsl_cblas__stbmv.o gsl_cblas__stbmv.c
clang -std=gnu99 -municode -D_FILE_OFFSET_BITS=64 -march=x86-64-v3 -O3   -c -o gsl_cblas__stbsv.o gsl_cblas__stbsv.c
clang -std=gnu99 -municode -D_FILE_OFFSET_BITS=64 -march=x86-64-v3 -O3   -c -o gsl_cblas__stpmv.o gsl_cblas__stpmv.c
clang -std=gnu99 -municode -D_FILE_OFFSET_BITS=64 -march=x86-64-v3 -O3   -c -o gsl_cblas__stpsv.o gsl_cblas__stpsv.c
clang -std=gnu99 -municode -D_FILE_OFFSET_BITS=64 -march=x86-64-v3 -O3   -c -o gsl_cblas__strmm.o gsl_cblas__strmm.c
clang -std=gnu99 -municode -D_FILE_OFFSET_BITS=64 -march=x86-64-v3 -O3   -c -o gsl_cblas__strmv.o gsl_cblas__strmv.c
clang -std=gnu99 -municode -D_FILE_OFFSET_BITS=64 -march=x86-64-v3 -O3   -c -o gsl_cblas__strsm.o gsl_cblas__strsm.c
clang -std=gnu99 -municode -D_FILE_OFFSET_BITS=64 -march=x86-64-v3 -O3   -c -o gsl_cblas__strsv.o gsl_cblas__strsv.c
clang -std=gnu99 -municode -D_FILE_OFFSET_BITS=64 -march=x86-64-v3 -O3   -c -o gsl_cblas__xerbla.o gsl_cblas__xerbla.c
clang -std=gnu99 -municode -D_FILE_OFFSET_BITS=64 -march=x86-64-v3 -O3   -c -o gsl_cblas__zaxpy.o gsl_cblas__zaxpy.c
clang -std=gnu99 -municode -D_FILE_OFFSET_BITS=64 -march=x86-64-v3 -O3   -c -o gsl_cblas__zcopy.o gsl_cblas__zcopy.c
clang -std=gnu99 -municode -D_FILE_OFFSET_BITS=64 -march=x86-64-v3 -O3   -c -o gsl_cblas__zdotc_sub.o gsl_cblas__zdotc_sub.c
clang -std=gnu99 -municode -D_FILE_OFFSET_BITS=64 -march=x86-64-v3 -O3   -c -o gsl_cblas__zdotu_sub.o gsl_cblas__zdotu_sub.c
clang -std=gnu99 -municode -D_FILE_OFFSET_BITS=64 -march=x86-64-v3 -O3   -c -o gsl_cblas__zdscal.o gsl_cblas__zdscal.c
clang -std=gnu99 -municode -D_FILE_OFFSET_BITS=64 -march=x86-64-v3 -O3   -c -o gsl_cblas__zgbmv.o gsl_cblas__zgbmv.c
clang -std=gnu99 -municode -D_FILE_OFFSET_BITS=64 -march=x86-64-v3 -O3   -c -o gsl_cblas__zgemm.o gsl_cblas__zgemm.c
clang -std=gnu99 -municode -D_FILE_OFFSET_BITS=64 -march=x86-64-v3 -O3   -c -o gsl_cblas__zgemv.o gsl_cblas__zgemv.c
clang -std=gnu99 -municode -D_FILE_OFFSET_BITS=64 -march=x86-64-v3 -O3   -c -o gsl_cblas__zgerc.o gsl_cblas__zgerc.c
clang -std=gnu99 -municode -D_FILE_OFFSET_BITS=64 -march=x86-64-v3 -O3   -c -o gsl_cblas__zgeru.o gsl_cblas__zgeru.c
clang -std=gnu99 -municode -D_FILE_OFFSET_BITS=64 -march=x86-64-v3 -O3   -c -o gsl_cblas__zhbmv.o gsl_cblas__zhbmv.c
clang -std=gnu99 -municode -D_FILE_OFFSET_BITS=64 -march=x86-64-v3 -O3   -c -o gsl_cblas__zhemm.o gsl_cblas__zhemm.c
touch libkar.a
clang -std=gnu99 -municode -D_FILE_OFFSET_BITS=64 -march=x86-64-v3 -O3   -c -o gsl_cblas__zhemv.o gsl_cblas__zhemv.c
clang -std=gnu99 -municode -D_FILE_OFFSET_BITS=64 -march=x86-64-v3 -O3   -c -o gsl_cblas__zher.o gsl_cblas__zher.c
rm libkar.a
clang -std=gnu99 -municode -D_FILE_OFFSET_BITS=64 -march=x86-64-v3 -O3   -c -o gsl_cblas__zher2.o gsl_cblas__zher2.c
ar cq libkar.a ipaSerifRegularPS.o longchar.o wctype_portable.o
clang -std=gnu99 -municode -D_FILE_OFFSET_BITS=64 -march=x86-64-v3 -O3   -c -o gsl_cblas__zher2k.o gsl_cblas__zher2k.c
ranlib libkar.a
clang -std=gnu99 -municode -D_FILE_OFFSET_BITS=64 -march=x86-64-v3 -O3   -c -o gsl_cblas__zherk.o gsl_cblas__zherk.c
clang -std=gnu99 -municode -D_FILE_OFFSET_BITS=64 -march=x86-64-v3 -O3   -c -o gsl_cblas__zhpmv.o gsl_cblas__zhpmv.c
make[1]: Leaving directory '/d/Praat-work/稳定早期版/kar'
clang -std=gnu99 -municode -D_FILE_OFFSET_BITS=64 -march=x86-64-v3 -O3   -c -o gsl_cblas__zhpr.o gsl_cblas__zhpr.c
make -C melder
clang -std=gnu99 -municode -D_FILE_OFFSET_BITS=64 -march=x86-64-v3 -O3   -c -o gsl_cblas__zhpr2.o gsl_cblas__zhpr2.c
clang -std=gnu99 -municode -D_FILE_OFFSET_BITS=64 -march=x86-64-v3 -O3   -c -o gsl_cblas__zscal.o gsl_cblas__zscal.c
clang -std=gnu99 -municode -D_FILE_OFFSET_BITS=64 -march=x86-64-v3 -O3   -c -o gsl_cblas__zswap.o gsl_cblas__zswap.c
make[1]: Entering directory '/d/Praat-work/稳定早期版/melder'
clang -std=gnu++17 -municode -D_FILE_OFFSET_BITS=64 -march=x86-64-v3 -O3 -Wshadow -I ../melder -I ../sys  -c -o melder.o melder.cpp
clang -std=gnu99 -municode -D_FILE_OFFSET_BITS=64 -march=x86-64-v3 -O3   -c -o gsl_cblas__zsymm.o gsl_cblas__zsymm.c
clang -std=gnu++17 -municode -D_FILE_OFFSET_BITS=64 -march=x86-64-v3 -O3 -Wshadow -I ../melder -I ../sys  -c -o complex.o complex.cpp
clang -std=gnu99 -municode -D_FILE_OFFSET_BITS=64 -march=x86-64-v3 -O3   -c -o gsl_cblas__zsyr2k.o gsl_cblas__zsyr2k.c
clang -std=gnu++17 -municode -D_FILE_OFFSET_BITS=64 -march=x86-64-v3 -O3 -Wshadow -I ../melder -I ../sys  -c -o melder_alloc.o melder_alloc.cpp
clang -std=gnu++17 -municode -D_FILE_OFFSET_BITS=64 -march=x86-64-v3 -O3 -Wshadow -I ../melder -I ../sys  -c -o melder_str32.o melder_str32.cpp
clang -std=gnu99 -municode -D_FILE_OFFSET_BITS=64 -march=x86-64-v3 -O3   -c -o gsl_cblas__zsyrk.o gsl_cblas__zsyrk.c
clang -std=gnu++17 -municode -D_FILE_OFFSET_BITS=64 -march=x86-64-v3 -O3 -Wshadow -I ../melder -I ../sys  -c -o melder_colour.o melder_colour.cpp
clang -std=gnu99 -municode -D_FILE_OFFSET_BITS=64 -march=x86-64-v3 -O3   -c -o gsl_cblas__ztbmv.o gsl_cblas__ztbmv.c
clang -std=gnu++17 -municode -D_FILE_OFFSET_BITS=64 -march=x86-64-v3 -O3 -Wshadow -I ../melder -I ../sys  -c -o melder_ftoa.o melder_ftoa.cpp
clang -std=gnu++17 -municode -D_FILE_OFFSET_BITS=64 -march=x86-64-v3 -O3 -Wshadow -I ../melder -I ../sys  -c -o melder_console.o melder_console.cpp
clang -std=gnu99 -municode -D_FILE_OFFSET_BITS=64 -march=x86-64-v3 -O3   -c -o gsl_cblas__ztbsv.o gsl_cblas__ztbsv.c
clang -std=gnu++17 -municode -D_FILE_OFFSET_BITS=64 -march=x86-64-v3 -O3 -Wshadow -I ../melder -I ../sys  -c -o melder_atof.o melder_atof.cpp
clang -std=gnu++17 -municode -D_FILE_OFFSET_BITS=64 -march=x86-64-v3 -O3 -Wshadow -I ../melder -I ../sys  -c -o melder_files.o melder_files.cpp
clang -std=gnu99 -municode -D_FILE_OFFSET_BITS=64 -march=x86-64-v3 -O3   -c -o gsl_cblas__ztpmv.o gsl_cblas__ztpmv.c
clang -std=gnu99 -municode -D_FILE_OFFSET_BITS=64 -march=x86-64-v3 -O3   -c -o gsl_cblas__ztpsv.o gsl_cblas__ztpsv.c
clang -std=gnu++17 -municode -D_FILE_OFFSET_BITS=64 -march=x86-64-v3 -O3 -Wshadow -I ../melder -I ../sys  -c -o melder_sort.o melder_sort.cpp
clang -std=gnu++17 -municode -D_FILE_OFFSET_BITS=64 -march=x86-64-v3 -O3 -Wshadow -I ../melder -I ../sys  -c -o MelderString.o MelderString.cpp
clang -std=gnu99 -municode -D_FILE_OFFSET_BITS=64 -march=x86-64-v3 -O3   -c -o gsl_cblas__ztrmm.o gsl_cblas__ztrmm.c
clang -std=gnu99 -municode -D_FILE_OFFSET_BITS=64 -march=x86-64-v3 -O3   -c -o gsl_cblas__ztrmv.o gsl_cblas__ztrmv.c
clang -std=gnu99 -municode -D_FILE_OFFSET_BITS=64 -march=x86-64-v3 -O3   -c -o gsl_cblas__ztrsm.o gsl_cblas__ztrsm.c
clang -std=gnu99 -municode -D_FILE_OFFSET_BITS=64 -march=x86-64-v3 -O3   -c -o gsl_cblas__ztrsv.o gsl_cblas__ztrsv.c
clang -std=gnu++17 -municode -D_FILE_OFFSET_BITS=64 -march=x86-64-v3 -O3 -Wshadow -I ../melder -I ../sys  -c -o melder_textencoding.o melder_textencoding.cpp
clang -std=gnu99 -municode -D_FILE_OFFSET_BITS=64 -march=x86-64-v3 -O3   -c -o gsl_cdf__beta.o gsl_cdf__beta.c
clang -std=gnu++17 -municode -D_FILE_OFFSET_BITS=64 -march=x86-64-v3 -O3 -Wshadow -I ../melder -I ../sys  -c -o melder_debug.o melder_debug.cpp
clang -std=gnu99 -municode -D_FILE_OFFSET_BITS=64 -march=x86-64-v3 -O3   -c -o gsl_cdf__betainv.o gsl_cdf__betainv.c
clang -std=gnu++17 -municode -D_FILE_OFFSET_BITS=64 -march=x86-64-v3 -O3 -Wshadow -I ../melder -I ../sys  -c -o MelderFile.o MelderFile.cpp
clang -std=gnu++17 -municode -D_FILE_OFFSET_BITS=64 -march=x86-64-v3 -O3 -Wshadow -I ../melder -I ../sys  -c -o MelderCat.o MelderCat.cpp
clang -std=gnu99 -municode -D_FILE_OFFSET_BITS=64 -march=x86-64-v3 -O3   -c -o gsl_cdf__binomial.o gsl_cdf__binomial.c
clang -std=gnu++17 -municode -D_FILE_OFFSET_BITS=64 -march=x86-64-v3 -O3 -Wshadow -I ../melder -I ../sys  -c -o melder_search.o melder_search.cpp
clang -std=gnu99 -municode -D_FILE_OFFSET_BITS=64 -march=x86-64-v3 -O3   -c -o gsl_cdf__cauchy.o gsl_cdf__cauchy.c
clang -std=gnu++17 -municode -D_FILE_OFFSET_BITS=64 -march=x86-64-v3 -O3 -Wshadow -I ../melder -I ../sys  -c -o MelderThread.o MelderThread.cpp
clang -std=gnu99 -municode -D_FILE_OFFSET_BITS=64 -march=x86-64-v3 -O3   -c -o gsl_cdf__cauchyinv.o gsl_cdf__cauchyinv.c
clang -std=gnu99 -municode -D_FILE_OFFSET_BITS=64 -march=x86-64-v3 -O3   -c -o gsl_cdf__chisq.o gsl_cdf__chisq.c
clang -std=gnu++17 -municode -D_FILE_OFFSET_BITS=64 -march=x86-64-v3 -O3 -Wshadow -I ../melder -I ../sys  -c -o melder_info.o melder_info.cpp
clang -std=gnu99 -municode -D_FILE_OFFSET_BITS=64 -march=x86-64-v3 -O3   -c -o gsl_cdf__chisqinv.o gsl_cdf__chisqinv.c
clang -std=gnu++17 -municode -D_FILE_OFFSET_BITS=64 -march=x86-64-v3 -O3 -Wshadow -I ../melder -I ../sys  -c -o melder_error.o melder_error.cpp
clang -std=gnu99 -municode -D_FILE_OFFSET_BITS=64 -march=x86-64-v3 -O3   -c -o gsl_cdf__exponential.o gsl_cdf__exponential.c
clang -std=gnu99 -municode -D_FILE_OFFSET_BITS=64 -march=x86-64-v3 -O3   -c -o gsl_cdf__exponentialinv.o gsl_cdf__exponentialinv.c
clang -std=gnu99 -municode -D_FILE_OFFSET_BITS=64 -march=x86-64-v3 -O3   -c -o gsl_cdf__exppow.o gsl_cdf__exppow.c
clang -std=gnu99 -municode -D_FILE_OFFSET_BITS=64 -march=x86-64-v3 -O3   -c -o gsl_cdf__fdist.o gsl_cdf__fdist.c
clang -std=gnu99 -municode -D_FILE_OFFSET_BITS=64 -march=x86-64-v3 -O3   -c -o gsl_cdf__fdistinv.o gsl_cdf__fdistinv.c
clang -std=gnu++17 -municode -D_FILE_OFFSET_BITS=64 -march=x86-64-v3 -O3 -Wshadow -I ../melder -I ../sys  -c -o melder_warning.o melder_warning.cpp
clang -std=gnu99 -municode -D_FILE_OFFSET_BITS=64 -march=x86-64-v3 -O3   -c -o gsl_cdf__flat.o gsl_cdf__flat.c
clang -std=gnu++17 -municode -D_FILE_OFFSET_BITS=64 -march=x86-64-v3 -O3 -Wshadow -I ../melder -I ../sys  -c -o melder_progress.o melder_progress.cpp
clang -std=gnu99 -municode -D_FILE_OFFSET_BITS=64 -march=x86-64-v3 -O3   -c -o gsl_cdf__flatinv.o gsl_cdf__flatinv.c
clang -std=gnu99 -municode -D_FILE_OFFSET_BITS=64 -march=x86-64-v3 -O3   -c -o gsl_cdf__gamma.o gsl_cdf__gamma.c
clang -std=gnu99 -municode -D_FILE_OFFSET_BITS=64 -march=x86-64-v3 -O3   -c -o gsl_cdf__gammainv.o gsl_cdf__gammainv.c
clang -std=gnu99 -municode -D_FILE_OFFSET_BITS=64 -march=x86-64-v3 -O3   -c -o gsl_cdf__gauss.o gsl_cdf__gauss.c
clang -std=gnu++17 -municode -D_FILE_OFFSET_BITS=64 -march=x86-64-v3 -O3 -Wshadow -I ../melder -I ../sys  -c -o melder_casual.o melder_casual.cpp
clang -std=gnu99 -municode -D_FILE_OFFSET_BITS=64 -march=x86-64-v3 -O3   -c -o gsl_cdf__gaussinv.o gsl_cdf__gaussinv.c
clang -std=gnu++17 -municode -D_FILE_OFFSET_BITS=64 -march=x86-64-v3 -O3 -Wshadow -I ../melder -I ../sys  -c -o melder_play.o melder_play.cpp
clang -std=gnu99 -municode -D_FILE_OFFSET_BITS=64 -march=x86-64-v3 -O3   -c -o gsl_cdf__geometric.o gsl_cdf__geometric.c
clang -std=gnu++17 -municode -D_FILE_OFFSET_BITS=64 -march=x86-64-v3 -O3 -Wshadow -I ../melder -I ../sys  -c -o melder_help.o melder_help.cpp
clang -std=gnu99 -municode -D_FILE_OFFSET_BITS=64 -march=x86-64-v3 -O3   -c -o gsl_cdf__gumbel1.o gsl_cdf__gumbel1.c
clang -std=gnu++17 -municode -D_FILE_OFFSET_BITS=64 -march=x86-64-v3 -O3 -Wshadow -I ../melder -I ../sys  -c -o melder_time.o melder_time.cpp
clang -std=gnu99 -municode -D_FILE_OFFSET_BITS=64 -march=x86-64-v3 -O3   -c -o gsl_cdf__gumbel1inv.o gsl_cdf__gumbel1inv.c
clang -std=gnu++17 -municode -D_FILE_OFFSET_BITS=64 -march=x86-64-v3 -O3 -Wshadow -I ../melder -I ../sys  -c -o melder_audio.o melder_audio.cpp
clang -std=gnu99 -municode -D_FILE_OFFSET_BITS=64 -march=x86-64-v3 -O3   -c -o gsl_cdf__gumbel2.o gsl_cdf__gumbel2.c
clang -std=gnu99 -municode -D_FILE_OFFSET_BITS=64 -march=x86-64-v3 -O3   -c -o gsl_cdf__gumbel2inv.o gsl_cdf__gumbel2inv.c
clang -std=gnu++17 -municode -D_FILE_OFFSET_BITS=64 -march=x86-64-v3 -O3 -Wshadow -I ../melder -I ../sys  -c -o melder_audiofiles.o melder_audiofiles.cpp
clang -std=gnu++17 -municode -D_FILE_OFFSET_BITS=64 -march=x86-64-v3 -O3 -Wshadow -I ../melder -I ../sys  -c -o melder_quantity.o melder_quantity.cpp
clang -std=gnu99 -municode -D_FILE_OFFSET_BITS=64 -march=x86-64-v3 -O3   -c -o gsl_cdf__hypergeometric.o gsl_cdf__hypergeometric.c
clang -std=gnu99 -municode -D_FILE_OFFSET_BITS=64 -march=x86-64-v3 -O3   -c -o gsl_cdf__laplace.o gsl_cdf__laplace.c
clang -std=gnu99 -municode -D_FILE_OFFSET_BITS=64 -march=x86-64-v3 -O3   -c -o gsl_cdf__laplaceinv.o gsl_cdf__laplaceinv.c
clang -std=gnu99 -municode -D_FILE_OFFSET_BITS=64 -march=x86-64-v3 -O3   -c -o gsl_cdf__logistic.o gsl_cdf__logistic.c
clang -std=gnu++17 -municode -D_FILE_OFFSET_BITS=64 -march=x86-64-v3 -O3 -Wshadow -I ../melder -I ../sys  -c -o MelderReadText.o MelderReadText.cpp
clang -std=gnu99 -municode -D_FILE_OFFSET_BITS=64 -march=x86-64-v3 -O3   -c -o gsl_cdf__logisticinv.o gsl_cdf__logisticinv.c
clang -std=gnu++17 -municode -D_FILE_OFFSET_BITS=64 -march=x86-64-v3 -O3 -Wshadow -I ../melder -I ../sys  -c -o melder_tensorio.o melder_tensorio.cpp
clang -std=gnu99 -municode -D_FILE_OFFSET_BITS=64 -march=x86-64-v3 -O3   -c -o gsl_cdf__lognormal.o gsl_cdf__lognormal.c
clang -std=gnu99 -municode -D_FILE_OFFSET_BITS=64 -march=x86-64-v3 -O3   -c -o gsl_cdf__lognormalinv.o gsl_cdf__lognormalinv.c
clang -std=gnu++17 -municode -D_FILE_OFFSET_BITS=64 -march=x86-64-v3 -O3 -Wshadow -I ../melder -I ../sys  -c -o abcio.o abcio.cpp
clang -std=gnu++17 -municode -D_FILE_OFFSET_BITS=64 -march=x86-64-v3 -O3 -Wshadow -I ../melder -I ../sys  -c -o melder_sysenv.o melder_sysenv.cpp
clang -std=gnu99 -municode -D_FILE_OFFSET_BITS=64 -march=x86-64-v3 -O3   -c -o gsl_cdf__nbinomial.o gsl_cdf__nbinomial.c
clang -std=gnu99 -municode -D_FILE_OFFSET_BITS=64 -march=x86-64-v3 -O3   -c -o gsl_cdf__pareto.o gsl_cdf__pareto.c
clang -std=gnu99 -municode -D_FILE_OFFSET_BITS=64 -march=x86-64-v3 -O3   -c -o gsl_cdf__paretoinv.o gsl_cdf__paretoinv.c
clang -std=gnu++17 -municode -D_FILE_OFFSET_BITS=64 -march=x86-64-v3 -O3 -Wshadow -I ../melder -I ../sys  -c -o melder_app.o melder_app.cpp
clang -std=gnu99 -municode -D_FILE_OFFSET_BITS=64 -march=x86-64-v3 -O3   -c -o gsl_cdf__pascal.o gsl_cdf__pascal.c
clang -std=gnu99 -municode -D_FILE_OFFSET_BITS=64 -march=x86-64-v3 -O3   -c -o gsl_cdf__poisson.o gsl_cdf__poisson.c
clang -std=gnu++17 -municode -D_FILE_OFFSET_BITS=64 -march=x86-64-v3 -O3 -Wshadow -I ../melder -I ../sys  -c -o melder_trust.o melder_trust.cpp
clang -std=gnu99 -municode -D_FILE_OFFSET_BITS=64 -march=x86-64-v3 -O3   -c -o gsl_cdf__rayleigh.o gsl_cdf__rayleigh.c
clang -std=gnu++17 -municode -D_FILE_OFFSET_BITS=64 -march=x86-64-v3 -O3 -Wshadow -I ../melder -I ../sys  -c -o regularExp.o regularExp.cpp
clang -std=gnu99 -municode -D_FILE_OFFSET_BITS=64 -march=x86-64-v3 -O3   -c -o gsl_cdf__rayleighinv.o gsl_cdf__rayleighinv.c
clang -std=gnu99 -municode -D_FILE_OFFSET_BITS=64 -march=x86-64-v3 -O3   -c -o gsl_cdf__tdist.o gsl_cdf__tdist.c
clang -std=gnu99 -municode -D_FILE_OFFSET_BITS=64 -march=x86-64-v3 -O3   -c -o gsl_cdf__tdistinv.o gsl_cdf__tdistinv.c
clang -std=gnu99 -municode -D_FILE_OFFSET_BITS=64 -march=x86-64-v3 -O3   -c -o gsl_cdf__weibull.o gsl_cdf__weibull.c
clang -std=gnu99 -municode -D_FILE_OFFSET_BITS=64 -march=x86-64-v3 -O3   -c -o gsl_cdf__weibullinv.o gsl_cdf__weibullinv.c
clang -std=gnu++17 -municode -D_FILE_OFFSET_BITS=64 -march=x86-64-v3 -O3 -Wshadow -I ../melder -I ../sys  -c -o NUMmath.o NUMmath.cpp
clang -std=gnu++17 -municode -D_FILE_OFFSET_BITS=64 -march=x86-64-v3 -O3 -Wshadow -I ../melder -I ../sys  -c -o NUMspecfunc.o NUMspecfunc.cpp
clang -std=gnu99 -municode -D_FILE_OFFSET_BITS=64 -march=x86-64-v3 -O3   -c -o gsl_combination__combination.o gsl_combination__combination.c
clang -std=gnu99 -municode -D_FILE_OFFSET_BITS=64 -march=x86-64-v3 -O3   -c -o gsl_combination__file.o gsl_combination__file.c
clang -std=gnu99 -municode -D_FILE_OFFSET_BITS=64 -march=x86-64-v3 -O3   -c -o gsl_combination__init.o gsl_combination__init.c
clang -std=gnu99 -municode -D_FILE_OFFSET_BITS=64 -march=x86-64-v3 -O3   -c -o gsl_complex__math.o gsl_complex__math.c
clang -std=gnu++17 -municode -D_FILE_OFFSET_BITS=64 -march=x86-64-v3 -O3 -Wshadow -I ../melder -I ../sys  -c -o NUMear.o NUMear.cpp
clang -std=gnu99 -municode -D_FILE_OFFSET_BITS=64 -march=x86-64-v3 -O3   -c -o gsl_deriv__deriv.o gsl_deriv__deriv.c
clang -std=gnu++17 -municode -D_FILE_OFFSET_BITS=64 -march=x86-64-v3 -O3 -Wshadow -I ../melder -I ../sys  -c -o NUMinterpol.o NUMinterpol.cpp
clang -std=gnu99 -municode -D_FILE_OFFSET_BITS=64 -march=x86-64-v3 -O3   -c -o gsl_dht__dht.o gsl_dht__dht.c
clang -std=gnu++17 -municode -D_FILE_OFFSET_BITS=64 -march=x86-64-v3 -O3 -Wshadow -I ../melder -I ../sys  -c -o NUMmetrics.o NUMmetrics.cpp
clang -std=gnu++17 -municode -D_FILE_OFFSET_BITS=64 -march=x86-64-v3 -O3 -Wshadow -I ../melder -I ../sys  -c -o NUMrandom.o NUMrandom.cpp
clang -std=gnu99 -municode -D_FILE_OFFSET_BITS=64 -march=x86-64-v3 -O3   -c -o gsl_diff__diff.o gsl_diff__diff.c
clang -std=gnu++17 -municode -D_FILE_OFFSET_BITS=64 -march=x86-64-v3 -O3 -Wshadow -I ../melder -I ../sys  -c -o NUMfilter.o NUMfilter.cpp
clang -std=gnu99 -municode -D_FILE_OFFSET_BITS=64 -march=x86-64-v3 -O3   -c -o gsl_eigen__francis.o gsl_eigen__francis.c
clang -std=gnu++17 -municode -D_FILE_OFFSET_BITS=64 -march=x86-64-v3 -O3 -Wshadow -I ../melder -I ../sys  -c -o NUMlinprog.o NUMlinprog.cpp
clang -std=gnu99 -municode -D_FILE_OFFSET_BITS=64 -march=x86-64-v3 -O3   -c -o gsl_eigen__gen.o gsl_eigen__gen.c
clang -std=gnu++17 -municode -D_FILE_OFFSET_BITS=64 -march=x86-64-v3 -O3 -Wshadow -I ../melder -I ../sys  -c -o NUM.o NUM.cpp
clang -std=gnu++17 -municode -D_FILE_OFFSET_BITS=64 -march=x86-64-v3 -O3 -Wshadow -I ../melder -I ../sys  -c -o STR.o STR.cpp
clang -std=gnu99 -municode -D_FILE_OFFSET_BITS=64 -march=x86-64-v3 -O3   -c -o gsl_eigen__genherm.o gsl_eigen__genherm.c
clang -std=gnu99 -municode -D_FILE_OFFSET_BITS=64 -march=x86-64-v3 -O3   -c -o gsl_eigen__genhermv.o gsl_eigen__genhermv.c
clang -std=gnu99 -municode -D_FILE_OFFSET_BITS=64 -march=x86-64-v3 -O3   -c -o gsl_eigen__gensymm.o gsl_eigen__gensymm.c
clang -std=gnu++17 -municode -D_FILE_OFFSET_BITS=64 -march=x86-64-v3 -O3 -Wshadow -I ../melder -I ../sys  -c -o VEC.o VEC.cpp
clang -std=gnu99 -municode -D_FILE_OFFSET_BITS=64 -march=x86-64-v3 -O3   -c -o gsl_eigen__gensymmv.o gsl_eigen__gensymmv.c
clang -std=gnu++17 -municode -D_FILE_OFFSET_BITS=64 -march=x86-64-v3 -O3 -Wshadow -I ../melder -I ../sys  -c -o MAT.o MAT.cpp
clang -std=gnu++17 -municode -D_FILE_OFFSET_BITS=64 -march=x86-64-v3 -O3 -Wshadow -I ../melder -I ../sys  -c -o STRVEC.o STRVEC.cpp
clang -std=gnu99 -municode -D_FILE_OFFSET_BITS=64 -march=x86-64-v3 -O3   -c -o gsl_eigen__genv.o gsl_eigen__genv.c
clang -std=gnu99 -municode -D_FILE_OFFSET_BITS=64 -march=x86-64-v3 -O3   -c -o gsl_eigen__herm.o gsl_eigen__herm.c
clang -std=gnu99 -municode -D_FILE_OFFSET_BITS=64 -march=x86-64-v3 -O3   -c -o gsl_eigen__hermv.o gsl_eigen__hermv.c
clang -std=gnu99 -municode -D_FILE_OFFSET_BITS=64 -march=x86-64-v3 -O3   -c -o gsl_eigen__jacobi.o gsl_eigen__jacobi.c
clang -std=gnu99 -municode -D_FILE_OFFSET_BITS=64 -march=x86-64-v3 -O3   -c -o gsl_eigen__nonsymm.o gsl_eigen__nonsymm.c
clang -std=gnu99 -municode -D_FILE_OFFSET_BITS=64 -march=x86-64-v3 -O3   -c -o gsl_eigen__nonsymmv.o gsl_eigen__nonsymmv.c
clang -std=gnu99 -municode -D_FILE_OFFSET_BITS=64 -march=x86-64-v3 -O3   -c -o gsl_eigen__schur.o gsl_eigen__schur.c
clang -std=gnu99 -municode -D_FILE_OFFSET_BITS=64 -march=x86-64-v3 -O3   -c -o gsl_eigen__sort.o gsl_eigen__sort.c
clang -std=gnu99 -municode -D_FILE_OFFSET_BITS=64 -march=x86-64-v3 -O3   -c -o gsl_eigen__symm.o gsl_eigen__symm.c
clang -std=gnu99 -municode -D_FILE_OFFSET_BITS=64 -march=x86-64-v3 -O3   -c -o gsl_eigen__symmv.o gsl_eigen__symmv.c
clang -std=gnu99 -municode -D_FILE_OFFSET_BITS=64 -march=x86-64-v3 -O3   -c -o gsl_err__error.o gsl_err__error.c
clang -std=gnu99 -municode -D_FILE_OFFSET_BITS=64 -march=x86-64-v3 -O3   -c -o gsl_err__message.o gsl_err__message.c
clang -std=gnu99 -municode -D_FILE_OFFSET_BITS=64 -march=x86-64-v3 -O3   -c -o gsl_err__stream.o gsl_err__stream.c
clang -std=gnu99 -municode -D_FILE_OFFSET_BITS=64 -march=x86-64-v3 -O3   -c -o gsl_err__strerror.o gsl_err__strerror.c
clang -std=gnu99 -municode -D_FILE_OFFSET_BITS=64 -march=x86-64-v3 -O3   -c -o gsl_fft__dft.o gsl_fft__dft.c
clang -std=gnu99 -municode -D_FILE_OFFSET_BITS=64 -march=x86-64-v3 -O3   -c -o gsl_fft__fft.o gsl_fft__fft.c
clang -std=gnu99 -municode -D_FILE_OFFSET_BITS=64 -march=x86-64-v3 -O3   -c -o gsl_fft__signals.o gsl_fft__signals.c
clang -std=gnu99 -municode -D_FILE_OFFSET_BITS=64 -march=x86-64-v3 -O3   -c -o gsl_fit__linear.o gsl_fit__linear.c
clang -std=gnu99 -municode -D_FILE_OFFSET_BITS=64 -march=x86-64-v3 -O3   -c -o gsl_histogram__add.o gsl_histogram__add.c
clang -std=gnu99 -municode -D_FILE_OFFSET_BITS=64 -march=x86-64-v3 -O3   -c -o gsl_histogram__add2d.o gsl_histogram__add2d.c
clang -std=gnu99 -municode -D_FILE_OFFSET_BITS=64 -march=x86-64-v3 -O3   -c -o gsl_histogram__calloc_range.o gsl_histogram__calloc_range.c
clang -std=gnu99 -municode -D_FILE_OFFSET_BITS=64 -march=x86-64-v3 -O3   -c -o gsl_histogram__calloc_range2d.o gsl_histogram__calloc_range2d.c
clang -std=gnu99 -municode -D_FILE_OFFSET_BITS=64 -march=x86-64-v3 -O3   -c -o gsl_histogram__copy.o gsl_histogram__copy.c
clang -std=gnu99 -municode -D_FILE_OFFSET_BITS=64 -march=x86-64-v3 -O3   -c -o gsl_histogram__copy2d.o gsl_histogram__copy2d.c
clang -std=gnu99 -municode -D_FILE_OFFSET_BITS=64 -march=x86-64-v3 -O3   -c -o gsl_histogram__file.o gsl_histogram__file.c
clang -std=gnu99 -municode -D_FILE_OFFSET_BITS=64 -march=x86-64-v3 -O3   -c -o gsl_histogram__file2d.o gsl_histogram__file2d.c
clang -std=gnu99 -municode -D_FILE_OFFSET_BITS=64 -march=x86-64-v3 -O3   -c -o gsl_histogram__get.o gsl_histogram__get.c
clang -std=gnu99 -municode -D_FILE_OFFSET_BITS=64 -march=x86-64-v3 -O3   -c -o gsl_histogram__get2d.o gsl_histogram__get2d.c
clang -std=gnu99 -municode -D_FILE_OFFSET_BITS=64 -march=x86-64-v3 -O3   -c -o gsl_histogram__init.o gsl_histogram__init.c
clang -std=gnu99 -municode -D_FILE_OFFSET_BITS=64 -march=x86-64-v3 -O3   -c -o gsl_histogram__init2d.o gsl_histogram__init2d.c
clang -std=gnu99 -municode -D_FILE_OFFSET_BITS=64 -march=x86-64-v3 -O3   -c -o gsl_histogram__maxval.o gsl_histogram__maxval.c
clang -std=gnu99 -municode -D_FILE_OFFSET_BITS=64 -march=x86-64-v3 -O3   -c -o gsl_histogram__maxval2d.o gsl_histogram__maxval2d.c
clang -std=gnu99 -municode -D_FILE_OFFSET_BITS=64 -march=x86-64-v3 -O3   -c -o gsl_histogram__oper.o gsl_histogram__oper.c
clang -std=gnu99 -municode -D_FILE_OFFSET_BITS=64 -march=x86-64-v3 -O3   -c -o gsl_histogram__oper2d.o gsl_histogram__oper2d.c
clang -std=gnu99 -municode -D_FILE_OFFSET_BITS=64 -march=x86-64-v3 -O3   -c -o gsl_histogram__params.o gsl_histogram__params.c
clang -std=gnu99 -municode -D_FILE_OFFSET_BITS=64 -march=x86-64-v3 -O3   -c -o gsl_histogram__params2d.o gsl_histogram__params2d.c
clang -std=gnu99 -municode -D_FILE_OFFSET_BITS=64 -march=x86-64-v3 -O3   -c -o gsl_histogram__pdf.o gsl_histogram__pdf.c
clang -std=gnu99 -municode -D_FILE_OFFSET_BITS=64 -march=x86-64-v3 -O3   -c -o gsl_histogram__pdf2d.o gsl_histogram__pdf2d.c
clang -std=gnu99 -municode -D_FILE_OFFSET_BITS=64 -march=x86-64-v3 -O3   -c -o gsl_histogram__reset.o gsl_histogram__reset.c
clang -std=gnu99 -municode -D_FILE_OFFSET_BITS=64 -march=x86-64-v3 -O3   -c -o gsl_histogram__reset2d.o gsl_histogram__reset2d.c
clang -std=gnu99 -municode -D_FILE_OFFSET_BITS=64 -march=x86-64-v3 -O3   -c -o gsl_histogram__stat.o gsl_histogram__stat.c
clang -std=gnu99 -municode -D_FILE_OFFSET_BITS=64 -march=x86-64-v3 -O3   -c -o gsl_histogram__stat2d.o gsl_histogram__stat2d.c
clang -std=gnu99 -municode -D_FILE_OFFSET_BITS=64 -march=x86-64-v3 -O3   -c -o gsl_ieee-utils__env.o gsl_ieee-utils__env.c
clang -std=gnu99 -municode -D_FILE_OFFSET_BITS=64 -march=x86-64-v3 -O3   -c -o gsl_ieee-utils__fp.o gsl_ieee-utils__fp.c
clang -std=gnu99 -municode -D_FILE_OFFSET_BITS=64 -march=x86-64-v3 -O3   -c -o gsl_ieee-utils__make_rep.o gsl_ieee-utils__make_rep.c
clang -std=gnu99 -municode -D_FILE_OFFSET_BITS=64 -march=x86-64-v3 -O3   -c -o gsl_ieee-utils__print.o gsl_ieee-utils__print.c
clang -std=gnu99 -municode -D_FILE_OFFSET_BITS=64 -march=x86-64-v3 -O3   -c -o gsl_ieee-utils__read.o gsl_ieee-utils__read.c
clang -std=gnu99 -municode -D_FILE_OFFSET_BITS=64 -march=x86-64-v3 -O3   -c -o gsl_integration__qag.o gsl_integration__qag.c
clang -std=gnu99 -municode -D_FILE_OFFSET_BITS=64 -march=x86-64-v3 -O3   -c -o gsl_integration__qagp.o gsl_integration__qagp.c
clang -std=gnu99 -municode -D_FILE_OFFSET_BITS=64 -march=x86-64-v3 -O3   -c -o gsl_integration__qags.o gsl_integration__qags.c
clang -std=gnu99 -municode -D_FILE_OFFSET_BITS=64 -march=x86-64-v3 -O3   -c -o gsl_integration__qawc.o gsl_integration__qawc.c
clang -std=gnu99 -municode -D_FILE_OFFSET_BITS=64 -march=x86-64-v3 -O3   -c -o gsl_integration__qawf.o gsl_integration__qawf.c
clang -std=gnu99 -municode -D_FILE_OFFSET_BITS=64 -march=x86-64-v3 -O3   -c -o gsl_integration__qawo.o gsl_integration__qawo.c
clang -std=gnu99 -municode -D_FILE_OFFSET_BITS=64 -march=x86-64-v3 -O3   -c -o gsl_integration__qaws.o gsl_integration__qaws.c
clang -std=gnu99 -municode -D_FILE_OFFSET_BITS=64 -march=x86-64-v3 -O3   -c -o gsl_integration__qcheb.o gsl_integration__qcheb.c
clang -std=gnu99 -municode -D_FILE_OFFSET_BITS=64 -march=x86-64-v3 -O3   -c -o gsl_integration__qk.o gsl_integration__qk.c
clang -std=gnu99 -municode -D_FILE_OFFSET_BITS=64 -march=x86-64-v3 -O3   -c -o gsl_integration__qk15.o gsl_integration__qk15.c
clang -std=gnu99 -municode -D_FILE_OFFSET_BITS=64 -march=x86-64-v3 -O3   -c -o gsl_integration__qk21.o gsl_integration__qk21.c
clang -std=gnu99 -municode -D_FILE_OFFSET_BITS=64 -march=x86-64-v3 -O3   -c -o gsl_integration__qk31.o gsl_integration__qk31.c
clang -std=gnu99 -municode -D_FILE_OFFSET_BITS=64 -march=x86-64-v3 -O3   -c -o gsl_integration__qk41.o gsl_integration__qk41.c
clang -std=gnu99 -municode -D_FILE_OFFSET_BITS=64 -march=x86-64-v3 -O3   -c -o gsl_integration__qk51.o gsl_integration__qk51.c
clang -std=gnu99 -municode -D_FILE_OFFSET_BITS=64 -march=x86-64-v3 -O3   -c -o gsl_integration__qk61.o gsl_integration__qk61.c
clang -std=gnu99 -municode -D_FILE_OFFSET_BITS=64 -march=x86-64-v3 -O3   -c -o gsl_integration__qmomo.o gsl_integration__qmomo.c
clang -std=gnu99 -municode -D_FILE_OFFSET_BITS=64 -march=x86-64-v3 -O3   -c -o gsl_integration__qmomof.o gsl_integration__qmomof.c
clang -std=gnu99 -municode -D_FILE_OFFSET_BITS=64 -march=x86-64-v3 -O3   -c -o gsl_integration__qng.o gsl_integration__qng.c
clang -std=gnu99 -municode -D_FILE_OFFSET_BITS=64 -march=x86-64-v3 -O3   -c -o gsl_integration__workspace.o gsl_integration__workspace.c
clang -std=gnu99 -municode -D_FILE_OFFSET_BITS=64 -march=x86-64-v3 -O3   -c -o gsl_linalg__balance.o gsl_linalg__balance.c
clang -std=gnu99 -municode -D_FILE_OFFSET_BITS=64 -march=x86-64-v3 -O3   -c -o gsl_linalg__balancemat.o gsl_linalg__balancemat.c
clang -std=gnu99 -municode -D_FILE_OFFSET_BITS=64 -march=x86-64-v3 -O3   -c -o gsl_linalg__bidiag.o gsl_linalg__bidiag.c
clang -std=gnu99 -municode -D_FILE_OFFSET_BITS=64 -march=x86-64-v3 -O3   -c -o gsl_linalg__cholesky.o gsl_linalg__cholesky.c
clang -std=gnu99 -municode -D_FILE_OFFSET_BITS=64 -march=x86-64-v3 -O3   -c -o gsl_linalg__choleskyc.o gsl_linalg__choleskyc.c
clang -std=gnu99 -municode -D_FILE_OFFSET_BITS=64 -march=x86-64-v3 -O3   -c -o gsl_linalg__exponential.o gsl_linalg__exponential.c
clang -std=gnu99 -municode -D_FILE_OFFSET_BITS=64 -march=x86-64-v3 -O3   -c -o gsl_linalg__hermtd.o gsl_linalg__hermtd.c
clang -std=gnu99 -municode -D_FILE_OFFSET_BITS=64 -march=x86-64-v3 -O3   -c -o gsl_linalg__hessenberg.o gsl_linalg__hessenberg.c
clang -std=gnu99 -municode -D_FILE_OFFSET_BITS=64 -march=x86-64-v3 -O3   -c -o gsl_linalg__hesstri.o gsl_linalg__hesstri.c
clang -std=gnu99 -municode -D_FILE_OFFSET_BITS=64 -march=x86-64-v3 -O3   -c -o gsl_linalg__hh.o gsl_linalg__hh.c
clang -std=gnu99 -municode -D_FILE_OFFSET_BITS=64 -march=x86-64-v3 -O3   -c -o gsl_linalg__householder.o gsl_linalg__householder.c
clang -std=gnu99 -municode -D_FILE_OFFSET_BITS=64 -march=x86-64-v3 -O3   -c -o gsl_linalg__householdercomplex.o gsl_linalg__householdercomplex.c
clang -std=gnu99 -municode -D_FILE_OFFSET_BITS=64 -march=x86-64-v3 -O3   -c -o gsl_linalg__lq.o gsl_linalg__lq.c
clang -std=gnu99 -municode -D_FILE_OFFSET_BITS=64 -march=x86-64-v3 -O3   -c -o gsl_linalg__lu.o gsl_linalg__lu.c
clang -std=gnu99 -municode -D_FILE_OFFSET_BITS=64 -march=x86-64-v3 -O3   -c -o gsl_linalg__luc.o gsl_linalg__luc.c
clang -std=gnu99 -municode -D_FILE_OFFSET_BITS=64 -march=x86-64-v3 -O3   -c -o gsl_linalg__multiply.o gsl_linalg__multiply.c
clang -std=gnu99 -municode -D_FILE_OFFSET_BITS=64 -march=x86-64-v3 -O3   -c -o gsl_linalg__ptlq.o gsl_linalg__ptlq.c
clang -std=gnu99 -municode -D_FILE_OFFSET_BITS=64 -march=x86-64-v3 -O3   -c -o gsl_linalg__qr.o gsl_linalg__qr.c
clang -std=gnu99 -municode -D_FILE_OFFSET_BITS=64 -march=x86-64-v3 -O3   -c -o gsl_linalg__qrpt.o gsl_linalg__qrpt.c
clang -std=gnu99 -municode -D_FILE_OFFSET_BITS=64 -march=x86-64-v3 -O3   -c -o gsl_linalg__svd.o gsl_linalg__svd.c
clang -std=gnu99 -municode -D_FILE_OFFSET_BITS=64 -march=x86-64-v3 -O3   -c -o gsl_linalg__symmtd.o gsl_linalg__symmtd.c
clang -std=gnu99 -municode -D_FILE_OFFSET_BITS=64 -march=x86-64-v3 -O3   -c -o gsl_linalg__tridiag.o gsl_linalg__tridiag.c
clang -std=gnu99 -municode -D_FILE_OFFSET_BITS=64 -march=x86-64-v3 -O3   -c -o gsl_matrix__copy.o gsl_matrix__copy.c
clang -std=gnu99 -municode -D_FILE_OFFSET_BITS=64 -march=x86-64-v3 -O3   -c -o gsl_matrix__file.o gsl_matrix__file.c
clang -std=gnu99 -municode -D_FILE_OFFSET_BITS=64 -march=x86-64-v3 -O3   -c -o gsl_matrix__getset.o gsl_matrix__getset.c
clang -std=gnu99 -municode -D_FILE_OFFSET_BITS=64 -march=x86-64-v3 -O3   -c -o gsl_matrix__init.o gsl_matrix__init.c
clang -std=gnu99 -municode -D_FILE_OFFSET_BITS=64 -march=x86-64-v3 -O3   -c -o gsl_matrix__matrix.o gsl_matrix__matrix.c
clang -std=gnu99 -municode -D_FILE_OFFSET_BITS=64 -march=x86-64-v3 -O3   -c -o gsl_matrix__minmax.o gsl_matrix__minmax.c
clang -std=gnu99 -municode -D_FILE_OFFSET_BITS=64 -march=x86-64-v3 -O3   -c -o gsl_matrix__oper.o gsl_matrix__oper.c
clang -std=gnu99 -municode -D_FILE_OFFSET_BITS=64 -march=x86-64-v3 -O3   -c -o gsl_matrix__prop.o gsl_matrix__prop.c
clang -std=gnu99 -municode -D_FILE_OFFSET_BITS=64 -march=x86-64-v3 -O3   -c -o gsl_matrix__rowcol.o gsl_matrix__rowcol.c
clang -std=gnu99 -municode -D_FILE_OFFSET_BITS=64 -march=x86-64-v3 -O3   -c -o gsl_matrix__submatrix.o gsl_matrix__submatrix.c
clang -std=gnu99 -municode -D_FILE_OFFSET_BITS=64 -march=x86-64-v3 -O3   -c -o gsl_matrix__swap.o gsl_matrix__swap.c
clang -std=gnu99 -municode -D_FILE_OFFSET_BITS=64 -march=x86-64-v3 -O3   -c -o gsl_matrix__view.o gsl_matrix__view.c
clang -std=gnu99 -municode -D_FILE_OFFSET_BITS=64 -march=x86-64-v3 -O3   -c -o gsl_min__bracketing.o gsl_min__bracketing.c
clang -std=gnu99 -municode -D_FILE_OFFSET_BITS=64 -march=x86-64-v3 -O3   -c -o gsl_min__brent.o gsl_min__brent.c
clang -std=gnu99 -municode -D_FILE_OFFSET_BITS=64 -march=x86-64-v3 -O3   -c -o gsl_min__convergence.o gsl_min__convergence.c
clang -std=gnu99 -municode -D_FILE_OFFSET_BITS=64 -march=x86-64-v3 -O3   -c -o gsl_min__fsolver.o gsl_min__fsolver.c
clang -std=gnu99 -municode -D_FILE_OFFSET_BITS=64 -march=x86-64-v3 -O3   -c -o gsl_min__golden.o gsl_min__golden.c
clang -std=gnu99 -municode -D_FILE_OFFSET_BITS=64 -march=x86-64-v3 -O3   -c -o gsl_monte__miser.o gsl_monte__miser.c
clang -std=gnu99 -municode -D_FILE_OFFSET_BITS=64 -march=x86-64-v3 -O3   -c -o gsl_monte__plain.o gsl_monte__plain.c
clang -std=gnu99 -municode -D_FILE_OFFSET_BITS=64 -march=x86-64-v3 -O3   -c -o gsl_monte__vegas.o gsl_monte__vegas.c
clang -std=gnu99 -municode -D_FILE_OFFSET_BITS=64 -march=x86-64-v3 -O3   -c -o gsl_multifit__convergence.o gsl_multifit__convergence.c
clang -std=gnu99 -municode -D_FILE_OFFSET_BITS=64 -march=x86-64-v3 -O3   -c -o gsl_multifit__covar.o gsl_multifit__covar.c
clang -std=gnu99 -municode -D_FILE_OFFSET_BITS=64 -march=x86-64-v3 -O3   -c -o gsl_multifit__fdfsolver.o gsl_multifit__fdfsolver.c
clang -std=gnu99 -municode -D_FILE_OFFSET_BITS=64 -march=x86-64-v3 -O3   -c -o gsl_multifit__fsolver.o gsl_multifit__fsolver.c
clang -std=gnu99 -municode -D_FILE_OFFSET_BITS=64 -march=x86-64-v3 -O3   -c -o gsl_multifit__gradient.o gsl_multifit__gradient.c
clang -std=gnu99 -municode -D_FILE_OFFSET_BITS=64 -march=x86-64-v3 -O3   -c -o gsl_multifit__lmder.o gsl_multifit__lmder.c
clang -std=gnu99 -municode -D_FILE_OFFSET_BITS=64 -march=x86-64-v3 -O3   -c -o gsl_multifit__multilinear.o gsl_multifit__multilinear.c
clang -std=gnu99 -municode -D_FILE_OFFSET_BITS=64 -march=x86-64-v3 -O3   -c -o gsl_multifit__work.o gsl_multifit__work.c
clang -std=gnu99 -municode -D_FILE_OFFSET_BITS=64 -march=x86-64-v3 -O3   -c -o gsl_multimin__conjugate_fr.o gsl_multimin__conjugate_fr.c
clang -std=gnu99 -municode -D_FILE_OFFSET_BITS=64 -march=x86-64-v3 -O3   -c -o gsl_multimin__conjugate_pr.o gsl_multimin__conjugate_pr.c
clang -std=gnu99 -municode -D_FILE_OFFSET_BITS=64 -march=x86-64-v3 -O3   -c -o gsl_multimin__convergence.o gsl_multimin__convergence.c
clang -std=gnu99 -municode -D_FILE_OFFSET_BITS=64 -march=x86-64-v3 -O3   -c -o gsl_multimin__diff.o gsl_multimin__diff.c
clang -std=gnu99 -municode -D_FILE_OFFSET_BITS=64 -march=x86-64-v3 -O3   -c -o gsl_multimin__fdfminimizer.o gsl_multimin__fdfminimizer.c
clang -std=gnu99 -municode -D_FILE_OFFSET_BITS=64 -march=x86-64-v3 -O3   -c -o gsl_multimin__fminimizer.o gsl_multimin__fminimizer.c
clang -std=gnu99 -municode -D_FILE_OFFSET_BITS=64 -march=x86-64-v3 -O3   -c -o gsl_multimin__simplex.o gsl_multimin__simplex.c
clang -std=gnu99 -municode -D_FILE_OFFSET_BITS=64 -march=x86-64-v3 -O3   -c -o gsl_multimin__steepest_descent.o gsl_multimin__steepest_descent.c
clang -std=gnu99 -municode -D_FILE_OFFSET_BITS=64 -march=x86-64-v3 -O3   -c -o gsl_multimin__vector_bfgs.o gsl_multimin__vector_bfgs.c
clang -std=gnu99 -municode -D_FILE_OFFSET_BITS=64 -march=x86-64-v3 -O3   -c -o gsl_multimin__vector_bfgs2.o gsl_multimin__vector_bfgs2.c
clang -std=gnu99 -municode -D_FILE_OFFSET_BITS=64 -march=x86-64-v3 -O3   -c -o gsl_multiroots__broyden.o gsl_multiroots__broyden.c
clang -std=gnu99 -municode -D_FILE_OFFSET_BITS=64 -march=x86-64-v3 -O3   -c -o gsl_multiroots__convergence.o gsl_multiroots__convergence.c
clang -std=gnu99 -municode -D_FILE_OFFSET_BITS=64 -march=x86-64-v3 -O3   -c -o gsl_multiroots__dnewton.o gsl_multiroots__dnewton.c
clang -std=gnu99 -municode -D_FILE_OFFSET_BITS=64 -march=x86-64-v3 -O3   -c -o gsl_multiroots__fdfsolver.o gsl_multiroots__fdfsolver.c
clang -std=gnu99 -municode -D_FILE_OFFSET_BITS=64 -march=x86-64-v3 -O3   -c -o gsl_multiroots__fdjac.o gsl_multiroots__fdjac.c
clang -std=gnu99 -municode -D_FILE_OFFSET_BITS=64 -march=x86-64-v3 -O3   -c -o gsl_multiroots__fsolver.o gsl_multiroots__fsolver.c
clang -std=gnu99 -municode -D_FILE_OFFSET_BITS=64 -march=x86-64-v3 -O3   -c -o gsl_multiroots__gnewton.o gsl_multiroots__gnewton.c
clang -std=gnu99 -municode -D_FILE_OFFSET_BITS=64 -march=x86-64-v3 -O3   -c -o gsl_multiroots__hybrid.o gsl_multiroots__hybrid.c
clang -std=gnu99 -municode -D_FILE_OFFSET_BITS=64 -march=x86-64-v3 -O3   -c -o gsl_multiroots__hybridj.o gsl_multiroots__hybridj.c
clang -std=gnu99 -municode -D_FILE_OFFSET_BITS=64 -march=x86-64-v3 -O3   -c -o gsl_multiroots__newton.o gsl_multiroots__newton.c
clang -std=gnu99 -municode -D_FILE_OFFSET_BITS=64 -march=x86-64-v3 -O3   -c -o gsl_ntuple__ntuple.o gsl_ntuple__ntuple.c
clang -std=gnu99 -municode -D_FILE_OFFSET_BITS=64 -march=x86-64-v3 -O3   -c -o gsl_ode-initval__bsimp.o gsl_ode-initval__bsimp.c
clang -std=gnu99 -municode -D_FILE_OFFSET_BITS=64 -march=x86-64-v3 -O3   -c -o gsl_ode-initval__control.o gsl_ode-initval__control.c
clang -std=gnu99 -municode -D_FILE_OFFSET_BITS=64 -march=x86-64-v3 -O3   -c -o gsl_ode-initval__cscal.o gsl_ode-initval__cscal.c
clang -std=gnu99 -municode -D_FILE_OFFSET_BITS=64 -march=x86-64-v3 -O3   -c -o gsl_ode-initval__cstd.o gsl_ode-initval__cstd.c
touch libmelder.a
clang -std=gnu99 -municode -D_FILE_OFFSET_BITS=64 -march=x86-64-v3 -O3   -c -o gsl_ode-initval__evolve.o gsl_ode-initval__evolve.c
rm libmelder.a
clang -std=gnu99 -municode -D_FILE_OFFSET_BITS=64 -march=x86-64-v3 -O3   -c -o gsl_ode-initval__gear1.o gsl_ode-initval__gear1.c
ar cq libmelder.a melder.o complex.o melder_alloc.o melder_str32.o melder_colour.o melder_ftoa.o melder_console.o melder_atof.o melder_files.o melder_sort.o MelderString.o melder_textencoding.o melder_debug.o MelderFile.o MelderCat.o melder_search.o MelderThread.o melder_info.o melder_error.o melder_warning.o melder_progress.o melder_casual.o melder_play.o melder_help.o melder_time.o melder_audio.o melder_audiofiles.o melder_quantity.o MelderReadText.o melder_tensorio.o abcio.o melder_sysenv.o melder_app.o melder_trust.o regularExp.o NUMmath.o NUMspecfunc.o NUMear.o NUMinterpol.o NUMmetrics.o NUMrandom.o NUMfilter.o NUMlinprog.o NUM.o STR.o VEC.o MAT.o STRVEC.o
clang -std=gnu99 -municode -D_FILE_OFFSET_BITS=64 -march=x86-64-v3 -O3   -c -o gsl_ode-initval__gear2.o gsl_ode-initval__gear2.c
clang -std=gnu99 -municode -D_FILE_OFFSET_BITS=64 -march=x86-64-v3 -O3   -c -o gsl_ode-initval__rk2.o gsl_ode-initval__rk2.c
ranlib libmelder.a
clang -std=gnu99 -municode -D_FILE_OFFSET_BITS=64 -march=x86-64-v3 -O3   -c -o gsl_ode-initval__rk2imp.o gsl_ode-initval__rk2imp.c
clang -std=gnu99 -municode -D_FILE_OFFSET_BITS=64 -march=x86-64-v3 -O3   -c -o gsl_ode-initval__rk2simp.o gsl_ode-initval__rk2simp.c
clang -std=gnu99 -municode -D_FILE_OFFSET_BITS=64 -march=x86-64-v3 -O3   -c -o gsl_ode-initval__rk4.o gsl_ode-initval__rk4.c
make[1]: Leaving directory '/d/Praat-work/稳定早期版/melder'
make -C sys
clang -std=gnu99 -municode -D_FILE_OFFSET_BITS=64 -march=x86-64-v3 -O3   -c -o gsl_ode-initval__rk4imp.o gsl_ode-initval__rk4imp.c
clang -std=gnu99 -municode -D_FILE_OFFSET_BITS=64 -march=x86-64-v3 -O3   -c -o gsl_ode-initval__rk8pd.o gsl_ode-initval__rk8pd.c
make[1]: Entering directory '/d/Praat-work/稳定早期版/sys'
clang -std=gnu++17 -municode -D_FILE_OFFSET_BITS=64 -march=x86-64-v3 -O3 -Wshadow -I ../kar -I ../melder -I ../sys -I ../dwsys -I ../stat -I ../fon  -c -o Thing.o Thing.cpp
clang -std=gnu++17 -municode -D_FILE_OFFSET_BITS=64 -march=x86-64-v3 -O3 -Wshadow -I ../kar -I ../melder -I ../sys -I ../dwsys -I ../stat -I ../fon  -c -o Data.o Data.cpp
clang -std=gnu++17 -municode -D_FILE_OFFSET_BITS=64 -march=x86-64-v3 -O3 -Wshadow -I ../kar -I ../melder -I ../sys -I ../dwsys -I ../stat -I ../fon  -c -o Simple.o Simple.cpp
clang -std=gnu99 -municode -D_FILE_OFFSET_BITS=64 -march=x86-64-v3 -O3   -c -o gsl_ode-initval__rkck.o gsl_ode-initval__rkck.c
clang -std=gnu++17 -municode -D_FILE_OFFSET_BITS=64 -march=x86-64-v3 -O3 -Wshadow -I ../kar -I ../melder -I ../sys -I ../dwsys -I ../stat -I ../fon  -c -o Collection.o Collection.cpp
clang -std=gnu++17 -municode -D_FILE_OFFSET_BITS=64 -march=x86-64-v3 -O3 -Wshadow -I ../kar -I ../melder -I ../sys -I ../dwsys -I ../stat -I ../fon  -c -o Strings.o Strings.cpp
clang -std=gnu++17 -municode -D_FILE_OFFSET_BITS=64 -march=x86-64-v3 -O3 -Wshadow -I ../kar -I ../melder -I ../sys -I ../dwsys -I ../stat -I ../fon  -c -o Graphics.o Graphics.cpp
clang -std=gnu++17 -municode -D_FILE_OFFSET_BITS=64 -march=x86-64-v3 -O3 -Wshadow -I ../kar -I ../melder -I ../sys -I ../dwsys -I ../stat -I ../fon  -c -o Graphics_linesAndAreas.o Graphics_linesAndAreas.cpp
clang -std=gnu99 -municode -D_FILE_OFFSET_BITS=64 -march=x86-64-v3 -O3   -c -o gsl_ode-initval__rkf45.o gsl_ode-initval__rkf45.c
clang -std=gnu++17 -municode -D_FILE_OFFSET_BITS=64 -march=x86-64-v3 -O3 -Wshadow -I ../kar -I ../melder -I ../sys -I ../dwsys -I ../stat -I ../fon  -c -o Graphics_text.o Graphics_text.cpp
clang -std=gnu++17 -municode -D_FILE_OFFSET_BITS=64 -march=x86-64-v3 -O3 -Wshadow -I ../kar -I ../melder -I ../sys -I ../dwsys -I ../stat -I ../fon  -c -o Graphics_colour.o Graphics_colour.cpp
clang -std=gnu++17 -municode -D_FILE_OFFSET_BITS=64 -march=x86-64-v3 -O3 -Wshadow -I ../kar -I ../melder -I ../sys -I ../dwsys -I ../stat -I ../fon  -c -o Graphics_image.o Graphics_image.cpp
clang -std=gnu++17 -municode -D_FILE_OFFSET_BITS=64 -march=x86-64-v3 -O3 -Wshadow -I ../kar -I ../melder -I ../sys -I ../dwsys -I ../stat -I ../fon  -c -o Graphics_record.o Graphics_record.cpp
clang -std=gnu99 -municode -D_FILE_OFFSET_BITS=64 -march=x86-64-v3 -O3   -c -o gsl_ode-initval__step.o gsl_ode-initval__step.c
clang -std=gnu99 -municode -D_FILE_OFFSET_BITS=64 -march=x86-64-v3 -O3   -c -o gsl_permutation__canonical.o gsl_permutation__canonical.c
clang -std=gnu99 -municode -D_FILE_OFFSET_BITS=64 -march=x86-64-v3 -O3   -c -o gsl_permutation__file.o gsl_permutation__file.c
clang -std=gnu99 -municode -D_FILE_OFFSET_BITS=64 -march=x86-64-v3 -O3   -c -o gsl_permutation__init.o gsl_permutation__init.c
clang -std=gnu99 -municode -D_FILE_OFFSET_BITS=64 -march=x86-64-v3 -O3   -c -o gsl_permutation__permutation.o gsl_permutation__permutation.c
clang -std=gnu99 -municode -D_FILE_OFFSET_BITS=64 -march=x86-64-v3 -O3   -c -o gsl_permutation__permute.o gsl_permutation__permute.c
clang -std=gnu99 -municode -D_FILE_OFFSET_BITS=64 -march=x86-64-v3 -O3   -c -o gsl_poly__dd.o gsl_poly__dd.c
clang -std=gnu99 -municode -D_FILE_OFFSET_BITS=64 -march=x86-64-v3 -O3   -c -o gsl_poly__eval.o gsl_poly__eval.c
clang -std=gnu++17 -municode -D_FILE_OFFSET_BITS=64 -march=x86-64-v3 -O3 -Wshadow -I ../kar -I ../melder -I ../sys -I ../dwsys -I ../stat -I ../fon  -c -o Graphics_utils.o Graphics_utils.cpp
clang -std=gnu99 -municode -D_FILE_OFFSET_BITS=64 -march=x86-64-v3 -O3   -c -o gsl_poly__solve_cubic.o gsl_poly__solve_cubic.c
clang -std=gnu++17 -municode -D_FILE_OFFSET_BITS=64 -march=x86-64-v3 -O3 -Wshadow -I ../kar -I ../melder -I ../sys -I ../dwsys -I ../stat -I ../fon  -c -o Graphics_grey.o Graphics_grey.cpp
clang -std=gnu99 -municode -D_FILE_OFFSET_BITS=64 -march=x86-64-v3 -O3   -c -o gsl_poly__solve_quadratic.o gsl_poly__solve_quadratic.c
clang -std=gnu++17 -municode -D_FILE_OFFSET_BITS=64 -march=x86-64-v3 -O3 -Wshadow -I ../kar -I ../melder -I ../sys -I ../dwsys -I ../stat -I ../fon  -c -o Graphics_altitude.o Graphics_altitude.cpp
clang -std=gnu++17 -municode -D_FILE_OFFSET_BITS=64 -march=x86-64-v3 -O3 -Wshadow -I ../kar -I ../melder -I ../sys -I ../dwsys -I ../stat -I ../fon  -c -o GraphicsPostscript.o GraphicsPostscript.cpp
clang -std=gnu++17 -municode -D_FILE_OFFSET_BITS=64 -march=x86-64-v3 -O3 -Wshadow -I ../kar -I ../melder -I ../sys -I ../dwsys -I ../stat -I ../fon  -c -o Graphics_surface.o Graphics_surface.cpp
clang -std=gnu99 -municode -D_FILE_OFFSET_BITS=64 -march=x86-64-v3 -O3   -c -o gsl_poly__zsolve.o gsl_poly__zsolve.c
clang -std=gnu99 -municode -D_FILE_OFFSET_BITS=64 -march=x86-64-v3 -O3   -c -o gsl_poly__zsolve_cubic.o gsl_poly__zsolve_cubic.c
clang -std=gnu99 -municode -D_FILE_OFFSET_BITS=64 -march=x86-64-v3 -O3   -c -o gsl_poly__zsolve_init.o gsl_poly__zsolve_init.c
clang -std=gnu99 -municode -D_FILE_OFFSET_BITS=64 -march=x86-64-v3 -O3   -c -o gsl_poly__zsolve_quadratic.o gsl_poly__zsolve_quadratic.c
clang -std=gnu99 -municode -D_FILE_OFFSET_BITS=64 -march=x86-64-v3 -O3   -c -o gsl_qrng__niederreiter-2.o gsl_qrng__niederreiter-2.c
Graphics_text.cpp:811:66: warning: expression result unused [-Wunused-value]
  811 |                         SelectPen (my d_gdiGraphicsContext, GetStockPen (BLACK_PEN)), SelectBrush (my d_gdiGraphicsContext, GetStockBrush (NULL_BRUSH));
      |                                                                                       ^~~~~~~~~~~~~~~~~~~~~~~~~~~~~~~~~~~~~~~~~~~~~~~~~~~~~~~~~~~~~~~~~
C:/msys64/clang64/include/windowsx.h:32:31: note: expanded from macro 'SelectBrush'
   32 | #define SelectBrush(hdc,hbr) ((HBRUSH)SelectObject((hdc),(HGDIOBJ)(HBRUSH)(hbr)))
      |                               ^       ~~~~~~~~~~~~~~~~~~~~~~~~~~~~~~~~~~~~~~~~~~
clang -std=gnu99 -municode -D_FILE_OFFSET_BITS=64 -march=x86-64-v3 -O3   -c -o gsl_qrng__qrng.o gsl_qrng__qrng.c
clang -std=gnu99 -municode -D_FILE_OFFSET_BITS=64 -march=x86-64-v3 -O3   -c -o gsl_qrng__sobol.o gsl_qrng__sobol.c
clang -std=gnu++17 -municode -D_FILE_OFFSET_BITS=64 -march=x86-64-v3 -O3 -Wshadow -I ../kar -I ../melder -I ../sys -I ../dwsys -I ../stat -I ../fon  -c -o ManPage.o ManPage.cpp
clang -std=gnu++17 -municode -D_FILE_OFFSET_BITS=64 -march=x86-64-v3 -O3 -Wshadow -I ../kar -I ../melder -I ../sys -I ../dwsys -I ../stat -I ../fon  -c -o ManPages.o ManPages.cpp
Graphics_grey.cpp:127:31: warning: declaration shadows a variable in the global namespace [-Wshadow]
  127 | static void fillGrey (integer numberOfPoints, constVECVU const& x, constVECVU const& y, int igrey)
      |                               ^
Graphics_grey.cpp:82:16: note: previous declaration is here
   82 | static integer numberOfPoints;
      |                ^
Graphics_grey.cpp:127:65: warning: declaration shadows a variable in the global namespace [-Wshadow]
  127 | static void fillGrey (integer numberOfPoints, constVECVU const& x, constVECVU const& y, int igrey)
      |                                                                 ^
Graphics_grey.cpp:88:16: note: previous declaration is here
   88 | static autoVEC x, y;
      |                ^
Graphics_grey.cpp:127:86: warning: declaration shadows a variable in the global namespace [-Wshadow]
  127 | static void fillGrey (integer numberOfPoints, constVECVU const& x, constVECVU const& y, int igrey)
      |                                                                                      ^
Graphics_grey.cpp:88:19: note: previous declaration is here
   88 | static autoVEC x, y;
      |                   ^
clang -std=gnu99 -municode -D_FILE_OFFSET_BITS=64 -march=x86-64-v3 -O3   -c -o gsl_randist__bernoulli.o gsl_randist__bernoulli.c
clang -std=gnu++17 -municode -D_FILE_OFFSET_BITS=64 -march=x86-64-v3 -O3 -Wshadow -I ../kar -I ../melder -I ../sys -I ../dwsys -I ../stat -I ../fon  -c -o ManPages_toHtml.o ManPages_toHtml.cpp
clang -std=gnu99 -municode -D_FILE_OFFSET_BITS=64 -march=x86-64-v3 -O3   -c -o gsl_randist__beta.o gsl_randist__beta.c
clang -std=gnu++17 -municode -D_FILE_OFFSET_BITS=64 -march=x86-64-v3 -O3 -Wshadow -I ../kar -I ../melder -I ../sys -I ../dwsys -I ../stat -I ../fon  -c -o Script.o Script.cpp
clang -std=gnu99 -municode -D_FILE_OFFSET_BITS=64 -march=x86-64-v3 -O3   -c -o gsl_randist__bigauss.o gsl_randist__bigauss.c
1 warning generated.
clang -std=gnu99 -municode -D_FILE_OFFSET_BITS=64 -march=x86-64-v3 -O3   -c -o gsl_randist__binomial.o gsl_randist__binomial.c
clang -std=gnu++17 -municode -D_FILE_OFFSET_BITS=64 -march=x86-64-v3 -O3 -Wshadow -I ../kar -I ../melder -I ../sys -I ../dwsys -I ../stat -I ../fon  -c -o Notebook.o Notebook.cpp
clang -std=gnu++17 -municode -D_FILE_OFFSET_BITS=64 -march=x86-64-v3 -O3 -Wshadow -I ../kar -I ../melder -I ../sys -I ../dwsys -I ../stat -I ../fon  -c -o machine.o machine.cpp
clang -std=gnu99 -municode -D_FILE_OFFSET_BITS=64 -march=x86-64-v3 -O3   -c -o gsl_randist__binomial_tpe.o gsl_randist__binomial_tpe.c
clang -std=gnu++17 -municode -D_FILE_OFFSET_BITS=64 -march=x86-64-v3 -O3 -Wshadow -I ../kar -I ../melder -I ../sys -I ../dwsys -I ../stat -I ../fon  -c -o GraphicsScreen.o GraphicsScreen.cpp
3 warnings generated.
clang -std=gnu99 -municode -D_FILE_OFFSET_BITS=64 -march=x86-64-v3 -O3   -c -o gsl_randist__cauchy.o gsl_randist__cauchy.c
clang -std=gnu++17 -municode -D_FILE_OFFSET_BITS=64 -march=x86-64-v3 -O3 -Wshadow -I ../kar -I ../melder -I ../sys -I ../dwsys -I ../stat -I ../fon  -c -o Printer.o Printer.cpp
clang -std=gnu++17 -municode -D_FILE_OFFSET_BITS=64 -march=x86-64-v3 -O3 -Wshadow -I ../kar -I ../melder -I ../sys -I ../dwsys -I ../stat -I ../fon  -c -o Preferences.o Preferences.cpp
clang -std=gnu99 -municode -D_FILE_OFFSET_BITS=64 -march=x86-64-v3 -O3   -c -o gsl_randist__chisq.o gsl_randist__chisq.c
clang -std=gnu99 -municode -D_FILE_OFFSET_BITS=64 -march=x86-64-v3 -O3   -c -o gsl_randist__dirichlet.o gsl_randist__dirichlet.c
clang -std=gnu99 -municode -D_FILE_OFFSET_BITS=64 -march=x86-64-v3 -O3   -c -o gsl_randist__discrete.o gsl_randist__discrete.c
clang -std=gnu99 -municode -D_FILE_OFFSET_BITS=64 -march=x86-64-v3 -O3   -c -o gsl_randist__erlang.o gsl_randist__erlang.c
clang -std=gnu99 -municode -D_FILE_OFFSET_BITS=64 -march=x86-64-v3 -O3   -c -o gsl_randist__exponential.o gsl_randist__exponential.c
clang -std=gnu99 -municode -D_FILE_OFFSET_BITS=64 -march=x86-64-v3 -O3   -c -o gsl_randist__exppow.o gsl_randist__exppow.c
clang -std=gnu99 -municode -D_FILE_OFFSET_BITS=64 -march=x86-64-v3 -O3   -c -o gsl_randist__fdist.o gsl_randist__fdist.c
clang -std=gnu++17 -municode -D_FILE_OFFSET_BITS=64 -march=x86-64-v3 -O3 -Wshadow -I ../kar -I ../melder -I ../sys -I ../dwsys -I ../stat -I ../fon  -c -o site.o site.cpp
clang -std=gnu++17 -municode -D_FILE_OFFSET_BITS=64 -march=x86-64-v3 -O3 -Wshadow -I ../kar -I ../melder -I ../sys -I ../dwsys -I ../stat -I ../fon  -c -o Picture.o Picture.cpp
clang -std=gnu99 -municode -D_FILE_OFFSET_BITS=64 -march=x86-64-v3 -O3   -c -o gsl_randist__flat.o gsl_randist__flat.c
Notebook.cpp:35:2: warning: declaration shadows a variable in the global namespace [-Wshadow]
   35 |         TRACE
      |         ^
../melder/melder_debug.h:54:31: note: expanded from macro 'TRACE'
   54 | #define TRACE  constexpr bool Melder_isTracingLocally = true;   // intentionally shadow a global variable; meant for temporary tracing of a function (to stderr)
      |                               ^
../melder/melder_debug.h:26:13: note: previous declaration is here
   26 | inline bool Melder_isTracingLocally = false;
      |             ^
clang -std=gnu++17 -municode -D_FILE_OFFSET_BITS=64 -march=x86-64-v3 -O3 -Wshadow -I ../kar -I ../melder -I ../sys -I ../dwsys -I ../stat -I ../fon  -c -o Ui.o Ui.cpp
clang -std=gnu99 -municode -D_FILE_OFFSET_BITS=64 -march=x86-64-v3 -O3   -c -o gsl_randist__gamma.o gsl_randist__gamma.c
clang -std=gnu++17 -municode -D_FILE_OFFSET_BITS=64 -march=x86-64-v3 -O3 -Wshadow -I ../kar -I ../melder -I ../sys -I ../dwsys -I ../stat -I ../fon  -c -o UiFile.o UiFile.cpp
1 warning generated.
clang -std=gnu99 -municode -D_FILE_OFFSET_BITS=64 -march=x86-64-v3 -O3   -c -o gsl_randist__gauss.o gsl_randist__gauss.c
clang -std=gnu++17 -municode -D_FILE_OFFSET_BITS=64 -march=x86-64-v3 -O3 -Wshadow -I ../kar -I ../melder -I ../sys -I ../dwsys -I ../stat -I ../fon  -c -o UiPause.o UiPause.cpp
clang -std=gnu99 -municode -D_FILE_OFFSET_BITS=64 -march=x86-64-v3 -O3   -c -o gsl_randist__gausstail.o gsl_randist__gausstail.c
clang -std=gnu99 -municode -D_FILE_OFFSET_BITS=64 -march=x86-64-v3 -O3   -c -o gsl_randist__gausszig.o gsl_randist__gausszig.c
clang -std=gnu++17 -municode -D_FILE_OFFSET_BITS=64 -march=x86-64-v3 -O3 -Wshadow -I ../kar -I ../melder -I ../sys -I ../dwsys -I ../stat -I ../fon  -c -o DataGui.o DataGui.cpp
clang -std=gnu99 -municode -D_FILE_OFFSET_BITS=64 -march=x86-64-v3 -O3   -c -o gsl_randist__geometric.o gsl_randist__geometric.c
clang -std=gnu99 -municode -D_FILE_OFFSET_BITS=64 -march=x86-64-v3 -O3   -c -o gsl_randist__gumbel.o gsl_randist__gumbel.c
clang -std=gnu++17 -municode -D_FILE_OFFSET_BITS=64 -march=x86-64-v3 -O3 -Wshadow -I ../kar -I ../melder -I ../sys -I ../dwsys -I ../stat -I ../fon  -c -o Editor.o Editor.cpp
clang -std=gnu99 -municode -D_FILE_OFFSET_BITS=64 -march=x86-64-v3 -O3   -c -o gsl_randist__hyperg.o gsl_randist__hyperg.c
clang -std=gnu++17 -municode -D_FILE_OFFSET_BITS=64 -march=x86-64-v3 -O3 -Wshadow -I ../kar -I ../melder -I ../sys -I ../dwsys -I ../stat -I ../fon  -c -o DataEditor.o DataEditor.cpp
clang -std=gnu99 -municode -D_FILE_OFFSET_BITS=64 -march=x86-64-v3 -O3   -c -o gsl_randist__landau.o gsl_randist__landau.c
clang -std=gnu++17 -municode -D_FILE_OFFSET_BITS=64 -march=x86-64-v3 -O3 -Wshadow -I ../kar -I ../melder -I ../sys -I ../dwsys -I ../stat -I ../fon  -c -o HyperPage.o HyperPage.cpp
clang -std=gnu99 -municode -D_FILE_OFFSET_BITS=64 -march=x86-64-v3 -O3   -c -o gsl_randist__laplace.o gsl_randist__laplace.c
clang -std=gnu99 -municode -D_FILE_OFFSET_BITS=64 -march=x86-64-v3 -O3   -c -o gsl_randist__levy.o gsl_randist__levy.c
clang -std=gnu99 -municode -D_FILE_OFFSET_BITS=64 -march=x86-64-v3 -O3   -c -o gsl_randist__logarithmic.o gsl_randist__logarithmic.c
clang -std=gnu++17 -municode -D_FILE_OFFSET_BITS=64 -march=x86-64-v3 -O3 -Wshadow -I ../kar -I ../melder -I ../sys -I ../dwsys -I ../stat -I ../fon  -c -o Manual.o Manual.cpp
clang -std=gnu99 -municode -D_FILE_OFFSET_BITS=64 -march=x86-64-v3 -O3   -c -o gsl_randist__logistic.o gsl_randist__logistic.c
clang -std=gnu++17 -municode -D_FILE_OFFSET_BITS=64 -march=x86-64-v3 -O3 -Wshadow -I ../kar -I ../melder -I ../sys -I ../dwsys -I ../stat -I ../fon  -c -o TextEditor.o TextEditor.cpp
clang -std=gnu++17 -municode -D_FILE_OFFSET_BITS=64 -march=x86-64-v3 -O3 -Wshadow -I ../kar -I ../melder -I ../sys -I ../dwsys -I ../stat -I ../fon  -c -o praat.o praat.cpp
clang -std=gnu99 -municode -D_FILE_OFFSET_BITS=64 -march=x86-64-v3 -O3   -c -o gsl_randist__lognormal.o gsl_randist__lognormal.c
clang -std=gnu99 -municode -D_FILE_OFFSET_BITS=64 -march=x86-64-v3 -O3   -c -o gsl_randist__multinomial.o gsl_randist__multinomial.c
clang -std=gnu99 -municode -D_FILE_OFFSET_BITS=64 -march=x86-64-v3 -O3   -c -o gsl_randist__nbinomial.o gsl_randist__nbinomial.c
clang -std=gnu99 -municode -D_FILE_OFFSET_BITS=64 -march=x86-64-v3 -O3   -c -o gsl_randist__pareto.o gsl_randist__pareto.c
clang -std=gnu99 -municode -D_FILE_OFFSET_BITS=64 -march=x86-64-v3 -O3   -c -o gsl_randist__pascal.o gsl_randist__pascal.c
clang -std=gnu99 -municode -D_FILE_OFFSET_BITS=64 -march=x86-64-v3 -O3   -c -o gsl_randist__poisson.o gsl_randist__poisson.c
clang -std=gnu99 -municode -D_FILE_OFFSET_BITS=64 -march=x86-64-v3 -O3   -c -o gsl_randist__rayleigh.o gsl_randist__rayleigh.c
clang -std=gnu99 -municode -D_FILE_OFFSET_BITS=64 -march=x86-64-v3 -O3   -c -o gsl_randist__shuffle.o gsl_randist__shuffle.c
clang -std=gnu++17 -municode -D_FILE_OFFSET_BITS=64 -march=x86-64-v3 -O3 -Wshadow -I ../kar -I ../melder -I ../sys -I ../dwsys -I ../stat -I ../fon  -c -o praat_actions.o praat_actions.cpp
clang -std=gnu++17 -municode -D_FILE_OFFSET_BITS=64 -march=x86-64-v3 -O3 -Wshadow -I ../kar -I ../melder -I ../sys -I ../dwsys -I ../stat -I ../fon  -c -o praat_menuCommands.o praat_menuCommands.cpp
clang -std=gnu99 -municode -D_FILE_OFFSET_BITS=64 -march=x86-64-v3 -O3   -c -o gsl_randist__sphere.o gsl_randist__sphere.c
clang -std=gnu99 -municode -D_FILE_OFFSET_BITS=64 -march=x86-64-v3 -O3   -c -o gsl_randist__tdist.o gsl_randist__tdist.c
clang -std=gnu++17 -municode -D_FILE_OFFSET_BITS=64 -march=x86-64-v3 -O3 -Wshadow -I ../kar -I ../melder -I ../sys -I ../dwsys -I ../stat -I ../fon  -c -o praat_picture.o praat_picture.cpp
clang -std=gnu99 -municode -D_FILE_OFFSET_BITS=64 -march=x86-64-v3 -O3   -c -o gsl_randist__weibull.o gsl_randist__weibull.c
clang -std=gnu++17 -municode -D_FILE_OFFSET_BITS=64 -march=x86-64-v3 -O3 -Wshadow -I ../kar -I ../melder -I ../sys -I ../dwsys -I ../stat -I ../fon  -c -o praat_script.o praat_script.cpp
clang -std=gnu99 -municode -D_FILE_OFFSET_BITS=64 -march=x86-64-v3 -O3   -c -o gsl_rng__borosh13.o gsl_rng__borosh13.c
clang -std=gnu99 -municode -D_FILE_OFFSET_BITS=64 -march=x86-64-v3 -O3   -c -o gsl_rng__cmrg.o gsl_rng__cmrg.c
clang -std=gnu99 -municode -D_FILE_OFFSET_BITS=64 -march=x86-64-v3 -O3   -c -o gsl_rng__coveyou.o gsl_rng__coveyou.c
clang -std=gnu99 -municode -D_FILE_OFFSET_BITS=64 -march=x86-64-v3 -O3   -c -o gsl_rng__default.o gsl_rng__default.c
clang -std=gnu99 -municode -D_FILE_OFFSET_BITS=64 -march=x86-64-v3 -O3   -c -o gsl_rng__file.o gsl_rng__file.c
clang -std=gnu++17 -municode -D_FILE_OFFSET_BITS=64 -march=x86-64-v3 -O3 -Wshadow -I ../kar -I ../melder -I ../sys -I ../dwsys -I ../stat -I ../fon  -c -o praat_statistics.o praat_statistics.cpp
clang -std=gnu99 -municode -D_FILE_OFFSET_BITS=64 -march=x86-64-v3 -O3   -c -o gsl_rng__fishman18.o gsl_rng__fishman18.c
clang -std=gnu99 -municode -D_FILE_OFFSET_BITS=64 -march=x86-64-v3 -O3   -c -o gsl_rng__fishman20.o gsl_rng__fishman20.c
clang -std=gnu++17 -municode -D_FILE_OFFSET_BITS=64 -march=x86-64-v3 -O3 -Wshadow -I ../kar -I ../melder -I ../sys -I ../dwsys -I ../stat -I ../fon  -c -o praat_logo.o praat_logo.cpp
clang -std=gnu99 -municode -D_FILE_OFFSET_BITS=64 -march=x86-64-v3 -O3   -c -o gsl_rng__fishman2x.o gsl_rng__fishman2x.c
clang -std=gnu99 -municode -D_FILE_OFFSET_BITS=64 -march=x86-64-v3 -O3   -c -o gsl_rng__gfsr4.o gsl_rng__gfsr4.c
clang -std=gnu99 -municode -D_FILE_OFFSET_BITS=64 -march=x86-64-v3 -O3   -c -o gsl_rng__knuthran.o gsl_rng__knuthran.c
praat.cpp:1925:4: warning: declaration shadows a variable in the global namespace [-Wshadow]
 1925 |                         TRACE
      |                         ^
../melder/melder_debug.h:54:31: note: expanded from macro 'TRACE'
   54 | #define TRACE  constexpr bool Melder_isTracingLocally = true;   // intentionally shadow a global variable; meant for temporary tracing of a function (to stderr)
      |                               ^
../melder/melder_debug.h:26:13: note: previous declaration is here
   26 | inline bool Melder_isTracingLocally = false;
      |             ^
clang -std=gnu99 -municode -D_FILE_OFFSET_BITS=64 -march=x86-64-v3 -O3   -c -o gsl_rng__knuthran2.o gsl_rng__knuthran2.c
praat.cpp:3185:30: warning: multiple unsequenced modifications to 'i' [-Wunsequenced]
 3185 |                 trace (U"digits 1 to 9: ", ++ i, ++ i, ++ i, ++ i, ++ i, ++ i, ++ i, ++ i, ++ i);
      |                                            ^     ~~
praat.cpp:3191:32: warning: multiple unsequenced modifications to 'i' [-Wunsequenced]
 3191 |                 trace (U"digits 1 to 9: ", i ++, i ++, i ++, i ++, i ++, i ++, i ++, i ++, i ++);
      |                                              ^     ~~
praat.cpp:3198:61: warning: multiple unsequenced modifications to 'i' [-Wunsequenced]
 3198 |                 snprintf (buffer,40, "digits 1 to 9: %d%d%d%d%d%d%d%d%d", ++ i, ++ i, ++ i, ++ i, ++ i, ++ i, ++ i, ++ i, ++ i);
      |                                                                           ^     ~~
praat.cpp:3202:63: warning: multiple unsequenced modifications to 'i' [-Wunsequenced]
 3202 |                 snprintf (buffer,40, "digits 1 to 9: %d%d%d%d%d%d%d%d%d", i ++, i ++, i ++, i ++, i ++, i ++, i ++, i ++, i ++);
      |                                                                             ^     ~~
clang -std=gnu++17 -municode -D_FILE_OFFSET_BITS=64 -march=x86-64-v3 -O3 -Wshadow -I ../kar -I ../melder -I ../sys -I ../dwsys -I ../stat -I ../fon  -c -o praat_library.o praat_library.cpp
clang -std=gnu99 -municode -D_FILE_OFFSET_BITS=64 -march=x86-64-v3 -O3   -c -o gsl_rng__knuthran2002.o gsl_rng__knuthran2002.c
clang -std=gnu++17 -municode -D_FILE_OFFSET_BITS=64 -march=x86-64-v3 -O3 -Wshadow -I ../kar -I ../melder -I ../sys -I ../dwsys -I ../stat -I ../fon  -c -o praat_objectMenus.o praat_objectMenus.cpp
clang -std=gnu++17 -municode -D_FILE_OFFSET_BITS=64 -march=x86-64-v3 -O3 -Wshadow -I ../kar -I ../melder -I ../sys -I ../dwsys -I ../stat -I ../fon  -c -o InfoEditor.o InfoEditor.cpp
clang -std=gnu99 -municode -D_FILE_OFFSET_BITS=64 -march=x86-64-v3 -O3   -c -o gsl_rng__lecuyer21.o gsl_rng__lecuyer21.c
clang -std=gnu99 -municode -D_FILE_OFFSET_BITS=64 -march=x86-64-v3 -O3   -c -o gsl_rng__minstd.o gsl_rng__minstd.c
clang -std=gnu99 -municode -D_FILE_OFFSET_BITS=64 -march=x86-64-v3 -O3   -c -o gsl_rng__mrg.o gsl_rng__mrg.c
clang -std=gnu99 -municode -D_FILE_OFFSET_BITS=64 -march=x86-64-v3 -O3   -c -o gsl_rng__mt.o gsl_rng__mt.c
clang -std=gnu++17 -municode -D_FILE_OFFSET_BITS=64 -march=x86-64-v3 -O3 -Wshadow -I ../kar -I ../melder -I ../sys -I ../dwsys -I ../stat -I ../fon  -c -o ScriptEditor.o ScriptEditor.cpp
clang -std=gnu99 -municode -D_FILE_OFFSET_BITS=64 -march=x86-64-v3 -O3   -c -o gsl_rng__r250.o gsl_rng__r250.c
clang -std=gnu99 -municode -D_FILE_OFFSET_BITS=64 -march=x86-64-v3 -O3   -c -o gsl_rng__ran0.o gsl_rng__ran0.c
clang -std=gnu99 -municode -D_FILE_OFFSET_BITS=64 -march=x86-64-v3 -O3   -c -o gsl_rng__ran1.o gsl_rng__ran1.c
praat_script.cpp:132:13: warning: first argument in call to 'memset' is a pointer to non-trivially copyable type 'structStackel' [-Wnontrivial-memcall]
  132 |                                 memset (& args [narg], 0, sizeof (structStackel));
      |                                         ^
praat_script.cpp:132:13: note: explicitly cast the pointer to silence this warning
  132 |                                 memset (& args [narg], 0, sizeof (structStackel));
      |                                         ^
      |                                         (void*)
clang -std=gnu99 -municode -D_FILE_OFFSET_BITS=64 -march=x86-64-v3 -O3   -c -o gsl_rng__ran2.o gsl_rng__ran2.c
clang -std=gnu99 -municode -D_FILE_OFFSET_BITS=64 -march=x86-64-v3 -O3   -c -o gsl_rng__ran3.o gsl_rng__ran3.c
5 warnings generated.
clang -std=gnu99 -municode -D_FILE_OFFSET_BITS=64 -march=x86-64-v3 -O3   -c -o gsl_rng__rand.o gsl_rng__rand.c
clang -std=gnu++17 -municode -D_FILE_OFFSET_BITS=64 -march=x86-64-v3 -O3 -Wshadow -I ../kar -I ../melder -I ../sys -I ../dwsys -I ../stat -I ../fon  -c -o NotebookEditor.o NotebookEditor.cpp
clang -std=gnu99 -municode -D_FILE_OFFSET_BITS=64 -march=x86-64-v3 -O3   -c -o gsl_rng__rand48.o gsl_rng__rand48.c
1 warning generated.
clang -std=gnu++17 -municode -D_FILE_OFFSET_BITS=64 -march=x86-64-v3 -O3 -Wshadow -I ../kar -I ../melder -I ../sys -I ../dwsys -I ../stat -I ../fon  -c -o ButtonEditor.o ButtonEditor.cpp
clang -std=gnu99 -municode -D_FILE_OFFSET_BITS=64 -march=x86-64-v3 -O3   -c -o gsl_rng__random.o gsl_rng__random.c
clang -std=gnu99 -municode -D_FILE_OFFSET_BITS=64 -march=x86-64-v3 -O3   -c -o gsl_rng__randu.o gsl_rng__randu.c
clang -std=gnu++17 -municode -D_FILE_OFFSET_BITS=64 -march=x86-64-v3 -O3 -Wshadow -I ../kar -I ../melder -I ../sys -I ../dwsys -I ../stat -I ../fon  -c -o Interpreter.o Interpreter.cpp
clang -std=gnu99 -municode -D_FILE_OFFSET_BITS=64 -march=x86-64-v3 -O3   -c -o gsl_rng__ranf.o gsl_rng__ranf.c
clang -std=gnu++17 -municode -D_FILE_OFFSET_BITS=64 -march=x86-64-v3 -O3 -Wshadow -I ../kar -I ../melder -I ../sys -I ../dwsys -I ../stat -I ../fon  -c -o Formula.o Formula.cpp
clang -std=gnu99 -municode -D_FILE_OFFSET_BITS=64 -march=x86-64-v3 -O3   -c -o gsl_rng__ranlux.o gsl_rng__ranlux.c
clang -std=gnu99 -municode -D_FILE_OFFSET_BITS=64 -march=x86-64-v3 -O3   -c -o gsl_rng__ranlxd.o gsl_rng__ranlxd.c
clang -std=gnu++17 -municode -D_FILE_OFFSET_BITS=64 -march=x86-64-v3 -O3 -Wshadow -I ../kar -I ../melder -I ../sys -I ../dwsys -I ../stat -I ../fon  -c -o StringsEditor.o StringsEditor.cpp
clang -std=gnu99 -municode -D_FILE_OFFSET_BITS=64 -march=x86-64-v3 -O3   -c -o gsl_rng__ranlxs.o gsl_rng__ranlxs.c
clang -std=gnu++17 -municode -D_FILE_OFFSET_BITS=64 -march=x86-64-v3 -O3 -Wshadow -I ../kar -I ../melder -I ../sys -I ../dwsys -I ../stat -I ../fon  -c -o DemoEditor.o DemoEditor.cpp
clang -std=gnu99 -municode -D_FILE_OFFSET_BITS=64 -march=x86-64-v3 -O3   -c -o gsl_rng__ranmar.o gsl_rng__ranmar.c
clang -std=gnu99 -municode -D_FILE_OFFSET_BITS=64 -march=x86-64-v3 -O3   -c -o gsl_rng__rng.o gsl_rng__rng.c
clang -std=gnu99 -municode -D_FILE_OFFSET_BITS=64 -march=x86-64-v3 -O3   -c -o gsl_rng__slatec.o gsl_rng__slatec.c
clang -std=gnu++17 -municode -D_FILE_OFFSET_BITS=64 -march=x86-64-v3 -O3 -Wshadow -I ../kar -I ../melder -I ../sys -I ../dwsys -I ../stat -I ../fon  -c -o motifEmulator.o motifEmulator.cpp
clang -std=gnu99 -municode -D_FILE_OFFSET_BITS=64 -march=x86-64-v3 -O3   -c -o gsl_rng__taus.o gsl_rng__taus.c
clang -std=gnu++17 -municode -D_FILE_OFFSET_BITS=64 -march=x86-64-v3 -O3 -Wshadow -I ../kar -I ../melder -I ../sys -I ../dwsys -I ../stat -I ../fon  -c -o GuiText.o GuiText.cpp
clang -std=gnu99 -municode -D_FILE_OFFSET_BITS=64 -march=x86-64-v3 -O3   -c -o gsl_rng__taus113.o gsl_rng__taus113.c
clang -std=gnu++17 -municode -D_FILE_OFFSET_BITS=64 -march=x86-64-v3 -O3 -Wshadow -I ../kar -I ../melder -I ../sys -I ../dwsys -I ../stat -I ../fon  -c -o GuiWindow.o GuiWindow.cpp
clang -std=gnu99 -municode -D_FILE_OFFSET_BITS=64 -march=x86-64-v3 -O3   -c -o gsl_rng__transputer.o gsl_rng__transputer.c
clang -std=gnu99 -municode -D_FILE_OFFSET_BITS=64 -march=x86-64-v3 -O3   -c -o gsl_rng__tt.o gsl_rng__tt.c
clang -std=gnu99 -municode -D_FILE_OFFSET_BITS=64 -march=x86-64-v3 -O3   -c -o gsl_rng__types.o gsl_rng__types.c
clang -std=gnu99 -municode -D_FILE_OFFSET_BITS=64 -march=x86-64-v3 -O3   -c -o gsl_rng__uni.o gsl_rng__uni.c
clang -std=gnu++17 -municode -D_FILE_OFFSET_BITS=64 -march=x86-64-v3 -O3 -Wshadow -I ../kar -I ../melder -I ../sys -I ../dwsys -I ../stat -I ../fon  -c -o Gui.o Gui.cpp
clang -std=gnu99 -municode -D_FILE_OFFSET_BITS=64 -march=x86-64-v3 -O3   -c -o gsl_rng__uni32.o gsl_rng__uni32.c
clang -std=gnu++17 -municode -D_FILE_OFFSET_BITS=64 -march=x86-64-v3 -O3 -Wshadow -I ../kar -I ../melder -I ../sys -I ../dwsys -I ../stat -I ../fon  -c -o GuiObject.o GuiObject.cpp
clang -std=gnu99 -municode -D_FILE_OFFSET_BITS=64 -march=x86-64-v3 -O3   -c -o gsl_rng__vax.o gsl_rng__vax.c
NotebookEditor.cpp:104:2: warning: declaration shadows a variable in the global namespace [-Wshadow]
  104 |         TRACE
      |         ^
../melder/melder_debug.h:54:31: note: expanded from macro 'TRACE'
   54 | #define TRACE  constexpr bool Melder_isTracingLocally = true;   // intentionally shadow a global variable; meant for temporary tracing of a function (to stderr)
      |                               ^
../melder/melder_debug.h:26:13: note: previous declaration is here
   26 | inline bool Melder_isTracingLocally = false;
      |             ^
clang -std=gnu99 -municode -D_FILE_OFFSET_BITS=64 -march=x86-64-v3 -O3   -c -o gsl_rng__waterman14.o gsl_rng__waterman14.c
clang -std=gnu99 -municode -D_FILE_OFFSET_BITS=64 -march=x86-64-v3 -O3   -c -o gsl_rng__zuf.o gsl_rng__zuf.c
clang -std=gnu99 -municode -D_FILE_OFFSET_BITS=64 -march=x86-64-v3 -O3   -c -o gsl_roots__bisection.o gsl_roots__bisection.c
1 warning generated.
clang -std=gnu99 -municode -D_FILE_OFFSET_BITS=64 -march=x86-64-v3 -O3   -c -o gsl_roots__brent.o gsl_roots__brent.c
clang -std=gnu++17 -municode -D_FILE_OFFSET_BITS=64 -march=x86-64-v3 -O3 -Wshadow -I ../kar -I ../melder -I ../sys -I ../dwsys -I ../stat -I ../fon  -c -o GuiDrawingArea.o GuiDrawingArea.cpp
clang -std=gnu99 -municode -D_FILE_OFFSET_BITS=64 -march=x86-64-v3 -O3   -c -o gsl_roots__convergence.o gsl_roots__convergence.c
Interpreter.cpp:183:2: warning: declaration shadows a variable in the global namespace [-Wshadow]
  183 |         TRACE
      |         ^
../melder/melder_debug.h:54:31: note: expanded from macro 'TRACE'
   54 | #define TRACE  constexpr bool Melder_isTracingLocally = true;   // intentionally shadow a global variable; meant for temporary tracing of a function (to stderr)
      |                               ^
../melder/melder_debug.h:26:13: note: previous declaration is here
   26 | inline bool Melder_isTracingLocally = false;
      |             ^
clang -std=gnu++17 -municode -D_FILE_OFFSET_BITS=64 -march=x86-64-v3 -O3 -Wshadow -I ../kar -I ../melder -I ../sys -I ../dwsys -I ../stat -I ../fon  -c -o GuiMenu.o GuiMenu.cpp
clang -std=gnu99 -municode -D_FILE_OFFSET_BITS=64 -march=x86-64-v3 -O3   -c -o gsl_roots__falsepos.o gsl_roots__falsepos.c
clang -std=gnu99 -municode -D_FILE_OFFSET_BITS=64 -march=x86-64-v3 -O3   -c -o gsl_roots__fdfsolver.o gsl_roots__fdfsolver.c
clang -std=gnu99 -municode -D_FILE_OFFSET_BITS=64 -march=x86-64-v3 -O3   -c -o gsl_roots__fsolver.o gsl_roots__fsolver.c
clang -std=gnu++17 -municode -D_FILE_OFFSET_BITS=64 -march=x86-64-v3 -O3 -Wshadow -I ../kar -I ../melder -I ../sys -I ../dwsys -I ../stat -I ../fon  -c -o GuiMenuItem.o GuiMenuItem.cpp
clang -std=gnu99 -municode -D_FILE_OFFSET_BITS=64 -march=x86-64-v3 -O3   -c -o gsl_roots__newton.o gsl_roots__newton.c
clang -std=gnu99 -municode -D_FILE_OFFSET_BITS=64 -march=x86-64-v3 -O3   -c -o gsl_roots__secant.o gsl_roots__secant.c
motifEmulator.cpp:1671:65: warning: '/*' within block comment [-Wcomment]
 1671 |         /*if (my widgetClass == xmScrolledWindowWidgetClass) return;   /* Ignore. */
      |                                                                        ^
clang -std=gnu++17 -municode -D_FILE_OFFSET_BITS=64 -march=x86-64-v3 -O3 -Wshadow -I ../kar -I ../melder -I ../sys -I ../dwsys -I ../stat -I ../fon  -c -o GuiButton.o GuiButton.cpp
clang -std=gnu99 -municode -D_FILE_OFFSET_BITS=64 -march=x86-64-v3 -O3   -c -o gsl_roots__steffenson.o gsl_roots__steffenson.c
clang -std=gnu99 -municode -D_FILE_OFFSET_BITS=64 -march=x86-64-v3 -O3   -c -o gsl_siman__siman.o gsl_siman__siman.c
clang -std=gnu99 -municode -D_FILE_OFFSET_BITS=64 -march=x86-64-v3 -O3   -c -o gsl_sort__sort.o gsl_sort__sort.c
clang -std=gnu99 -municode -D_FILE_OFFSET_BITS=64 -march=x86-64-v3 -O3   -c -o gsl_sort__sortind.o gsl_sort__sortind.c
clang -std=gnu99 -municode -D_FILE_OFFSET_BITS=64 -march=x86-64-v3 -O3   -c -o gsl_sort__sortvec.o gsl_sort__sortvec.c
clang -std=gnu++17 -municode -D_FILE_OFFSET_BITS=64 -march=x86-64-v3 -O3 -Wshadow -I ../kar -I ../melder -I ../sys -I ../dwsys -I ../stat -I ../fon  -c -o GuiLabel.o GuiLabel.cpp
clang -std=gnu99 -municode -D_FILE_OFFSET_BITS=64 -march=x86-64-v3 -O3   -c -o gsl_sort__sortvecind.o gsl_sort__sortvecind.c
clang -std=gnu99 -municode -D_FILE_OFFSET_BITS=64 -march=x86-64-v3 -O3   -c -o gsl_sort__subset.o gsl_sort__subset.c
clang -std=gnu99 -municode -D_FILE_OFFSET_BITS=64 -march=x86-64-v3 -O3   -c -o gsl_sort__subsetind.o gsl_sort__subsetind.c
clang -std=gnu++17 -municode -D_FILE_OFFSET_BITS=64 -march=x86-64-v3 -O3 -Wshadow -I ../kar -I ../melder -I ../sys -I ../dwsys -I ../stat -I ../fon  -c -o GuiCheckButton.o GuiCheckButton.cpp
1 warning generated.
clang -std=gnu99 -municode -D_FILE_OFFSET_BITS=64 -march=x86-64-v3 -O3   -c -o gsl_specfunc__airy.o gsl_specfunc__airy.c
clang -std=gnu99 -municode -D_FILE_OFFSET_BITS=64 -march=x86-64-v3 -O3   -c -o gsl_specfunc__airy_der.o gsl_specfunc__airy_der.c
clang -std=gnu99 -municode -D_FILE_OFFSET_BITS=64 -march=x86-64-v3 -O3   -c -o gsl_specfunc__airy_zero.o gsl_specfunc__airy_zero.c
clang -std=gnu++17 -municode -D_FILE_OFFSET_BITS=64 -march=x86-64-v3 -O3 -Wshadow -I ../kar -I ../melder -I ../sys -I ../dwsys -I ../stat -I ../fon  -c -o GuiRadioButton.o GuiRadioButton.cpp
clang -std=gnu++17 -municode -D_FILE_OFFSET_BITS=64 -march=x86-64-v3 -O3 -Wshadow -I ../kar -I ../melder -I ../sys -I ../dwsys -I ../stat -I ../fon  -c -o GuiDialog.o GuiDialog.cpp
clang -std=gnu99 -municode -D_FILE_OFFSET_BITS=64 -march=x86-64-v3 -O3   -c -o gsl_specfunc__atanint.o gsl_specfunc__atanint.c
clang -std=gnu++17 -municode -D_FILE_OFFSET_BITS=64 -march=x86-64-v3 -O3 -Wshadow -I ../kar -I ../melder -I ../sys -I ../dwsys -I ../stat -I ../fon  -c -o GuiList.o GuiList.cpp
clang -std=gnu99 -municode -D_FILE_OFFSET_BITS=64 -march=x86-64-v3 -O3   -c -o gsl_specfunc__bessel.o gsl_specfunc__bessel.c
clang -std=gnu99 -municode -D_FILE_OFFSET_BITS=64 -march=x86-64-v3 -O3   -c -o gsl_specfunc__bessel_I0.o gsl_specfunc__bessel_I0.c
clang -std=gnu++17 -municode -D_FILE_OFFSET_BITS=64 -march=x86-64-v3 -O3 -Wshadow -I ../kar -I ../melder -I ../sys -I ../dwsys -I ../stat -I ../fon  -c -o GuiTrust.o GuiTrust.cpp
clang -std=gnu99 -municode -D_FILE_OFFSET_BITS=64 -march=x86-64-v3 -O3   -c -o gsl_specfunc__bessel_I1.o gsl_specfunc__bessel_I1.c
clang -std=gnu99 -municode -D_FILE_OFFSET_BITS=64 -march=x86-64-v3 -O3   -c -o gsl_specfunc__bessel_In.o gsl_specfunc__bessel_In.c
clang -std=gnu99 -municode -D_FILE_OFFSET_BITS=64 -march=x86-64-v3 -O3   -c -o gsl_specfunc__bessel_Inu.o gsl_specfunc__bessel_Inu.c
clang -std=gnu++17 -municode -D_FILE_OFFSET_BITS=64 -march=x86-64-v3 -O3 -Wshadow -I ../kar -I ../melder -I ../sys -I ../dwsys -I ../stat -I ../fon  -c -o GuiFileSelect.o GuiFileSelect.cpp
clang -std=gnu99 -municode -D_FILE_OFFSET_BITS=64 -march=x86-64-v3 -O3   -c -o gsl_specfunc__bessel_J0.o gsl_specfunc__bessel_J0.c
1 warning generated.
clang -std=gnu99 -municode -D_FILE_OFFSET_BITS=64 -march=x86-64-v3 -O3   -c -o gsl_specfunc__bessel_J1.o gsl_specfunc__bessel_J1.c
clang -std=gnu++17 -municode -D_FILE_OFFSET_BITS=64 -march=x86-64-v3 -O3 -Wshadow -I ../kar -I ../melder -I ../sys -I ../dwsys -I ../stat -I ../fon  -c -o GuiScale.o GuiScale.cpp
clang -std=gnu99 -municode -D_FILE_OFFSET_BITS=64 -march=x86-64-v3 -O3   -c -o gsl_specfunc__bessel_Jn.o gsl_specfunc__bessel_Jn.c
clang -std=gnu++17 -municode -D_FILE_OFFSET_BITS=64 -march=x86-64-v3 -O3 -Wshadow -I ../kar -I ../melder -I ../sys -I ../dwsys -I ../stat -I ../fon  -c -o GuiScrollBar.o GuiScrollBar.cpp
clang -std=gnu99 -municode -D_FILE_OFFSET_BITS=64 -march=x86-64-v3 -O3   -c -o gsl_specfunc__bessel_Jnu.o gsl_specfunc__bessel_Jnu.c
clang -std=gnu99 -municode -D_FILE_OFFSET_BITS=64 -march=x86-64-v3 -O3   -c -o gsl_specfunc__bessel_K0.o gsl_specfunc__bessel_K0.c
clang -std=gnu++17 -municode -D_FILE_OFFSET_BITS=64 -march=x86-64-v3 -O3 -Wshadow -I ../kar -I ../melder -I ../sys -I ../dwsys -I ../stat -I ../fon  -c -o GuiScrolledWindow.o GuiScrolledWindow.cpp
clang -std=gnu99 -municode -D_FILE_OFFSET_BITS=64 -march=x86-64-v3 -O3   -c -o gsl_specfunc__bessel_K1.o gsl_specfunc__bessel_K1.c
clang -std=gnu++17 -municode -D_FILE_OFFSET_BITS=64 -march=x86-64-v3 -O3 -Wshadow -I ../kar -I ../melder -I ../sys -I ../dwsys -I ../stat -I ../fon  -c -o GuiControl.o GuiControl.cpp
clang -std=gnu99 -municode -D_FILE_OFFSET_BITS=64 -march=x86-64-v3 -O3   -c -o gsl_specfunc__bessel_Kn.o gsl_specfunc__bessel_Kn.c
clang -std=gnu99 -municode -D_FILE_OFFSET_BITS=64 -march=x86-64-v3 -O3   -c -o gsl_specfunc__bessel_Knu.o gsl_specfunc__bessel_Knu.c
clang -std=gnu99 -municode -D_FILE_OFFSET_BITS=64 -march=x86-64-v3 -O3   -c -o gsl_specfunc__bessel_Y0.o gsl_specfunc__bessel_Y0.c
clang -std=gnu99 -municode -D_FILE_OFFSET_BITS=64 -march=x86-64-v3 -O3   -c -o gsl_specfunc__bessel_Y1.o gsl_specfunc__bessel_Y1.c
clang -std=gnu++17 -municode -D_FILE_OFFSET_BITS=64 -march=x86-64-v3 -O3 -Wshadow -I ../kar -I ../melder -I ../sys -I ../dwsys -I ../stat -I ../fon  -c -o GuiForm.o GuiForm.cpp
clang -std=gnu99 -municode -D_FILE_OFFSET_BITS=64 -march=x86-64-v3 -O3   -c -o gsl_specfunc__bessel_Yn.o gsl_specfunc__bessel_Yn.c
clang -std=gnu99 -municode -D_FILE_OFFSET_BITS=64 -march=x86-64-v3 -O3   -c -o gsl_specfunc__bessel_Ynu.o gsl_specfunc__bessel_Ynu.c
clang -std=gnu++17 -municode -D_FILE_OFFSET_BITS=64 -march=x86-64-v3 -O3 -Wshadow -I ../kar -I ../melder -I ../sys -I ../dwsys -I ../stat -I ../fon  -c -o GuiOptionMenu.o GuiOptionMenu.cpp
clang -std=gnu99 -municode -D_FILE_OFFSET_BITS=64 -march=x86-64-v3 -O3   -c -o gsl_specfunc__bessel_amp_phase.o gsl_specfunc__bessel_amp_phase.c
clang -std=gnu99 -municode -D_FILE_OFFSET_BITS=64 -march=x86-64-v3 -O3   -c -o gsl_specfunc__bessel_i.o gsl_specfunc__bessel_i.c
clang -std=gnu++17 -municode -D_FILE_OFFSET_BITS=64 -march=x86-64-v3 -O3 -Wshadow -I ../kar -I ../melder -I ../sys -I ../dwsys -I ../stat -I ../fon  -c -o GuiProgressBar.o GuiProgressBar.cpp
clang -std=gnu99 -municode -D_FILE_OFFSET_BITS=64 -march=x86-64-v3 -O3   -c -o gsl_specfunc__bessel_j.o gsl_specfunc__bessel_j.c
clang -std=gnu++17 -municode -D_FILE_OFFSET_BITS=64 -march=x86-64-v3 -O3 -Wshadow -I ../kar -I ../melder -I ../sys -I ../dwsys -I ../stat -I ../fon  -c -o GuiShell.o GuiShell.cpp
clang -std=gnu++17 -municode -D_FILE_OFFSET_BITS=64 -march=x86-64-v3 -O3 -Wshadow -I ../kar -I ../melder -I ../sys -I ../dwsys -I ../stat -I ../fon  -c -o GuiThing.o GuiThing.cpp
clang -std=gnu99 -municode -D_FILE_OFFSET_BITS=64 -march=x86-64-v3 -O3   -c -o gsl_specfunc__bessel_k.o gsl_specfunc__bessel_k.c
clang -std=gnu99 -municode -D_FILE_OFFSET_BITS=64 -march=x86-64-v3 -O3   -c -o gsl_specfunc__bessel_olver.o gsl_specfunc__bessel_olver.c
clang -std=gnu99 -municode -D_FILE_OFFSET_BITS=64 -march=x86-64-v3 -O3   -c -o gsl_specfunc__bessel_sequence.o gsl_specfunc__bessel_sequence.c
clang -std=gnu99 -municode -D_FILE_OFFSET_BITS=64 -march=x86-64-v3 -O3   -c -o gsl_specfunc__bessel_temme.o gsl_specfunc__bessel_temme.c
clang -std=gnu99 -municode -D_FILE_OFFSET_BITS=64 -march=x86-64-v3 -O3   -c -o gsl_specfunc__bessel_y.o gsl_specfunc__bessel_y.c
clang -std=gnu99 -municode -D_FILE_OFFSET_BITS=64 -march=x86-64-v3 -O3   -c -o gsl_specfunc__bessel_zero.o gsl_specfunc__bessel_zero.c
clang -std=gnu++17 -municode -D_FILE_OFFSET_BITS=64 -march=x86-64-v3 -O3 -Wshadow -I ../kar -I ../melder -I ../sys -I ../dwsys -I ../stat -I ../fon  -c -o Gui_messages.o Gui_messages.cpp
clang -std=gnu99 -municode -D_FILE_OFFSET_BITS=64 -march=x86-64-v3 -O3   -c -o gsl_specfunc__beta.o gsl_specfunc__beta.c
clang -std=gnu++17 -municode -D_FILE_OFFSET_BITS=64 -march=x86-64-v3 -O3 -Wshadow -I ../kar -I ../melder -I ../sys -I ../dwsys -I ../stat -I ../fon  -c -o praat_translate.o praat_translate.cpp
clang -std=gnu++17 -municode -D_FILE_OFFSET_BITS=64 -march=x86-64-v3 -O3 -Wshadow -I ../kar -I ../melder -I ../sys -I ../dwsys -I ../stat -I ../fon  -c -o praat_python.o praat_python.cpp
clang -std=gnu99 -municode -D_FILE_OFFSET_BITS=64 -march=x86-64-v3 -O3   -c -o gsl_specfunc__beta_inc.o gsl_specfunc__beta_inc.c
clang -std=gnu99 -municode -D_FILE_OFFSET_BITS=64 -march=x86-64-v3 -O3   -c -o gsl_specfunc__clausen.o gsl_specfunc__clausen.c
clang -std=gnu++17 -municode -D_FILE_OFFSET_BITS=64 -march=x86-64-v3 -O3 -Wshadow -I ../kar -I ../melder -I ../sys -I ../dwsys -I ../stat -I ../fon  -c -o PraatAiControl.o PraatAiControl.cpp
clang -std=gnu99 -municode -D_FILE_OFFSET_BITS=64 -march=x86-64-v3 -O3   -c -o gsl_specfunc__coulomb.o gsl_specfunc__coulomb.c
clang -std=gnu99 -municode -D_FILE_OFFSET_BITS=64 -march=x86-64-v3 -O3   -c -o gsl_specfunc__coulomb_bound.o gsl_specfunc__coulomb_bound.c
clang -std=gnu99 -municode -D_FILE_OFFSET_BITS=64 -march=x86-64-v3 -O3   -c -o gsl_specfunc__coupling.o gsl_specfunc__coupling.c
clang -std=gnu++17 -municode -D_FILE_OFFSET_BITS=64 -march=x86-64-v3 -O3 -Wshadow -I ../kar -I ../melder -I ../sys -I ../dwsys -I ../stat -I ../fon  -c -o PythonScriptEditor.o PythonScriptEditor.cpp
clang -std=gnu99 -municode -D_FILE_OFFSET_BITS=64 -march=x86-64-v3 -O3   -c -o gsl_specfunc__dawson.o gsl_specfunc__dawson.c
clang -std=gnu99 -municode -D_FILE_OFFSET_BITS=64 -march=x86-64-v3 -O3   -c -o gsl_specfunc__debye.o gsl_specfunc__debye.c
clang -std=gnu99 -municode -D_FILE_OFFSET_BITS=64 -march=x86-64-v3 -O3   -c -o gsl_specfunc__dilog.o gsl_specfunc__dilog.c
clang -std=gnu++17 -municode -D_FILE_OFFSET_BITS=64 -march=x86-64-v3 -O3 -Wshadow -I ../kar -I ../melder -I ../sys -I ../dwsys -I ../stat -I ../fon  -c -o PreferencesDialog.o PreferencesDialog.cpp
clang -std=gnu99 -municode -D_FILE_OFFSET_BITS=64 -march=x86-64-v3 -O3   -c -o gsl_specfunc__elementary.o gsl_specfunc__elementary.c
clang -std=gnu99 -municode -D_FILE_OFFSET_BITS=64 -march=x86-64-v3 -O3   -c -o gsl_specfunc__ellint.o gsl_specfunc__ellint.c
clang -std=gnu99 -municode -D_FILE_OFFSET_BITS=64 -march=x86-64-v3 -O3   -c -o gsl_specfunc__elljac.o gsl_specfunc__elljac.c
clang -std=gnu99 -municode -D_FILE_OFFSET_BITS=64 -march=x86-64-v3 -O3   -c -o gsl_specfunc__erfc.o gsl_specfunc__erfc.c
clang -std=gnu99 -municode -D_FILE_OFFSET_BITS=64 -march=x86-64-v3 -O3   -c -o gsl_specfunc__exp.o gsl_specfunc__exp.c
clang -std=gnu99 -municode -D_FILE_OFFSET_BITS=64 -march=x86-64-v3 -O3   -c -o gsl_specfunc__expint.o gsl_specfunc__expint.c
clang -std=gnu99 -municode -D_FILE_OFFSET_BITS=64 -march=x86-64-v3 -O3   -c -o gsl_specfunc__expint3.o gsl_specfunc__expint3.c
clang -std=gnu99 -municode -D_FILE_OFFSET_BITS=64 -march=x86-64-v3 -O3   -c -o gsl_specfunc__fermi_dirac.o gsl_specfunc__fermi_dirac.c
clang -std=gnu99 -municode -D_FILE_OFFSET_BITS=64 -march=x86-64-v3 -O3   -c -o gsl_specfunc__gamma.o gsl_specfunc__gamma.c
clang -std=gnu99 -municode -D_FILE_OFFSET_BITS=64 -march=x86-64-v3 -O3   -c -o gsl_specfunc__gamma_inc.o gsl_specfunc__gamma_inc.c
clang -std=gnu99 -municode -D_FILE_OFFSET_BITS=64 -march=x86-64-v3 -O3   -c -o gsl_specfunc__gegenbauer.o gsl_specfunc__gegenbauer.c
clang -std=gnu99 -municode -D_FILE_OFFSET_BITS=64 -march=x86-64-v3 -O3   -c -o gsl_specfunc__hyperg.o gsl_specfunc__hyperg.c
gsl_specfunc__gamma.c:1614:54: warning: taking the absolute value of unsigned type 'unsigned int' has no effect [-Wabsolute-value]
 1614 |         result->err = 2.0 * GSL_DBL_EPSILON * prod * fabs(n-m);
      |                                                      ^
gsl_specfunc__gamma.c:1614:54: note: remove the call to 'fabs' since unsigned values cannot be negative
 1614 |         result->err = 2.0 * GSL_DBL_EPSILON * prod * fabs(n-m);
      |                                                      ^~~~
clang -std=gnu99 -municode -D_FILE_OFFSET_BITS=64 -march=x86-64-v3 -O3   -c -o gsl_specfunc__hyperg_0F1.o gsl_specfunc__hyperg_0F1.c
clang -std=gnu99 -municode -D_FILE_OFFSET_BITS=64 -march=x86-64-v3 -O3   -c -o gsl_specfunc__hyperg_1F1.o gsl_specfunc__hyperg_1F1.c
1 warning generated.
clang -std=gnu99 -municode -D_FILE_OFFSET_BITS=64 -march=x86-64-v3 -O3   -c -o gsl_specfunc__hyperg_2F0.o gsl_specfunc__hyperg_2F0.c
clang -std=gnu99 -municode -D_FILE_OFFSET_BITS=64 -march=x86-64-v3 -O3   -c -o gsl_specfunc__hyperg_2F1.o gsl_specfunc__hyperg_2F1.c
clang -std=gnu99 -municode -D_FILE_OFFSET_BITS=64 -march=x86-64-v3 -O3   -c -o gsl_specfunc__hyperg_U.o gsl_specfunc__hyperg_U.c
clang -std=gnu99 -municode -D_FILE_OFFSET_BITS=64 -march=x86-64-v3 -O3   -c -o gsl_specfunc__laguerre.o gsl_specfunc__laguerre.c
gsl_specfunc__hyperg_1F1.c:1003:44: warning: using floating point absolute value function 'fabs' when argument is of integer type [-Wabsolute-value]
 1003 |     result->err = 2.0 * GSL_DBL_EPSILON * (fabs(a) + 1.0) * fabs(Ma/Mn);
      |                                            ^
gsl_specfunc__hyperg_1F1.c:1003:44: note: use function 'abs' instead
 1003 |     result->err = 2.0 * GSL_DBL_EPSILON * (fabs(a) + 1.0) * fabs(Ma/Mn);
      |                                            ^~~~
      |                                            abs
gsl_specfunc__hyperg_1F1.c:1034:45: warning: using floating point absolute value function 'fabs' when argument is of integer type [-Wabsolute-value]
 1034 |     result->err += 4.0 * GSL_DBL_EPSILON * (fabs(b-a)+1.0) * fabs(result->val);
      |                                             ^
gsl_specfunc__hyperg_1F1.c:1034:45: note: use function 'abs' instead
 1034 |     result->err += 4.0 * GSL_DBL_EPSILON * (fabs(b-a)+1.0) * fabs(result->val);
      |                                             ^~~~
      |                                             abs
gsl_specfunc__hyperg_1F1.c:1057:24: warning: using floating point absolute value function 'fabs' when argument is of integer type [-Wabsolute-value]
 1057 |         result->err *= fabs(a-b)+1.0;
      |                        ^
gsl_specfunc__hyperg_1F1.c:1057:24: note: use function 'abs' instead
 1057 |         result->err *= fabs(a-b)+1.0;
      |                        ^~~~
      |                        abs
gsl_specfunc__hyperg_1F1.c:1086:40: warning: using floating point absolute value function 'fabs' when argument is of integer type [-Wabsolute-value]
 1086 |       result->err  = fabs(Mn) * (1.0 + fabs(a)) * fabs(r_Mn.err / r_Mn.val);
      |                                        ^
gsl_specfunc__hyperg_1F1.c:1086:40: note: use function 'abs' instead
 1086 |       result->err  = fabs(Mn) * (1.0 + fabs(a)) * fabs(r_Mn.err / r_Mn.val);
      |                                        ^~~~
      |                                        abs
gsl_specfunc__hyperg_1F1.c:1113:22: warning: using floating point absolute value function 'fabs' when argument is of integer type [-Wabsolute-value]
 1113 |       result->err *= fabs(b-a)+1.0;
      |                      ^
gsl_specfunc__hyperg_1F1.c:1113:22: note: use function 'abs' instead
 1113 |       result->err *= fabs(b-a)+1.0;
      |                      ^~~~
      |                      abs
gsl_specfunc__hyperg_1F1.c:1169:22: warning: using floating point absolute value function 'fabs' when argument is of integer type [-Wabsolute-value]
 1169 |       result->err *= fabs(b-a)+1.0;
      |                      ^
gsl_specfunc__hyperg_1F1.c:1169:22: note: use function 'abs' instead
 1169 |       result->err *= fabs(b-a)+1.0;
      |                      ^~~~
      |                      abs
gsl_specfunc__hyperg_1F1.c:1813:41: warning: using floating point absolute value function 'fabs' when argument is of integer type [-Wabsolute-value]
 1813 |   else if(x > 100.0  && GSL_MAX_DBL(1.0,fabs(b-a))*GSL_MAX_DBL(1.0,fabs(1-a)) < 0.5 * x) {
      |                                         ^
gsl_specfunc__hyperg_1F1.c:1813:41: note: use function 'abs' instead
 1813 |   else if(x > 100.0  && GSL_MAX_DBL(1.0,fabs(b-a))*GSL_MAX_DBL(1.0,fabs(1-a)) < 0.5 * x) {
      |                                         ^~~~
      |                                         abs
./gsl_math.h:177:38: note: expanded from macro 'GSL_MAX_DBL'
  177 | #define GSL_MAX_DBL(a,b)   GSL_MAX(a,b)
      |                                      ^
./gsl_math.h:122:30: note: expanded from macro 'GSL_MAX'
  122 | #define GSL_MAX(a,b) ((a) > (b) ? (a) : (b))
      |                              ^
gsl_specfunc__hyperg_1F1.c:1813:41: warning: using floating point absolute value function 'fabs' when argument is of integer type [-Wabsolute-value]
 1813 |   else if(x > 100.0  && GSL_MAX_DBL(1.0,fabs(b-a))*GSL_MAX_DBL(1.0,fabs(1-a)) < 0.5 * x) {
      |                                         ^
gsl_specfunc__hyperg_1F1.c:1813:41: note: use function 'abs' instead
 1813 |   else if(x > 100.0  && GSL_MAX_DBL(1.0,fabs(b-a))*GSL_MAX_DBL(1.0,fabs(1-a)) < 0.5 * x) {
      |                                         ^~~~
      |                                         abs
./gsl_math.h:177:38: note: expanded from macro 'GSL_MAX_DBL'
  177 | #define GSL_MAX_DBL(a,b)   GSL_MAX(a,b)
      |                                      ^
./gsl_math.h:122:42: note: expanded from macro 'GSL_MAX'
  122 | #define GSL_MAX(a,b) ((a) > (b) ? (a) : (b))
      |                                          ^
gsl_specfunc__hyperg_1F1.c:1813:68: warning: using floating point absolute value function 'fabs' when argument is of integer type [-Wabsolute-value]
 1813 |   else if(x > 100.0  && GSL_MAX_DBL(1.0,fabs(b-a))*GSL_MAX_DBL(1.0,fabs(1-a)) < 0.5 * x) {
      |                                                                    ^
gsl_specfunc__hyperg_1F1.c:1813:68: note: use function 'abs' instead
 1813 |   else if(x > 100.0  && GSL_MAX_DBL(1.0,fabs(b-a))*GSL_MAX_DBL(1.0,fabs(1-a)) < 0.5 * x) {
      |                                                                    ^~~~
      |                                                                    abs
./gsl_math.h:177:38: note: expanded from macro 'GSL_MAX_DBL'
  177 | #define GSL_MAX_DBL(a,b)   GSL_MAX(a,b)
      |                                      ^
./gsl_math.h:122:30: note: expanded from macro 'GSL_MAX'
  122 | #define GSL_MAX(a,b) ((a) > (b) ? (a) : (b))
      |                              ^
gsl_specfunc__hyperg_1F1.c:1813:68: warning: using floating point absolute value function 'fabs' when argument is of integer type [-Wabsolute-value]
 1813 |   else if(x > 100.0  && GSL_MAX_DBL(1.0,fabs(b-a))*GSL_MAX_DBL(1.0,fabs(1-a)) < 0.5 * x) {
      |                                                                    ^
gsl_specfunc__hyperg_1F1.c:1813:68: note: use function 'abs' instead
 1813 |   else if(x > 100.0  && GSL_MAX_DBL(1.0,fabs(b-a))*GSL_MAX_DBL(1.0,fabs(1-a)) < 0.5 * x) {
      |                                                                    ^~~~
      |                                                                    abs
./gsl_math.h:177:38: note: expanded from macro 'GSL_MAX_DBL'
  177 | #define GSL_MAX_DBL(a,b)   GSL_MAX(a,b)
      |                                      ^
./gsl_math.h:122:42: note: expanded from macro 'GSL_MAX'
  122 | #define GSL_MAX(a,b) ((a) > (b) ? (a) : (b))
      |                                          ^
gsl_specfunc__hyperg_1F1.c:1817:41: warning: using floating point absolute value function 'fabs' when argument is of integer type [-Wabsolute-value]
 1817 |   else if(x < -100.0 && GSL_MAX_DBL(1.0,fabs(a))*GSL_MAX_DBL(1.0,fabs(1+a-b)) < 0.5 * fabs(x)) {
      |                                         ^
gsl_specfunc__hyperg_1F1.c:1817:41: note: use function 'abs' instead
 1817 |   else if(x < -100.0 && GSL_MAX_DBL(1.0,fabs(a))*GSL_MAX_DBL(1.0,fabs(1+a-b)) < 0.5 * fabs(x)) {
      |                                         ^~~~
      |                                         abs
./gsl_math.h:177:38: note: expanded from macro 'GSL_MAX_DBL'
  177 | #define GSL_MAX_DBL(a,b)   GSL_MAX(a,b)
      |                                      ^
./gsl_math.h:122:30: note: expanded from macro 'GSL_MAX'
  122 | #define GSL_MAX(a,b) ((a) > (b) ? (a) : (b))
      |                              ^
gsl_specfunc__hyperg_1F1.c:1817:41: warning: using floating point absolute value function 'fabs' when argument is of integer type [-Wabsolute-value]
 1817 |   else if(x < -100.0 && GSL_MAX_DBL(1.0,fabs(a))*GSL_MAX_DBL(1.0,fabs(1+a-b)) < 0.5 * fabs(x)) {
      |                                         ^
gsl_specfunc__hyperg_1F1.c:1817:41: note: use function 'abs' instead
 1817 |   else if(x < -100.0 && GSL_MAX_DBL(1.0,fabs(a))*GSL_MAX_DBL(1.0,fabs(1+a-b)) < 0.5 * fabs(x)) {
      |                                         ^~~~
      |                                         abs
./gsl_math.h:177:38: note: expanded from macro 'GSL_MAX_DBL'
  177 | #define GSL_MAX_DBL(a,b)   GSL_MAX(a,b)
      |                                      ^
./gsl_math.h:122:42: note: expanded from macro 'GSL_MAX'
  122 | #define GSL_MAX(a,b) ((a) > (b) ? (a) : (b))
      |                                          ^
gsl_specfunc__hyperg_1F1.c:1817:66: warning: using floating point absolute value function 'fabs' when argument is of integer type [-Wabsolute-value]
 1817 |   else if(x < -100.0 && GSL_MAX_DBL(1.0,fabs(a))*GSL_MAX_DBL(1.0,fabs(1+a-b)) < 0.5 * fabs(x)) {
      |                                                                  ^
gsl_specfunc__hyperg_1F1.c:1817:66: note: use function 'abs' instead
 1817 |   else if(x < -100.0 && GSL_MAX_DBL(1.0,fabs(a))*GSL_MAX_DBL(1.0,fabs(1+a-b)) < 0.5 * fabs(x)) {
      |                                                                  ^~~~
      |                                                                  abs
./gsl_math.h:177:38: note: expanded from macro 'GSL_MAX_DBL'
  177 | #define GSL_MAX_DBL(a,b)   GSL_MAX(a,b)
      |                                      ^
./gsl_math.h:122:30: note: expanded from macro 'GSL_MAX'
  122 | #define GSL_MAX(a,b) ((a) > (b) ? (a) : (b))
      |                              ^
gsl_specfunc__hyperg_1F1.c:1817:66: warning: using floating point absolute value function 'fabs' when argument is of integer type [-Wabsolute-value]
 1817 |   else if(x < -100.0 && GSL_MAX_DBL(1.0,fabs(a))*GSL_MAX_DBL(1.0,fabs(1+a-b)) < 0.5 * fabs(x)) {
      |                                                                  ^
gsl_specfunc__hyperg_1F1.c:1817:66: note: use function 'abs' instead
 1817 |   else if(x < -100.0 && GSL_MAX_DBL(1.0,fabs(a))*GSL_MAX_DBL(1.0,fabs(1+a-b)) < 0.5 * fabs(x)) {
      |                                                                  ^~~~
      |                                                                  abs
./gsl_math.h:177:38: note: expanded from macro 'GSL_MAX_DBL'
  177 | #define GSL_MAX_DBL(a,b)   GSL_MAX(a,b)
      |                                      ^
./gsl_math.h:122:42: note: expanded from macro 'GSL_MAX'
  122 | #define GSL_MAX(a,b) ((a) > (b) ? (a) : (b))
      |                                          ^
clang -std=gnu99 -municode -D_FILE_OFFSET_BITS=64 -march=x86-64-v3 -O3   -c -o gsl_specfunc__lambert.o gsl_specfunc__lambert.c
gsl_specfunc__hyperg_U.c:285:38: warning: using floating point absolute value function 'fabs' when argument is of integer type [-Wabsolute-value]
  285 |     result->err += fabs(poch.val) * (fabs(N) + 2.0) * GSL_DBL_EPSILON * fabs(sum_val);
      |                                      ^
gsl_specfunc__hyperg_U.c:285:38: note: use function 'abs' instead
  285 |     result->err += fabs(poch.val) * (fabs(N) + 2.0) * GSL_DBL_EPSILON * fabs(sum_val);
      |                                      ^~~~
      |                                      abs
gsl_specfunc__hyperg_U.c:698:45: warning: using floating point absolute value function 'fabs' when argument is of integer type [-Wabsolute-value]
  698 |     result->err  = 2.0 * GSL_DBL_EPSILON * (fabs(b) + fabs(x));
      |                                             ^
gsl_specfunc__hyperg_U.c:698:45: note: use function 'abs' instead
  698 |     result->err  = 2.0 * GSL_DBL_EPSILON * (fabs(b) + fabs(x));
      |                                             ^~~~
      |                                             abs
gsl_specfunc__hyperg_U.c:708:11: warning: using floating point absolute value function 'fabs' when argument is of integer type [-Wabsolute-value]
  708 |   else if(ASYMP_EVAL_OK(a,b,x)) {
      |           ^
gsl_specfunc__hyperg_U.c:39:43: note: expanded from macro 'ASYMP_EVAL_OK'
   39 | #define ASYMP_EVAL_OK(a,b,x) (GSL_MAX_DBL(fabs(a),1.0)*GSL_MAX_DBL(fabs(1.0+a-b),1.0) < 0.99*fabs(x))
      |                                           ^
gsl_specfunc__hyperg_U.c:708:11: note: use function 'abs' instead
gsl_specfunc__hyperg_U.c:39:43: note: expanded from macro 'ASYMP_EVAL_OK'
   39 | #define ASYMP_EVAL_OK(a,b,x) (GSL_MAX_DBL(fabs(a),1.0)*GSL_MAX_DBL(fabs(1.0+a-b),1.0) < 0.99*fabs(x))
      |                                           ^
gsl_specfunc__hyperg_U.c:708:11: warning: using floating point absolute value function 'fabs' when argument is of integer type [-Wabsolute-value]
  708 |   else if(ASYMP_EVAL_OK(a,b,x)) {
      |           ^
gsl_specfunc__hyperg_U.c:39:43: note: expanded from macro 'ASYMP_EVAL_OK'
   39 | #define ASYMP_EVAL_OK(a,b,x) (GSL_MAX_DBL(fabs(a),1.0)*GSL_MAX_DBL(fabs(1.0+a-b),1.0) < 0.99*fabs(x))
      |                                           ^
gsl_specfunc__hyperg_U.c:708:11: note: use function 'abs' instead
gsl_specfunc__hyperg_U.c:39:43: note: expanded from macro 'ASYMP_EVAL_OK'
   39 | #define ASYMP_EVAL_OK(a,b,x) (GSL_MAX_DBL(fabs(a),1.0)*GSL_MAX_DBL(fabs(1.0+a-b),1.0) < 0.99*fabs(x))
      |                                           ^
gsl_specfunc__hyperg_U.c:718:11: warning: using floating point absolute value function 'fabs' when argument is of integer type [-Wabsolute-value]
  718 |   else if(SERIES_EVAL_OK(a,b,x)) {
      |           ^
gsl_specfunc__hyperg_U.c:37:33: note: expanded from macro 'SERIES_EVAL_OK'
   37 | #define SERIES_EVAL_OK(a,b,x) ((fabs(a) < 5 && b < 5 && x < 2.0) || (fabs(a) <  10 && b < 10 && x < 1.0))
      |                                 ^
gsl_specfunc__hyperg_U.c:718:11: note: use function 'abs' instead
gsl_specfunc__hyperg_U.c:37:33: note: expanded from macro 'SERIES_EVAL_OK'
   37 | #define SERIES_EVAL_OK(a,b,x) ((fabs(a) < 5 && b < 5 && x < 2.0) || (fabs(a) <  10 && b < 10 && x < 1.0))
      |                                 ^
gsl_specfunc__hyperg_U.c:718:11: warning: using floating point absolute value function 'fabs' when argument is of integer type [-Wabsolute-value]
  718 |   else if(SERIES_EVAL_OK(a,b,x)) {
      |           ^
gsl_specfunc__hyperg_U.c:37:70: note: expanded from macro 'SERIES_EVAL_OK'
   37 | #define SERIES_EVAL_OK(a,b,x) ((fabs(a) < 5 && b < 5 && x < 2.0) || (fabs(a) <  10 && b < 10 && x < 1.0))
      |                                                                      ^
gsl_specfunc__hyperg_U.c:718:11: note: use function 'abs' instead
gsl_specfunc__hyperg_U.c:37:70: note: expanded from macro 'SERIES_EVAL_OK'
   37 | #define SERIES_EVAL_OK(a,b,x) ((fabs(a) < 5 && b < 5 && x < 2.0) || (fabs(a) <  10 && b < 10 && x < 1.0))
      |                                                                      ^
gsl_specfunc__hyperg_U.c:750:38: warning: using floating point absolute value function 'fabs' when argument is of integer type [-Wabsolute-value]
  750 |     y.err = 4.0 * GSL_DBL_EPSILON * (fabs(a)+1.0) * fabs(Ua);
      |                                      ^
gsl_specfunc__hyperg_U.c:750:38: note: use function 'abs' instead
  750 |     y.err = 4.0 * GSL_DBL_EPSILON * (fabs(a)+1.0) * fabs(Ua);
      |                                      ^~~~
      |                                      abs
gsl_specfunc__hyperg_U.c:784:39: warning: using floating point absolute value function 'fabs' when argument is of integer type [-Wabsolute-value]
  784 |     y.err += 2.0 * GSL_DBL_EPSILON * (fabs(a) + 1.0) * fabs(Ua);
      |                                       ^
gsl_specfunc__hyperg_U.c:784:39: note: use function 'abs' instead
  784 |     y.err += 2.0 * GSL_DBL_EPSILON * (fabs(a) + 1.0) * fabs(Ua);
      |                                       ^~~~
      |                                       abs
gsl_specfunc__hyperg_U.c:835:35: warning: using floating point absolute value function 'fabs' when argument is of integer type [-Wabsolute-value]
  835 |         double oUa_err   = 2.0 * (fabs(a_target-a) + CF1_count + 1.0) * GSL_DBL_EPSILON * fabs(1.0/Ua);
      |                                   ^
gsl_specfunc__hyperg_U.c:835:35: note: use function 'abs' instead
  835 |         double oUa_err   = 2.0 * (fabs(a_target-a) + CF1_count + 1.0) * GSL_DBL_EPSILON * fabs(1.0/Ua);
      |                                   ^~~~
      |                                   abs
gsl_specfunc__hyperg_U.c:879:48: warning: using floating point absolute value function 'fabs' when argument is of integer type [-Wabsolute-value]
  879 |         Ua1_bck_err = 2.0 * GSL_DBL_EPSILON * (fabs(a1-a)+CF1_count+1.0) * fabs(Ua);
      |                                                ^
gsl_specfunc__hyperg_U.c:879:48: note: use function 'abs' instead
  879 |         Ua1_bck_err = 2.0 * GSL_DBL_EPSILON * (fabs(a1-a)+CF1_count+1.0) * fabs(Ua);
      |                                                ^~~~
      |                                                abs
gsl_specfunc__hyperg_U.c:945:49: warning: using floating point absolute value function 'fabs' when argument is of integer type [-Wabsolute-value]
  945 |         Ua1_for_err += 2.0 * GSL_DBL_EPSILON * (fabs(a1-a0)+1.0) * fabs(Ua1_for_val);
      |                                                 ^
gsl_specfunc__hyperg_U.c:945:49: note: use function 'abs' instead
  945 |         Ua1_for_err += 2.0 * GSL_DBL_EPSILON * (fabs(a1-a0)+1.0) * fabs(Ua1_for_val);
      |                                                 ^~~~
      |                                                 abs
gsl_specfunc__hyperg_U.c:1276:57: warning: using floating point absolute value function 'fabs' when argument is of integer type [-Wabsolute-value]
 1276 |       lnm.err = 2.0 * GSL_DBL_EPSILON * (fabs(lm_for) + fabs(scale_count_for - scale_count_bck)*fabs(lnscale));
      |                                                         ^
gsl_specfunc__hyperg_U.c:1276:57: note: use function 'abs' instead
 1276 |       lnm.err = 2.0 * GSL_DBL_EPSILON * (fabs(lm_for) + fabs(scale_count_for - scale_count_bck)*fabs(lnscale));
      |                                                         ^~~~
      |                                                         abs
gsl_specfunc__hyperg_U.c:1313:52: warning: using floating point absolute value function 'fabs' when argument is of integer type [-Wabsolute-value]
 1313 |       double ln_pre_err = 2.0 * GSL_DBL_EPSILON * (fabs(b)+1.0) * fabs(ln_x);
      |                                                    ^
gsl_specfunc__hyperg_U.c:1313:52: note: use function 'abs' instead
 1313 |       double ln_pre_err = 2.0 * GSL_DBL_EPSILON * (fabs(b)+1.0) * fabs(ln_x);
      |                                                    ^~~~
      |                                                    abs
clang -std=gnu99 -municode -D_FILE_OFFSET_BITS=64 -march=x86-64-v3 -O3   -c -o gsl_specfunc__legendre_H3d.o gsl_specfunc__legendre_H3d.c
Gui_messages.cpp:152:9: warning: declaration shadows a local variable [-Wshadow]
  152 |                                 MSG message;
      |                                     ^
Gui_messages.cpp:47:63: note: previous declaration is here
   47 | static bool waitWhileProgress (double progress, conststring32 message, GuiDialog dia,
      |                                                               ^
clang -std=gnu99 -municode -D_FILE_OFFSET_BITS=64 -march=x86-64-v3 -O3   -c -o gsl_specfunc__legendre_Qn.o gsl_specfunc__legendre_Qn.c
clang -std=gnu99 -municode -D_FILE_OFFSET_BITS=64 -march=x86-64-v3 -O3   -c -o gsl_specfunc__legendre_con.o gsl_specfunc__legendre_con.c
14 warnings generated.
13 warnings generated.
clang -std=gnu99 -municode -D_FILE_OFFSET_BITS=64 -march=x86-64-v3 -O3   -c -o gsl_specfunc__legendre_poly.o gsl_specfunc__legendre_poly.c
clang -std=gnu99 -municode -D_FILE_OFFSET_BITS=64 -march=x86-64-v3 -O3   -c -o gsl_specfunc__log.o gsl_specfunc__log.c
clang -std=gnu99 -municode -D_FILE_OFFSET_BITS=64 -march=x86-64-v3 -O3   -c -o gsl_specfunc__mathieu_angfunc.o gsl_specfunc__mathieu_angfunc.c
1 warning generated.
gsl_specfunc__legendre_poly.c:544:67: warning: using floating point absolute value function 'fabs' when argument is of integer type [-Wabsolute-value]
  544 |     lnpre_err = 0.25*M_LNPI*GSL_DBL_EPSILON + 0.5 * (lnpoch.err + fabs(m)*lncirc.err);
      |                                                                   ^
gsl_specfunc__legendre_poly.c:544:67: note: use function 'abs' instead
  544 |     lnpre_err = 0.25*M_LNPI*GSL_DBL_EPSILON + 0.5 * (lnpoch.err + fabs(m)*lncirc.err);
      |                                                                   ^~~~
      |                                                                   abs
gsl_specfunc__legendre_poly.c:582:93: warning: using floating point absolute value function 'fabs' when argument is of integer type [-Wabsolute-value]
  582 |         y_ell_err = 0.5*(fabs(x*factor1)*y_mmp1_err + fabs((ell+m-1.0)*factor2)*y_mm_err) / fabs(ell-m);
      |                                                                                             ^
gsl_specfunc__legendre_poly.c:582:93: note: use function 'abs' instead
  582 |         y_ell_err = 0.5*(fabs(x*factor1)*y_mmp1_err + fabs((ell+m-1.0)*factor2)*y_mm_err) / fabs(ell-m);
      |                                                                                             ^~~~
      |                                                                                             abs
clang -std=gnu99 -municode -D_FILE_OFFSET_BITS=64 -march=x86-64-v3 -O3   -c -o gsl_specfunc__mathieu_charv.o gsl_specfunc__mathieu_charv.c
clang -std=gnu99 -municode -D_FILE_OFFSET_BITS=64 -march=x86-64-v3 -O3   -c -o gsl_specfunc__mathieu_coeff.o gsl_specfunc__mathieu_coeff.c
clang -std=gnu99 -municode -D_FILE_OFFSET_BITS=64 -march=x86-64-v3 -O3   -c -o gsl_specfunc__mathieu_radfunc.o gsl_specfunc__mathieu_radfunc.c
clang -std=gnu99 -municode -D_FILE_OFFSET_BITS=64 -march=x86-64-v3 -O3   -c -o gsl_specfunc__mathieu_workspace.o gsl_specfunc__mathieu_workspace.c
2 warnings generated.
clang -std=gnu99 -municode -D_FILE_OFFSET_BITS=64 -march=x86-64-v3 -O3   -c -o gsl_specfunc__poch.o gsl_specfunc__poch.c
clang -std=gnu99 -municode -D_FILE_OFFSET_BITS=64 -march=x86-64-v3 -O3   -c -o gsl_specfunc__pow_int.o gsl_specfunc__pow_int.c
gsl_specfunc__poch.c:163:46: warning: using floating point absolute value function 'fabs' when argument is of integer type [-Wabsolute-value]
  163 |       result->err = 2.0 * GSL_DBL_EPSILON * (fabs(incr) + 1.0) * fabs(result->val);
      |                                              ^
gsl_specfunc__poch.c:163:46: note: use function 'abs' instead
  163 |       result->err = 2.0 * GSL_DBL_EPSILON * (fabs(incr) + 1.0) * fabs(result->val);
      |                                              ^~~~
      |                                              abs
gsl_specfunc__poch.c:178:47: warning: using floating point absolute value function 'fabs' when argument is of integer type [-Wabsolute-value]
  178 |       result->err += 2.0 * GSL_DBL_EPSILON * (fabs(incr) + 1.0) * fabs(result->val);
      |                                               ^
gsl_specfunc__poch.c:178:47: note: use function 'abs' instead
  178 |       result->err += 2.0 * GSL_DBL_EPSILON * (fabs(incr) + 1.0) * fabs(result->val);
      |                                               ^~~~
      |                                               abs
clang -std=gnu99 -municode -D_FILE_OFFSET_BITS=64 -march=x86-64-v3 -O3   -c -o gsl_specfunc__psi.o gsl_specfunc__psi.c
2 warnings generated.
clang -std=gnu99 -municode -D_FILE_OFFSET_BITS=64 -march=x86-64-v3 -O3   -c -o gsl_specfunc__result.o gsl_specfunc__result.c
clang -std=gnu99 -municode -D_FILE_OFFSET_BITS=64 -march=x86-64-v3 -O3   -c -o gsl_specfunc__shint.o gsl_specfunc__shint.c
clang -std=gnu99 -municode -D_FILE_OFFSET_BITS=64 -march=x86-64-v3 -O3   -c -o gsl_specfunc__sinint.o gsl_specfunc__sinint.c
clang -std=gnu99 -municode -D_FILE_OFFSET_BITS=64 -march=x86-64-v3 -O3   -c -o gsl_specfunc__synchrotron.o gsl_specfunc__synchrotron.c
clang -std=gnu99 -municode -D_FILE_OFFSET_BITS=64 -march=x86-64-v3 -O3   -c -o gsl_specfunc__transport.o gsl_specfunc__transport.c
clang -std=gnu99 -municode -D_FILE_OFFSET_BITS=64 -march=x86-64-v3 -O3   -c -o gsl_specfunc__trig.o gsl_specfunc__trig.c
clang -std=gnu99 -municode -D_FILE_OFFSET_BITS=64 -march=x86-64-v3 -O3   -c -o gsl_specfunc__zeta.o gsl_specfunc__zeta.c
clang -std=gnu99 -municode -D_FILE_OFFSET_BITS=64 -march=x86-64-v3 -O3   -c -o gsl_statistics__absdev.o gsl_statistics__absdev.c
clang -std=gnu99 -municode -D_FILE_OFFSET_BITS=64 -march=x86-64-v3 -O3   -c -o gsl_statistics__covariance.o gsl_statistics__covariance.c
clang -std=gnu99 -municode -D_FILE_OFFSET_BITS=64 -march=x86-64-v3 -O3   -c -o gsl_statistics__kurtosis.o gsl_statistics__kurtosis.c
In file included from gsl_statistics__absdev.c:7:
./gsl_statistics__absdev_source.c:41:28: warning: absolute value function 'fabs' given an argument of type 'long double' but has parameter of type 'double' which may cause truncation of value [-Wabsolute-value]
   41 |       const double delta = fabs(data[i * stride] - mean);
      |                            ^
./gsl_statistics__absdev_source.c:41:28: note: use function 'fabsl' instead
   41 |       const double delta = fabs(data[i * stride] - mean);
      |                            ^~~~
      |                            fabsl
clang -std=gnu99 -municode -D_FILE_OFFSET_BITS=64 -march=x86-64-v3 -O3   -c -o gsl_statistics__lag1.o gsl_statistics__lag1.c
clang -std=gnu99 -municode -D_FILE_OFFSET_BITS=64 -march=x86-64-v3 -O3   -c -o gsl_statistics__mean.o gsl_statistics__mean.c
clang -std=gnu99 -municode -D_FILE_OFFSET_BITS=64 -march=x86-64-v3 -O3   -c -o gsl_statistics__median.o gsl_statistics__median.c
clang -std=gnu99 -municode -D_FILE_OFFSET_BITS=64 -march=x86-64-v3 -O3   -c -o gsl_statistics__minmax.o gsl_statistics__minmax.c
1 warning generated.
clang -std=gnu99 -municode -D_FILE_OFFSET_BITS=64 -march=x86-64-v3 -O3   -c -o gsl_statistics__p_variance.o gsl_statistics__p_variance.c
clang -std=gnu99 -municode -D_FILE_OFFSET_BITS=64 -march=x86-64-v3 -O3   -c -o gsl_statistics__quantiles.o gsl_statistics__quantiles.c
clang -std=gnu99 -municode -D_FILE_OFFSET_BITS=64 -march=x86-64-v3 -O3   -c -o gsl_statistics__skew.o gsl_statistics__skew.c
clang -std=gnu99 -municode -D_FILE_OFFSET_BITS=64 -march=x86-64-v3 -O3   -c -o gsl_statistics__ttest.o gsl_statistics__ttest.c
clang -std=gnu99 -municode -D_FILE_OFFSET_BITS=64 -march=x86-64-v3 -O3   -c -o gsl_statistics__variance.o gsl_statistics__variance.c
clang -std=gnu99 -municode -D_FILE_OFFSET_BITS=64 -march=x86-64-v3 -O3   -c -o gsl_statistics__wabsdev.o gsl_statistics__wabsdev.c
clang -std=gnu99 -municode -D_FILE_OFFSET_BITS=64 -march=x86-64-v3 -O3   -c -o gsl_statistics__wkurtosis.o gsl_statistics__wkurtosis.c
clang -std=gnu99 -municode -D_FILE_OFFSET_BITS=64 -march=x86-64-v3 -O3   -c -o gsl_statistics__wmean.o gsl_statistics__wmean.c
clang -std=gnu99 -municode -D_FILE_OFFSET_BITS=64 -march=x86-64-v3 -O3   -c -o gsl_statistics__wskew.o gsl_statistics__wskew.c
In file included from gsl_statistics__wabsdev.c:7:
./gsl_statistics__wabsdev_source.c:43:35: warning: absolute value function 'fabs' given an argument of type 'long double' but has parameter of type 'double' which may cause truncation of value [-Wabsolute-value]
   43 |         const long double delta = fabs(data[i * stride] - wmean);
      |                                   ^
./gsl_statistics__wabsdev_source.c:43:35: note: use function 'fabsl' instead
   43 |         const long double delta = fabs(data[i * stride] - wmean);
      |                                   ^~~~
      |                                   fabsl
clang -std=gnu99 -municode -D_FILE_OFFSET_BITS=64 -march=x86-64-v3 -O3   -c -o gsl_statistics__wvariance.o gsl_statistics__wvariance.c
1 warning generated.
clang -std=gnu99 -municode -D_FILE_OFFSET_BITS=64 -march=x86-64-v3 -O3   -c -o gsl_sum__levin_u.o gsl_sum__levin_u.c
clang -std=gnu99 -municode -D_FILE_OFFSET_BITS=64 -march=x86-64-v3 -O3   -c -o gsl_sum__levin_utrunc.o gsl_sum__levin_utrunc.c
clang -std=gnu99 -municode -D_FILE_OFFSET_BITS=64 -march=x86-64-v3 -O3   -c -o gsl_sum__work_u.o gsl_sum__work_u.c
clang -std=gnu99 -municode -D_FILE_OFFSET_BITS=64 -march=x86-64-v3 -O3   -c -o gsl_sum__work_utrunc.o gsl_sum__work_utrunc.c
clang -std=gnu99 -municode -D_FILE_OFFSET_BITS=64 -march=x86-64-v3 -O3   -c -o gsl_sys__coerce.o gsl_sys__coerce.c
clang -std=gnu99 -municode -D_FILE_OFFSET_BITS=64 -march=x86-64-v3 -O3   -c -o gsl_sys__expm1.o gsl_sys__expm1.c
clang -std=gnu99 -municode -D_FILE_OFFSET_BITS=64 -march=x86-64-v3 -O3   -c -o gsl_sys__fcmp.o gsl_sys__fcmp.c
clang -std=gnu99 -municode -D_FILE_OFFSET_BITS=64 -march=x86-64-v3 -O3   -c -o gsl_sys__fdiv.o gsl_sys__fdiv.c
clang -std=gnu99 -municode -D_FILE_OFFSET_BITS=64 -march=x86-64-v3 -O3   -c -o gsl_sys__hypot.o gsl_sys__hypot.c
clang -std=gnu99 -municode -D_FILE_OFFSET_BITS=64 -march=x86-64-v3 -O3   -c -o gsl_sys__infnan.o gsl_sys__infnan.c
clang -std=gnu99 -municode -D_FILE_OFFSET_BITS=64 -march=x86-64-v3 -O3   -c -o gsl_sys__invhyp.o gsl_sys__invhyp.c
clang -std=gnu99 -municode -D_FILE_OFFSET_BITS=64 -march=x86-64-v3 -O3   -c -o gsl_sys__ldfrexp.o gsl_sys__ldfrexp.c
clang -std=gnu99 -municode -D_FILE_OFFSET_BITS=64 -march=x86-64-v3 -O3   -c -o gsl_sys__log1p.o gsl_sys__log1p.c
clang -std=gnu99 -municode -D_FILE_OFFSET_BITS=64 -march=x86-64-v3 -O3   -c -o gsl_sys__minmax.o gsl_sys__minmax.c
clang -std=gnu99 -municode -D_FILE_OFFSET_BITS=64 -march=x86-64-v3 -O3   -c -o gsl_sys__pow_int.o gsl_sys__pow_int.c
clang -std=gnu99 -municode -D_FILE_OFFSET_BITS=64 -march=x86-64-v3 -O3   -c -o gsl_sys__prec.o gsl_sys__prec.c
clang -std=gnu99 -municode -D_FILE_OFFSET_BITS=64 -march=x86-64-v3 -O3   -c -o gsl_vector__copy.o gsl_vector__copy.c
clang -std=gnu99 -municode -D_FILE_OFFSET_BITS=64 -march=x86-64-v3 -O3   -c -o gsl_vector__file.o gsl_vector__file.c
clang -std=gnu99 -municode -D_FILE_OFFSET_BITS=64 -march=x86-64-v3 -O3   -c -o gsl_vector__init.o gsl_vector__init.c
clang -std=gnu99 -municode -D_FILE_OFFSET_BITS=64 -march=x86-64-v3 -O3   -c -o gsl_vector__minmax.o gsl_vector__minmax.c
clang -std=gnu99 -municode -D_FILE_OFFSET_BITS=64 -march=x86-64-v3 -O3   -c -o gsl_vector__oper.o gsl_vector__oper.c
clang -std=gnu99 -municode -D_FILE_OFFSET_BITS=64 -march=x86-64-v3 -O3   -c -o gsl_vector__prop.o gsl_vector__prop.c
clang -std=gnu99 -municode -D_FILE_OFFSET_BITS=64 -march=x86-64-v3 -O3   -c -o gsl_vector__reim.o gsl_vector__reim.c
clang -std=gnu99 -municode -D_FILE_OFFSET_BITS=64 -march=x86-64-v3 -O3   -c -o gsl_vector__subvector.o gsl_vector__subvector.c
clang -std=gnu99 -municode -D_FILE_OFFSET_BITS=64 -march=x86-64-v3 -O3   -c -o gsl_vector__swap.o gsl_vector__swap.c
clang -std=gnu99 -municode -D_FILE_OFFSET_BITS=64 -march=x86-64-v3 -O3   -c -o gsl_vector__vector.o gsl_vector__vector.c
clang -std=gnu99 -municode -D_FILE_OFFSET_BITS=64 -march=x86-64-v3 -O3   -c -o gsl_vector__view.o gsl_vector__view.c
clang -std=gnu99 -municode -D_FILE_OFFSET_BITS=64 -march=x86-64-v3 -O3   -c -o gsl_wavelet__bspline.o gsl_wavelet__bspline.c
clang -std=gnu99 -municode -D_FILE_OFFSET_BITS=64 -march=x86-64-v3 -O3   -c -o gsl_wavelet__daubechies.o gsl_wavelet__daubechies.c
clang -std=gnu99 -municode -D_FILE_OFFSET_BITS=64 -march=x86-64-v3 -O3   -c -o gsl_wavelet__dwt.o gsl_wavelet__dwt.c
clang -std=gnu99 -municode -D_FILE_OFFSET_BITS=64 -march=x86-64-v3 -O3   -c -o gsl_wavelet__haar.o gsl_wavelet__haar.c
clang -std=gnu99 -municode -D_FILE_OFFSET_BITS=64 -march=x86-64-v3 -O3   -c -o gsl_wavelet__wavelet.o gsl_wavelet__wavelet.c
touch libgsl.a
rm libgsl.a
ar cq libgsl.a gsl_blas__blas.o gsl_block__block.o gsl_block__file.o gsl_block__init.o gsl_bspline__bspline.o gsl_cblas__caxpy.o gsl_cblas__ccopy.o gsl_cblas__cdotc_sub.o gsl_cblas__cdotu_sub.o gsl_cblas__cgbmv.o gsl_cblas__cgemm.o gsl_cblas__cgemv.o gsl_cblas__cgerc.o gsl_cblas__cgeru.o gsl_cblas__chbmv.o gsl_cblas__chemm.o gsl_cblas__chemv.o gsl_cblas__cher.o gsl_cblas__cher2.o gsl_cblas__cher2k.o gsl_cblas__cherk.o gsl_cblas__chpmv.o gsl_cblas__chpr.o gsl_cblas__chpr2.o gsl_cblas__cscal.o gsl_cblas__csscal.o gsl_cblas__cswap.o gsl_cblas__csymm.o gsl_cblas__csyr2k.o gsl_cblas__csyrk.o gsl_cblas__ctbmv.o gsl_cblas__ctbsv.o gsl_cblas__ctpmv.o gsl_cblas__ctpsv.o gsl_cblas__ctrmm.o gsl_cblas__ctrmv.o gsl_cblas__ctrsm.o gsl_cblas__ctrsv.o gsl_cblas__dasum.o gsl_cblas__daxpy.o gsl_cblas__dcopy.o gsl_cblas__ddot.o gsl_cblas__dgbmv.o gsl_cblas__dgemm.o gsl_cblas__dgemv.o gsl_cblas__dger.o gsl_cblas__dnrm2.o gsl_cblas__drot.o gsl_cblas__drotg.o gsl_cblas__drotm.o gsl_cblas__drotmg.o gsl_cblas__dsbmv.o gsl_cblas__dscal.o gsl_cblas__dsdot.o gsl_cblas__dspmv.o gsl_cblas__dspr.o gsl_cblas__dspr2.o gsl_cblas__dswap.o gsl_cblas__dsymm.o gsl_cblas__dsymv.o gsl_cblas__dsyr.o gsl_cblas__dsyr2.o gsl_cblas__dsyr2k.o gsl_cblas__dsyrk.o gsl_cblas__dtbmv.o gsl_cblas__dtbsv.o gsl_cblas__dtpmv.o gsl_cblas__dtpsv.o gsl_cblas__dtrmm.o gsl_cblas__dtrmv.o gsl_cblas__dtrsm.o gsl_cblas__dtrsv.o gsl_cblas__dzasum.o gsl_cblas__dznrm2.o gsl_cblas__icamax.o gsl_cblas__idamax.o gsl_cblas__isamax.o gsl_cblas__izamax.o gsl_cblas__sasum.o gsl_cblas__saxpy.o gsl_cblas__scasum.o gsl_cblas__scnrm2.o gsl_cblas__scopy.o gsl_cblas__sdot.o gsl_cblas__sdsdot.o gsl_cblas__sgbmv.o gsl_cblas__sgemm.o gsl_cblas__sgemv.o gsl_cblas__sger.o gsl_cblas__snrm2.o gsl_cblas__srot.o gsl_cblas__srotg.o gsl_cblas__srotm.o gsl_cblas__srotmg.o gsl_cblas__ssbmv.o gsl_cblas__sscal.o gsl_cblas__sspmv.o gsl_cblas__sspr.o gsl_cblas__sspr2.o gsl_cblas__sswap.o gsl_cblas__ssymm.o gsl_cblas__ssymv.o gsl_cblas__ssyr.o gsl_cblas__ssyr2.o gsl_cblas__ssyr2k.o gsl_cblas__ssyrk.o gsl_cblas__stbmv.o gsl_cblas__stbsv.o gsl_cblas__stpmv.o gsl_cblas__stpsv.o gsl_cblas__strmm.o gsl_cblas__strmv.o gsl_cblas__strsm.o gsl_cblas__strsv.o gsl_cblas__xerbla.o gsl_cblas__zaxpy.o gsl_cblas__zcopy.o gsl_cblas__zdotc_sub.o gsl_cblas__zdotu_sub.o gsl_cblas__zdscal.o gsl_cblas__zgbmv.o gsl_cblas__zgemm.o gsl_cblas__zgemv.o gsl_cblas__zgerc.o gsl_cblas__zgeru.o gsl_cblas__zhbmv.o gsl_cblas__zhemm.o gsl_cblas__zhemv.o gsl_cblas__zher.o gsl_cblas__zher2.o gsl_cblas__zher2k.o gsl_cblas__zherk.o gsl_cblas__zhpmv.o gsl_cblas__zhpr.o gsl_cblas__zhpr2.o gsl_cblas__zscal.o gsl_cblas__zswap.o gsl_cblas__zsymm.o gsl_cblas__zsyr2k.o gsl_cblas__zsyrk.o gsl_cblas__ztbmv.o gsl_cblas__ztbsv.o gsl_cblas__ztpmv.o gsl_cblas__ztpsv.o gsl_cblas__ztrmm.o gsl_cblas__ztrmv.o gsl_cblas__ztrsm.o gsl_cblas__ztrsv.o gsl_cdf__beta.o gsl_cdf__betainv.o gsl_cdf__binomial.o gsl_cdf__cauchy.o gsl_cdf__cauchyinv.o gsl_cdf__chisq.o gsl_cdf__chisqinv.o gsl_cdf__exponential.o gsl_cdf__exponentialinv.o gsl_cdf__exppow.o gsl_cdf__fdist.o gsl_cdf__fdistinv.o gsl_cdf__flat.o gsl_cdf__flatinv.o gsl_cdf__gamma.o gsl_cdf__gammainv.o gsl_cdf__gauss.o gsl_cdf__gaussinv.o gsl_cdf__geometric.o gsl_cdf__gumbel1.o gsl_cdf__gumbel1inv.o gsl_cdf__gumbel2.o gsl_cdf__gumbel2inv.o gsl_cdf__hypergeometric.o gsl_cdf__laplace.o gsl_cdf__laplaceinv.o gsl_cdf__logistic.o gsl_cdf__logisticinv.o gsl_cdf__lognormal.o gsl_cdf__lognormalinv.o gsl_cdf__nbinomial.o gsl_cdf__pareto.o gsl_cdf__paretoinv.o gsl_cdf__pascal.o gsl_cdf__poisson.o gsl_cdf__rayleigh.o gsl_cdf__rayleighinv.o gsl_cdf__tdist.o gsl_cdf__tdistinv.o gsl_cdf__weibull.o gsl_cdf__weibullinv.o gsl_combination__combination.o gsl_combination__file.o gsl_combination__init.o gsl_complex__math.o gsl_deriv__deriv.o gsl_dht__dht.o gsl_diff__diff.o gsl_eigen__francis.o gsl_eigen__gen.o gsl_eigen__genherm.o gsl_eigen__genhermv.o gsl_eigen__gensymm.o gsl_eigen__gensymmv.o gsl_eigen__genv.o gsl_eigen__herm.o gsl_eigen__hermv.o gsl_eigen__jacobi.o gsl_eigen__nonsymm.o gsl_eigen__nonsymmv.o gsl_eigen__schur.o gsl_eigen__sort.o gsl_eigen__symm.o gsl_eigen__symmv.o gsl_err__error.o gsl_err__message.o gsl_err__stream.o gsl_err__strerror.o gsl_fft__dft.o gsl_fft__fft.o gsl_fft__signals.o gsl_fit__linear.o gsl_histogram__add.o gsl_histogram__add2d.o gsl_histogram__calloc_range.o gsl_histogram__calloc_range2d.o gsl_histogram__copy.o gsl_histogram__copy2d.o gsl_histogram__file.o gsl_histogram__file2d.o gsl_histogram__get.o gsl_histogram__get2d.o gsl_histogram__init.o gsl_histogram__init2d.o gsl_histogram__maxval.o gsl_histogram__maxval2d.o gsl_histogram__oper.o gsl_histogram__oper2d.o gsl_histogram__params.o gsl_histogram__params2d.o gsl_histogram__pdf.o gsl_histogram__pdf2d.o gsl_histogram__reset.o gsl_histogram__reset2d.o gsl_histogram__stat.o gsl_histogram__stat2d.o gsl_ieee-utils__env.o gsl_ieee-utils__fp.o gsl_ieee-utils__make_rep.o gsl_ieee-utils__print.o gsl_ieee-utils__read.o gsl_integration__qag.o gsl_integration__qagp.o gsl_integration__qags.o gsl_integration__qawc.o gsl_integration__qawf.o gsl_integration__qawo.o gsl_integration__qaws.o gsl_integration__qcheb.o gsl_integration__qk.o gsl_integration__qk15.o gsl_integration__qk21.o gsl_integration__qk31.o gsl_integration__qk41.o gsl_integration__qk51.o gsl_integration__qk61.o gsl_integration__qmomo.o gsl_integration__qmomof.o gsl_integration__qng.o gsl_integration__workspace.o gsl_linalg__balance.o gsl_linalg__balancemat.o gsl_linalg__bidiag.o gsl_linalg__cholesky.o gsl_linalg__choleskyc.o gsl_linalg__exponential.o gsl_linalg__hermtd.o gsl_linalg__hessenberg.o gsl_linalg__hesstri.o gsl_linalg__hh.o gsl_linalg__householder.o gsl_linalg__householdercomplex.o gsl_linalg__lq.o gsl_linalg__lu.o gsl_linalg__luc.o gsl_linalg__multiply.o gsl_linalg__ptlq.o gsl_linalg__qr.o gsl_linalg__qrpt.o gsl_linalg__svd.o gsl_linalg__symmtd.o gsl_linalg__tridiag.o gsl_matrix__copy.o gsl_matrix__file.o gsl_matrix__getset.o gsl_matrix__init.o gsl_matrix__matrix.o gsl_matrix__minmax.o gsl_matrix__oper.o gsl_matrix__prop.o gsl_matrix__rowcol.o gsl_matrix__submatrix.o gsl_matrix__swap.o gsl_matrix__view.o gsl_min__bracketing.o gsl_min__brent.o gsl_min__convergence.o gsl_min__fsolver.o gsl_min__golden.o gsl_monte__miser.o gsl_monte__plain.o gsl_monte__vegas.o gsl_multifit__convergence.o gsl_multifit__covar.o gsl_multifit__fdfsolver.o gsl_multifit__fsolver.o gsl_multifit__gradient.o gsl_multifit__lmder.o gsl_multifit__multilinear.o gsl_multifit__work.o gsl_multimin__conjugate_fr.o gsl_multimin__conjugate_pr.o gsl_multimin__convergence.o gsl_multimin__diff.o gsl_multimin__fdfminimizer.o gsl_multimin__fminimizer.o gsl_multimin__simplex.o gsl_multimin__steepest_descent.o gsl_multimin__vector_bfgs.o gsl_multimin__vector_bfgs2.o gsl_multiroots__broyden.o gsl_multiroots__convergence.o gsl_multiroots__dnewton.o gsl_multiroots__fdfsolver.o gsl_multiroots__fdjac.o gsl_multiroots__fsolver.o gsl_multiroots__gnewton.o gsl_multiroots__hybrid.o gsl_multiroots__hybridj.o gsl_multiroots__newton.o gsl_ntuple__ntuple.o gsl_ode-initval__bsimp.o gsl_ode-initval__control.o gsl_ode-initval__cscal.o gsl_ode-initval__cstd.o gsl_ode-initval__evolve.o gsl_ode-initval__gear1.o gsl_ode-initval__gear2.o gsl_ode-initval__rk2.o gsl_ode-initval__rk2imp.o gsl_ode-initval__rk2simp.o gsl_ode-initval__rk4.o gsl_ode-initval__rk4imp.o gsl_ode-initval__rk8pd.o gsl_ode-initval__rkck.o gsl_ode-initval__rkf45.o gsl_ode-initval__step.o gsl_permutation__canonical.o gsl_permutation__file.o gsl_permutation__init.o gsl_permutation__permutation.o gsl_permutation__permute.o gsl_poly__dd.o gsl_poly__eval.o gsl_poly__solve_cubic.o gsl_poly__solve_quadratic.o gsl_poly__zsolve.o gsl_poly__zsolve_cubic.o gsl_poly__zsolve_init.o gsl_poly__zsolve_quadratic.o gsl_qrng__niederreiter-2.o gsl_qrng__qrng.o gsl_qrng__sobol.o gsl_randist__bernoulli.o gsl_randist__beta.o gsl_randist__bigauss.o gsl_randist__binomial.o gsl_randist__binomial_tpe.o gsl_randist__cauchy.o gsl_randist__chisq.o gsl_randist__dirichlet.o gsl_randist__discrete.o gsl_randist__erlang.o gsl_randist__exponential.o gsl_randist__exppow.o gsl_randist__fdist.o gsl_randist__flat.o gsl_randist__gamma.o gsl_randist__gauss.o gsl_randist__gausstail.o gsl_randist__gausszig.o gsl_randist__geometric.o gsl_randist__gumbel.o gsl_randist__hyperg.o gsl_randist__landau.o gsl_randist__laplace.o gsl_randist__levy.o gsl_randist__logarithmic.o gsl_randist__logistic.o gsl_randist__lognormal.o gsl_randist__multinomial.o gsl_randist__nbinomial.o gsl_randist__pareto.o gsl_randist__pascal.o gsl_randist__poisson.o gsl_randist__rayleigh.o gsl_randist__shuffle.o gsl_randist__sphere.o gsl_randist__tdist.o gsl_randist__weibull.o gsl_rng__borosh13.o gsl_rng__cmrg.o gsl_rng__coveyou.o gsl_rng__default.o gsl_rng__file.o gsl_rng__fishman18.o gsl_rng__fishman20.o gsl_rng__fishman2x.o gsl_rng__gfsr4.o gsl_rng__knuthran.o gsl_rng__knuthran2.o gsl_rng__knuthran2002.o gsl_rng__lecuyer21.o gsl_rng__minstd.o gsl_rng__mrg.o gsl_rng__mt.o gsl_rng__r250.o gsl_rng__ran0.o gsl_rng__ran1.o gsl_rng__ran2.o gsl_rng__ran3.o gsl_rng__rand.o gsl_rng__rand48.o gsl_rng__random.o gsl_rng__randu.o gsl_rng__ranf.o gsl_rng__ranlux.o gsl_rng__ranlxd.o gsl_rng__ranlxs.o gsl_rng__ranmar.o gsl_rng__rng.o gsl_rng__slatec.o gsl_rng__taus.o gsl_rng__taus113.o gsl_rng__transputer.o gsl_rng__tt.o gsl_rng__types.o gsl_rng__uni.o gsl_rng__uni32.o gsl_rng__vax.o gsl_rng__waterman14.o gsl_rng__zuf.o gsl_roots__bisection.o gsl_roots__brent.o gsl_roots__convergence.o gsl_roots__falsepos.o gsl_roots__fdfsolver.o gsl_roots__fsolver.o gsl_roots__newton.o gsl_roots__secant.o gsl_roots__steffenson.o gsl_siman__siman.o gsl_sort__sort.o gsl_sort__sortind.o gsl_sort__sortvec.o gsl_sort__sortvecind.o gsl_sort__subset.o gsl_sort__subsetind.o gsl_specfunc__airy.o gsl_specfunc__airy_der.o gsl_specfunc__airy_zero.o gsl_specfunc__atanint.o gsl_specfunc__bessel.o gsl_specfunc__bessel_I0.o gsl_specfunc__bessel_I1.o gsl_specfunc__bessel_In.o gsl_specfunc__bessel_Inu.o gsl_specfunc__bessel_J0.o gsl_specfunc__bessel_J1.o gsl_specfunc__bessel_Jn.o gsl_specfunc__bessel_Jnu.o gsl_specfunc__bessel_K0.o gsl_specfunc__bessel_K1.o gsl_specfunc__bessel_Kn.o gsl_specfunc__bessel_Knu.o gsl_specfunc__bessel_Y0.o gsl_specfunc__bessel_Y1.o gsl_specfunc__bessel_Yn.o gsl_specfunc__bessel_Ynu.o gsl_specfunc__bessel_amp_phase.o gsl_specfunc__bessel_i.o gsl_specfunc__bessel_j.o gsl_specfunc__bessel_k.o gsl_specfunc__bessel_olver.o gsl_specfunc__bessel_sequence.o gsl_specfunc__bessel_temme.o gsl_specfunc__bessel_y.o gsl_specfunc__bessel_zero.o gsl_specfunc__beta.o gsl_specfunc__beta_inc.o gsl_specfunc__clausen.o gsl_specfunc__coulomb.o gsl_specfunc__coulomb_bound.o gsl_specfunc__coupling.o gsl_specfunc__dawson.o gsl_specfunc__debye.o gsl_specfunc__dilog.o gsl_specfunc__elementary.o gsl_specfunc__ellint.o gsl_specfunc__elljac.o gsl_specfunc__erfc.o gsl_specfunc__exp.o gsl_specfunc__expint.o gsl_specfunc__expint3.o gsl_specfunc__fermi_dirac.o gsl_specfunc__gamma.o gsl_specfunc__gamma_inc.o gsl_specfunc__gegenbauer.o gsl_specfunc__hyperg.o gsl_specfunc__hyperg_0F1.o gsl_specfunc__hyperg_1F1.o gsl_specfunc__hyperg_2F0.o gsl_specfunc__hyperg_2F1.o gsl_specfunc__hyperg_U.o gsl_specfunc__laguerre.o gsl_specfunc__lambert.o gsl_specfunc__legendre_H3d.o gsl_specfunc__legendre_Qn.o gsl_specfunc__legendre_con.o gsl_specfunc__legendre_poly.o gsl_specfunc__log.o gsl_specfunc__mathieu_angfunc.o gsl_specfunc__mathieu_charv.o gsl_specfunc__mathieu_coeff.o gsl_specfunc__mathieu_radfunc.o gsl_specfunc__mathieu_workspace.o gsl_specfunc__poch.o gsl_specfunc__pow_int.o gsl_specfunc__psi.o gsl_specfunc__result.o gsl_specfunc__shint.o gsl_specfunc__sinint.o gsl_specfunc__synchrotron.o gsl_specfunc__transport.o gsl_specfunc__trig.o gsl_specfunc__zeta.o gsl_statistics__absdev.o gsl_statistics__covariance.o gsl_statistics__kurtosis.o gsl_statistics__lag1.o gsl_statistics__mean.o gsl_statistics__median.o gsl_statistics__minmax.o gsl_statistics__p_variance.o gsl_statistics__quantiles.o gsl_statistics__skew.o gsl_statistics__ttest.o gsl_statistics__variance.o gsl_statistics__wabsdev.o gsl_statistics__wkurtosis.o gsl_statistics__wmean.o gsl_statistics__wskew.o gsl_statistics__wvariance.o gsl_sum__levin_u.o gsl_sum__levin_utrunc.o gsl_sum__work_u.o gsl_sum__work_utrunc.o gsl_sys__coerce.o gsl_sys__expm1.o gsl_sys__fcmp.o gsl_sys__fdiv.o gsl_sys__hypot.o gsl_sys__infnan.o gsl_sys__invhyp.o gsl_sys__ldfrexp.o gsl_sys__log1p.o gsl_sys__minmax.o gsl_sys__pow_int.o gsl_sys__prec.o gsl_vector__copy.o gsl_vector__file.o gsl_vector__init.o gsl_vector__minmax.o gsl_vector__oper.o gsl_vector__prop.o gsl_vector__reim.o gsl_vector__subvector.o gsl_vector__swap.o gsl_vector__vector.o gsl_vector__view.o gsl_wavelet__bspline.o gsl_wavelet__daubechies.o gsl_wavelet__dwt.o gsl_wavelet__haar.o gsl_wavelet__wavelet.o
ranlib libgsl.a
make[1]: Leaving directory '/d/Praat-work/稳定早期版/external/gsl'
make -C external/glpk
make[1]: Entering directory '/d/Praat-work/稳定早期版/external/glpk'
clang -std=gnu99 -municode -D_FILE_OFFSET_BITS=64 -march=x86-64-v3 -O3   -c -o amd_1.o amd_1.c
clang -std=gnu99 -municode -D_FILE_OFFSET_BITS=64 -march=x86-64-v3 -O3   -c -o amd_2.o amd_2.c
clang -std=gnu99 -municode -D_FILE_OFFSET_BITS=64 -march=x86-64-v3 -O3   -c -o amd_aat.o amd_aat.c
clang -std=gnu99 -municode -D_FILE_OFFSET_BITS=64 -march=x86-64-v3 -O3   -c -o amd_control.o amd_control.c
clang -std=gnu99 -municode -D_FILE_OFFSET_BITS=64 -march=x86-64-v3 -O3   -c -o amd_defaults.o amd_defaults.c
clang -std=gnu99 -municode -D_FILE_OFFSET_BITS=64 -march=x86-64-v3 -O3   -c -o amd_info.o amd_info.c
clang -std=gnu99 -municode -D_FILE_OFFSET_BITS=64 -march=x86-64-v3 -O3   -c -o amd_order.o amd_order.c
clang -std=gnu99 -municode -D_FILE_OFFSET_BITS=64 -march=x86-64-v3 -O3   -c -o amd_post_tree.o amd_post_tree.c
clang -std=gnu99 -municode -D_FILE_OFFSET_BITS=64 -march=x86-64-v3 -O3   -c -o amd_postorder.o amd_postorder.c
clang -std=gnu99 -municode -D_FILE_OFFSET_BITS=64 -march=x86-64-v3 -O3   -c -o amd_preprocess.o amd_preprocess.c
clang -std=gnu99 -municode -D_FILE_OFFSET_BITS=64 -march=x86-64-v3 -O3   -c -o amd_valid.o amd_valid.c
clang -std=gnu99 -municode -D_FILE_OFFSET_BITS=64 -march=x86-64-v3 -O3   -c -o colamd.o colamd.c
clang -std=gnu99 -municode -D_FILE_OFFSET_BITS=64 -march=x86-64-v3 -O3   -c -o glpapi01.o glpapi01.c
clang -std=gnu99 -municode -D_FILE_OFFSET_BITS=64 -march=x86-64-v3 -O3   -c -o glpapi02.o glpapi02.c
clang -std=gnu99 -municode -D_FILE_OFFSET_BITS=64 -march=x86-64-v3 -O3   -c -o glpapi03.o glpapi03.c
clang -std=gnu99 -municode -D_FILE_OFFSET_BITS=64 -march=x86-64-v3 -O3   -c -o glpapi04.o glpapi04.c
clang -std=gnu99 -municode -D_FILE_OFFSET_BITS=64 -march=x86-64-v3 -O3   -c -o glpapi05.o glpapi05.c
clang -std=gnu99 -municode -D_FILE_OFFSET_BITS=64 -march=x86-64-v3 -O3   -c -o glpapi06.o glpapi06.c
clang -std=gnu99 -municode -D_FILE_OFFSET_BITS=64 -march=x86-64-v3 -O3   -c -o glpapi07.o glpapi07.c
clang -std=gnu99 -municode -D_FILE_OFFSET_BITS=64 -march=x86-64-v3 -O3   -c -o glpapi08.o glpapi08.c
clang -std=gnu99 -municode -D_FILE_OFFSET_BITS=64 -march=x86-64-v3 -O3   -c -o glpapi09.o glpapi09.c
clang -std=gnu99 -municode -D_FILE_OFFSET_BITS=64 -march=x86-64-v3 -O3   -c -o glpapi10.o glpapi10.c
clang -std=gnu99 -municode -D_FILE_OFFSET_BITS=64 -march=x86-64-v3 -O3   -c -o glpapi11.o glpapi11.c
clang -std=gnu99 -municode -D_FILE_OFFSET_BITS=64 -march=x86-64-v3 -O3   -c -o glpapi12.o glpapi12.c
clang -std=gnu99 -municode -D_FILE_OFFSET_BITS=64 -march=x86-64-v3 -O3   -c -o glpapi13.o glpapi13.c
clang -std=gnu99 -municode -D_FILE_OFFSET_BITS=64 -march=x86-64-v3 -O3   -c -o glpapi14.o glpapi14.c
clang -std=gnu99 -municode -D_FILE_OFFSET_BITS=64 -march=x86-64-v3 -O3   -c -o glpapi15.o glpapi15.c
clang -std=gnu99 -municode -D_FILE_OFFSET_BITS=64 -march=x86-64-v3 -O3   -c -o glpapi16.o glpapi16.c
clang -std=gnu99 -municode -D_FILE_OFFSET_BITS=64 -march=x86-64-v3 -O3   -c -o glpapi17.o glpapi17.c
clang -std=gnu99 -municode -D_FILE_OFFSET_BITS=64 -march=x86-64-v3 -O3   -c -o glpapi18.o glpapi18.c
clang -std=gnu99 -municode -D_FILE_OFFSET_BITS=64 -march=x86-64-v3 -O3   -c -o glpapi19.o glpapi19.c
clang -std=gnu99 -municode -D_FILE_OFFSET_BITS=64 -march=x86-64-v3 -O3   -c -o glpavl.o glpavl.c
clang -std=gnu99 -municode -D_FILE_OFFSET_BITS=64 -march=x86-64-v3 -O3   -c -o glpbfd.o glpbfd.c
clang -std=gnu99 -municode -D_FILE_OFFSET_BITS=64 -march=x86-64-v3 -O3   -c -o glpbfx.o glpbfx.c
clang -std=gnu99 -municode -D_FILE_OFFSET_BITS=64 -march=x86-64-v3 -O3   -c -o glpcpx.o glpcpx.c
clang -std=gnu99 -municode -D_FILE_OFFSET_BITS=64 -march=x86-64-v3 -O3   -c -o glpdmp.o glpdmp.c
clang -std=gnu99 -municode -D_FILE_OFFSET_BITS=64 -march=x86-64-v3 -O3   -c -o glpdmx.o glpdmx.c
clang -std=gnu99 -municode -D_FILE_OFFSET_BITS=64 -march=x86-64-v3 -O3   -c -o glpenv01.o glpenv01.c
clang -std=gnu99 -municode -D_FILE_OFFSET_BITS=64 -march=x86-64-v3 -O3   -c -o glpenv02.o glpenv02.c
clang -std=gnu99 -municode -D_FILE_OFFSET_BITS=64 -march=x86-64-v3 -O3   -c -o glpenv03.o glpenv03.c
clang -std=gnu99 -municode -D_FILE_OFFSET_BITS=64 -march=x86-64-v3 -O3   -c -o glpenv04.o glpenv04.c
clang -std=gnu99 -municode -D_FILE_OFFSET_BITS=64 -march=x86-64-v3 -O3   -c -o glpenv05.o glpenv05.c
clang -std=gnu99 -municode -D_FILE_OFFSET_BITS=64 -march=x86-64-v3 -O3   -c -o glpenv06.o glpenv06.c
clang -std=gnu99 -municode -D_FILE_OFFSET_BITS=64 -march=x86-64-v3 -O3   -c -o glpenv07.o glpenv07.c
clang -std=gnu99 -municode -D_FILE_OFFSET_BITS=64 -march=x86-64-v3 -O3   -c -o glpenv08.o glpenv08.c
clang -std=gnu99 -municode -D_FILE_OFFSET_BITS=64 -march=x86-64-v3 -O3   -c -o glpfhv.o glpfhv.c
clang -std=gnu99 -municode -D_FILE_OFFSET_BITS=64 -march=x86-64-v3 -O3   -c -o glpgmp.o glpgmp.c
clang -std=gnu99 -municode -D_FILE_OFFSET_BITS=64 -march=x86-64-v3 -O3   -c -o glphbm.o glphbm.c
clang -std=gnu99 -municode -D_FILE_OFFSET_BITS=64 -march=x86-64-v3 -O3   -c -o glpini01.o glpini01.c
clang -std=gnu99 -municode -D_FILE_OFFSET_BITS=64 -march=x86-64-v3 -O3   -c -o glpini02.o glpini02.c
clang -std=gnu99 -municode -D_FILE_OFFSET_BITS=64 -march=x86-64-v3 -O3   -c -o glpios01.o glpios01.c
clang -std=gnu99 -municode -D_FILE_OFFSET_BITS=64 -march=x86-64-v3 -O3   -c -o glpios02.o glpios02.c
clang -std=gnu99 -municode -D_FILE_OFFSET_BITS=64 -march=x86-64-v3 -O3   -c -o glpios03.o glpios03.c
clang -std=gnu99 -municode -D_FILE_OFFSET_BITS=64 -march=x86-64-v3 -O3   -c -o glpios04.o glpios04.c
clang -std=gnu99 -municode -D_FILE_OFFSET_BITS=64 -march=x86-64-v3 -O3   -c -o glpios05.o glpios05.c
clang -std=gnu99 -municode -D_FILE_OFFSET_BITS=64 -march=x86-64-v3 -O3   -c -o glpios06.o glpios06.c
clang -std=gnu99 -municode -D_FILE_OFFSET_BITS=64 -march=x86-64-v3 -O3   -c -o glpios07.o glpios07.c
clang -std=gnu99 -municode -D_FILE_OFFSET_BITS=64 -march=x86-64-v3 -O3   -c -o glpios08.o glpios08.c
clang -std=gnu99 -municode -D_FILE_OFFSET_BITS=64 -march=x86-64-v3 -O3   -c -o glpios09.o glpios09.c
clang -std=gnu99 -municode -D_FILE_OFFSET_BITS=64 -march=x86-64-v3 -O3   -c -o glpios10.o glpios10.c
clang -std=gnu99 -municode -D_FILE_OFFSET_BITS=64 -march=x86-64-v3 -O3   -c -o glpios11.o glpios11.c
clang -std=gnu99 -municode -D_FILE_OFFSET_BITS=64 -march=x86-64-v3 -O3   -c -o glpios12.o glpios12.c
clang -std=gnu99 -municode -D_FILE_OFFSET_BITS=64 -march=x86-64-v3 -O3   -c -o glpipm.o glpipm.c
clang -std=gnu99 -municode -D_FILE_OFFSET_BITS=64 -march=x86-64-v3 -O3   -c -o glplib01.o glplib01.c
clang -std=gnu99 -municode -D_FILE_OFFSET_BITS=64 -march=x86-64-v3 -O3   -c -o glplib02.o glplib02.c
clang -std=gnu99 -municode -D_FILE_OFFSET_BITS=64 -march=x86-64-v3 -O3   -c -o glplib03.o glplib03.c
clang -std=gnu99 -municode -D_FILE_OFFSET_BITS=64 -march=x86-64-v3 -O3   -c -o glplpf.o glplpf.c
clang -std=gnu99 -municode -D_FILE_OFFSET_BITS=64 -march=x86-64-v3 -O3   -c -o glplpx01.o glplpx01.c
clang -std=gnu99 -municode -D_FILE_OFFSET_BITS=64 -march=x86-64-v3 -O3   -c -o glplpx02.o glplpx02.c
clang -std=gnu99 -municode -D_FILE_OFFSET_BITS=64 -march=x86-64-v3 -O3   -c -o glplpx03.o glplpx03.c
clang -std=gnu99 -municode -D_FILE_OFFSET_BITS=64 -march=x86-64-v3 -O3   -c -o glpluf.o glpluf.c
clang -std=gnu99 -municode -D_FILE_OFFSET_BITS=64 -march=x86-64-v3 -O3   -c -o glplux.o glplux.c
clang -std=gnu99 -municode -D_FILE_OFFSET_BITS=64 -march=x86-64-v3 -O3   -c -o glpmat.o glpmat.c
clang -std=gnu99 -municode -D_FILE_OFFSET_BITS=64 -march=x86-64-v3 -O3   -c -o glpmpl01.o glpmpl01.c
clang -std=gnu99 -municode -D_FILE_OFFSET_BITS=64 -march=x86-64-v3 -O3   -c -o glpmpl02.o glpmpl02.c
clang -std=gnu99 -municode -D_FILE_OFFSET_BITS=64 -march=x86-64-v3 -O3   -c -o glpmpl03.o glpmpl03.c
clang -std=gnu99 -municode -D_FILE_OFFSET_BITS=64 -march=x86-64-v3 -O3   -c -o glpmpl04.o glpmpl04.c
clang -std=gnu99 -municode -D_FILE_OFFSET_BITS=64 -march=x86-64-v3 -O3   -c -o glpmpl05.o glpmpl05.c
clang -std=gnu99 -municode -D_FILE_OFFSET_BITS=64 -march=x86-64-v3 -O3   -c -o glpmpl06.o glpmpl06.c
clang -std=gnu99 -municode -D_FILE_OFFSET_BITS=64 -march=x86-64-v3 -O3   -c -o glpmps.o glpmps.c
clang -std=gnu99 -municode -D_FILE_OFFSET_BITS=64 -march=x86-64-v3 -O3   -c -o glpnet01.o glpnet01.c
clang -std=gnu99 -municode -D_FILE_OFFSET_BITS=64 -march=x86-64-v3 -O3   -c -o glpnet02.o glpnet02.c
clang -std=gnu99 -municode -D_FILE_OFFSET_BITS=64 -march=x86-64-v3 -O3   -c -o glpnet03.o glpnet03.c
clang -std=gnu99 -municode -D_FILE_OFFSET_BITS=64 -march=x86-64-v3 -O3   -c -o glpnet04.o glpnet04.c
clang -std=gnu99 -municode -D_FILE_OFFSET_BITS=64 -march=x86-64-v3 -O3   -c -o glpnet05.o glpnet05.c
clang -std=gnu99 -municode -D_FILE_OFFSET_BITS=64 -march=x86-64-v3 -O3   -c -o glpnet06.o glpnet06.c
clang -std=gnu99 -municode -D_FILE_OFFSET_BITS=64 -march=x86-64-v3 -O3   -c -o glpnet07.o glpnet07.c
clang -std=gnu99 -municode -D_FILE_OFFSET_BITS=64 -march=x86-64-v3 -O3   -c -o glpnet08.o glpnet08.c
clang -std=gnu99 -municode -D_FILE_OFFSET_BITS=64 -march=x86-64-v3 -O3   -c -o glpnet09.o glpnet09.c
clang -std=gnu99 -municode -D_FILE_OFFSET_BITS=64 -march=x86-64-v3 -O3   -c -o glpnpp01.o glpnpp01.c
clang -std=gnu99 -municode -D_FILE_OFFSET_BITS=64 -march=x86-64-v3 -O3   -c -o glpnpp02.o glpnpp02.c
clang -std=gnu99 -municode -D_FILE_OFFSET_BITS=64 -march=x86-64-v3 -O3   -c -o glpnpp03.o glpnpp03.c
clang -std=gnu99 -municode -D_FILE_OFFSET_BITS=64 -march=x86-64-v3 -O3   -c -o glpnpp04.o glpnpp04.c
clang -std=gnu99 -municode -D_FILE_OFFSET_BITS=64 -march=x86-64-v3 -O3   -c -o glpnpp05.o glpnpp05.c
clang -std=gnu99 -municode -D_FILE_OFFSET_BITS=64 -march=x86-64-v3 -O3   -c -o glpqmd.o glpqmd.c
clang -std=gnu99 -municode -D_FILE_OFFSET_BITS=64 -march=x86-64-v3 -O3   -c -o glprgr.o glprgr.c
clang -std=gnu99 -municode -D_FILE_OFFSET_BITS=64 -march=x86-64-v3 -O3   -c -o glprng01.o glprng01.c
clang -std=gnu99 -municode -D_FILE_OFFSET_BITS=64 -march=x86-64-v3 -O3   -c -o glprng02.o glprng02.c
clang -std=gnu99 -municode -D_FILE_OFFSET_BITS=64 -march=x86-64-v3 -O3   -c -o glpscf.o glpscf.c
clang -std=gnu99 -municode -D_FILE_OFFSET_BITS=64 -march=x86-64-v3 -O3   -c -o glpscl.o glpscl.c
clang -std=gnu99 -municode -D_FILE_OFFSET_BITS=64 -march=x86-64-v3 -O3   -c -o glpsdf.o glpsdf.c
clang -std=gnu99 -municode -D_FILE_OFFSET_BITS=64 -march=x86-64-v3 -O3   -c -o glpspm.o glpspm.c
clang -std=gnu99 -municode -D_FILE_OFFSET_BITS=64 -march=x86-64-v3 -O3   -c -o glpspx01.o glpspx01.c
clang -std=gnu99 -municode -D_FILE_OFFSET_BITS=64 -march=x86-64-v3 -O3   -c -o glpspx02.o glpspx02.c
clang -std=gnu99 -municode -D_FILE_OFFSET_BITS=64 -march=x86-64-v3 -O3   -c -o glpsql.o glpsql.c
clang -std=gnu99 -municode -D_FILE_OFFSET_BITS=64 -march=x86-64-v3 -O3   -c -o glpssx01.o glpssx01.c
clang -std=gnu99 -municode -D_FILE_OFFSET_BITS=64 -march=x86-64-v3 -O3   -c -o glpssx02.o glpssx02.c
clang -std=gnu99 -municode -D_FILE_OFFSET_BITS=64 -march=x86-64-v3 -O3   -c -o glptsp.o glptsp.c
glpspx02.c:93:7: warning: '/*' within block comment [-Wcomment]
   93 |       /* AT_ptr[0] is not used;
      |       ^
glpssx01.c:790:25: warning: left operand of comma operator has no effect [-Wunused-value]
  790 |                xassert(("Internal error: basis matrix is singular", 0));
      |                         ^~~~~~~~~~~~~~~~~~~~~~~~~~~~~~~~~~~~~~~~~~
./glpenv.h:163:16: note: expanded from macro 'xassert'
  163 |       ((void)((expr) || (glp_assert_(#expr, __FILE__, __LINE__), 1)))
      |                ^~~~
1 warning generated.
1 warning generated.
touch libglpk.a
rm libglpk.a
ar cq libglpk.a amd_1.o amd_2.o amd_aat.o amd_control.o amd_defaults.o amd_info.o amd_order.o amd_post_tree.o amd_postorder.o amd_preprocess.o amd_valid.o colamd.o glpapi01.o glpapi02.o glpapi03.o glpapi04.o glpapi05.o glpapi06.o glpapi07.o glpapi08.o glpapi09.o glpapi10.o glpapi11.o glpapi12.o glpapi13.o glpapi14.o glpapi15.o glpapi16.o glpapi17.o glpapi18.o glpapi19.o glpavl.o glpbfd.o glpbfx.o glpcpx.o glpdmp.o glpdmx.o glpenv01.o glpenv02.o glpenv03.o glpenv04.o glpenv05.o glpenv06.o glpenv07.o glpenv08.o glpfhv.o glpgmp.o glphbm.o glpini01.o glpini02.o glpios01.o glpios02.o glpios03.o glpios04.o glpios05.o glpios06.o glpios07.o glpios08.o glpios09.o glpios10.o glpios11.o glpios12.o glpipm.o glplib01.o glplib02.o glplib03.o glplpf.o glplpx01.o glplpx02.o glplpx03.o glpluf.o glplux.o glpmat.o glpmpl01.o glpmpl02.o glpmpl03.o glpmpl04.o glpmpl05.o glpmpl06.o glpmps.o glpnet01.o glpnet02.o glpnet03.o glpnet04.o glpnet05.o glpnet06.o glpnet07.o glpnet08.o glpnet09.o glpnpp01.o glpnpp02.o glpnpp03.o glpnpp04.o glpnpp05.o glpqmd.o glprgr.o glprng01.o glprng02.o glpscf.o glpscl.o glpsdf.o glpspm.o glpspx01.o glpspx02.o glpsql.o glpssx01.o glpssx02.o glptsp.o
ranlib libglpk.a
make[1]: Leaving directory '/d/Praat-work/稳定早期版/external/glpk'
make -C external/lame
make[1]: Entering directory '/d/Praat-work/稳定早期版/external/lame'
clang -std=gnu99 -municode -D_FILE_OFFSET_BITS=64 -march=x86-64-v3 -O3 -I ../../melder  -c -o bitstream.o bitstream.c
clang -std=gnu99 -municode -D_FILE_OFFSET_BITS=64 -march=x86-64-v3 -O3 -I ../../melder  -c -o encoder.o encoder.c
clang -std=gnu99 -municode -D_FILE_OFFSET_BITS=64 -march=x86-64-v3 -O3 -I ../../melder  -c -o fft.o fft.c
clang -std=gnu99 -municode -D_FILE_OFFSET_BITS=64 -march=x86-64-v3 -O3 -I ../../melder  -c -o gain_analysis.o gain_analysis.c
clang -std=gnu99 -municode -D_FILE_OFFSET_BITS=64 -march=x86-64-v3 -O3 -I ../../melder  -c -o mpglib_interface.o mpglib_interface.c
clang -std=gnu99 -municode -D_FILE_OFFSET_BITS=64 -march=x86-64-v3 -O3 -I ../../melder  -c -o id3tag.o id3tag.c
clang -std=gnu99 -municode -D_FILE_OFFSET_BITS=64 -march=x86-64-v3 -O3 -I ../../melder  -c -o lame.o lame.c
clang -std=gnu99 -municode -D_FILE_OFFSET_BITS=64 -march=x86-64-v3 -O3 -I ../../melder  -c -o newmdct.o newmdct.c
clang -std=gnu99 -municode -D_FILE_OFFSET_BITS=64 -march=x86-64-v3 -O3 -I ../../melder  -c -o psymodel.o psymodel.c
clang -std=gnu99 -municode -D_FILE_OFFSET_BITS=64 -march=x86-64-v3 -O3 -I ../../melder  -c -o quantize.o quantize.c
clang -std=gnu99 -municode -D_FILE_OFFSET_BITS=64 -march=x86-64-v3 -O3 -I ../../melder  -c -o quantize_pvt.o quantize_pvt.c
clang -std=gnu99 -municode -D_FILE_OFFSET_BITS=64 -march=x86-64-v3 -O3 -I ../../melder  -c -o set_get.o set_get.c
lame.c:641:13: warning: using floating point absolute value function 'fabs' when argument is of integer type [-Wabsolute-value]
  641 |         if (EQ(gfp->compression_ratio, 0))
      |             ^
./machine.h:170:12: note: expanded from macro 'EQ'
  170 | (fabs(a) > fabs(b)) \
      |            ^
lame.c:641:13: note: use function 'abs' instead
./machine.h:170:12: note: expanded from macro 'EQ'
  170 | (fabs(a) > fabs(b)) \
      |            ^
lame.c:641:13: warning: using floating point absolute value function 'fabs' when argument is of integer type [-Wabsolute-value]
  641 |         if (EQ(gfp->compression_ratio, 0))
      |             ^
./machine.h:172:23: note: expanded from macro 'EQ'
  172 |  : (fabs((a)-(b)) <= (fabs(b) * 1e-6f)))
      |                       ^
lame.c:641:13: note: use function 'abs' instead
./machine.h:172:23: note: expanded from macro 'EQ'
  172 |  : (fabs((a)-(b)) <= (fabs(b) * 1e-6f)))
      |                       ^
lame.c:1606:13: warning: using floating point absolute value function 'fabs' when argument is of integer type [-Wabsolute-value]
 1606 |         if (NEQ(RadioGain, GAIN_NOT_ENOUGH_SAMPLES)) {
      |             ^
./machine.h:177:20: note: expanded from macro 'NEQ'
  177 | #define NEQ(a,b) (!EQ(a,b))
      |                    ^
./machine.h:170:12: note: expanded from macro 'EQ'
  170 | (fabs(a) > fabs(b)) \
      |            ^
lame.c:1606:13: note: use function 'abs' instead
./machine.h:177:20: note: expanded from macro 'NEQ'
  177 | #define NEQ(a,b) (!EQ(a,b))
      |                    ^
./machine.h:170:12: note: expanded from macro 'EQ'
  170 | (fabs(a) > fabs(b)) \
      |            ^
lame.c:1606:13: warning: using floating point absolute value function 'fabs' when argument is of integer type [-Wabsolute-value]
 1606 |         if (NEQ(RadioGain, GAIN_NOT_ENOUGH_SAMPLES)) {
      |             ^
./machine.h:177:20: note: expanded from macro 'NEQ'
  177 | #define NEQ(a,b) (!EQ(a,b))
      |                    ^
./machine.h:172:23: note: expanded from macro 'EQ'
  172 |  : (fabs((a)-(b)) <= (fabs(b) * 1e-6f)))
      |                       ^
lame.c:1606:13: note: use function 'abs' instead
./machine.h:177:20: note: expanded from macro 'NEQ'
  177 | #define NEQ(a,b) (!EQ(a,b))
      |                    ^
./machine.h:172:23: note: expanded from macro 'EQ'
  172 |  : (fabs((a)-(b)) <= (fabs(b) * 1e-6f)))
      |                       ^
clang -std=gnu99 -municode -D_FILE_OFFSET_BITS=64 -march=x86-64-v3 -O3 -I ../../melder  -c -o vbrquantize.o vbrquantize.c
clang -std=gnu99 -municode -D_FILE_OFFSET_BITS=64 -march=x86-64-v3 -O3 -I ../../melder  -c -o reservoir.o reservoir.c
set_get.c:1726:72: warning: using floating point absolute value function 'fabs' when argument is of integer type [-Wabsolute-value]
 1726 |         assert((0 <= gfp->interChRatio && gfp->interChRatio <= 1.0) || EQ(gfp->interChRatio, -1));
      |                                                                        ^
./machine.h:170:12: note: expanded from macro 'EQ'
  170 | (fabs(a) > fabs(b)) \
      |            ^
set_get.c:1726:72: note: use function 'abs' instead
./machine.h:170:12: note: expanded from macro 'EQ'
  170 | (fabs(a) > fabs(b)) \
      |            ^
set_get.c:1726:72: warning: using floating point absolute value function 'fabs' when argument is of integer type [-Wabsolute-value]
 1726 |         assert((0 <= gfp->interChRatio && gfp->interChRatio <= 1.0) || EQ(gfp->interChRatio, -1));
      |                                                                        ^
./machine.h:172:23: note: expanded from macro 'EQ'
  172 |  : (fabs((a)-(b)) <= (fabs(b) * 1e-6f)))
      |                       ^
set_get.c:1726:72: note: use function 'abs' instead
./machine.h:172:23: note: expanded from macro 'EQ'
  172 |  : (fabs((a)-(b)) <= (fabs(b) * 1e-6f)))
      |                       ^
clang -std=gnu99 -municode -D_FILE_OFFSET_BITS=64 -march=x86-64-v3 -O3 -I ../../melder  -c -o tables.o tables.c
clang -std=gnu99 -municode -D_FILE_OFFSET_BITS=64 -march=x86-64-v3 -O3 -I ../../melder  -c -o takehiro.o takehiro.c
2 warnings generated.
clang -std=gnu99 -municode -D_FILE_OFFSET_BITS=64 -march=x86-64-v3 -O3 -I ../../melder  -c -o util.o util.c
4 warnings generated.
clang -std=gnu99 -municode -D_FILE_OFFSET_BITS=64 -march=x86-64-v3 -O3 -I ../../melder  -c -o VbrTag.o VbrTag.c
clang -std=gnu99 -municode -D_FILE_OFFSET_BITS=64 -march=x86-64-v3 -O3 -I ../../melder  -c -o version.o version.c
clang -std=gnu99 -municode -D_FILE_OFFSET_BITS=64 -march=x86-64-v3 -O3 -I ../../melder  -c -o presets.o presets.c
clang -std=gnu99 -municode -D_FILE_OFFSET_BITS=64 -march=x86-64-v3 -O3 -I ../../melder  -c -o vector_xmm_quantize_sub.o vector_xmm_quantize_sub.c
VbrTag.c:263:5: warning: shifting a negative signed value is undefined [-Wshift-negative-value]
  263 |     SHIFT_IN_BITS_VALUE(buffer[0], 8u, 0xffu);
      |     ^~~~~~~~~~~~~~~~~~~~~~~~~~~~~~~~~~~~~~~~~
VbrTag.c:254:68: note: expanded from macro 'SHIFT_IN_BITS_VALUE'
  254 | #define SHIFT_IN_BITS_VALUE(x,n,v) ( x = (x << (n)) | ( (v) & ~(-1 << (n)) ) )
      |                                                                 ~~ ^
VbrTag.c:265:5: warning: shifting a negative signed value is undefined [-Wshift-negative-value]
  265 |     SHIFT_IN_BITS_VALUE(buffer[1], 3u, 7);
      |     ^~~~~~~~~~~~~~~~~~~~~~~~~~~~~~~~~~~~~
VbrTag.c:254:68: note: expanded from macro 'SHIFT_IN_BITS_VALUE'
  254 | #define SHIFT_IN_BITS_VALUE(x,n,v) ( x = (x << (n)) | ( (v) & ~(-1 << (n)) ) )
      |                                                                 ~~ ^
VbrTag.c:266:5: warning: shifting a negative signed value is undefined [-Wshift-negative-value]
  266 |     SHIFT_IN_BITS_VALUE(buffer[1], 1u, (cfg->samplerate_out < 16000) ? 0 : 1);
      |     ^~~~~~~~~~~~~~~~~~~~~~~~~~~~~~~~~~~~~~~~~~~~~~~~~~~~~~~~~~~~~~~~~~~~~~~~~
VbrTag.c:254:68: note: expanded from macro 'SHIFT_IN_BITS_VALUE'
  254 | #define SHIFT_IN_BITS_VALUE(x,n,v) ( x = (x << (n)) | ( (v) & ~(-1 << (n)) ) )
      |                                                                 ~~ ^
VbrTag.c:267:5: warning: shifting a negative signed value is undefined [-Wshift-negative-value]
  267 |     SHIFT_IN_BITS_VALUE(buffer[1], 1u, cfg->version);
      |     ^~~~~~~~~~~~~~~~~~~~~~~~~~~~~~~~~~~~~~~~~~~~~~~~
VbrTag.c:254:68: note: expanded from macro 'SHIFT_IN_BITS_VALUE'
  254 | #define SHIFT_IN_BITS_VALUE(x,n,v) ( x = (x << (n)) | ( (v) & ~(-1 << (n)) ) )
      |                                                                 ~~ ^
VbrTag.c:268:5: warning: shifting a negative signed value is undefined [-Wshift-negative-value]
  268 |     SHIFT_IN_BITS_VALUE(buffer[1], 2u, 4 - 3);
      |     ^~~~~~~~~~~~~~~~~~~~~~~~~~~~~~~~~~~~~~~~~
VbrTag.c:254:68: note: expanded from macro 'SHIFT_IN_BITS_VALUE'
  254 | #define SHIFT_IN_BITS_VALUE(x,n,v) ( x = (x << (n)) | ( (v) & ~(-1 << (n)) ) )
      |                                                                 ~~ ^
VbrTag.c:269:5: warning: shifting a negative signed value is undefined [-Wshift-negative-value]
  269 |     SHIFT_IN_BITS_VALUE(buffer[1], 1u, (!cfg->error_protection) ? 1 : 0);
      |     ^~~~~~~~~~~~~~~~~~~~~~~~~~~~~~~~~~~~~~~~~~~~~~~~~~~~~~~~~~~~~~~~~~~~
VbrTag.c:254:68: note: expanded from macro 'SHIFT_IN_BITS_VALUE'
  254 | #define SHIFT_IN_BITS_VALUE(x,n,v) ( x = (x << (n)) | ( (v) & ~(-1 << (n)) ) )
      |                                                                 ~~ ^
VbrTag.c:271:5: warning: shifting a negative signed value is undefined [-Wshift-negative-value]
  271 |     SHIFT_IN_BITS_VALUE(buffer[2], 4u, eov->bitrate_index);
      |     ^~~~~~~~~~~~~~~~~~~~~~~~~~~~~~~~~~~~~~~~~~~~~~~~~~~~~~
VbrTag.c:254:68: note: expanded from macro 'SHIFT_IN_BITS_VALUE'
  254 | #define SHIFT_IN_BITS_VALUE(x,n,v) ( x = (x << (n)) | ( (v) & ~(-1 << (n)) ) )
      |                                                                 ~~ ^
VbrTag.c:272:5: warning: shifting a negative signed value is undefined [-Wshift-negative-value]
  272 |     SHIFT_IN_BITS_VALUE(buffer[2], 2u, cfg->samplerate_index);
      |     ^~~~~~~~~~~~~~~~~~~~~~~~~~~~~~~~~~~~~~~~~~~~~~~~~~~~~~~~~
VbrTag.c:254:68: note: expanded from macro 'SHIFT_IN_BITS_VALUE'
  254 | #define SHIFT_IN_BITS_VALUE(x,n,v) ( x = (x << (n)) | ( (v) & ~(-1 << (n)) ) )
      |                                                                 ~~ ^
VbrTag.c:273:5: warning: shifting a negative signed value is undefined [-Wshift-negative-value]
  273 |     SHIFT_IN_BITS_VALUE(buffer[2], 1u, 0);
      |     ^~~~~~~~~~~~~~~~~~~~~~~~~~~~~~~~~~~~~
VbrTag.c:254:68: note: expanded from macro 'SHIFT_IN_BITS_VALUE'
  254 | #define SHIFT_IN_BITS_VALUE(x,n,v) ( x = (x << (n)) | ( (v) & ~(-1 << (n)) ) )
      |                                                                 ~~ ^
VbrTag.c:274:5: warning: shifting a negative signed value is undefined [-Wshift-negative-value]
  274 |     SHIFT_IN_BITS_VALUE(buffer[2], 1u, cfg->extension);
      |     ^~~~~~~~~~~~~~~~~~~~~~~~~~~~~~~~~~~~~~~~~~~~~~~~~~
VbrTag.c:254:68: note: expanded from macro 'SHIFT_IN_BITS_VALUE'
  254 | #define SHIFT_IN_BITS_VALUE(x,n,v) ( x = (x << (n)) | ( (v) & ~(-1 << (n)) ) )
      |                                                                 ~~ ^
VbrTag.c:276:5: warning: shifting a negative signed value is undefined [-Wshift-negative-value]
  276 |     SHIFT_IN_BITS_VALUE(buffer[3], 2u, cfg->mode);
      |     ^~~~~~~~~~~~~~~~~~~~~~~~~~~~~~~~~~~~~~~~~~~~~
VbrTag.c:254:68: note: expanded from macro 'SHIFT_IN_BITS_VALUE'
  254 | #define SHIFT_IN_BITS_VALUE(x,n,v) ( x = (x << (n)) | ( (v) & ~(-1 << (n)) ) )
      |                                                                 ~~ ^
VbrTag.c:277:5: warning: shifting a negative signed value is undefined [-Wshift-negative-value]
  277 |     SHIFT_IN_BITS_VALUE(buffer[3], 2u, eov->mode_ext);
      |     ^~~~~~~~~~~~~~~~~~~~~~~~~~~~~~~~~~~~~~~~~~~~~~~~~
VbrTag.c:254:68: note: expanded from macro 'SHIFT_IN_BITS_VALUE'
  254 | #define SHIFT_IN_BITS_VALUE(x,n,v) ( x = (x << (n)) | ( (v) & ~(-1 << (n)) ) )
      |                                                                 ~~ ^
VbrTag.c:278:5: warning: shifting a negative signed value is undefined [-Wshift-negative-value]
  278 |     SHIFT_IN_BITS_VALUE(buffer[3], 1u, cfg->copyright);
      |     ^~~~~~~~~~~~~~~~~~~~~~~~~~~~~~~~~~~~~~~~~~~~~~~~~~
VbrTag.c:254:68: note: expanded from macro 'SHIFT_IN_BITS_VALUE'
  254 | #define SHIFT_IN_BITS_VALUE(x,n,v) ( x = (x << (n)) | ( (v) & ~(-1 << (n)) ) )
      |                                                                 ~~ ^
VbrTag.c:279:5: warning: shifting a negative signed value is undefined [-Wshift-negative-value]
  279 |     SHIFT_IN_BITS_VALUE(buffer[3], 1u, cfg->original);
      |     ^~~~~~~~~~~~~~~~~~~~~~~~~~~~~~~~~~~~~~~~~~~~~~~~~
VbrTag.c:254:68: note: expanded from macro 'SHIFT_IN_BITS_VALUE'
  254 | #define SHIFT_IN_BITS_VALUE(x,n,v) ( x = (x << (n)) | ( (v) & ~(-1 << (n)) ) )
      |                                                                 ~~ ^
VbrTag.c:280:5: warning: shifting a negative signed value is undefined [-Wshift-negative-value]
  280 |     SHIFT_IN_BITS_VALUE(buffer[3], 2u, cfg->emphasis);
      |     ^~~~~~~~~~~~~~~~~~~~~~~~~~~~~~~~~~~~~~~~~~~~~~~~~
VbrTag.c:254:68: note: expanded from macro 'SHIFT_IN_BITS_VALUE'
  254 | #define SHIFT_IN_BITS_VALUE(x,n,v) ( x = (x << (n)) | ( (v) & ~(-1 << (n)) ) )
      |                                                                 ~~ ^
VbrTag.c:430:23: warning: comparison of array 'pTagData->toc' not equal to a null pointer is always true [-Wtautological-pointer-compare]
  430 |         if (pTagData->toc != NULL) {
      |             ~~~~~~~~~~^~~    ~~~~
16 warnings generated.
presets.c:170:5: warning: using floating point absolute value function 'fabs' when argument is of integer type [-Wabsolute-value]
  170 |     SET_OPTION(quant_comp, set->quant_comp, -1);
      |     ^
presets.c:36:16: note: expanded from macro 'SET_OPTION'
   36 |     else if (!(fabs(lame_get_##opt(gfp) - def) > 0)) \
      |                ^
presets.c:170:5: note: use function 'abs' instead
presets.c:36:16: note: expanded from macro 'SET_OPTION'
   36 |     else if (!(fabs(lame_get_##opt(gfp) - def) > 0)) \
      |                ^
presets.c:171:5: warning: using floating point absolute value function 'fabs' when argument is of integer type [-Wabsolute-value]
  171 |     SET_OPTION(quant_comp_short, set->quant_comp_s, -1);
      |     ^
presets.c:36:16: note: expanded from macro 'SET_OPTION'
   36 |     else if (!(fabs(lame_get_##opt(gfp) - def) > 0)) \
      |                ^
presets.c:171:5: note: use function 'abs' instead
presets.c:36:16: note: expanded from macro 'SET_OPTION'
   36 |     else if (!(fabs(lame_get_##opt(gfp) - def) > 0)) \
      |                ^
presets.c:284:5: warning: using floating point absolute value function 'fabs' when argument is of integer type [-Wabsolute-value]
  284 |     SET_OPTION(quant_comp, abr_switch_map[r].quant_comp, -1);
      |     ^
presets.c:36:16: note: expanded from macro 'SET_OPTION'
   36 |     else if (!(fabs(lame_get_##opt(gfp) - def) > 0)) \
      |                ^
presets.c:284:5: note: use function 'abs' instead
presets.c:36:16: note: expanded from macro 'SET_OPTION'
   36 |     else if (!(fabs(lame_get_##opt(gfp) - def) > 0)) \
      |                ^
presets.c:285:5: warning: using floating point absolute value function 'fabs' when argument is of integer type [-Wabsolute-value]
  285 |     SET_OPTION(quant_comp_short, abr_switch_map[r].quant_comp_s, -1);
      |     ^
presets.c:36:16: note: expanded from macro 'SET_OPTION'
   36 |     else if (!(fabs(lame_get_##opt(gfp) - def) > 0)) \
      |                ^
presets.c:285:5: note: use function 'abs' instead
presets.c:36:16: note: expanded from macro 'SET_OPTION'
   36 |     else if (!(fabs(lame_get_##opt(gfp) - def) > 0)) \
      |                ^
4 warnings generated.
touch liblame.a
rm liblame.a
ar cq liblame.a bitstream.o encoder.o fft.o gain_analysis.o mpglib_interface.o id3tag.o lame.o newmdct.o psymodel.o quantize.o quantize_pvt.o set_get.o vbrquantize.o reservoir.o tables.o takehiro.o util.o VbrTag.o version.o presets.o vector_xmm_quantize_sub.o
ranlib liblame.a
make[1]: Leaving directory '/d/Praat-work/稳定早期版/external/lame'
make -C external/mp3
make[1]: Entering directory '/d/Praat-work/稳定早期版/external/mp3'
clang -std=gnu++17 -municode -D_FILE_OFFSET_BITS=64 -march=x86-64-v3 -O3 -Wshadow -I ../../melder  -c -o mp3.o mp3.cpp
clang -std=gnu99 -municode -D_FILE_OFFSET_BITS=64 -march=x86-64-v3 -O3 -I ../../melder  -c -o mad_bit.o mad_bit.c
clang -std=gnu99 -municode -D_FILE_OFFSET_BITS=64 -march=x86-64-v3 -O3 -I ../../melder  -c -o mad_decoder.o mad_decoder.c
clang -std=gnu99 -municode -D_FILE_OFFSET_BITS=64 -march=x86-64-v3 -O3 -I ../../melder  -c -o mad_fixed.o mad_fixed.c
clang -std=gnu99 -municode -D_FILE_OFFSET_BITS=64 -march=x86-64-v3 -O3 -I ../../melder  -c -o mad_frame.o mad_frame.c
clang -std=gnu99 -municode -D_FILE_OFFSET_BITS=64 -march=x86-64-v3 -O3 -I ../../melder  -c -o mad_huffman.o mad_huffman.c
clang -std=gnu99 -municode -D_FILE_OFFSET_BITS=64 -march=x86-64-v3 -O3 -I ../../melder  -c -o mad_layer12.o mad_layer12.c
clang -std=gnu99 -municode -D_FILE_OFFSET_BITS=64 -march=x86-64-v3 -O3 -I ../../melder  -c -o mad_layer3.o mad_layer3.c
clang -std=gnu99 -municode -D_FILE_OFFSET_BITS=64 -march=x86-64-v3 -O3 -I ../../melder  -c -o mad_stream.o mad_stream.c
clang -std=gnu99 -municode -D_FILE_OFFSET_BITS=64 -march=x86-64-v3 -O3 -I ../../melder  -c -o mad_synth.o mad_synth.c
clang -std=gnu99 -municode -D_FILE_OFFSET_BITS=64 -march=x86-64-v3 -O3 -I ../../melder  -c -o mad_timer.o mad_timer.c
clang -std=gnu99 -municode -D_FILE_OFFSET_BITS=64 -march=x86-64-v3 -O3 -I ../../melder  -c -o mad_version.o mad_version.c
touch libmp3.a
rm libmp3.a
ar cq libmp3.a mp3.o mad_bit.o mad_decoder.o mad_fixed.o mad_frame.o mad_huffman.o mad_layer12.o mad_layer3.o mad_stream.o mad_synth.o mad_timer.o mad_version.o
ranlib libmp3.a
make[1]: Leaving directory '/d/Praat-work/稳定早期版/external/mp3'
make -C external/num
make[1]: Entering directory '/d/Praat-work/稳定早期版/external/num'
clang -std=gnu++17 -municode -D_FILE_OFFSET_BITS=64 -march=x86-64-v3 -O3 -Wshadow -I ../../melder  -c -o median_of_ninthers.o median_of_ninthers.cpp
touch libsys.a
rm libsys.a
ar cq libsys.a Thing.o Data.o Simple.o Collection.o Strings.o Graphics.o Graphics_linesAndAreas.o Graphics_text.o Graphics_colour.o Graphics_image.o Graphics_record.o Graphics_utils.o Graphics_grey.o Graphics_altitude.o GraphicsPostscript.o Graphics_surface.o ManPage.o ManPages.o ManPages_toHtml.o Script.o Notebook.o machine.o GraphicsScreen.o Printer.o Preferences.o site.o Picture.o Ui.o UiFile.o UiPause.o DataGui.o Editor.o DataEditor.o HyperPage.o Manual.o TextEditor.o praat.o praat_actions.o praat_menuCommands.o praat_picture.o praat_script.o praat_statistics.o praat_logo.o praat_library.o praat_objectMenus.o InfoEditor.o ScriptEditor.o NotebookEditor.o ButtonEditor.o Interpreter.o Formula.o StringsEditor.o DemoEditor.o motifEmulator.o GuiText.o GuiWindow.o Gui.o GuiObject.o GuiDrawingArea.o GuiMenu.o GuiMenuItem.o GuiButton.o GuiLabel.o GuiCheckButton.o GuiRadioButton.o GuiDialog.o GuiList.o GuiTrust.o GuiFileSelect.o GuiScale.o GuiScrollBar.o GuiScrolledWindow.o GuiControl.o GuiForm.o GuiOptionMenu.o GuiProgressBar.o GuiShell.o GuiThing.o Gui_messages.o praat_translate.o praat_python.o PraatAiControl.o PythonScriptEditor.o PreferencesDialog.o
ranlib libsys.a
make[1]: Leaving directory '/d/Praat-work/稳定早期版/sys'
make -C dwsys
touch libnum.a
rm libnum.a
ar cq libnum.a median_of_ninthers.o
make[1]: Entering directory '/d/Praat-work/稳定早期版/dwsys'
clang -std=gnu++17 -municode -D_FILE_OFFSET_BITS=64 -march=x86-64-v3 -O3 -Wshadow -I ../melder -I ../stat -I ../sys -I ../fon -I ../external/gsl -I ../external/num -I ../external/clapack -I ../kar -I ../dwtools  -c -o ChebyshevSeries.o ChebyshevSeries.cpp
ranlib libnum.a
clang -std=gnu++17 -municode -D_FILE_OFFSET_BITS=64 -march=x86-64-v3 -O3 -Wshadow -I ../melder -I ../stat -I ../sys -I ../fon -I ../external/gsl -I ../external/num -I ../external/clapack -I ../kar -I ../dwtools  -c -o Collection_extensions.o Collection_extensions.cpp
clang -std=gnu++17 -municode -D_FILE_OFFSET_BITS=64 -march=x86-64-v3 -O3 -Wshadow -I ../melder -I ../stat -I ../sys -I ../fon -I ../external/gsl -I ../external/num -I ../external/clapack -I ../kar -I ../dwtools  -c -o Command.o Command.cpp
clang -std=gnu++17 -municode -D_FILE_OFFSET_BITS=64 -march=x86-64-v3 -O3 -Wshadow -I ../melder -I ../stat -I ../sys -I ../fon -I ../external/gsl -I ../external/num -I ../external/clapack -I ../kar -I ../dwtools  -c -o DoublyLinkedList.o DoublyLinkedList.cpp
clang -std=gnu++17 -municode -D_FILE_OFFSET_BITS=64 -march=x86-64-v3 -O3 -Wshadow -I ../melder -I ../stat -I ../sys -I ../fon -I ../external/gsl -I ../external/num -I ../external/clapack -I ../kar -I ../dwtools  -c -o Eigen.o Eigen.cpp
clang -std=gnu++17 -municode -D_FILE_OFFSET_BITS=64 -march=x86-64-v3 -O3 -Wshadow -I ../melder -I ../stat -I ../sys -I ../fon -I ../external/gsl -I ../external/num -I ../external/clapack -I ../kar -I ../dwtools  -c -o ExtendedReal.o ExtendedReal.cpp
clang -std=gnu++17 -municode -D_FILE_OFFSET_BITS=64 -march=x86-64-v3 -O3 -Wshadow -I ../melder -I ../stat -I ../sys -I ../fon -I ../external/gsl -I ../external/num -I ../external/clapack -I ../kar -I ../dwtools  -c -o FileInMemory.o FileInMemory.cpp
clang -std=gnu++17 -municode -D_FILE_OFFSET_BITS=64 -march=x86-64-v3 -O3 -Wshadow -I ../melder -I ../stat -I ../sys -I ../fon -I ../external/gsl -I ../external/num -I ../external/clapack -I ../kar -I ../dwtools  -c -o FunctionSeries.o FunctionSeries.cpp
clang -std=gnu++17 -municode -D_FILE_OFFSET_BITS=64 -march=x86-64-v3 -O3 -Wshadow -I ../melder -I ../stat -I ../sys -I ../fon -I ../external/gsl -I ../external/num -I ../external/clapack -I ../kar -I ../dwtools  -c -o Graphics_extensions.o Graphics_extensions.cpp
make[1]: Leaving directory '/d/Praat-work/稳定早期版/external/num'
clang -std=gnu++17 -municode -D_FILE_OFFSET_BITS=64 -march=x86-64-v3 -O3 -Wshadow -I ../melder -I ../stat -I ../sys -I ../fon -I ../external/gsl -I ../external/num -I ../external/clapack -I ../kar -I ../dwtools  -c -o Index.o Index.cpp
make -C external/flac
clang -std=gnu++17 -municode -D_FILE_OFFSET_BITS=64 -march=x86-64-v3 -O3 -Wshadow -I ../melder -I ../stat -I ../sys -I ../fon -I ../external/gsl -I ../external/num -I ../external/clapack -I ../kar -I ../dwtools  -c -o LegendreSeries.o LegendreSeries.cpp
make[1]: Entering directory '/d/Praat-work/稳定早期版/external/flac'
clang -std=gnu99 -municode -D_FILE_OFFSET_BITS=64 -march=x86-64-v3 -O3 -I ../../melder  -c -o flac_bitmath.o flac_bitmath.c
clang -std=gnu99 -municode -D_FILE_OFFSET_BITS=64 -march=x86-64-v3 -O3 -I ../../melder  -c -o flac_bitreader.o flac_bitreader.c
In file included from Graphics_extensions.cpp:25:
./Graphics_extensions.h:87:37: warning: declaration shadows a field of 'structLineSegmentClipper' [-Wshadow]
   87 |         int getCohenSutherlandCode (HPoint p) {
      |                                            ^
./Graphics_extensions.h:82:32: note: previous declaration is here
   82 |         struct structHPoint from, to, p; // working storage
      |                                       ^
./Graphics_extensions.h:100:41: warning: declaration shadows a field of 'structLineSegmentClipper' [-Wshadow]
  100 |         void cross (HPoint a, HPoint b, HPoint p) {  // p = a x b
      |                                                ^
./Graphics_extensions.h:82:32: note: previous declaration is here
   82 |         struct structHPoint from, to, p; // working storage
      |                                       ^
clang -std=gnu99 -municode -D_FILE_OFFSET_BITS=64 -march=x86-64-v3 -O3 -I ../../melder  -c -o flac_bitwriter.o flac_bitwriter.c
clang -std=gnu++17 -municode -D_FILE_OFFSET_BITS=64 -march=x86-64-v3 -O3 -Wshadow -I ../melder -I ../stat -I ../sys -I ../fon -I ../external/gsl -I ../external/num -I ../external/clapack -I ../kar -I ../dwtools  -c -o MAT_numerics.o MAT_numerics.cpp
clang -std=gnu99 -municode -D_FILE_OFFSET_BITS=64 -march=x86-64-v3 -O3 -I ../../melder  -c -o flac_cpu.o flac_cpu.c
clang -std=gnu99 -municode -D_FILE_OFFSET_BITS=64 -march=x86-64-v3 -O3 -I ../../melder  -c -o flac_crc.o flac_crc.c
clang -std=gnu++17 -municode -D_FILE_OFFSET_BITS=64 -march=x86-64-v3 -O3 -Wshadow -I ../melder -I ../stat -I ../sys -I ../fon -I ../external/gsl -I ../external/num -I ../external/clapack -I ../kar -I ../dwtools  -c -o NMF.o NMF.cpp
2 warnings generated.
clang -std=gnu99 -municode -D_FILE_OFFSET_BITS=64 -march=x86-64-v3 -O3 -I ../../melder  -c -o flac_fixed.o flac_fixed.c
clang -std=gnu++17 -municode -D_FILE_OFFSET_BITS=64 -march=x86-64-v3 -O3 -Wshadow -I ../melder -I ../stat -I ../sys -I ../fon -I ../external/gsl -I ../external/num -I ../external/clapack -I ../kar -I ../dwtools  -c -o NUM2.o NUM2.cpp
clang -std=gnu++17 -municode -D_FILE_OFFSET_BITS=64 -march=x86-64-v3 -O3 -Wshadow -I ../melder -I ../stat -I ../sys -I ../fon -I ../external/gsl -I ../external/num -I ../external/clapack -I ../kar -I ../dwtools  -c -o NUMhuber.o NUMhuber.cpp
clang -std=gnu++17 -municode -D_FILE_OFFSET_BITS=64 -march=x86-64-v3 -O3 -Wshadow -I ../melder -I ../stat -I ../sys -I ../fon -I ../external/gsl -I ../external/num -I ../external/clapack -I ../kar -I ../dwtools  -c -o NUMmachar.o NUMmachar.cpp
clang -std=gnu++17 -municode -D_FILE_OFFSET_BITS=64 -march=x86-64-v3 -O3 -Wshadow -I ../melder -I ../stat -I ../sys -I ../fon -I ../external/gsl -I ../external/num -I ../external/clapack -I ../kar -I ../dwtools  -c -o NUMcomplex.o NUMcomplex.cpp
clang -std=gnu99 -municode -D_FILE_OFFSET_BITS=64 -march=x86-64-v3 -O3 -I ../../melder  -c -o flac_float.o flac_float.c
clang -std=gnu++17 -municode -D_FILE_OFFSET_BITS=64 -march=x86-64-v3 -O3 -Wshadow -I ../melder -I ../stat -I ../sys -I ../fon -I ../external/gsl -I ../external/num -I ../external/clapack -I ../kar -I ../dwtools  -c -o NUMFourier.o NUMFourier.cpp
clang -std=gnu99 -municode -D_FILE_OFFSET_BITS=64 -march=x86-64-v3 -O3 -I ../../melder  -c -o flac_format.o flac_format.c
clang -std=gnu99 -municode -D_FILE_OFFSET_BITS=64 -march=x86-64-v3 -O3 -I ../../melder  -c -o flac_lpc.o flac_lpc.c
clang -std=gnu99 -municode -D_FILE_OFFSET_BITS=64 -march=x86-64-v3 -O3 -I ../../melder  -c -o flac_md5.o flac_md5.c
MAT_numerics.cpp:110:14: warning: declaration shadows a local variable [-Wshadow]
  110 |                 const bool sortAscending = false;
      |                            ^
MAT_numerics.cpp:101:79: note: previous declaration is here
  101 | void MAT_into_Eigen (constMATVU const& mat, kMAT_TYPE matType, Eigen me, bool sortAscending) {
      |                                                                               ^
clang -std=gnu++17 -municode -D_FILE_OFFSET_BITS=64 -march=x86-64-v3 -O3 -Wshadow -I ../melder -I ../stat -I ../sys -I ../fon -I ../external/gsl -I ../external/num -I ../external/clapack -I ../kar -I ../dwtools  -c -o NUMsorting.o NUMsorting.cpp
clang -std=gnu++17 -municode -D_FILE_OFFSET_BITS=64 -march=x86-64-v3 -O3 -Wshadow -I ../melder -I ../stat -I ../sys -I ../fon -I ../external/gsl -I ../external/num -I ../external/clapack -I ../kar -I ../dwtools  -c -o NUMmathlib.o NUMmathlib.cpp
clang -std=gnu99 -municode -D_FILE_OFFSET_BITS=64 -march=x86-64-v3 -O3 -I ../../melder  -c -o flac_memory.o flac_memory.c
clang -std=gnu99 -municode -D_FILE_OFFSET_BITS=64 -march=x86-64-v3 -O3 -I ../../melder  -c -o flac_metadata_iterators.o flac_metadata_iterators.c
clang -std=gnu99 -municode -D_FILE_OFFSET_BITS=64 -march=x86-64-v3 -O3 -I ../../melder  -c -o flac_metadata_object.o flac_metadata_object.c
In file included from NUMFourier.cpp:41:
./NUMfft_core.h:858:11: warning: declaration shadows a local variable [-Wshadow]
  858 |                 integer t5 = (t4 = (t3 = (t2 = t1 << 2) + t6)) + t6;
      |                         ^
./NUMfft_core.h:832:22: note: previous declaration is here
  832 |         integer t3 = 0, t4, t5, t8;
      |                             ^
clang -std=gnu99 -municode -D_FILE_OFFSET_BITS=64 -march=x86-64-v3 -O3 -I ../../melder  -c -o flac_stream_decoder.o flac_stream_decoder.c
clang -std=gnu++17 -municode -D_FILE_OFFSET_BITS=64 -march=x86-64-v3 -O3 -Wshadow -I ../melder -I ../stat -I ../sys -I ../fon -I ../external/gsl -I ../external/num -I ../external/clapack -I ../kar -I ../dwtools  -c -o NUMstring.o NUMstring.cpp
1 warning generated.
clang -std=gnu99 -municode -D_FILE_OFFSET_BITS=64 -march=x86-64-v3 -O3 -I ../../melder  -c -o flac_stream_encoder.o flac_stream_encoder.c
clang -std=gnu++17 -municode -D_FILE_OFFSET_BITS=64 -march=x86-64-v3 -O3 -Wshadow -I ../melder -I ../stat -I ../sys -I ../fon -I ../external/gsl -I ../external/num -I ../external/clapack -I ../kar -I ../dwtools  -c -o NUMselect.o NUMselect.cpp
clang -std=gnu++17 -municode -D_FILE_OFFSET_BITS=64 -march=x86-64-v3 -O3 -Wshadow -I ../melder -I ../stat -I ../sys -I ../fon -I ../external/gsl -I ../external/num -I ../external/clapack -I ../kar -I ../dwtools  -c -o Permutation.o Permutation.cpp
clang -std=gnu99 -municode -D_FILE_OFFSET_BITS=64 -march=x86-64-v3 -O3 -I ../../melder  -c -o flac_stream_encoder_framing.o flac_stream_encoder_framing.c
clang -std=gnu++17 -municode -D_FILE_OFFSET_BITS=64 -march=x86-64-v3 -O3 -Wshadow -I ../melder -I ../stat -I ../sys -I ../fon -I ../external/gsl -I ../external/num -I ../external/clapack -I ../kar -I ../dwtools  -c -o PermutationInversionCounter.o PermutationInversionCounter.cpp
clang -std=gnu99 -municode -D_FILE_OFFSET_BITS=64 -march=x86-64-v3 -O3 -I ../../melder  -c -o flac_window.o flac_window.c
clang -std=gnu99 -municode -D_FILE_OFFSET_BITS=64 -march=x86-64-v3 -O3 -I ../../melder  -c -o flac_share_win_utf8_io.o flac_share_win_utf8_io.c
clang -std=gnu++17 -municode -D_FILE_OFFSET_BITS=64 -march=x86-64-v3 -O3 -Wshadow -I ../melder -I ../stat -I ../sys -I ../fon -I ../external/gsl -I ../external/num -I ../external/clapack -I ../kar -I ../dwtools  -c -o Permutation_and_Index.o Permutation_and_Index.cpp
clang -std=gnu++17 -municode -D_FILE_OFFSET_BITS=64 -march=x86-64-v3 -O3 -Wshadow -I ../melder -I ../stat -I ../sys -I ../fon -I ../external/gsl -I ../external/num -I ../external/clapack -I ../kar -I ../dwtools  -c -o Polynomial.o Polynomial.cpp
clang -std=gnu++17 -municode -D_FILE_OFFSET_BITS=64 -march=x86-64-v3 -O3 -Wshadow -I ../melder -I ../stat -I ../sys -I ../fon -I ../external/gsl -I ../external/num -I ../external/clapack -I ../kar -I ../dwtools  -c -o Roots.o Roots.cpp
clang -std=gnu++17 -municode -D_FILE_OFFSET_BITS=64 -march=x86-64-v3 -O3 -Wshadow -I ../melder -I ../stat -I ../sys -I ../fon -I ../external/gsl -I ../external/num -I ../external/clapack -I ../kar -I ../dwtools  -c -o SlopeSelector.o SlopeSelector.cpp
clang -std=gnu++17 -municode -D_FILE_OFFSET_BITS=64 -march=x86-64-v3 -O3 -Wshadow -I ../melder -I ../stat -I ../sys -I ../fon -I ../external/gsl -I ../external/num -I ../external/clapack -I ../kar -I ../dwtools  -c -o Spline.o Spline.cpp
clang -std=gnu++17 -municode -D_FILE_OFFSET_BITS=64 -march=x86-64-v3 -O3 -Wshadow -I ../melder -I ../stat -I ../sys -I ../fon -I ../external/gsl -I ../external/num -I ../external/clapack -I ../kar -I ../dwtools  -c -o SVD.o SVD.cpp
touch libflac.a
rm libflac.a
ar cq libflac.a flac_bitmath.o flac_bitreader.o flac_bitwriter.o flac_cpu.o flac_crc.o flac_fixed.o flac_float.o flac_format.o flac_lpc.o flac_md5.o flac_memory.o flac_metadata_iterators.o flac_metadata_object.o flac_stream_decoder.o flac_stream_encoder.o flac_stream_encoder_framing.o flac_window.o flac_share_win_utf8_io.o
clang -std=gnu++17 -municode -D_FILE_OFFSET_BITS=64 -march=x86-64-v3 -O3 -Wshadow -I ../melder -I ../stat -I ../sys -I ../fon -I ../external/gsl -I ../external/num -I ../external/clapack -I ../kar -I ../dwtools  -c -o WorkvectorPool.o WorkvectorPool.cpp
ranlib libflac.a
PermutationInversionCounter.cpp:164:19: warning: declaration shadows a field of 'structPermutationInversionCounter' [-Wshadow]
  164 |         constPermutation otherInverse, constINTVEC const& sortedSelectedInversionIndices, INTVEC const& out_inversions)
      |                          ^
./PermutationInversionCounter.h:35:9: note: previous declaration is here
   35 |         INTVEC otherInverse;            // link to potherInverse -> p.get() supplied by user
      |                ^
PermutationInversionCounter.cpp:164:52: warning: declaration shadows a field of 'structPermutationInversionCounter' [-Wshadow]
  164 |         constPermutation otherInverse, constINTVEC const& sortedSelectedInversionIndices, INTVEC const& out_inversions)
      |                                                           ^
./PermutationInversionCounter.h:37:14: note: previous declaration is here
   37 |         constINTVEC sortedSelectedInversionIndices; // link to storage supplied by caller
      |                     ^
PermutationInversionCounter.cpp:168:16: warning: declaration shadows a field of 'structPermutationInversionCounter' [-Wshadow]
  168 |         const integer numberOfElements = p -> p.size;
      |                       ^
./PermutationInversionCounter.h:27:10: note: previous declaration is here
   27 |         integer numberOfElements;
      |                 ^
PermutationInversionCounter.cpp:181:21: warning: declaration shadows a field of 'structPermutationInversionCounter' [-Wshadow]
  181 |         constINTVEC const& sortedSelectedInversionIndices, INTVEC const& out_inversions)
      |                            ^
./PermutationInversionCounter.h:37:14: note: previous declaration is here
   37 |         constINTVEC sortedSelectedInversionIndices; // link to storage supplied by caller
      |                     ^
PermutationInversionCounter.cpp:195:14: warning: declaration shadows a field of 'structPermutationInversionCounter' [-Wshadow]
  195 |                 autoINTVEC sortedSelectedInversionIndices = to_INTVEC (out_inversions.size / 2);
      |                            ^
./PermutationInversionCounter.h:37:14: note: previous declaration is here
   37 |         constINTVEC sortedSelectedInversionIndices; // link to storage supplied by caller
      |                     ^
make[1]: Leaving directory '/d/Praat-work/稳定早期版/external/flac'
make -C external/portaudio
make[1]: Entering directory '/d/Praat-work/稳定早期版/external/portaudio'
clang -std=gnu99 -municode -D_FILE_OFFSET_BITS=64 -march=x86-64-v3 -O3   -c -o pa_unix_hostapis.o pa_unix_hostapis.c
clang -std=gnu99 -municode -D_FILE_OFFSET_BITS=64 -march=x86-64-v3 -O3   -c -o pa_unix_util.o pa_unix_util.c
clang -std=gnu99 -municode -D_FILE_OFFSET_BITS=64 -march=x86-64-v3 -O3   -c -o pa_linux_alsa.o pa_linux_alsa.c
5 warnings generated.
clang -std=gnu99 -municode -D_FILE_OFFSET_BITS=64 -march=x86-64-v3 -O3   -c -o pa_jack.o pa_jack.c
clang -std=gnu99 -municode -D_FILE_OFFSET_BITS=64 -march=x86-64-v3 -O3   -c -o pa_ringbuffer.o pa_ringbuffer.c
clang -std=gnu99 -municode -D_FILE_OFFSET_BITS=64 -march=x86-64-v3 -O3   -c -o pa_win_hostapis.o pa_win_hostapis.c
clang -std=gnu99 -municode -D_FILE_OFFSET_BITS=64 -march=x86-64-v3 -O3   -c -o pa_win_util.o pa_win_util.c
clang -std=gnu99 -municode -D_FILE_OFFSET_BITS=64 -march=x86-64-v3 -O3   -c -o pa_win_wmme.o pa_win_wmme.c
clang -std=gnu99 -municode -D_FILE_OFFSET_BITS=64 -march=x86-64-v3 -O3   -c -o pa_win_waveformat.o pa_win_waveformat.c
SlopeSelector.cpp:350:96: warning: declaration shadows a field of 'structSlopeSelector' [-Wshadow]
  350 | double structSlopeSelector :: slopeQuantile_orderNSquaredWithBuffer (double factor, VEC const& buffer) {
      |                                                                                                ^
./SlopeSelector.h:106:10: note: previous declaration is here
  106 |         autoVEC buffer; // for buffering and final quantile calculations
      |                 ^
SlopeSelector.cpp:487:18: warning: declaration shadows a local variable [-Wshadow]
  487 |                                 const double slope = NUMrandomUniform (0.1, 10.0);
      |                                              ^
SlopeSelector.cpp:463:11: note: previous declaration is here
  463 |                         double slope = 1.0, b = 4.0, stddev = 0.1, factor = 0.5;
      |                                ^
SlopeSelector.cpp:488:18: warning: declaration shadows a local variable [-Wshadow]
  488 |                                 for (integer i = 1; i <= n; i ++)
      |                                              ^
SlopeSelector.cpp:486:17: note: previous declaration is here
  486 |                         for (integer i = 1; i <= 5; i ++) {
      |                                      ^
clang -std=gnu99 -municode -D_FILE_OFFSET_BITS=64 -march=x86-64-v3 -O3   -c -o pa_front.o pa_front.c
clang -std=gnu99 -municode -D_FILE_OFFSET_BITS=64 -march=x86-64-v3 -O3   -c -o pa_debugprint.o pa_debugprint.c
clang -std=gnu99 -municode -D_FILE_OFFSET_BITS=64 -march=x86-64-v3 -O3   -c -o pa_cpuload.o pa_cpuload.c
clang -std=gnu99 -municode -D_FILE_OFFSET_BITS=64 -march=x86-64-v3 -O3   -c -o pa_allocation.o pa_allocation.c
clang -std=gnu99 -municode -D_FILE_OFFSET_BITS=64 -march=x86-64-v3 -O3   -c -o pa_process.o pa_process.c
clang -std=gnu99 -municode -D_FILE_OFFSET_BITS=64 -march=x86-64-v3 -O3   -c -o pa_converters.o pa_converters.c
1 warning generated.
clang -std=gnu99 -municode -D_FILE_OFFSET_BITS=64 -march=x86-64-v3 -O3   -c -o pa_dither.o pa_dither.c
clang -std=gnu99 -municode -D_FILE_OFFSET_BITS=64 -march=x86-64-v3 -O3   -c -o pa_stream.o pa_stream.c
pa_converters.c:350:32: warning: implicit conversion from 'int' to 'float' changes value from 2147483647 to 2147483648 [-Wimplicit-const-int-float-conversion]
  350 |         double scaled = *src * 0x7FFFFFFF;
      |                              ~ ^~~~~~~~~~
pa_converters.c:407:32: warning: implicit conversion from 'int' to 'float' changes value from 2147483647 to 2147483648 [-Wimplicit-const-int-float-conversion]
  407 |         double scaled = *src * 0x7FFFFFFF;
      |                              ~ ^~~~~~~~~~
pa_converters.c:535:32: warning: implicit conversion from 'int' to 'float' changes value from 2147483647 to 2147483648 [-Wimplicit-const-int-float-conversion]
  535 |         double scaled = *src * 0x7FFFFFFF;
      |                              ~ ^~~~~~~~~~
3 warnings generated.
touch libportaudio.a
rm libportaudio.a
ar cq libportaudio.a pa_unix_hostapis.o pa_unix_util.o pa_linux_alsa.o pa_jack.o pa_ringbuffer.o pa_win_hostapis.o pa_win_util.o pa_win_wmme.o pa_win_waveformat.o pa_front.o pa_debugprint.o pa_cpuload.o pa_allocation.o pa_process.o pa_converters.o pa_dither.o pa_stream.o
ranlib libportaudio.a
make[1]: Leaving directory '/d/Praat-work/稳定早期版/external/portaudio'
3 warnings generated.
make -C external/espeak
make[1]: Entering directory '/d/Praat-work/稳定早期版/external/espeak'
clang -std=gnu++17 -municode -D_FILE_OFFSET_BITS=64 -march=x86-64-v3 -O3 -Wshadow -I ../../kar -I ../../melder -I ../../sys -I ../../dwsys -I ../../stat  -c -o case.o case.cpp
clang -std=gnu++17 -municode -D_FILE_OFFSET_BITS=64 -march=x86-64-v3 -O3 -Wshadow -I ../../kar -I ../../melder -I ../../sys -I ../../dwsys -I ../../stat  -c -o categories.o categories.cpp
clang -std=gnu++17 -municode -D_FILE_OFFSET_BITS=64 -march=x86-64-v3 -O3 -Wshadow -I ../../kar -I ../../melder -I ../../sys -I ../../dwsys -I ../../stat  -c -o common.o common.cpp
clang -std=gnu++17 -municode -D_FILE_OFFSET_BITS=64 -march=x86-64-v3 -O3 -Wshadow -I ../../kar -I ../../melder -I ../../sys -I ../../dwsys -I ../../stat  -c -o compiledict.o compiledict.cpp
clang -std=gnu++17 -municode -D_FILE_OFFSET_BITS=64 -march=x86-64-v3 -O3 -Wshadow -I ../../kar -I ../../melder -I ../../sys -I ../../dwsys -I ../../stat  -c -o dictionary.o dictionary.cpp
clang -std=gnu++17 -municode -D_FILE_OFFSET_BITS=64 -march=x86-64-v3 -O3 -Wshadow -I ../../kar -I ../../melder -I ../../sys -I ../../dwsys -I ../../stat  -c -o encoding.o encoding.cpp
clang -std=gnu++17 -municode -D_FILE_OFFSET_BITS=64 -march=x86-64-v3 -O3 -Wshadow -I ../../kar -I ../../melder -I ../../sys -I ../../dwsys -I ../../stat  -c -o error.o error.cpp
clang -std=gnu++17 -municode -D_FILE_OFFSET_BITS=64 -march=x86-64-v3 -O3 -Wshadow -I ../../kar -I ../../melder -I ../../sys -I ../../dwsys -I ../../stat  -c -o espeak_api.o espeak_api.cpp
clang -std=gnu++17 -municode -D_FILE_OFFSET_BITS=64 -march=x86-64-v3 -O3 -Wshadow -I ../../kar -I ../../melder -I ../../sys -I ../../dwsys -I ../../stat  -c -o intonation.o intonation.cpp
clang -std=gnu++17 -municode -D_FILE_OFFSET_BITS=64 -march=x86-64-v3 -O3 -Wshadow -I ../../kar -I ../../melder -I ../../sys -I ../../dwsys -I ../../stat  -c -o klatt.o klatt.cpp
clang -std=gnu++17 -municode -D_FILE_OFFSET_BITS=64 -march=x86-64-v3 -O3 -Wshadow -I ../../kar -I ../../melder -I ../../sys -I ../../dwsys -I ../../stat  -c -o langopts.o langopts.cpp
clang -std=gnu++17 -municode -D_FILE_OFFSET_BITS=64 -march=x86-64-v3 -O3 -Wshadow -I ../../kar -I ../../melder -I ../../sys -I ../../dwsys -I ../../stat  -c -o mnemonics.o mnemonics.cpp
clang -std=gnu++17 -municode -D_FILE_OFFSET_BITS=64 -march=x86-64-v3 -O3 -Wshadow -I ../../kar -I ../../melder -I ../../sys -I ../../dwsys -I ../../stat  -c -o numbers.o numbers.cpp
clang -std=gnu++17 -municode -D_FILE_OFFSET_BITS=64 -march=x86-64-v3 -O3 -Wshadow -I ../../kar -I ../../melder -I ../../sys -I ../../dwsys -I ../../stat  -c -o phonemelist.o phonemelist.cpp
clang -std=gnu++17 -municode -D_FILE_OFFSET_BITS=64 -march=x86-64-v3 -O3 -Wshadow -I ../../kar -I ../../melder -I ../../sys -I ../../dwsys -I ../../stat  -c -o proplist.o proplist.cpp
clang -std=gnu++17 -municode -D_FILE_OFFSET_BITS=64 -march=x86-64-v3 -O3 -Wshadow -I ../../kar -I ../../melder -I ../../sys -I ../../dwsys -I ../../stat  -c -o readclause.o readclause.cpp
touch libdwsys.a
rm libdwsys.a
clang -std=gnu++17 -municode -D_FILE_OFFSET_BITS=64 -march=x86-64-v3 -O3 -Wshadow -I ../../kar -I ../../melder -I ../../sys -I ../../dwsys -I ../../stat  -c -o setlengths.o setlengths.cpp
ar cq libdwsys.a ChebyshevSeries.o Collection_extensions.o Command.o DoublyLinkedList.o Eigen.o ExtendedReal.o FileInMemory.o FunctionSeries.o Graphics_extensions.o Index.o LegendreSeries.o MAT_numerics.o NMF.o NUM2.o NUMhuber.o NUMmachar.o NUMcomplex.o NUMFourier.o NUMsorting.o NUMmathlib.o NUMstring.o NUMselect.o Permutation.o PermutationInversionCounter.o Permutation_and_Index.o Polynomial.o Roots.o SlopeSelector.o Spline.o SVD.o WorkvectorPool.o
ranlib libdwsys.a
clang -std=gnu++17 -municode -D_FILE_OFFSET_BITS=64 -march=x86-64-v3 -O3 -Wshadow -I ../../kar -I ../../melder -I ../../sys -I ../../dwsys -I ../../stat  -c -o soundicon.o soundicon.cpp
make[1]: Leaving directory '/d/Praat-work/稳定早期版/dwsys'
make -C stat
make[1]: Entering directory '/d/Praat-work/稳定早期版/stat'
clang -std=gnu++17 -municode -D_FILE_OFFSET_BITS=64 -march=x86-64-v3 -O3 -Wshadow -I ../kar -I ../melder -I ../sys -I ../dwsys -I ../dwtools -I ../fon -I ../foned -I ../stat  -c -o Table.o Table.cpp
clang -std=gnu++17 -municode -D_FILE_OFFSET_BITS=64 -march=x86-64-v3 -O3 -Wshadow -I ../kar -I ../melder -I ../sys -I ../dwsys -I ../dwtools -I ../fon -I ../foned -I ../stat  -c -o TableEditor.o TableEditor.cpp
clang -std=gnu++17 -municode -D_FILE_OFFSET_BITS=64 -march=x86-64-v3 -O3 -Wshadow -I ../kar -I ../melder -I ../sys -I ../dwsys -I ../dwtools -I ../fon -I ../foned -I ../stat  -c -o Regression.o Regression.cpp
clang -std=gnu++17 -municode -D_FILE_OFFSET_BITS=64 -march=x86-64-v3 -O3 -Wshadow -I ../kar -I ../melder -I ../sys -I ../dwsys -I ../dwtools -I ../fon -I ../foned -I ../stat  -c -o manual_statistics.o manual_statistics.cpp
clang -std=gnu++17 -municode -D_FILE_OFFSET_BITS=64 -march=x86-64-v3 -O3 -Wshadow -I ../../kar -I ../../melder -I ../../sys -I ../../dwsys -I ../../stat  -c -o speech.o speech.cpp
clang -std=gnu++17 -municode -D_FILE_OFFSET_BITS=64 -march=x86-64-v3 -O3 -Wshadow -I ../kar -I ../melder -I ../sys -I ../dwsys -I ../dwtools -I ../fon -I ../foned -I ../stat  -c -o praat_TableOfReal.o praat_TableOfReal.cpp
clang -std=gnu++17 -municode -D_FILE_OFFSET_BITS=64 -march=x86-64-v3 -O3 -Wshadow -I ../kar -I ../melder -I ../sys -I ../dwsys -I ../dwtools -I ../fon -I ../foned -I ../stat  -c -o praat_Stat.o praat_Stat.cpp
clang -std=gnu++17 -municode -D_FILE_OFFSET_BITS=64 -march=x86-64-v3 -O3 -Wshadow -I ../../kar -I ../../melder -I ../../sys -I ../../dwsys -I ../../stat  -c -o ssml.o ssml.cpp
clang -std=gnu++17 -municode -D_FILE_OFFSET_BITS=64 -march=x86-64-v3 -O3 -Wshadow -I ../kar -I ../melder -I ../sys -I ../dwsys -I ../dwtools -I ../fon -I ../foned -I ../stat  -c -o TableOfReal.o TableOfReal.cpp
clang -std=gnu++17 -municode -D_FILE_OFFSET_BITS=64 -march=x86-64-v3 -O3 -Wshadow -I ../../kar -I ../../melder -I ../../sys -I ../../dwsys -I ../../stat  -c -o synthdata.o synthdata.cpp
clang -std=gnu++17 -municode -D_FILE_OFFSET_BITS=64 -march=x86-64-v3 -O3 -Wshadow -I ../kar -I ../melder -I ../sys -I ../dwsys -I ../dwtools -I ../fon -I ../foned -I ../stat  -c -o Distributions.o Distributions.cpp
clang -std=gnu++17 -municode -D_FILE_OFFSET_BITS=64 -march=x86-64-v3 -O3 -Wshadow -I ../kar -I ../melder -I ../sys -I ../dwsys -I ../dwtools -I ../fon -I ../foned -I ../stat  -c -o Distributions_and_Strings.o Distributions_and_Strings.cpp
In file included from Table.cpp:22:
In file included from ../dwtools/SSCP.h:22:
In file included from ../dwtools/TableOfReal_extensions.h:23:
../dwsys/Graphics_extensions.h:87:37: warning: declaration shadows a field of 'structLineSegmentClipper' [-Wshadow]
   87 |         int getCohenSutherlandCode (HPoint p) {
      |                                            ^
../dwsys/Graphics_extensions.h:82:32: note: previous declaration is here
   82 |         struct structHPoint from, to, p; // working storage
      |                                       ^
../dwsys/Graphics_extensions.h:100:41: warning: declaration shadows a field of 'structLineSegmentClipper' [-Wshadow]
  100 |         void cross (HPoint a, HPoint b, HPoint p) {  // p = a x b
      |                                                ^
../dwsys/Graphics_extensions.h:82:32: note: previous declaration is here
   82 |         struct structHPoint from, to, p; // working storage
      |                                       ^
clang -std=gnu++17 -municode -D_FILE_OFFSET_BITS=64 -march=x86-64-v3 -O3 -Wshadow -I ../../kar -I ../../melder -I ../../sys -I ../../dwsys -I ../../stat  -c -o synthesize.o synthesize.cpp
clang -std=gnu++17 -municode -D_FILE_OFFSET_BITS=64 -march=x86-64-v3 -O3 -Wshadow -I ../../kar -I ../../melder -I ../../sys -I ../../dwsys -I ../../stat  -c -o tr_languages.o tr_languages.cpp
clang -std=gnu++17 -municode -D_FILE_OFFSET_BITS=64 -march=x86-64-v3 -O3 -Wshadow -I ../kar -I ../melder -I ../sys -I ../dwsys -I ../dwtools -I ../fon -I ../foned -I ../stat  -c -o PairDistribution.o PairDistribution.cpp
clang -std=gnu++17 -municode -D_FILE_OFFSET_BITS=64 -march=x86-64-v3 -O3 -Wshadow -I ../kar -I ../melder -I ../sys -I ../dwsys -I ../dwtools -I ../fon -I ../foned -I ../stat  -c -o LogisticRegression.o LogisticRegression.cpp
clang -std=gnu++17 -municode -D_FILE_OFFSET_BITS=64 -march=x86-64-v3 -O3 -Wshadow -I ../../kar -I ../../melder -I ../../sys -I ../../dwsys -I ../../stat  -c -o translate.o translate.cpp
clang -std=gnu++17 -municode -D_FILE_OFFSET_BITS=64 -march=x86-64-v3 -O3 -Wshadow -I ../../kar -I ../../melder -I ../../sys -I ../../dwsys -I ../../stat  -c -o translateword.o translateword.cpp
clang -std=gnu++17 -municode -D_FILE_OFFSET_BITS=64 -march=x86-64-v3 -O3 -Wshadow -I ../../kar -I ../../melder -I ../../sys -I ../../dwsys -I ../../stat  -c -o voices.o voices.cpp
speech.cpp:558:19: warning: declaration shadows a variable in the global namespace [-Wshadow]
  558 |         static const int mbrola_delay = 0;
      |                          ^
./mbrola.h:44:12: note: previous declaration is here
   44 | extern int mbrola_delay;
      |            ^
1 warning generated.
clang -std=gnu++17 -municode -D_FILE_OFFSET_BITS=64 -march=x86-64-v3 -O3 -Wshadow -I ../../kar -I ../../melder -I ../../sys -I ../../dwsys -I ../../stat  -c -o wavegen.o wavegen.cpp
2 warnings generated.
clang -std=gnu++17 -municode -D_FILE_OFFSET_BITS=64 -march=x86-64-v3 -O3 -Wshadow -I ../../kar -I ../../melder -I ../../sys -I ../../dwsys -I ../../stat  -c -o espeak_praat_FileInMemorySet_addLanguages.o espeak_praat_FileInMemorySet_addLanguages.cpp
clang -std=gnu++17 -municode -D_FILE_OFFSET_BITS=64 -march=x86-64-v3 -O3 -Wshadow -I ../../kar -I ../../melder -I ../../sys -I ../../dwsys -I ../../stat  -c -o espeak_praat_FileInMemorySet_addVoices.o espeak_praat_FileInMemorySet_addVoices.cpp
clang -std=gnu++17 -municode -D_FILE_OFFSET_BITS=64 -march=x86-64-v3 -O3 -Wshadow -I ../../kar -I ../../melder -I ../../sys -I ../../dwsys -I ../../stat  -c -o espeak_praat_FileInMemorySet_addDicts.o espeak_praat_FileInMemorySet_addDicts.cpp
clang -std=gnu++17 -municode -D_FILE_OFFSET_BITS=64 -march=x86-64-v3 -O3 -Wshadow -I ../../kar -I ../../melder -I ../../sys -I ../../dwsys -I ../../stat  -c -o espeak_praat_FileInMemorySet_addPhon.o espeak_praat_FileInMemorySet_addPhon.cpp
clang -std=gnu++17 -municode -D_FILE_OFFSET_BITS=64 -march=x86-64-v3 -O3 -Wshadow -I ../../kar -I ../../melder -I ../../sys -I ../../dwsys -I ../../stat  -c -o espeak_praat.o espeak_praat.cpp
voices.cpp:190:11: warning: 33 enumeration values not handled in switch: 'V_PHONEMES', 'V_DICTIONARY', 'V_MAINTAINER'... [-Wswitch]
  190 |                 switch ((VOICELANGATTRIBUTES) LookupMnem(keyword_tab, linebuf))
      |                         ^~~~~~~~~~~~~~~~~~~~~~~~~~~~~~~~~~~~~~~~~~~~~~~~~~~~~~
touch libstat.a
rm libstat.a
ar cq libstat.a Table.o TableEditor.o Regression.o manual_statistics.o praat_TableOfReal.o praat_Stat.o TableOfReal.o Distributions.o Distributions_and_Strings.o PairDistribution.o LogisticRegression.o
ranlib libstat.a
1 warning generated.
make[1]: Leaving directory '/d/Praat-work/稳定早期版/stat'
make -C fon
make[1]: Entering directory '/d/Praat-work/稳定早期版/fon'
clang -std=gnu++17 -municode -D_FILE_OFFSET_BITS=64 -march=x86-64-v3 -O3 -Wshadow -I ../kar -I ../melder -I ../sys -I ../dwsys -I ../stat -I ../dwtools -I ../LPC -I ../foned -I ../fon -I ../external/portaudio -I ../external/flac -I ../external/mp3 -I ../external/espeak -I ../external/whispercpp  -c -o Transition.o Transition.cpp
clang -std=gnu++17 -municode -D_FILE_OFFSET_BITS=64 -march=x86-64-v3 -O3 -Wshadow -I ../kar -I ../melder -I ../sys -I ../dwsys -I ../stat -I ../dwtools -I ../LPC -I ../foned -I ../fon -I ../external/portaudio -I ../external/flac -I ../external/mp3 -I ../external/espeak -I ../external/whispercpp  -c -o Distributions_and_Transition.o Distributions_and_Transition.cpp
clang -std=gnu++17 -municode -D_FILE_OFFSET_BITS=64 -march=x86-64-v3 -O3 -Wshadow -I ../kar -I ../melder -I ../sys -I ../dwsys -I ../stat -I ../dwtools -I ../LPC -I ../foned -I ../fon -I ../external/portaudio -I ../external/flac -I ../external/mp3 -I ../external/espeak -I ../external/whispercpp  -c -o Function.o Function.cpp
clang -std=gnu++17 -municode -D_FILE_OFFSET_BITS=64 -march=x86-64-v3 -O3 -Wshadow -I ../kar -I ../melder -I ../sys -I ../dwsys -I ../stat -I ../dwtools -I ../LPC -I ../foned -I ../fon -I ../external/portaudio -I ../external/flac -I ../external/mp3 -I ../external/espeak -I ../external/whispercpp  -c -o Sampled.o Sampled.cpp
clang -std=gnu++17 -municode -D_FILE_OFFSET_BITS=64 -march=x86-64-v3 -O3 -Wshadow -I ../kar -I ../melder -I ../sys -I ../dwsys -I ../stat -I ../dwtools -I ../LPC -I ../foned -I ../fon -I ../external/portaudio -I ../external/flac -I ../external/mp3 -I ../external/espeak -I ../external/whispercpp  -c -o SampledXY.o SampledXY.cpp
clang -std=gnu++17 -municode -D_FILE_OFFSET_BITS=64 -march=x86-64-v3 -O3 -Wshadow -I ../kar -I ../melder -I ../sys -I ../dwsys -I ../stat -I ../dwtools -I ../LPC -I ../foned -I ../fon -I ../external/portaudio -I ../external/flac -I ../external/mp3 -I ../external/espeak -I ../external/whispercpp  -c -o Matrix.o Matrix.cpp
clang -std=gnu++17 -municode -D_FILE_OFFSET_BITS=64 -march=x86-64-v3 -O3 -Wshadow -I ../kar -I ../melder -I ../sys -I ../dwsys -I ../stat -I ../dwtools -I ../LPC -I ../foned -I ../fon -I ../external/portaudio -I ../external/flac -I ../external/mp3 -I ../external/espeak -I ../external/whispercpp  -c -o Vector.o Vector.cpp
clang -std=gnu++17 -municode -D_FILE_OFFSET_BITS=64 -march=x86-64-v3 -O3 -Wshadow -I ../kar -I ../melder -I ../sys -I ../dwsys -I ../stat -I ../dwtools -I ../LPC -I ../foned -I ../fon -I ../external/portaudio -I ../external/flac -I ../external/mp3 -I ../external/espeak -I ../external/whispercpp  -c -o Polygon.o Polygon.cpp
clang -std=gnu++17 -municode -D_FILE_OFFSET_BITS=64 -march=x86-64-v3 -O3 -Wshadow -I ../kar -I ../melder -I ../sys -I ../dwsys -I ../stat -I ../dwtools -I ../LPC -I ../foned -I ../fon -I ../external/portaudio -I ../external/flac -I ../external/mp3 -I ../external/espeak -I ../external/whispercpp  -c -o PointProcess.o PointProcess.cpp
clang -std=gnu++17 -municode -D_FILE_OFFSET_BITS=64 -march=x86-64-v3 -O3 -Wshadow -I ../kar -I ../melder -I ../sys -I ../dwsys -I ../stat -I ../dwtools -I ../LPC -I ../foned -I ../fon -I ../external/portaudio -I ../external/flac -I ../external/mp3 -I ../external/espeak -I ../external/whispercpp  -c -o Matrix_and_PointProcess.o Matrix_and_PointProcess.cpp
clang -std=gnu++17 -municode -D_FILE_OFFSET_BITS=64 -march=x86-64-v3 -O3 -Wshadow -I ../kar -I ../melder -I ../sys -I ../dwsys -I ../stat -I ../dwtools -I ../LPC -I ../foned -I ../fon -I ../external/portaudio -I ../external/flac -I ../external/mp3 -I ../external/espeak -I ../external/whispercpp  -c -o Matrix_and_Polygon.o Matrix_and_Polygon.cpp
clang -std=gnu++17 -municode -D_FILE_OFFSET_BITS=64 -march=x86-64-v3 -O3 -Wshadow -I ../kar -I ../melder -I ../sys -I ../dwsys -I ../stat -I ../dwtools -I ../LPC -I ../foned -I ../fon -I ../external/portaudio -I ../external/flac -I ../external/mp3 -I ../external/espeak -I ../external/whispercpp  -c -o AnyTier.o AnyTier.cpp
touch libespeak.a
clang -std=gnu++17 -municode -D_FILE_OFFSET_BITS=64 -march=x86-64-v3 -O3 -Wshadow -I ../kar -I ../melder -I ../sys -I ../dwsys -I ../stat -I ../dwtools -I ../LPC -I ../foned -I ../fon -I ../external/portaudio -I ../external/flac -I ../external/mp3 -I ../external/espeak -I ../external/whispercpp  -c -o RealTier.o RealTier.cpp
clang -std=gnu++17 -municode -D_FILE_OFFSET_BITS=64 -march=x86-64-v3 -O3 -Wshadow -I ../kar -I ../melder -I ../sys -I ../dwsys -I ../stat -I ../dwtools -I ../LPC -I ../foned -I ../fon -I ../external/portaudio -I ../external/flac -I ../external/mp3 -I ../external/espeak -I ../external/whispercpp  -c -o Sound.o Sound.cpp
clang -std=gnu++17 -municode -D_FILE_OFFSET_BITS=64 -march=x86-64-v3 -O3 -Wshadow -I ../kar -I ../melder -I ../sys -I ../dwsys -I ../stat -I ../dwtools -I ../LPC -I ../foned -I ../fon -I ../external/portaudio -I ../external/flac -I ../external/mp3 -I ../external/espeak -I ../external/whispercpp  -c -o LongSound.o LongSound.cpp
rm libespeak.a
ar cq libespeak.a case.o categories.o common.o compiledict.o dictionary.o encoding.o error.o espeak_api.o intonation.o klatt.o langopts.o mnemonics.o numbers.o phonemelist.o proplist.o readclause.o setlengths.o soundicon.o speech.o ssml.o synthdata.o synthesize.o tr_languages.o translate.o translateword.o voices.o wavegen.o espeak_praat_FileInMemorySet_addLanguages.o espeak_praat_FileInMemorySet_addVoices.o espeak_praat_FileInMemorySet_addDicts.o espeak_praat_FileInMemorySet_addPhon.o espeak_praat.o
clang -std=gnu++17 -municode -D_FILE_OFFSET_BITS=64 -march=x86-64-v3 -O3 -Wshadow -I ../kar -I ../melder -I ../sys -I ../dwsys -I ../stat -I ../dwtools -I ../LPC -I ../foned -I ../fon -I ../external/portaudio -I ../external/flac -I ../external/mp3 -I ../external/espeak -I ../external/whispercpp  -c -o SoundSet.o SoundSet.cpp
clang -std=gnu++17 -municode -D_FILE_OFFSET_BITS=64 -march=x86-64-v3 -O3 -Wshadow -I ../kar -I ../melder -I ../sys -I ../dwsys -I ../stat -I ../dwtools -I ../LPC -I ../foned -I ../fon -I ../external/portaudio -I ../external/flac -I ../external/mp3 -I ../external/espeak -I ../external/whispercpp  -c -o Sound_files.o Sound_files.cpp
ranlib libespeak.a
clang -std=gnu++17 -municode -D_FILE_OFFSET_BITS=64 -march=x86-64-v3 -O3 -Wshadow -I ../kar -I ../melder -I ../sys -I ../dwsys -I ../stat -I ../dwtools -I ../LPC -I ../foned -I ../fon -I ../external/portaudio -I ../external/flac -I ../external/mp3 -I ../external/espeak -I ../external/whispercpp  -c -o Sound_audio.o Sound_audio.cpp
make[1]: Leaving directory '/d/Praat-work/稳定早期版/external/espeak'
make -C external/vorbis
make[1]: Entering directory '/d/Praat-work/稳定早期版/external/vorbis'
clang -std=gnu++17 -municode -D_FILE_OFFSET_BITS=64 -march=x86-64-v3 -O3 -Wshadow -I ../../melder  -c -o ogg_bitwise.o ogg_bitwise.cpp
clang -std=gnu++17 -municode -D_FILE_OFFSET_BITS=64 -march=x86-64-v3 -O3 -Wshadow -I ../../melder  -c -o ogg_framing.o ogg_framing.cpp
clang -std=gnu++17 -municode -D_FILE_OFFSET_BITS=64 -march=x86-64-v3 -O3 -Wshadow -I ../kar -I ../melder -I ../sys -I ../dwsys -I ../stat -I ../dwtools -I ../LPC -I ../foned -I ../fon -I ../external/portaudio -I ../external/flac -I ../external/mp3 -I ../external/espeak -I ../external/whispercpp  -c -o PointProcess_and_Sound.o PointProcess_and_Sound.cpp
clang -std=gnu++17 -municode -D_FILE_OFFSET_BITS=64 -march=x86-64-v3 -O3 -Wshadow -I ../kar -I ../melder -I ../sys -I ../dwsys -I ../stat -I ../dwtools -I ../LPC -I ../foned -I ../fon -I ../external/portaudio -I ../external/flac -I ../external/mp3 -I ../external/espeak -I ../external/whispercpp  -c -o Sound_PointProcess.o Sound_PointProcess.cpp
clang -std=gnu++17 -municode -D_FILE_OFFSET_BITS=64 -march=x86-64-v3 -O3 -Wshadow -I ../../melder  -c -o vorbis_block.o vorbis_block.cpp
LongSound.cpp:426:2: warning: declaration shadows a variable in the global namespace [-Wshadow]
  426 |         TRACE
      |         ^
../melder/melder_debug.h:54:31: note: expanded from macro 'TRACE'
   54 | #define TRACE  constexpr bool Melder_isTracingLocally = true;   // intentionally shadow a global variable; meant for temporary tracing of a function (to stderr)
      |                               ^
../melder/melder_debug.h:26:13: note: previous declaration is here
   26 | inline bool Melder_isTracingLocally = false;
      |             ^
clang -std=gnu++17 -municode -D_FILE_OFFSET_BITS=64 -march=x86-64-v3 -O3 -Wshadow -I ../../melder  -c -o vorbis_bitrate.o vorbis_bitrate.cpp
clang -std=gnu++17 -municode -D_FILE_OFFSET_BITS=64 -march=x86-64-v3 -O3 -Wshadow -I ../kar -I ../melder -I ../sys -I ../dwsys -I ../stat -I ../dwtools -I ../LPC -I ../foned -I ../fon -I ../external/portaudio -I ../external/flac -I ../external/mp3 -I ../external/espeak -I ../external/whispercpp  -c -o ParamCurve.o ParamCurve.cpp
clang -std=gnu++17 -municode -D_FILE_OFFSET_BITS=64 -march=x86-64-v3 -O3 -Wshadow -I ../../melder  -c -o vorbis_codebook.o vorbis_codebook.cpp
clang -std=gnu++17 -municode -D_FILE_OFFSET_BITS=64 -march=x86-64-v3 -O3 -Wshadow -I ../kar -I ../melder -I ../sys -I ../dwsys -I ../stat -I ../dwtools -I ../LPC -I ../foned -I ../fon -I ../external/portaudio -I ../external/flac -I ../external/mp3 -I ../external/espeak -I ../external/whispercpp  -c -o Pitch.o Pitch.cpp
clang -std=gnu++17 -municode -D_FILE_OFFSET_BITS=64 -march=x86-64-v3 -O3 -Wshadow -I ../kar -I ../melder -I ../sys -I ../dwsys -I ../stat -I ../dwtools -I ../LPC -I ../foned -I ../fon -I ../external/portaudio -I ../external/flac -I ../external/mp3 -I ../external/espeak -I ../external/whispercpp  -c -o Harmonicity.o Harmonicity.cpp
clang -std=gnu++17 -municode -D_FILE_OFFSET_BITS=64 -march=x86-64-v3 -O3 -Wshadow -I ../../melder  -c -o vorbis_envelope.o vorbis_envelope.cpp
clang -std=gnu++17 -municode -D_FILE_OFFSET_BITS=64 -march=x86-64-v3 -O3 -Wshadow -I ../kar -I ../melder -I ../sys -I ../dwsys -I ../stat -I ../dwtools -I ../LPC -I ../foned -I ../fon -I ../external/portaudio -I ../external/flac -I ../external/mp3 -I ../external/espeak -I ../external/whispercpp  -c -o Intensity.o Intensity.cpp
1 warning generated.
clang -std=gnu++17 -municode -D_FILE_OFFSET_BITS=64 -march=x86-64-v3 -O3 -Wshadow -I ../../melder  -c -o vorbis_floor0.o vorbis_floor0.cpp
clang -std=gnu++17 -municode -D_FILE_OFFSET_BITS=64 -march=x86-64-v3 -O3 -Wshadow -I ../kar -I ../melder -I ../sys -I ../dwsys -I ../stat -I ../dwtools -I ../LPC -I ../foned -I ../fon -I ../external/portaudio -I ../external/flac -I ../external/mp3 -I ../external/espeak -I ../external/whispercpp  -c -o Matrix_and_Pitch.o Matrix_and_Pitch.cpp
clang -std=gnu++17 -municode -D_FILE_OFFSET_BITS=64 -march=x86-64-v3 -O3 -Wshadow -I ../../melder  -c -o vorbis_info.o vorbis_info.cpp
Sound_audio.cpp:173:13: warning: declaration shadows a local variable [-Wshadow]
  173 |                                 PaError err = Pa_Initialize ();
      |                                         ^
Sound_audio.cpp:121:13: note: previous declaration is here
  121 |                         MMRESULT err;
      |                                  ^
Sound_audio.cpp:348:12: warning: declaration shadows a local variable [-Wshadow]
  348 |                         PaError err = Pa_OpenStream (& portaudioStream, & streamParameters, nullptr,
      |                                 ^
Sound_audio.cpp:121:13: note: previous declaration is here
  121 |                         MMRESULT err;
      |                                  ^
2 warnings generated.
clang -std=gnu++17 -municode -D_FILE_OFFSET_BITS=64 -march=x86-64-v3 -O3 -Wshadow -I ../../melder  -c -o vorbis_mdct.o vorbis_mdct.cpp
clang -std=gnu++17 -municode -D_FILE_OFFSET_BITS=64 -march=x86-64-v3 -O3 -Wshadow -I ../kar -I ../melder -I ../sys -I ../dwsys -I ../stat -I ../dwtools -I ../LPC -I ../foned -I ../fon -I ../external/portaudio -I ../external/flac -I ../external/mp3 -I ../external/espeak -I ../external/whispercpp  -c -o Sound_to_Pitch.o Sound_to_Pitch.cpp
clang -std=gnu++17 -municode -D_FILE_OFFSET_BITS=64 -march=x86-64-v3 -O3 -Wshadow -I ../../melder  -c -o vorbisfile.o vorbisfile.cpp
clang -std=gnu++17 -municode -D_FILE_OFFSET_BITS=64 -march=x86-64-v3 -O3 -Wshadow -I ../kar -I ../melder -I ../sys -I ../dwsys -I ../stat -I ../dwtools -I ../LPC -I ../foned -I ../fon -I ../external/portaudio -I ../external/flac -I ../external/mp3 -I ../external/espeak -I ../external/whispercpp  -c -o Sound_to_Intensity.o Sound_to_Intensity.cpp
clang -std=gnu++17 -municode -D_FILE_OFFSET_BITS=64 -march=x86-64-v3 -O3 -Wshadow -I ../../melder  -c -o vorbis_floor1.o vorbis_floor1.cpp
clang -std=gnu++17 -municode -D_FILE_OFFSET_BITS=64 -march=x86-64-v3 -O3 -Wshadow -I ../kar -I ../melder -I ../sys -I ../dwsys -I ../stat -I ../dwtools -I ../LPC -I ../foned -I ../fon -I ../external/portaudio -I ../external/flac -I ../external/mp3 -I ../external/espeak -I ../external/whispercpp  -c -o Sound_to_Harmonicity.o Sound_to_Harmonicity.cpp
clang -std=gnu++17 -municode -D_FILE_OFFSET_BITS=64 -march=x86-64-v3 -O3 -Wshadow -I ../../melder  -c -o vorbis_lpc.o vorbis_lpc.cpp
clang -std=gnu++17 -municode -D_FILE_OFFSET_BITS=64 -march=x86-64-v3 -O3 -Wshadow -I ../kar -I ../melder -I ../sys -I ../dwsys -I ../stat -I ../dwtools -I ../LPC -I ../foned -I ../fon -I ../external/portaudio -I ../external/flac -I ../external/mp3 -I ../external/espeak -I ../external/whispercpp  -c -o Sound_to_Harmonicity_GNE.o Sound_to_Harmonicity_GNE.cpp
clang -std=gnu++17 -municode -D_FILE_OFFSET_BITS=64 -march=x86-64-v3 -O3 -Wshadow -I ../kar -I ../melder -I ../sys -I ../dwsys -I ../stat -I ../dwtools -I ../LPC -I ../foned -I ../fon -I ../external/portaudio -I ../external/flac -I ../external/mp3 -I ../external/espeak -I ../external/whispercpp  -c -o Sound_to_PointProcess.o Sound_to_PointProcess.cpp
clang -std=gnu++17 -municode -D_FILE_OFFSET_BITS=64 -march=x86-64-v3 -O3 -Wshadow -I ../kar -I ../melder -I ../sys -I ../dwsys -I ../stat -I ../dwtools -I ../LPC -I ../foned -I ../fon -I ../external/portaudio -I ../external/flac -I ../external/mp3 -I ../external/espeak -I ../external/whispercpp  -c -o Pitch_to_PointProcess.o Pitch_to_PointProcess.cpp
clang -std=gnu++17 -municode -D_FILE_OFFSET_BITS=64 -march=x86-64-v3 -O3 -Wshadow -I ../../melder  -c -o vorbis_lsp.o vorbis_lsp.cpp
clang -std=gnu++17 -municode -D_FILE_OFFSET_BITS=64 -march=x86-64-v3 -O3 -Wshadow -I ../../melder  -c -o vorbis_mapping0.o vorbis_mapping0.cpp
clang -std=gnu++17 -municode -D_FILE_OFFSET_BITS=64 -march=x86-64-v3 -O3 -Wshadow -I ../kar -I ../melder -I ../sys -I ../dwsys -I ../stat -I ../dwtools -I ../LPC -I ../foned -I ../fon -I ../external/portaudio -I ../external/flac -I ../external/mp3 -I ../external/espeak -I ../external/whispercpp  -c -o Pitch_to_Sound.o Pitch_to_Sound.cpp
clang -std=gnu++17 -municode -D_FILE_OFFSET_BITS=64 -march=x86-64-v3 -O3 -Wshadow -I ../../melder  -c -o vorbis_psy.o vorbis_psy.cpp
clang -std=gnu++17 -municode -D_FILE_OFFSET_BITS=64 -march=x86-64-v3 -O3 -Wshadow -I ../../melder  -c -o vorbis_registry.o vorbis_registry.cpp
clang -std=gnu++17 -municode -D_FILE_OFFSET_BITS=64 -march=x86-64-v3 -O3 -Wshadow -I ../kar -I ../melder -I ../sys -I ../dwsys -I ../stat -I ../dwtools -I ../LPC -I ../foned -I ../fon -I ../external/portaudio -I ../external/flac -I ../external/mp3 -I ../external/espeak -I ../external/whispercpp  -c -o Pitch_Intensity.o Pitch_Intensity.cpp
clang -std=gnu++17 -municode -D_FILE_OFFSET_BITS=64 -march=x86-64-v3 -O3 -Wshadow -I ../kar -I ../melder -I ../sys -I ../dwsys -I ../stat -I ../dwtools -I ../LPC -I ../foned -I ../fon -I ../external/portaudio -I ../external/flac -I ../external/mp3 -I ../external/espeak -I ../external/whispercpp  -c -o PitchTier.o PitchTier.cpp
clang -std=gnu++17 -municode -D_FILE_OFFSET_BITS=64 -march=x86-64-v3 -O3 -Wshadow -I ../../melder  -c -o vorbis_res0.o vorbis_res0.cpp
clang -std=gnu++17 -municode -D_FILE_OFFSET_BITS=64 -march=x86-64-v3 -O3 -Wshadow -I ../../melder  -c -o vorbis_sharedbook.o vorbis_sharedbook.cpp
clang -std=gnu++17 -municode -D_FILE_OFFSET_BITS=64 -march=x86-64-v3 -O3 -Wshadow -I ../kar -I ../melder -I ../sys -I ../dwsys -I ../stat -I ../dwtools -I ../LPC -I ../foned -I ../fon -I ../external/portaudio -I ../external/flac -I ../external/mp3 -I ../external/espeak -I ../external/whispercpp  -c -o Pitch_to_PitchTier.o Pitch_to_PitchTier.cpp
clang -std=gnu++17 -municode -D_FILE_OFFSET_BITS=64 -march=x86-64-v3 -O3 -Wshadow -I ../../melder  -c -o vorbis_smallft.o vorbis_smallft.cpp
clang -std=gnu++17 -municode -D_FILE_OFFSET_BITS=64 -march=x86-64-v3 -O3 -Wshadow -I ../kar -I ../melder -I ../sys -I ../dwsys -I ../stat -I ../dwtools -I ../LPC -I ../foned -I ../fon -I ../external/portaudio -I ../external/flac -I ../external/mp3 -I ../external/espeak -I ../external/whispercpp  -c -o PitchTier_to_PointProcess.o PitchTier_to_PointProcess.cpp
clang -std=gnu++17 -municode -D_FILE_OFFSET_BITS=64 -march=x86-64-v3 -O3 -Wshadow -I ../../melder  -c -o vorbis_synthesis.o vorbis_synthesis.cpp
clang -std=gnu++17 -municode -D_FILE_OFFSET_BITS=64 -march=x86-64-v3 -O3 -Wshadow -I ../../melder  -c -o vorbis_window.o vorbis_window.cpp
clang -std=gnu++17 -municode -D_FILE_OFFSET_BITS=64 -march=x86-64-v3 -O3 -Wshadow -I ../kar -I ../melder -I ../sys -I ../dwsys -I ../stat -I ../dwtools -I ../LPC -I ../foned -I ../fon -I ../external/portaudio -I ../external/flac -I ../external/mp3 -I ../external/espeak -I ../external/whispercpp  -c -o PitchTier_to_Sound.o PitchTier_to_Sound.cpp
clang -std=gnu++17 -municode -D_FILE_OFFSET_BITS=64 -march=x86-64-v3 -O3 -Wshadow -I ../kar -I ../melder -I ../sys -I ../dwsys -I ../stat -I ../dwtools -I ../LPC -I ../foned -I ../fon -I ../external/portaudio -I ../external/flac -I ../external/mp3 -I ../external/espeak -I ../external/whispercpp  -c -o Manipulation.o Manipulation.cpp
clang -std=gnu++17 -municode -D_FILE_OFFSET_BITS=64 -march=x86-64-v3 -O3 -Wshadow -I ../kar -I ../melder -I ../sys -I ../dwsys -I ../stat -I ../dwtools -I ../LPC -I ../foned -I ../fon -I ../external/portaudio -I ../external/flac -I ../external/mp3 -I ../external/espeak -I ../external/whispercpp  -c -o Pitch_AnyTier_to_PitchTier.o Pitch_AnyTier_to_PitchTier.cpp
PitchTier.cpp:116:12: warning: 5 enumeration values not handled in switch: 'UNDEFINED', 'HERTZ_LOGARITHMIC', 'SEMITONES_100'... [-Wswitch]
  116 |                         switch (unit) {
      |                                 ^~~~
clang -std=gnu++17 -municode -D_FILE_OFFSET_BITS=64 -march=x86-64-v3 -O3 -Wshadow -I ../kar -I ../melder -I ../sys -I ../dwsys -I ../stat -I ../dwtools -I ../LPC -I ../foned -I ../fon -I ../external/portaudio -I ../external/flac -I ../external/mp3 -I ../external/espeak -I ../external/whispercpp  -c -o IntensityTier.o IntensityTier.cpp
clang -std=gnu++17 -municode -D_FILE_OFFSET_BITS=64 -march=x86-64-v3 -O3 -Wshadow -I ../kar -I ../melder -I ../sys -I ../dwsys -I ../stat -I ../dwtools -I ../LPC -I ../foned -I ../fon -I ../external/portaudio -I ../external/flac -I ../external/mp3 -I ../external/espeak -I ../external/whispercpp  -c -o DurationTier.o DurationTier.cpp
1 warning generated.
clang -std=gnu++17 -municode -D_FILE_OFFSET_BITS=64 -march=x86-64-v3 -O3 -Wshadow -I ../kar -I ../melder -I ../sys -I ../dwsys -I ../stat -I ../dwtools -I ../LPC -I ../foned -I ../fon -I ../external/portaudio -I ../external/flac -I ../external/mp3 -I ../external/espeak -I ../external/whispercpp  -c -o AmplitudeTier.o AmplitudeTier.cpp
clang -std=gnu++17 -municode -D_FILE_OFFSET_BITS=64 -march=x86-64-v3 -O3 -Wshadow -I ../kar -I ../melder -I ../sys -I ../dwsys -I ../stat -I ../dwtools -I ../LPC -I ../foned -I ../fon -I ../external/portaudio -I ../external/flac -I ../external/mp3 -I ../external/espeak -I ../external/whispercpp  -c -o Spectrum.o Spectrum.cpp
clang -std=gnu++17 -municode -D_FILE_OFFSET_BITS=64 -march=x86-64-v3 -O3 -Wshadow -I ../kar -I ../melder -I ../sys -I ../dwsys -I ../stat -I ../dwtools -I ../LPC -I ../foned -I ../fon -I ../external/portaudio -I ../external/flac -I ../external/mp3 -I ../external/espeak -I ../external/whispercpp  -c -o Ltas.o Ltas.cpp
clang -std=gnu++17 -municode -D_FILE_OFFSET_BITS=64 -march=x86-64-v3 -O3 -Wshadow -I ../kar -I ../melder -I ../sys -I ../dwsys -I ../stat -I ../dwtools -I ../LPC -I ../foned -I ../fon -I ../external/portaudio -I ../external/flac -I ../external/mp3 -I ../external/espeak -I ../external/whispercpp  -c -o Spectrogram.o Spectrogram.cpp
clang -std=gnu++17 -municode -D_FILE_OFFSET_BITS=64 -march=x86-64-v3 -O3 -Wshadow -I ../kar -I ../melder -I ../sys -I ../dwsys -I ../stat -I ../dwtools -I ../LPC -I ../foned -I ../fon -I ../external/portaudio -I ../external/flac -I ../external/mp3 -I ../external/espeak -I ../external/whispercpp  -c -o SpectrumTier.o SpectrumTier.cpp
clang -std=gnu++17 -municode -D_FILE_OFFSET_BITS=64 -march=x86-64-v3 -O3 -Wshadow -I ../kar -I ../melder -I ../sys -I ../dwsys -I ../stat -I ../dwtools -I ../LPC -I ../foned -I ../fon -I ../external/portaudio -I ../external/flac -I ../external/mp3 -I ../external/espeak -I ../external/whispercpp  -c -o Ltas_to_SpectrumTier.o Ltas_to_SpectrumTier.cpp
clang -std=gnu++17 -municode -D_FILE_OFFSET_BITS=64 -march=x86-64-v3 -O3 -Wshadow -I ../kar -I ../melder -I ../sys -I ../dwsys -I ../stat -I ../dwtools -I ../LPC -I ../foned -I ../fon -I ../external/portaudio -I ../external/flac -I ../external/mp3 -I ../external/espeak -I ../external/whispercpp  -c -o Formant.o Formant.cpp
clang -std=gnu++17 -municode -D_FILE_OFFSET_BITS=64 -march=x86-64-v3 -O3 -Wshadow -I ../kar -I ../melder -I ../sys -I ../dwsys -I ../stat -I ../dwtools -I ../LPC -I ../foned -I ../fon -I ../external/portaudio -I ../external/flac -I ../external/mp3 -I ../external/espeak -I ../external/whispercpp  -c -o Image.o Image.cpp
touch libvorbis.a
rm libvorbis.a
ar cq libvorbis.a ogg_bitwise.o ogg_framing.o vorbis_block.o vorbis_bitrate.o vorbis_codebook.o vorbis_envelope.o vorbis_floor0.o vorbis_info.o vorbis_mdct.o vorbisfile.o vorbis_floor1.o vorbis_lpc.o vorbis_lsp.o vorbis_mapping0.o vorbis_psy.o vorbis_registry.o vorbis_res0.o vorbis_sharedbook.o vorbis_smallft.o vorbis_synthesis.o vorbis_window.o
ranlib libvorbis.a
make[1]: Leaving directory '/d/Praat-work/稳定早期版/external/vorbis'
make -C external/opusfile
clang -std=gnu++17 -municode -D_FILE_OFFSET_BITS=64 -march=x86-64-v3 -O3 -Wshadow -I ../kar -I ../melder -I ../sys -I ../dwsys -I ../stat -I ../dwtools -I ../LPC -I ../foned -I ../fon -I ../external/portaudio -I ../external/flac -I ../external/mp3 -I ../external/espeak -I ../external/whispercpp  -c -o Sound_to_Formant.o Sound_to_Formant.cpp
make[1]: Entering directory '/d/Praat-work/稳定早期版/external/opusfile'
clang -std=gnu++17 -municode -D_FILE_OFFSET_BITS=64 -march=x86-64-v3 -O3 -Wshadow -I ../../melder -I ../vorbis -I opus -I opus/celt -I opus/silk -I opus/silk/float  -c -o opusfile.o opusfile.cpp
clang -std=gnu++17 -municode -D_FILE_OFFSET_BITS=64 -march=x86-64-v3 -O3 -Wshadow -I ../../melder -I ../vorbis -I opus -I opus/celt -I opus/silk -I opus/silk/float  -c -o opusfile_info.o opusfile_info.cpp
clang -std=gnu++17 -municode -D_FILE_OFFSET_BITS=64 -march=x86-64-v3 -O3 -Wshadow -I ../../melder -I ../vorbis -I opus -I opus/celt -I opus/silk -I opus/silk/float  -c -o opusfile_internal.o opusfile_internal.cpp
clang -std=gnu++17 -municode -D_FILE_OFFSET_BITS=64 -march=x86-64-v3 -O3 -Wshadow -I ../../melder -I ../vorbis -I opus -I opus/celt -I opus/silk -I opus/silk/float  -c -o opusfile_stream.o opusfile_stream.cpp
clang -std=gnu++17 -municode -D_FILE_OFFSET_BITS=64 -march=x86-64-v3 -O3 -Wshadow -I ../kar -I ../melder -I ../sys -I ../dwsys -I ../stat -I ../dwtools -I ../LPC -I ../foned -I ../fon -I ../external/portaudio -I ../external/flac -I ../external/mp3 -I ../external/espeak -I ../external/whispercpp  -c -o Sound_and_Spectrogram.o Sound_and_Spectrogram.cpp
clang -std=gnu99 -municode -D_FILE_OFFSET_BITS=64 -march=x86-64-v3 -O3 -I ../../melder -I ../vorbis -I opus -I opus/celt -I opus/silk -I opus/silk/float  -c -o opus/analysis.o opus/analysis.c
clang -std=gnu99 -municode -D_FILE_OFFSET_BITS=64 -march=x86-64-v3 -O3 -I ../../melder -I ../vorbis -I opus -I opus/celt -I opus/silk -I opus/silk/float  -c -o opus/mlp.o opus/mlp.c
clang -std=gnu99 -municode -D_FILE_OFFSET_BITS=64 -march=x86-64-v3 -O3 -I ../../melder -I ../vorbis -I opus -I opus/celt -I opus/silk -I opus/silk/float  -c -o opus/opus.o opus/opus.c
clang -std=gnu++17 -municode -D_FILE_OFFSET_BITS=64 -march=x86-64-v3 -O3 -Wshadow -I ../kar -I ../melder -I ../sys -I ../dwsys -I ../stat -I ../dwtools -I ../LPC -I ../foned -I ../fon -I ../external/portaudio -I ../external/flac -I ../external/mp3 -I ../external/espeak -I ../external/whispercpp  -c -o Sound_and_Spectrum.o Sound_and_Spectrum.cpp
clang -std=gnu++17 -municode -D_FILE_OFFSET_BITS=64 -march=x86-64-v3 -O3 -Wshadow -I ../kar -I ../melder -I ../sys -I ../dwsys -I ../stat -I ../dwtools -I ../LPC -I ../foned -I ../fon -I ../external/portaudio -I ../external/flac -I ../external/mp3 -I ../external/espeak -I ../external/whispercpp  -c -o Spectrum_and_Spectrogram.o Spectrum_and_Spectrogram.cpp
clang -std=gnu99 -municode -D_FILE_OFFSET_BITS=64 -march=x86-64-v3 -O3 -I ../../melder -I ../vorbis -I opus -I opus/celt -I opus/silk -I opus/silk/float  -c -o opus/opus_decoder.o opus/opus_decoder.c
clang -std=gnu++17 -municode -D_FILE_OFFSET_BITS=64 -march=x86-64-v3 -O3 -Wshadow -I ../kar -I ../melder -I ../sys -I ../dwsys -I ../stat -I ../dwtools -I ../LPC -I ../foned -I ../fon -I ../external/portaudio -I ../external/flac -I ../external/mp3 -I ../external/espeak -I ../external/whispercpp  -c -o Spectrum_to_Formant.o Spectrum_to_Formant.cpp
clang -std=gnu99 -municode -D_FILE_OFFSET_BITS=64 -march=x86-64-v3 -O3 -I ../../melder -I ../vorbis -I opus -I opus/celt -I opus/silk -I opus/silk/float  -c -o opus/opus_multistream.o opus/opus_multistream.c
clang -std=gnu++17 -municode -D_FILE_OFFSET_BITS=64 -march=x86-64-v3 -O3 -Wshadow -I ../kar -I ../melder -I ../sys -I ../dwsys -I ../stat -I ../dwtools -I ../LPC -I ../foned -I ../fon -I ../external/portaudio -I ../external/flac -I ../external/mp3 -I ../external/espeak -I ../external/whispercpp  -c -o FormantTier.o FormantTier.cpp
clang -std=gnu99 -municode -D_FILE_OFFSET_BITS=64 -march=x86-64-v3 -O3 -I ../../melder -I ../vorbis -I opus -I opus/celt -I opus/silk -I opus/silk/float  -c -o opus/mapping_matrix.o opus/mapping_matrix.c
clang -std=gnu99 -municode -D_FILE_OFFSET_BITS=64 -march=x86-64-v3 -O3 -I ../../melder -I ../vorbis -I opus -I opus/celt -I opus/silk -I opus/silk/float  -c -o opus/mlp_data.o opus/mlp_data.c
clang -std=gnu++17 -municode -D_FILE_OFFSET_BITS=64 -march=x86-64-v3 -O3 -Wshadow -I ../kar -I ../melder -I ../sys -I ../dwsys -I ../stat -I ../dwtools -I ../LPC -I ../foned -I ../fon -I ../external/portaudio -I ../external/flac -I ../external/mp3 -I ../external/espeak -I ../external/whispercpp  -c -o TextGrid.o TextGrid.cpp
clang -std=gnu++17 -municode -D_FILE_OFFSET_BITS=64 -march=x86-64-v3 -O3 -Wshadow -I ../kar -I ../melder -I ../sys -I ../dwsys -I ../stat -I ../dwtools -I ../LPC -I ../foned -I ../fon -I ../external/portaudio -I ../external/flac -I ../external/mp3 -I ../external/espeak -I ../external/whispercpp  -c -o TextGrid_files.o TextGrid_files.cpp
clang -std=gnu++17 -municode -D_FILE_OFFSET_BITS=64 -march=x86-64-v3 -O3 -Wshadow -I ../kar -I ../melder -I ../sys -I ../dwsys -I ../stat -I ../dwtools -I ../LPC -I ../foned -I ../fon -I ../external/portaudio -I ../external/flac -I ../external/mp3 -I ../external/espeak -I ../external/whispercpp  -c -o TextGrid_Sound.o TextGrid_Sound.cpp
clang -std=gnu++17 -municode -D_FILE_OFFSET_BITS=64 -march=x86-64-v3 -O3 -Wshadow -I ../kar -I ../melder -I ../sys -I ../dwsys -I ../stat -I ../dwtools -I ../LPC -I ../foned -I ../fon -I ../external/portaudio -I ../external/flac -I ../external/mp3 -I ../external/espeak -I ../external/whispercpp  -c -o Label.o Label.cpp
clang -std=gnu++17 -municode -D_FILE_OFFSET_BITS=64 -march=x86-64-v3 -O3 -Wshadow -I ../kar -I ../melder -I ../sys -I ../dwsys -I ../stat -I ../dwtools -I ../LPC -I ../foned -I ../fon -I ../external/portaudio -I ../external/flac -I ../external/mp3 -I ../external/espeak -I ../external/whispercpp  -c -o FormantGrid.o FormantGrid.cpp
clang -std=gnu99 -municode -D_FILE_OFFSET_BITS=64 -march=x86-64-v3 -O3 -I ../../melder -I ../vorbis -I opus -I opus/celt -I opus/silk -I opus/silk/float  -c -o opus/opus_multistream_decoder.o opus/opus_multistream_decoder.c
clang -std=gnu99 -municode -D_FILE_OFFSET_BITS=64 -march=x86-64-v3 -O3 -I ../../melder -I ../vorbis -I opus -I opus/celt -I opus/silk -I opus/silk/float  -c -o opus/opus_projection_decoder.o opus/opus_projection_decoder.c
clang -std=gnu99 -municode -D_FILE_OFFSET_BITS=64 -march=x86-64-v3 -O3 -I ../../melder -I ../vorbis -I opus -I opus/celt -I opus/silk -I opus/silk/float  -c -o opus/repacketizer.o opus/repacketizer.c
clang -std=gnu++17 -municode -D_FILE_OFFSET_BITS=64 -march=x86-64-v3 -O3 -Wshadow -I ../kar -I ../melder -I ../sys -I ../dwsys -I ../stat -I ../dwtools -I ../LPC -I ../foned -I ../fon -I ../external/portaudio -I ../external/flac -I ../external/mp3 -I ../external/espeak -I ../external/whispercpp  -c -o Excitation.o Excitation.cpp
clang -std=gnu99 -municode -D_FILE_OFFSET_BITS=64 -march=x86-64-v3 -O3 -I ../../melder -I ../vorbis -I opus -I opus/celt -I opus/silk -I opus/silk/float  -c -o opus/celt/bands.o opus/celt/bands.c
clang -std=gnu99 -municode -D_FILE_OFFSET_BITS=64 -march=x86-64-v3 -O3 -I ../../melder -I ../vorbis -I opus -I opus/celt -I opus/silk -I opus/silk/float  -c -o opus/celt/celt.o opus/celt/celt.c
clang -std=gnu++17 -municode -D_FILE_OFFSET_BITS=64 -march=x86-64-v3 -O3 -Wshadow -I ../kar -I ../melder -I ../sys -I ../dwsys -I ../stat -I ../dwtools -I ../LPC -I ../foned -I ../fon -I ../external/portaudio -I ../external/flac -I ../external/mp3 -I ../external/espeak -I ../external/whispercpp  -c -o Cochleagram.o Cochleagram.cpp
clang -std=gnu99 -municode -D_FILE_OFFSET_BITS=64 -march=x86-64-v3 -O3 -I ../../melder -I ../vorbis -I opus -I opus/celt -I opus/silk -I opus/silk/float  -c -o opus/celt/celt_encoder.o opus/celt/celt_encoder.c
clang -std=gnu++17 -municode -D_FILE_OFFSET_BITS=64 -march=x86-64-v3 -O3 -Wshadow -I ../kar -I ../melder -I ../sys -I ../dwsys -I ../stat -I ../dwtools -I ../LPC -I ../foned -I ../fon -I ../external/portaudio -I ../external/flac -I ../external/mp3 -I ../external/espeak -I ../external/whispercpp  -c -o Cochleagram_and_Excitation.o Cochleagram_and_Excitation.cpp
clang -std=gnu++17 -municode -D_FILE_OFFSET_BITS=64 -march=x86-64-v3 -O3 -Wshadow -I ../kar -I ../melder -I ../sys -I ../dwsys -I ../stat -I ../dwtools -I ../LPC -I ../foned -I ../fon -I ../external/portaudio -I ../external/flac -I ../external/mp3 -I ../external/espeak -I ../external/whispercpp  -c -o Excitation_to_Formant.o Excitation_to_Formant.cpp
clang -std=gnu++17 -municode -D_FILE_OFFSET_BITS=64 -march=x86-64-v3 -O3 -Wshadow -I ../kar -I ../melder -I ../sys -I ../dwsys -I ../stat -I ../dwtools -I ../LPC -I ../foned -I ../fon -I ../external/portaudio -I ../external/flac -I ../external/mp3 -I ../external/espeak -I ../external/whispercpp  -c -o Sound_to_Cochleagram.o Sound_to_Cochleagram.cpp
clang -std=gnu99 -municode -D_FILE_OFFSET_BITS=64 -march=x86-64-v3 -O3 -I ../../melder -I ../vorbis -I opus -I opus/celt -I opus/silk -I opus/silk/float  -c -o opus/celt/celt_decoder.o opus/celt/celt_decoder.c
clang -std=gnu99 -municode -D_FILE_OFFSET_BITS=64 -march=x86-64-v3 -O3 -I ../../melder -I ../vorbis -I opus -I opus/celt -I opus/silk -I opus/silk/float  -c -o opus/celt/cwrs.o opus/celt/cwrs.c
clang -std=gnu99 -municode -D_FILE_OFFSET_BITS=64 -march=x86-64-v3 -O3 -I ../../melder -I ../vorbis -I opus -I opus/celt -I opus/silk -I opus/silk/float  -c -o opus/celt/entcode.o opus/celt/entcode.c
clang -std=gnu++17 -municode -D_FILE_OFFSET_BITS=64 -march=x86-64-v3 -O3 -Wshadow -I ../kar -I ../melder -I ../sys -I ../dwsys -I ../stat -I ../dwtools -I ../LPC -I ../foned -I ../fon -I ../external/portaudio -I ../external/flac -I ../external/mp3 -I ../external/espeak -I ../external/whispercpp  -c -o Spectrum_to_Excitation.o Spectrum_to_Excitation.cpp
clang -std=gnu99 -municode -D_FILE_OFFSET_BITS=64 -march=x86-64-v3 -O3 -I ../../melder -I ../vorbis -I opus -I opus/celt -I opus/silk -I opus/silk/float  -c -o opus/celt/entdec.o opus/celt/entdec.c
clang -std=gnu++17 -municode -D_FILE_OFFSET_BITS=64 -march=x86-64-v3 -O3 -Wshadow -I ../kar -I ../melder -I ../sys -I ../dwsys -I ../stat -I ../dwtools -I ../LPC -I ../foned -I ../fon -I ../external/portaudio -I ../external/flac -I ../external/mp3 -I ../external/espeak -I ../external/whispercpp  -c -o VocalTract.o VocalTract.cpp
clang -std=gnu99 -municode -D_FILE_OFFSET_BITS=64 -march=x86-64-v3 -O3 -I ../../melder -I ../vorbis -I opus -I opus/celt -I opus/silk -I opus/silk/float  -c -o opus/celt/entenc.o opus/celt/entenc.c
clang -std=gnu99 -municode -D_FILE_OFFSET_BITS=64 -march=x86-64-v3 -O3 -I ../../melder -I ../vorbis -I opus -I opus/celt -I opus/silk -I opus/silk/float  -c -o opus/celt/kiss_fft.o opus/celt/kiss_fft.c
clang -std=gnu++17 -municode -D_FILE_OFFSET_BITS=64 -march=x86-64-v3 -O3 -Wshadow -I ../kar -I ../melder -I ../sys -I ../dwsys -I ../stat -I ../dwtools -I ../LPC -I ../foned -I ../fon -I ../external/portaudio -I ../external/flac -I ../external/mp3 -I ../external/espeak -I ../external/whispercpp  -c -o VocalTract_to_Spectrum.o VocalTract_to_Spectrum.cpp
clang -std=gnu++17 -municode -D_FILE_OFFSET_BITS=64 -march=x86-64-v3 -O3 -Wshadow -I ../kar -I ../melder -I ../sys -I ../dwsys -I ../stat -I ../dwtools -I ../LPC -I ../foned -I ../fon -I ../external/portaudio -I ../external/flac -I ../external/mp3 -I ../external/espeak -I ../external/whispercpp  -c -o Sound_enhance.o Sound_enhance.cpp
clang -std=gnu99 -municode -D_FILE_OFFSET_BITS=64 -march=x86-64-v3 -O3 -I ../../melder -I ../vorbis -I opus -I opus/celt -I opus/silk -I opus/silk/float  -c -o opus/celt/laplace.o opus/celt/laplace.c
clang -std=gnu++17 -municode -D_FILE_OFFSET_BITS=64 -march=x86-64-v3 -O3 -Wshadow -I ../kar -I ../melder -I ../sys -I ../dwsys -I ../stat -I ../dwtools -I ../LPC -I ../foned -I ../fon -I ../external/portaudio -I ../external/flac -I ../external/mp3 -I ../external/espeak -I ../external/whispercpp  -c -o VoiceAnalysis.o VoiceAnalysis.cpp
clang -std=gnu99 -municode -D_FILE_OFFSET_BITS=64 -march=x86-64-v3 -O3 -I ../../melder -I ../vorbis -I opus -I opus/celt -I opus/silk -I opus/silk/float  -c -o opus/celt/mathops.o opus/celt/mathops.c
clang -std=gnu99 -municode -D_FILE_OFFSET_BITS=64 -march=x86-64-v3 -O3 -I ../../melder -I ../vorbis -I opus -I opus/celt -I opus/silk -I opus/silk/float  -c -o opus/celt/mdct.o opus/celt/mdct.c
clang -std=gnu99 -municode -D_FILE_OFFSET_BITS=64 -march=x86-64-v3 -O3 -I ../../melder -I ../vorbis -I opus -I opus/celt -I opus/silk -I opus/silk/float  -c -o opus/celt/modes.o opus/celt/modes.c
clang -std=gnu++17 -municode -D_FILE_OFFSET_BITS=64 -march=x86-64-v3 -O3 -Wshadow -I ../kar -I ../melder -I ../sys -I ../dwsys -I ../stat -I ../dwtools -I ../LPC -I ../foned -I ../fon -I ../external/portaudio -I ../external/flac -I ../external/mp3 -I ../external/espeak -I ../external/whispercpp  -c -o H1minusH2Tier.o H1minusH2Tier.cpp
clang -std=gnu99 -municode -D_FILE_OFFSET_BITS=64 -march=x86-64-v3 -O3 -I ../../melder -I ../vorbis -I opus -I opus/celt -I opus/silk -I opus/silk/float  -c -o opus/celt/pitch.o opus/celt/pitch.c
clang -std=gnu++17 -municode -D_FILE_OFFSET_BITS=64 -march=x86-64-v3 -O3 -Wshadow -I ../kar -I ../melder -I ../sys -I ../dwsys -I ../stat -I ../dwtools -I ../LPC -I ../foned -I ../fon -I ../external/portaudio -I ../external/flac -I ../external/mp3 -I ../external/espeak -I ../external/whispercpp  -c -o SpeechRecognizer.o SpeechRecognizer.cpp
clang -std=gnu99 -municode -D_FILE_OFFSET_BITS=64 -march=x86-64-v3 -O3 -I ../../melder -I ../vorbis -I opus -I opus/celt -I opus/silk -I opus/silk/float  -c -o opus/celt/celt_lpc.o opus/celt/celt_lpc.c
clang -std=gnu++17 -municode -D_FILE_OFFSET_BITS=64 -march=x86-64-v3 -O3 -Wshadow -I ../kar -I ../melder -I ../sys -I ../dwsys -I ../stat -I ../dwtools -I ../LPC -I ../foned -I ../fon -I ../external/portaudio -I ../external/flac -I ../external/mp3 -I ../external/espeak -I ../external/whispercpp  -c -o WordList.o WordList.cpp
clang -std=gnu++17 -municode -D_FILE_OFFSET_BITS=64 -march=x86-64-v3 -O3 -Wshadow -I ../kar -I ../melder -I ../sys -I ../dwsys -I ../stat -I ../dwtools -I ../LPC -I ../foned -I ../fon -I ../external/portaudio -I ../external/flac -I ../external/mp3 -I ../external/espeak -I ../external/whispercpp  -c -o SpellingChecker.o SpellingChecker.cpp
clang -std=gnu++17 -municode -D_FILE_OFFSET_BITS=64 -march=x86-64-v3 -O3 -Wshadow -I ../kar -I ../melder -I ../sys -I ../dwsys -I ../stat -I ../dwtools -I ../LPC -I ../foned -I ../fon -I ../external/portaudio -I ../external/flac -I ../external/mp3 -I ../external/espeak -I ../external/whispercpp  -c -o FujisakiPitch.o FujisakiPitch.cpp
clang -std=gnu99 -municode -D_FILE_OFFSET_BITS=64 -march=x86-64-v3 -O3 -I ../../melder -I ../vorbis -I opus -I opus/celt -I opus/silk -I opus/silk/float  -c -o opus/celt/quant_bands.o opus/celt/quant_bands.c
clang -std=gnu99 -municode -D_FILE_OFFSET_BITS=64 -march=x86-64-v3 -O3 -I ../../melder -I ../vorbis -I opus -I opus/celt -I opus/silk -I opus/silk/float  -c -o opus/celt/rate.o opus/celt/rate.c
clang -std=gnu++17 -municode -D_FILE_OFFSET_BITS=64 -march=x86-64-v3 -O3 -Wshadow -I ../kar -I ../melder -I ../sys -I ../dwsys -I ../stat -I ../dwtools -I ../LPC -I ../foned -I ../fon -I ../external/portaudio -I ../external/flac -I ../external/mp3 -I ../external/espeak -I ../external/whispercpp  -c -o ExperimentMFC.o ExperimentMFC.cpp
clang -std=gnu99 -municode -D_FILE_OFFSET_BITS=64 -march=x86-64-v3 -O3 -I ../../melder -I ../vorbis -I opus -I opus/celt -I opus/silk -I opus/silk/float  -c -o opus/celt/vq.o opus/celt/vq.c
clang -std=gnu99 -municode -D_FILE_OFFSET_BITS=64 -march=x86-64-v3 -O3 -I ../../melder -I ../vorbis -I opus -I opus/celt -I opus/silk -I opus/silk/float  -c -o opus/silk/CNG.o opus/silk/CNG.c
clang -std=gnu99 -municode -D_FILE_OFFSET_BITS=64 -march=x86-64-v3 -O3 -I ../../melder -I ../vorbis -I opus -I opus/celt -I opus/silk -I opus/silk/float  -c -o opus/silk/code_signs.o opus/silk/code_signs.c
clang -std=gnu++17 -municode -D_FILE_OFFSET_BITS=64 -march=x86-64-v3 -O3 -Wshadow -I ../kar -I ../melder -I ../sys -I ../dwsys -I ../stat -I ../dwtools -I ../LPC -I ../foned -I ../fon -I ../external/portaudio -I ../external/flac -I ../external/mp3 -I ../external/espeak -I ../external/whispercpp  -c -o manual_ExperimentMFC.o manual_ExperimentMFC.cpp
clang -std=gnu99 -municode -D_FILE_OFFSET_BITS=64 -march=x86-64-v3 -O3 -I ../../melder -I ../vorbis -I opus -I opus/celt -I opus/silk -I opus/silk/float  -c -o opus/silk/init_decoder.o opus/silk/init_decoder.c
clang -std=gnu++17 -municode -D_FILE_OFFSET_BITS=64 -march=x86-64-v3 -O3 -Wshadow -I ../kar -I ../melder -I ../sys -I ../dwsys -I ../stat -I ../dwtools -I ../LPC -I ../foned -I ../fon -I ../external/portaudio -I ../external/flac -I ../external/mp3 -I ../external/espeak -I ../external/whispercpp  -c -o praat_ExperimentMFC.o praat_ExperimentMFC.cpp
clang -std=gnu++17 -municode -D_FILE_OFFSET_BITS=64 -march=x86-64-v3 -O3 -Wshadow -I ../kar -I ../melder -I ../sys -I ../dwsys -I ../stat -I ../dwtools -I ../LPC -I ../foned -I ../fon -I ../external/portaudio -I ../external/flac -I ../external/mp3 -I ../external/espeak -I ../external/whispercpp  -c -o Photo.o Photo.cpp
clang -std=gnu99 -municode -D_FILE_OFFSET_BITS=64 -march=x86-64-v3 -O3 -I ../../melder -I ../vorbis -I opus -I opus/celt -I opus/silk -I opus/silk/float  -c -o opus/silk/decode_core.o opus/silk/decode_core.c
clang -std=gnu99 -municode -D_FILE_OFFSET_BITS=64 -march=x86-64-v3 -O3 -I ../../melder -I ../vorbis -I opus -I opus/celt -I opus/silk -I opus/silk/float  -c -o opus/silk/decode_frame.o opus/silk/decode_frame.c
clang -std=gnu99 -municode -D_FILE_OFFSET_BITS=64 -march=x86-64-v3 -O3 -I ../../melder -I ../vorbis -I opus -I opus/celt -I opus/silk -I opus/silk/float  -c -o opus/silk/decode_parameters.o opus/silk/decode_parameters.c
clang -std=gnu++17 -municode -D_FILE_OFFSET_BITS=64 -march=x86-64-v3 -O3 -Wshadow -I ../kar -I ../melder -I ../sys -I ../dwsys -I ../stat -I ../dwtools -I ../LPC -I ../foned -I ../fon -I ../external/portaudio -I ../external/flac -I ../external/mp3 -I ../external/espeak -I ../external/whispercpp  -c -o Movie.o Movie.cpp
clang -std=gnu99 -municode -D_FILE_OFFSET_BITS=64 -march=x86-64-v3 -O3 -I ../../melder -I ../vorbis -I opus -I opus/celt -I opus/silk -I opus/silk/float  -c -o opus/silk/decode_indices.o opus/silk/decode_indices.c
clang -std=gnu++17 -municode -D_FILE_OFFSET_BITS=64 -march=x86-64-v3 -O3 -Wshadow -I ../kar -I ../melder -I ../sys -I ../dwsys -I ../stat -I ../dwtools -I ../LPC -I ../foned -I ../fon -I ../external/portaudio -I ../external/flac -I ../external/mp3 -I ../external/espeak -I ../external/whispercpp  -c -o Corpus.o Corpus.cpp
clang -std=gnu++17 -municode -D_FILE_OFFSET_BITS=64 -march=x86-64-v3 -O3 -Wshadow -I ../kar -I ../melder -I ../sys -I ../dwsys -I ../stat -I ../dwtools -I ../LPC -I ../foned -I ../fon -I ../external/portaudio -I ../external/flac -I ../external/mp3 -I ../external/espeak -I ../external/whispercpp  -c -o manual_Picture.o manual_Picture.cpp
clang -std=gnu99 -municode -D_FILE_OFFSET_BITS=64 -march=x86-64-v3 -O3 -I ../../melder -I ../vorbis -I opus -I opus/celt -I opus/silk -I opus/silk/float  -c -o opus/silk/decode_pulses.o opus/silk/decode_pulses.c
clang -std=gnu99 -municode -D_FILE_OFFSET_BITS=64 -march=x86-64-v3 -O3 -I ../../melder -I ../vorbis -I opus -I opus/celt -I opus/silk -I opus/silk/float  -c -o opus/silk/decoder_set_fs.o opus/silk/decoder_set_fs.c
clang -std=gnu99 -municode -D_FILE_OFFSET_BITS=64 -march=x86-64-v3 -O3 -I ../../melder -I ../vorbis -I opus -I opus/celt -I opus/silk -I opus/silk/float  -c -o opus/silk/dec_API.o opus/silk/dec_API.c
clang -std=gnu++17 -municode -D_FILE_OFFSET_BITS=64 -march=x86-64-v3 -O3 -Wshadow -I ../kar -I ../melder -I ../sys -I ../dwsys -I ../stat -I ../dwtools -I ../LPC -I ../foned -I ../fon -I ../external/portaudio -I ../external/flac -I ../external/mp3 -I ../external/espeak -I ../external/whispercpp  -c -o manual_Manual.o manual_Manual.cpp
clang -std=gnu++17 -municode -D_FILE_OFFSET_BITS=64 -march=x86-64-v3 -O3 -Wshadow -I ../kar -I ../melder -I ../sys -I ../dwsys -I ../stat -I ../dwtools -I ../LPC -I ../foned -I ../fon -I ../external/portaudio -I ../external/flac -I ../external/mp3 -I ../external/espeak -I ../external/whispercpp  -c -o manual_commands.o manual_commands.cpp
clang -std=gnu99 -municode -D_FILE_OFFSET_BITS=64 -march=x86-64-v3 -O3 -I ../../melder -I ../vorbis -I opus -I opus/celt -I opus/silk -I opus/silk/float  -c -o opus/silk/enc_API.o opus/silk/enc_API.c
clang -std=gnu++17 -municode -D_FILE_OFFSET_BITS=64 -march=x86-64-v3 -O3 -Wshadow -I ../kar -I ../melder -I ../sys -I ../dwsys -I ../stat -I ../dwtools -I ../LPC -I ../foned -I ../fon -I ../external/portaudio -I ../external/flac -I ../external/mp3 -I ../external/espeak -I ../external/whispercpp  -c -o manual_formulas.o manual_formulas.cpp
clang -std=gnu99 -municode -D_FILE_OFFSET_BITS=64 -march=x86-64-v3 -O3 -I ../../melder -I ../vorbis -I opus -I opus/celt -I opus/silk -I opus/silk/float  -c -o opus/silk/encode_indices.o opus/silk/encode_indices.c
clang -std=gnu99 -municode -D_FILE_OFFSET_BITS=64 -march=x86-64-v3 -O3 -I ../../melder -I ../vorbis -I opus -I opus/celt -I opus/silk -I opus/silk/float  -c -o opus/silk/encode_pulses.o opus/silk/encode_pulses.c
SpeechRecognizer.cpp:315:3: warning: declaration shadows a variable in the global namespace [-Wshadow]
  315 |                 TRACE
      |                 ^
../melder/melder_debug.h:54:31: note: expanded from macro 'TRACE'
   54 | #define TRACE  constexpr bool Melder_isTracingLocally = true;   // intentionally shadow a global variable; meant for temporary tracing of a function (to stderr)
      |                               ^
../melder/melder_debug.h:26:13: note: previous declaration is here
   26 | inline bool Melder_isTracingLocally = false;
      |             ^
clang -std=gnu99 -municode -D_FILE_OFFSET_BITS=64 -march=x86-64-v3 -O3 -I ../../melder -I ../vorbis -I opus -I opus/celt -I opus/silk -I opus/silk/float  -c -o opus/silk/gain_quant.o opus/silk/gain_quant.c
clang -std=gnu++17 -municode -D_FILE_OFFSET_BITS=64 -march=x86-64-v3 -O3 -Wshadow -I ../kar -I ../melder -I ../sys -I ../dwsys -I ../stat -I ../dwtools -I ../LPC -I ../foned -I ../fon -I ../external/portaudio -I ../external/flac -I ../external/mp3 -I ../external/espeak -I ../external/whispercpp  -c -o manual_functions.o manual_functions.cpp
clang -std=gnu99 -municode -D_FILE_OFFSET_BITS=64 -march=x86-64-v3 -O3 -I ../../melder -I ../vorbis -I opus -I opus/celt -I opus/silk -I opus/silk/float  -c -o opus/silk/interpolate.o opus/silk/interpolate.c
clang -std=gnu99 -municode -D_FILE_OFFSET_BITS=64 -march=x86-64-v3 -O3 -I ../../melder -I ../vorbis -I opus -I opus/celt -I opus/silk -I opus/silk/float  -c -o opus/silk/LP_variable_cutoff.o opus/silk/LP_variable_cutoff.c
clang -std=gnu99 -municode -D_FILE_OFFSET_BITS=64 -march=x86-64-v3 -O3 -I ../../melder -I ../vorbis -I opus -I opus/celt -I opus/silk -I opus/silk/float  -c -o opus/silk/NLSF_decode.o opus/silk/NLSF_decode.c
clang -std=gnu++17 -municode -D_FILE_OFFSET_BITS=64 -march=x86-64-v3 -O3 -Wshadow -I ../kar -I ../melder -I ../sys -I ../dwsys -I ../stat -I ../dwtools -I ../LPC -I ../foned -I ../fon -I ../external/portaudio -I ../external/flac -I ../external/mp3 -I ../external/espeak -I ../external/whispercpp  -c -o manual_scripting.o manual_scripting.cpp
clang -std=gnu99 -municode -D_FILE_OFFSET_BITS=64 -march=x86-64-v3 -O3 -I ../../melder -I ../vorbis -I opus -I opus/celt -I opus/silk -I opus/silk/float  -c -o opus/silk/NSQ.o opus/silk/NSQ.c
clang -std=gnu++17 -municode -D_FILE_OFFSET_BITS=64 -march=x86-64-v3 -O3 -Wshadow -I ../kar -I ../melder -I ../sys -I ../dwsys -I ../stat -I ../dwtools -I ../LPC -I ../foned -I ../fon -I ../external/portaudio -I ../external/flac -I ../external/mp3 -I ../external/espeak -I ../external/whispercpp  -c -o manual_demoWindow.o manual_demoWindow.cpp
clang -std=gnu++17 -municode -D_FILE_OFFSET_BITS=64 -march=x86-64-v3 -O3 -Wshadow -I ../kar -I ../melder -I ../sys -I ../dwsys -I ../stat -I ../dwtools -I ../LPC -I ../foned -I ../fon -I ../external/portaudio -I ../external/flac -I ../external/mp3 -I ../external/espeak -I ../external/whispercpp  -c -o manual_whatsnew.o manual_whatsnew.cpp
clang -std=gnu++17 -municode -D_FILE_OFFSET_BITS=64 -march=x86-64-v3 -O3 -Wshadow -I ../kar -I ../melder -I ../sys -I ../dwsys -I ../stat -I ../dwtools -I ../LPC -I ../foned -I ../fon -I ../external/portaudio -I ../external/flac -I ../external/mp3 -I ../external/espeak -I ../external/whispercpp  -c -o manual_soundFiles.o manual_soundFiles.cpp
clang -std=gnu99 -municode -D_FILE_OFFSET_BITS=64 -march=x86-64-v3 -O3 -I ../../melder -I ../vorbis -I opus -I opus/celt -I opus/silk -I opus/silk/float  -c -o opus/silk/NSQ_del_dec.o opus/silk/NSQ_del_dec.c
clang -std=gnu++17 -municode -D_FILE_OFFSET_BITS=64 -march=x86-64-v3 -O3 -Wshadow -I ../kar -I ../melder -I ../sys -I ../dwsys -I ../stat -I ../dwtools -I ../LPC -I ../foned -I ../fon -I ../external/portaudio -I ../external/flac -I ../external/mp3 -I ../external/espeak -I ../external/whispercpp  -c -o manual_licenses.o manual_licenses.cpp
clang -std=gnu99 -municode -D_FILE_OFFSET_BITS=64 -march=x86-64-v3 -O3 -I ../../melder -I ../vorbis -I opus -I opus/celt -I opus/silk -I opus/silk/float  -c -o opus/silk/PLC.o opus/silk/PLC.c
clang -std=gnu++17 -municode -D_FILE_OFFSET_BITS=64 -march=x86-64-v3 -O3 -Wshadow -I ../kar -I ../melder -I ../sys -I ../dwsys -I ../stat -I ../dwtools -I ../LPC -I ../foned -I ../fon -I ../external/portaudio -I ../external/flac -I ../external/mp3 -I ../external/espeak -I ../external/whispercpp  -c -o manual_tutorials.o manual_tutorials.cpp
clang -std=gnu99 -municode -D_FILE_OFFSET_BITS=64 -march=x86-64-v3 -O3 -I ../../melder -I ../vorbis -I opus -I opus/celt -I opus/silk -I opus/silk/float  -c -o opus/silk/shell_coder.o opus/silk/shell_coder.c
1 warning generated.
clang -std=gnu99 -municode -D_FILE_OFFSET_BITS=64 -march=x86-64-v3 -O3 -I ../../melder -I ../vorbis -I opus -I opus/celt -I opus/silk -I opus/silk/float  -c -o opus/silk/tables_gain.o opus/silk/tables_gain.c
clang -std=gnu++17 -municode -D_FILE_OFFSET_BITS=64 -march=x86-64-v3 -O3 -Wshadow -I ../kar -I ../melder -I ../sys -I ../dwsys -I ../stat -I ../dwtools -I ../LPC -I ../foned -I ../fon -I ../external/portaudio -I ../external/flac -I ../external/mp3 -I ../external/espeak -I ../external/whispercpp  -c -o manual_references.o manual_references.cpp
clang -std=gnu99 -municode -D_FILE_OFFSET_BITS=64 -march=x86-64-v3 -O3 -I ../../melder -I ../vorbis -I opus -I opus/celt -I opus/silk -I opus/silk/float  -c -o opus/silk/tables_LTP.o opus/silk/tables_LTP.c
clang -std=gnu++17 -municode -D_FILE_OFFSET_BITS=64 -march=x86-64-v3 -O3 -Wshadow -I ../kar -I ../melder -I ../sys -I ../dwsys -I ../stat -I ../dwtools -I ../LPC -I ../foned -I ../fon -I ../external/portaudio -I ../external/flac -I ../external/mp3 -I ../external/espeak -I ../external/whispercpp  -c -o manual_programming.o manual_programming.cpp
clang -std=gnu99 -municode -D_FILE_OFFSET_BITS=64 -march=x86-64-v3 -O3 -I ../../melder -I ../vorbis -I opus -I opus/celt -I opus/silk -I opus/silk/float  -c -o opus/silk/tables_NLSF_CB_NB_MB.o opus/silk/tables_NLSF_CB_NB_MB.c
clang -std=gnu++17 -municode -D_FILE_OFFSET_BITS=64 -march=x86-64-v3 -O3 -Wshadow -I ../kar -I ../melder -I ../sys -I ../dwsys -I ../stat -I ../dwtools -I ../LPC -I ../foned -I ../fon -I ../external/portaudio -I ../external/flac -I ../external/mp3 -I ../external/espeak -I ../external/whispercpp  -c -o manual_Fon.o manual_Fon.cpp
clang -std=gnu99 -municode -D_FILE_OFFSET_BITS=64 -march=x86-64-v3 -O3 -I ../../melder -I ../vorbis -I opus -I opus/celt -I opus/silk -I opus/silk/float  -c -o opus/silk/tables_NLSF_CB_WB.o opus/silk/tables_NLSF_CB_WB.c
clang -std=gnu99 -municode -D_FILE_OFFSET_BITS=64 -march=x86-64-v3 -O3 -I ../../melder -I ../vorbis -I opus -I opus/celt -I opus/silk -I opus/silk/float  -c -o opus/silk/tables_other.o opus/silk/tables_other.c
clang -std=gnu++17 -municode -D_FILE_OFFSET_BITS=64 -march=x86-64-v3 -O3 -Wshadow -I ../kar -I ../melder -I ../sys -I ../dwsys -I ../stat -I ../dwtools -I ../LPC -I ../foned -I ../fon -I ../external/portaudio -I ../external/flac -I ../external/mp3 -I ../external/espeak -I ../external/whispercpp  -c -o manual_voice.o manual_voice.cpp
clang -std=gnu99 -municode -D_FILE_OFFSET_BITS=64 -march=x86-64-v3 -O3 -I ../../melder -I ../vorbis -I opus -I opus/celt -I opus/silk -I opus/silk/float  -c -o opus/silk/tables_pitch_lag.o opus/silk/tables_pitch_lag.c
clang -std=gnu++17 -municode -D_FILE_OFFSET_BITS=64 -march=x86-64-v3 -O3 -Wshadow -I ../kar -I ../melder -I ../sys -I ../dwsys -I ../stat -I ../dwtools -I ../LPC -I ../foned -I ../fon -I ../external/portaudio -I ../external/flac -I ../external/mp3 -I ../external/espeak -I ../external/whispercpp  -c -o Praat_tests.o Praat_tests.cpp
clang -std=gnu99 -municode -D_FILE_OFFSET_BITS=64 -march=x86-64-v3 -O3 -I ../../melder -I ../vorbis -I opus -I opus/celt -I opus/silk -I opus/silk/float  -c -o opus/silk/tables_pulses_per_block.o opus/silk/tables_pulses_per_block.c
clang -std=gnu99 -municode -D_FILE_OFFSET_BITS=64 -march=x86-64-v3 -O3 -I ../../melder -I ../vorbis -I opus -I opus/celt -I opus/silk -I opus/silk/float  -c -o opus/silk/VAD.o opus/silk/VAD.c
clang -std=gnu++17 -municode -D_FILE_OFFSET_BITS=64 -march=x86-64-v3 -O3 -Wshadow -I ../kar -I ../melder -I ../sys -I ../dwsys -I ../stat -I ../dwtools -I ../LPC -I ../foned -I ../fon -I ../external/portaudio -I ../external/flac -I ../external/mp3 -I ../external/espeak -I ../external/whispercpp  -c -o manual_glossary.o manual_glossary.cpp
clang -std=gnu99 -municode -D_FILE_OFFSET_BITS=64 -march=x86-64-v3 -O3 -I ../../melder -I ../vorbis -I opus -I opus/celt -I opus/silk -I opus/silk/float  -c -o opus/silk/control_audio_bandwidth.o opus/silk/control_audio_bandwidth.c
clang -std=gnu++17 -municode -D_FILE_OFFSET_BITS=64 -march=x86-64-v3 -O3 -Wshadow -I ../kar -I ../melder -I ../sys -I ../dwsys -I ../stat -I ../dwtools -I ../LPC -I ../foned -I ../fon -I ../external/portaudio -I ../external/flac -I ../external/mp3 -I ../external/espeak -I ../external/whispercpp  -c -o manual_Sampling.o manual_Sampling.cpp
clang -std=gnu99 -municode -D_FILE_OFFSET_BITS=64 -march=x86-64-v3 -O3 -I ../../melder -I ../vorbis -I opus -I opus/celt -I opus/silk -I opus/silk/float  -c -o opus/silk/quant_LTP_gains.o opus/silk/quant_LTP_gains.c
clang -std=gnu++17 -municode -D_FILE_OFFSET_BITS=64 -march=x86-64-v3 -O3 -Wshadow -I ../kar -I ../melder -I ../sys -I ../dwsys -I ../stat -I ../dwtools -I ../LPC -I ../foned -I ../fon -I ../external/portaudio -I ../external/flac -I ../external/mp3 -I ../external/espeak -I ../external/whispercpp  -c -o manual_exampleSound.o manual_exampleSound.cpp
clang -std=gnu99 -municode -D_FILE_OFFSET_BITS=64 -march=x86-64-v3 -O3 -I ../../melder -I ../vorbis -I opus -I opus/celt -I opus/silk -I opus/silk/float  -c -o opus/silk/VQ_WMat_EC.o opus/silk/VQ_WMat_EC.c
clang -std=gnu++17 -municode -D_FILE_OFFSET_BITS=64 -march=x86-64-v3 -O3 -Wshadow -I ../kar -I ../melder -I ../sys -I ../dwsys -I ../stat -I ../dwtools -I ../LPC -I ../foned -I ../fon -I ../external/portaudio -I ../external/flac -I ../external/mp3 -I ../external/espeak -I ../external/whispercpp  -c -o manual_sound.o manual_sound.cpp
clang -std=gnu99 -municode -D_FILE_OFFSET_BITS=64 -march=x86-64-v3 -O3 -I ../../melder -I ../vorbis -I opus -I opus/celt -I opus/silk -I opus/silk/float  -c -o opus/silk/HP_variable_cutoff.o opus/silk/HP_variable_cutoff.c
clang -std=gnu99 -municode -D_FILE_OFFSET_BITS=64 -march=x86-64-v3 -O3 -I ../../melder -I ../vorbis -I opus -I opus/celt -I opus/silk -I opus/silk/float  -c -o opus/silk/NLSF_encode.o opus/silk/NLSF_encode.c
clang -std=gnu++17 -municode -D_FILE_OFFSET_BITS=64 -march=x86-64-v3 -O3 -Wshadow -I ../kar -I ../melder -I ../sys -I ../dwsys -I ../stat -I ../dwtools -I ../LPC -I ../foned -I ../fon -I ../external/portaudio -I ../external/flac -I ../external/mp3 -I ../external/espeak -I ../external/whispercpp  -c -o manual_pitch.o manual_pitch.cpp
clang -std=gnu99 -municode -D_FILE_OFFSET_BITS=64 -march=x86-64-v3 -O3 -I ../../melder -I ../vorbis -I opus -I opus/celt -I opus/silk -I opus/silk/float  -c -o opus/silk/NLSF_VQ.o opus/silk/NLSF_VQ.c
clang -std=gnu++17 -municode -D_FILE_OFFSET_BITS=64 -march=x86-64-v3 -O3 -Wshadow -I ../kar -I ../melder -I ../sys -I ../dwsys -I ../stat -I ../dwtools -I ../LPC -I ../foned -I ../fon -I ../external/portaudio -I ../external/flac -I ../external/mp3 -I ../external/espeak -I ../external/whispercpp  -c -o manual_spectrum.o manual_spectrum.cpp
clang -std=gnu99 -municode -D_FILE_OFFSET_BITS=64 -march=x86-64-v3 -O3 -I ../../melder -I ../vorbis -I opus -I opus/celt -I opus/silk -I opus/silk/float  -c -o opus/silk/NLSF_unpack.o opus/silk/NLSF_unpack.c
clang -std=gnu++17 -municode -D_FILE_OFFSET_BITS=64 -march=x86-64-v3 -O3 -Wshadow -I ../kar -I ../melder -I ../sys -I ../dwsys -I ../stat -I ../dwtools -I ../LPC -I ../foned -I ../fon -I ../external/portaudio -I ../external/flac -I ../external/mp3 -I ../external/espeak -I ../external/whispercpp  -c -o manual_formant.o manual_formant.cpp
clang -std=gnu++17 -municode -D_FILE_OFFSET_BITS=64 -march=x86-64-v3 -O3 -Wshadow -I ../kar -I ../melder -I ../sys -I ../dwsys -I ../stat -I ../dwtools -I ../LPC -I ../foned -I ../fon -I ../external/portaudio -I ../external/flac -I ../external/mp3 -I ../external/espeak -I ../external/whispercpp  -c -o manual_pointProcess.o manual_pointProcess.cpp
clang -std=gnu99 -municode -D_FILE_OFFSET_BITS=64 -march=x86-64-v3 -O3 -I ../../melder -I ../vorbis -I opus -I opus/celt -I opus/silk -I opus/silk/float  -c -o opus/silk/NLSF_del_dec_quant.o opus/silk/NLSF_del_dec_quant.c
clang -std=gnu99 -municode -D_FILE_OFFSET_BITS=64 -march=x86-64-v3 -O3 -I ../../melder -I ../vorbis -I opus -I opus/celt -I opus/silk -I opus/silk/float  -c -o opus/silk/process_NLSFs.o opus/silk/process_NLSFs.c
clang -std=gnu++17 -municode -D_FILE_OFFSET_BITS=64 -march=x86-64-v3 -O3 -Wshadow -I ../kar -I ../melder -I ../sys -I ../dwsys -I ../stat -I ../dwtools -I ../LPC -I ../foned -I ../fon -I ../external/portaudio -I ../external/flac -I ../external/mp3 -I ../external/espeak -I ../external/whispercpp  -c -o manual_annotation.o manual_annotation.cpp
clang -std=gnu99 -municode -D_FILE_OFFSET_BITS=64 -march=x86-64-v3 -O3 -I ../../melder -I ../vorbis -I opus -I opus/celt -I opus/silk -I opus/silk/float  -c -o opus/silk/stereo_LR_to_MS.o opus/silk/stereo_LR_to_MS.c
clang -std=gnu99 -municode -D_FILE_OFFSET_BITS=64 -march=x86-64-v3 -O3 -I ../../melder -I ../vorbis -I opus -I opus/celt -I opus/silk -I opus/silk/float  -c -o opus/silk/stereo_MS_to_LR.o opus/silk/stereo_MS_to_LR.c
clang -std=gnu99 -municode -D_FILE_OFFSET_BITS=64 -march=x86-64-v3 -O3 -I ../../melder -I ../vorbis -I opus -I opus/celt -I opus/silk -I opus/silk/float  -c -o opus/silk/check_control_input.o opus/silk/check_control_input.c
clang -std=gnu++17 -municode -D_FILE_OFFSET_BITS=64 -march=x86-64-v3 -O3 -Wshadow -I ../kar -I ../melder -I ../sys -I ../dwsys -I ../stat -I ../dwtools -I ../LPC -I ../foned -I ../fon -I ../external/portaudio -I ../external/flac -I ../external/mp3 -I ../external/espeak -I ../external/whispercpp  -c -o manual_SpeechRecognizer.o manual_SpeechRecognizer.cpp
clang -std=gnu99 -municode -D_FILE_OFFSET_BITS=64 -march=x86-64-v3 -O3 -I ../../melder -I ../vorbis -I opus -I opus/celt -I opus/silk -I opus/silk/float  -c -o opus/silk/control_SNR.o opus/silk/control_SNR.c
clang -std=gnu++17 -municode -D_FILE_OFFSET_BITS=64 -march=x86-64-v3 -O3 -Wshadow -I ../kar -I ../melder -I ../sys -I ../dwsys -I ../stat -I ../dwtools -I ../LPC -I ../foned -I ../fon -I ../external/portaudio -I ../external/flac -I ../external/mp3 -I ../external/espeak -I ../external/whispercpp  -c -o praat_TimeFunction.o praat_TimeFunction.cpp
clang -std=gnu99 -municode -D_FILE_OFFSET_BITS=64 -march=x86-64-v3 -O3 -I ../../melder -I ../vorbis -I opus -I opus/celt -I opus/silk -I opus/silk/float  -c -o opus/silk/init_encoder.o opus/silk/init_encoder.c
clang -std=gnu99 -municode -D_FILE_OFFSET_BITS=64 -march=x86-64-v3 -O3 -I ../../melder -I ../vorbis -I opus -I opus/celt -I opus/silk -I opus/silk/float  -c -o opus/silk/control_codec.o opus/silk/control_codec.c
clang -std=gnu++17 -municode -D_FILE_OFFSET_BITS=64 -march=x86-64-v3 -O3 -Wshadow -I ../kar -I ../melder -I ../sys -I ../dwsys -I ../stat -I ../dwtools -I ../LPC -I ../foned -I ../fon -I ../external/portaudio -I ../external/flac -I ../external/mp3 -I ../external/espeak -I ../external/whispercpp  -c -o praat_TimeTier.o praat_TimeTier.cpp
clang -std=gnu++17 -municode -D_FILE_OFFSET_BITS=64 -march=x86-64-v3 -O3 -Wshadow -I ../kar -I ../melder -I ../sys -I ../dwsys -I ../stat -I ../dwtools -I ../LPC -I ../foned -I ../fon -I ../external/portaudio -I ../external/flac -I ../external/mp3 -I ../external/espeak -I ../external/whispercpp  -c -o praat_TimeFrameSampled.o praat_TimeFrameSampled.cpp
clang -std=gnu99 -municode -D_FILE_OFFSET_BITS=64 -march=x86-64-v3 -O3 -I ../../melder -I ../vorbis -I opus -I opus/celt -I opus/silk -I opus/silk/float  -c -o opus/silk/A2NLSF.o opus/silk/A2NLSF.c
clang -std=gnu++17 -municode -D_FILE_OFFSET_BITS=64 -march=x86-64-v3 -O3 -Wshadow -I ../kar -I ../melder -I ../sys -I ../dwsys -I ../stat -I ../dwtools -I ../LPC -I ../foned -I ../fon -I ../external/portaudio -I ../external/flac -I ../external/mp3 -I ../external/espeak -I ../external/whispercpp  -c -o praat_Sound.o praat_Sound.cpp
clang -std=gnu99 -municode -D_FILE_OFFSET_BITS=64 -march=x86-64-v3 -O3 -I ../../melder -I ../vorbis -I opus -I opus/celt -I opus/silk -I opus/silk/float  -c -o opus/silk/ana_filt_bank_1.o opus/silk/ana_filt_bank_1.c
Praat_tests.cpp:600:13: warning: declaration shadows a local variable [-Wshadow]
  600 |                                         double x [3], *px = & x [0];
      |                                                ^
Praat_tests.cpp:572:28: note: previous declaration is here
  572 |                                 autoMelderAsynchronous x;
      |                                                        ^
Praat_tests.cpp:605:13: warning: declaration shadows a local variable [-Wshadow]
  605 |                                         double a = c_vx [1];
      |                                                ^
Praat_tests.cpp:577:13: note: previous declaration is here
  577 |                                 autoVEC a;
      |                                         ^
Praat_tests.cpp:606:19: warning: declaration shadows a local variable [-Wshadow]
  606 |                                         const double b = c_vx [2];
      |                                                      ^
Praat_tests.cpp:578:13: note: previous declaration is here
  578 |                                 autoVEC b = a.move();
      |                                         ^
Praat_tests.cpp:607:19: warning: declaration shadows a local variable [-Wshadow]
  607 |                                         const double y = 0.0, *py = & y;
      |                                                      ^
Praat_tests.cpp:574:28: note: previous declaration is here
  574 |                                 autoMelderAsynchronous y = x.move();   // defined move constructor
      |                                                        ^
Praat_tests.cpp:612:13: warning: declaration shadows a local variable [-Wshadow]
  612 |                                         double c = c_vy [1];
      |                                                ^
Praat_tests.cpp:579:19: note: previous declaration is here
  579 |                                 const autoVEC c;
      |                                               ^
Praat_tests.cpp:613:19: warning: declaration shadows a local variable [-Wshadow]
  613 |                                         const double d = c_vy [2];
      |                                                      ^
Praat_tests.cpp:580:19: note: previous declaration is here
  580 |                                 const autoVEC d { };
      |                                               ^
clang -std=gnu99 -municode -D_FILE_OFFSET_BITS=64 -march=x86-64-v3 -O3 -I ../../melder -I ../vorbis -I opus -I opus/celt -I opus/silk -I opus/silk/float  -c -o opus/silk/biquad_alt.o opus/silk/biquad_alt.c
clang -std=gnu99 -municode -D_FILE_OFFSET_BITS=64 -march=x86-64-v3 -O3 -I ../../melder -I ../vorbis -I opus -I opus/celt -I opus/silk -I opus/silk/float  -c -o opus/silk/bwexpander_32.o opus/silk/bwexpander_32.c
clang -std=gnu++17 -municode -D_FILE_OFFSET_BITS=64 -march=x86-64-v3 -O3 -Wshadow -I ../kar -I ../melder -I ../sys -I ../dwsys -I ../stat -I ../dwtools -I ../LPC -I ../foned -I ../fon -I ../external/portaudio -I ../external/flac -I ../external/mp3 -I ../external/espeak -I ../external/whispercpp  -c -o praat_Matrix.o praat_Matrix.cpp
clang -std=gnu99 -municode -D_FILE_OFFSET_BITS=64 -march=x86-64-v3 -O3 -I ../../melder -I ../vorbis -I opus -I opus/celt -I opus/silk -I opus/silk/float  -c -o opus/silk/bwexpander.o opus/silk/bwexpander.c
clang -std=gnu++17 -municode -D_FILE_OFFSET_BITS=64 -march=x86-64-v3 -O3 -Wshadow -I ../kar -I ../melder -I ../sys -I ../dwsys -I ../stat -I ../dwtools -I ../LPC -I ../foned -I ../fon -I ../external/portaudio -I ../external/flac -I ../external/mp3 -I ../external/espeak -I ../external/whispercpp  -c -o praat_Tiers.o praat_Tiers.cpp
clang -std=gnu++17 -municode -D_FILE_OFFSET_BITS=64 -march=x86-64-v3 -O3 -Wshadow -I ../kar -I ../melder -I ../sys -I ../dwsys -I ../stat -I ../dwtools -I ../LPC -I ../foned -I ../fon -I ../external/portaudio -I ../external/flac -I ../external/mp3 -I ../external/espeak -I ../external/whispercpp  -c -o praat_TextGrid_init.o praat_TextGrid_init.cpp
clang -std=gnu99 -municode -D_FILE_OFFSET_BITS=64 -march=x86-64-v3 -O3 -I ../../melder -I ../vorbis -I opus -I opus/celt -I opus/silk -I opus/silk/float  -c -o opus/silk/debug.o opus/silk/debug.c
clang -std=gnu99 -municode -D_FILE_OFFSET_BITS=64 -march=x86-64-v3 -O3 -I ../../melder -I ../vorbis -I opus -I opus/celt -I opus/silk -I opus/silk/float  -c -o opus/silk/decode_pitch.o opus/silk/decode_pitch.c
clang -std=gnu99 -municode -D_FILE_OFFSET_BITS=64 -march=x86-64-v3 -O3 -I ../../melder -I ../vorbis -I opus -I opus/celt -I opus/silk -I opus/silk/float  -c -o opus/silk/inner_prod_aligned.o opus/silk/inner_prod_aligned.c
clang -std=gnu++17 -municode -D_FILE_OFFSET_BITS=64 -march=x86-64-v3 -O3 -Wshadow -I ../kar -I ../melder -I ../sys -I ../dwsys -I ../stat -I ../dwtools -I ../LPC -I ../foned -I ../fon -I ../external/portaudio -I ../external/flac -I ../external/mp3 -I ../external/espeak -I ../external/whispercpp  -c -o praat_uvafon_init.o praat_uvafon_init.cpp
clang -std=gnu++17 -municode -D_FILE_OFFSET_BITS=64 -march=x86-64-v3 -O3 -Wshadow -I ../kar -I ../melder -I ../sys -I ../dwsys -I ../stat -I ../dwtools -I ../LPC -I ../foned -I ../fon -I ../external/portaudio -I ../external/flac -I ../external/mp3 -I ../external/espeak -I ../external/whispercpp  -c -o praat_SpeechRecognizer.o praat_SpeechRecognizer.cpp
clang -std=gnu99 -municode -D_FILE_OFFSET_BITS=64 -march=x86-64-v3 -O3 -I ../../melder -I ../vorbis -I opus -I opus/celt -I opus/silk -I opus/silk/float  -c -o opus/silk/lin2log.o opus/silk/lin2log.c
clang -std=gnu99 -municode -D_FILE_OFFSET_BITS=64 -march=x86-64-v3 -O3 -I ../../melder -I ../vorbis -I opus -I opus/celt -I opus/silk -I opus/silk/float  -c -o opus/silk/log2lin.o opus/silk/log2lin.c
6 warnings generated.
clang -std=gnu99 -municode -D_FILE_OFFSET_BITS=64 -march=x86-64-v3 -O3 -I ../../melder -I ../vorbis -I opus -I opus/celt -I opus/silk -I opus/silk/float  -c -o opus/silk/LPC_analysis_filter.o opus/silk/LPC_analysis_filter.c
clang -std=gnu99 -municode -D_FILE_OFFSET_BITS=64 -march=x86-64-v3 -O3 -I ../../melder -I ../vorbis -I opus -I opus/celt -I opus/silk -I opus/silk/float  -c -o opus/silk/LPC_inv_pred_gain.o opus/silk/LPC_inv_pred_gain.c
clang -std=gnu99 -municode -D_FILE_OFFSET_BITS=64 -march=x86-64-v3 -O3 -I ../../melder -I ../vorbis -I opus -I opus/celt -I opus/silk -I opus/silk/float  -c -o opus/silk/table_LSF_cos.o opus/silk/table_LSF_cos.c
clang -std=gnu99 -municode -D_FILE_OFFSET_BITS=64 -march=x86-64-v3 -O3 -I ../../melder -I ../vorbis -I opus -I opus/celt -I opus/silk -I opus/silk/float  -c -o opus/silk/NLSF2A.o opus/silk/NLSF2A.c
clang -std=gnu99 -municode -D_FILE_OFFSET_BITS=64 -march=x86-64-v3 -O3 -I ../../melder -I ../vorbis -I opus -I opus/celt -I opus/silk -I opus/silk/float  -c -o opus/silk/NLSF_stabilize.o opus/silk/NLSF_stabilize.c
clang -std=gnu99 -municode -D_FILE_OFFSET_BITS=64 -march=x86-64-v3 -O3 -I ../../melder -I ../vorbis -I opus -I opus/celt -I opus/silk -I opus/silk/float  -c -o opus/silk/NLSF_VQ_weights_laroia.o opus/silk/NLSF_VQ_weights_laroia.c
clang -std=gnu99 -municode -D_FILE_OFFSET_BITS=64 -march=x86-64-v3 -O3 -I ../../melder -I ../vorbis -I opus -I opus/celt -I opus/silk -I opus/silk/float  -c -o opus/silk/pitch_est_tables.o opus/silk/pitch_est_tables.c
clang -std=gnu99 -municode -D_FILE_OFFSET_BITS=64 -march=x86-64-v3 -O3 -I ../../melder -I ../vorbis -I opus -I opus/celt -I opus/silk -I opus/silk/float  -c -o opus/silk/resampler.o opus/silk/resampler.c
clang -std=gnu99 -municode -D_FILE_OFFSET_BITS=64 -march=x86-64-v3 -O3 -I ../../melder -I ../vorbis -I opus -I opus/celt -I opus/silk -I opus/silk/float  -c -o opus/silk/resampler_down2_3.o opus/silk/resampler_down2_3.c
clang -std=gnu99 -municode -D_FILE_OFFSET_BITS=64 -march=x86-64-v3 -O3 -I ../../melder -I ../vorbis -I opus -I opus/celt -I opus/silk -I opus/silk/float  -c -o opus/silk/resampler_down2.o opus/silk/resampler_down2.c
clang -std=gnu99 -municode -D_FILE_OFFSET_BITS=64 -march=x86-64-v3 -O3 -I ../../melder -I ../vorbis -I opus -I opus/celt -I opus/silk -I opus/silk/float  -c -o opus/silk/resampler_private_AR2.o opus/silk/resampler_private_AR2.c
clang -std=gnu99 -municode -D_FILE_OFFSET_BITS=64 -march=x86-64-v3 -O3 -I ../../melder -I ../vorbis -I opus -I opus/celt -I opus/silk -I opus/silk/float  -c -o opus/silk/resampler_private_down_FIR.o opus/silk/resampler_private_down_FIR.c
clang -std=gnu99 -municode -D_FILE_OFFSET_BITS=64 -march=x86-64-v3 -O3 -I ../../melder -I ../vorbis -I opus -I opus/celt -I opus/silk -I opus/silk/float  -c -o opus/silk/resampler_private_IIR_FIR.o opus/silk/resampler_private_IIR_FIR.c
clang -std=gnu99 -municode -D_FILE_OFFSET_BITS=64 -march=x86-64-v3 -O3 -I ../../melder -I ../vorbis -I opus -I opus/celt -I opus/silk -I opus/silk/float  -c -o opus/silk/resampler_private_up2_HQ.o opus/silk/resampler_private_up2_HQ.c
clang -std=gnu99 -municode -D_FILE_OFFSET_BITS=64 -march=x86-64-v3 -O3 -I ../../melder -I ../vorbis -I opus -I opus/celt -I opus/silk -I opus/silk/float  -c -o opus/silk/resampler_rom.o opus/silk/resampler_rom.c
clang -std=gnu99 -municode -D_FILE_OFFSET_BITS=64 -march=x86-64-v3 -O3 -I ../../melder -I ../vorbis -I opus -I opus/celt -I opus/silk -I opus/silk/float  -c -o opus/silk/sigm_Q15.o opus/silk/sigm_Q15.c
clang -std=gnu99 -municode -D_FILE_OFFSET_BITS=64 -march=x86-64-v3 -O3 -I ../../melder -I ../vorbis -I opus -I opus/celt -I opus/silk -I opus/silk/float  -c -o opus/silk/sort.o opus/silk/sort.c
clang -std=gnu99 -municode -D_FILE_OFFSET_BITS=64 -march=x86-64-v3 -O3 -I ../../melder -I ../vorbis -I opus -I opus/celt -I opus/silk -I opus/silk/float  -c -o opus/silk/sum_sqr_shift.o opus/silk/sum_sqr_shift.c
clang -std=gnu99 -municode -D_FILE_OFFSET_BITS=64 -march=x86-64-v3 -O3 -I ../../melder -I ../vorbis -I opus -I opus/celt -I opus/silk -I opus/silk/float  -c -o opus/silk/stereo_decode_pred.o opus/silk/stereo_decode_pred.c
clang -std=gnu99 -municode -D_FILE_OFFSET_BITS=64 -march=x86-64-v3 -O3 -I ../../melder -I ../vorbis -I opus -I opus/celt -I opus/silk -I opus/silk/float  -c -o opus/silk/stereo_encode_pred.o opus/silk/stereo_encode_pred.c
clang -std=gnu99 -municode -D_FILE_OFFSET_BITS=64 -march=x86-64-v3 -O3 -I ../../melder -I ../vorbis -I opus -I opus/celt -I opus/silk -I opus/silk/float  -c -o opus/silk/stereo_find_predictor.o opus/silk/stereo_find_predictor.c
clang -std=gnu99 -municode -D_FILE_OFFSET_BITS=64 -march=x86-64-v3 -O3 -I ../../melder -I ../vorbis -I opus -I opus/celt -I opus/silk -I opus/silk/float  -c -o opus/silk/stereo_quant_pred.o opus/silk/stereo_quant_pred.c
clang -std=gnu99 -municode -D_FILE_OFFSET_BITS=64 -march=x86-64-v3 -O3 -I ../../melder -I ../vorbis -I opus -I opus/celt -I opus/silk -I opus/silk/float  -c -o opus/silk/LPC_fit.o opus/silk/LPC_fit.c
clang -std=gnu99 -municode -D_FILE_OFFSET_BITS=64 -march=x86-64-v3 -O3 -I ../../melder -I ../vorbis -I opus -I opus/celt -I opus/silk -I opus/silk/float  -c -o opus/silk/float/apply_sine_window_FLP.o opus/silk/float/apply_sine_window_FLP.c
clang -std=gnu99 -municode -D_FILE_OFFSET_BITS=64 -march=x86-64-v3 -O3 -I ../../melder -I ../vorbis -I opus -I opus/celt -I opus/silk -I opus/silk/float  -c -o opus/silk/float/autocorrelation_FLP.o opus/silk/float/autocorrelation_FLP.c
clang -std=gnu99 -municode -D_FILE_OFFSET_BITS=64 -march=x86-64-v3 -O3 -I ../../melder -I ../vorbis -I opus -I opus/celt -I opus/silk -I opus/silk/float  -c -o opus/silk/float/burg_modified_FLP.o opus/silk/float/burg_modified_FLP.c
clang -std=gnu99 -municode -D_FILE_OFFSET_BITS=64 -march=x86-64-v3 -O3 -I ../../melder -I ../vorbis -I opus -I opus/celt -I opus/silk -I opus/silk/float  -c -o opus/silk/float/bwexpander_FLP.o opus/silk/float/bwexpander_FLP.c
clang -std=gnu99 -municode -D_FILE_OFFSET_BITS=64 -march=x86-64-v3 -O3 -I ../../melder -I ../vorbis -I opus -I opus/celt -I opus/silk -I opus/silk/float  -c -o opus/silk/float/corrMatrix_FLP.o opus/silk/float/corrMatrix_FLP.c
clang -std=gnu99 -municode -D_FILE_OFFSET_BITS=64 -march=x86-64-v3 -O3 -I ../../melder -I ../vorbis -I opus -I opus/celt -I opus/silk -I opus/silk/float  -c -o opus/silk/float/encode_frame_FLP.o opus/silk/float/encode_frame_FLP.c
clang -std=gnu99 -municode -D_FILE_OFFSET_BITS=64 -march=x86-64-v3 -O3 -I ../../melder -I ../vorbis -I opus -I opus/celt -I opus/silk -I opus/silk/float  -c -o opus/silk/float/energy_FLP.o opus/silk/float/energy_FLP.c
clang -std=gnu99 -municode -D_FILE_OFFSET_BITS=64 -march=x86-64-v3 -O3 -I ../../melder -I ../vorbis -I opus -I opus/celt -I opus/silk -I opus/silk/float  -c -o opus/silk/float/find_LPC_FLP.o opus/silk/float/find_LPC_FLP.c
clang -std=gnu99 -municode -D_FILE_OFFSET_BITS=64 -march=x86-64-v3 -O3 -I ../../melder -I ../vorbis -I opus -I opus/celt -I opus/silk -I opus/silk/float  -c -o opus/silk/float/find_LTP_FLP.o opus/silk/float/find_LTP_FLP.c
clang -std=gnu99 -municode -D_FILE_OFFSET_BITS=64 -march=x86-64-v3 -O3 -I ../../melder -I ../vorbis -I opus -I opus/celt -I opus/silk -I opus/silk/float  -c -o opus/silk/float/find_pitch_lags_FLP.o opus/silk/float/find_pitch_lags_FLP.c
clang -std=gnu99 -municode -D_FILE_OFFSET_BITS=64 -march=x86-64-v3 -O3 -I ../../melder -I ../vorbis -I opus -I opus/celt -I opus/silk -I opus/silk/float  -c -o opus/silk/float/find_pred_coefs_FLP.o opus/silk/float/find_pred_coefs_FLP.c
clang -std=gnu99 -municode -D_FILE_OFFSET_BITS=64 -march=x86-64-v3 -O3 -I ../../melder -I ../vorbis -I opus -I opus/celt -I opus/silk -I opus/silk/float  -c -o opus/silk/float/inner_product_FLP.o opus/silk/float/inner_product_FLP.c
clang -std=gnu99 -municode -D_FILE_OFFSET_BITS=64 -march=x86-64-v3 -O3 -I ../../melder -I ../vorbis -I opus -I opus/celt -I opus/silk -I opus/silk/float  -c -o opus/silk/float/k2a_FLP.o opus/silk/float/k2a_FLP.c
clang -std=gnu99 -municode -D_FILE_OFFSET_BITS=64 -march=x86-64-v3 -O3 -I ../../melder -I ../vorbis -I opus -I opus/celt -I opus/silk -I opus/silk/float  -c -o opus/silk/float/LPC_analysis_filter_FLP.o opus/silk/float/LPC_analysis_filter_FLP.c
clang -std=gnu99 -municode -D_FILE_OFFSET_BITS=64 -march=x86-64-v3 -O3 -I ../../melder -I ../vorbis -I opus -I opus/celt -I opus/silk -I opus/silk/float  -c -o opus/silk/float/LPC_inv_pred_gain_FLP.o opus/silk/float/LPC_inv_pred_gain_FLP.c
clang -std=gnu99 -municode -D_FILE_OFFSET_BITS=64 -march=x86-64-v3 -O3 -I ../../melder -I ../vorbis -I opus -I opus/celt -I opus/silk -I opus/silk/float  -c -o opus/silk/float/LTP_analysis_filter_FLP.o opus/silk/float/LTP_analysis_filter_FLP.c
clang -std=gnu99 -municode -D_FILE_OFFSET_BITS=64 -march=x86-64-v3 -O3 -I ../../melder -I ../vorbis -I opus -I opus/celt -I opus/silk -I opus/silk/float  -c -o opus/silk/float/LTP_scale_ctrl_FLP.o opus/silk/float/LTP_scale_ctrl_FLP.c
clang -std=gnu99 -municode -D_FILE_OFFSET_BITS=64 -march=x86-64-v3 -O3 -I ../../melder -I ../vorbis -I opus -I opus/celt -I opus/silk -I opus/silk/float  -c -o opus/silk/float/noise_shape_analysis_FLP.o opus/silk/float/noise_shape_analysis_FLP.c
clang -std=gnu99 -municode -D_FILE_OFFSET_BITS=64 -march=x86-64-v3 -O3 -I ../../melder -I ../vorbis -I opus -I opus/celt -I opus/silk -I opus/silk/float  -c -o opus/silk/float/pitch_analysis_core_FLP.o opus/silk/float/pitch_analysis_core_FLP.c
clang -std=gnu99 -municode -D_FILE_OFFSET_BITS=64 -march=x86-64-v3 -O3 -I ../../melder -I ../vorbis -I opus -I opus/celt -I opus/silk -I opus/silk/float  -c -o opus/silk/float/process_gains_FLP.o opus/silk/float/process_gains_FLP.c
clang -std=gnu99 -municode -D_FILE_OFFSET_BITS=64 -march=x86-64-v3 -O3 -I ../../melder -I ../vorbis -I opus -I opus/celt -I opus/silk -I opus/silk/float  -c -o opus/silk/float/regularize_correlations_FLP.o opus/silk/float/regularize_correlations_FLP.c
clang -std=gnu99 -municode -D_FILE_OFFSET_BITS=64 -march=x86-64-v3 -O3 -I ../../melder -I ../vorbis -I opus -I opus/celt -I opus/silk -I opus/silk/float  -c -o opus/silk/float/residual_energy_FLP.o opus/silk/float/residual_energy_FLP.c
clang -std=gnu99 -municode -D_FILE_OFFSET_BITS=64 -march=x86-64-v3 -O3 -I ../../melder -I ../vorbis -I opus -I opus/celt -I opus/silk -I opus/silk/float  -c -o opus/silk/float/scale_copy_vector_FLP.o opus/silk/float/scale_copy_vector_FLP.c
clang -std=gnu99 -municode -D_FILE_OFFSET_BITS=64 -march=x86-64-v3 -O3 -I ../../melder -I ../vorbis -I opus -I opus/celt -I opus/silk -I opus/silk/float  -c -o opus/silk/float/scale_vector_FLP.o opus/silk/float/scale_vector_FLP.c
clang -std=gnu99 -municode -D_FILE_OFFSET_BITS=64 -march=x86-64-v3 -O3 -I ../../melder -I ../vorbis -I opus -I opus/celt -I opus/silk -I opus/silk/float  -c -o opus/silk/float/schur_FLP.o opus/silk/float/schur_FLP.c
clang -std=gnu99 -municode -D_FILE_OFFSET_BITS=64 -march=x86-64-v3 -O3 -I ../../melder -I ../vorbis -I opus -I opus/celt -I opus/silk -I opus/silk/float  -c -o opus/silk/float/sort_FLP.o opus/silk/float/sort_FLP.c
clang -std=gnu99 -municode -D_FILE_OFFSET_BITS=64 -march=x86-64-v3 -O3 -I ../../melder -I ../vorbis -I opus -I opus/celt -I opus/silk -I opus/silk/float  -c -o opus/silk/float/warped_autocorrelation_FLP.o opus/silk/float/warped_autocorrelation_FLP.c
clang -std=gnu99 -municode -D_FILE_OFFSET_BITS=64 -march=x86-64-v3 -O3 -I ../../melder -I ../vorbis -I opus -I opus/celt -I opus/silk -I opus/silk/float  -c -o opus/silk/float/wrappers_FLP.o opus/silk/float/wrappers_FLP.c
In file included from praat_uvafon_init.cpp:30:
In file included from ../dwtools/Matrix_extensions.h:29:
../dwsys/Graphics_extensions.h:87:37: warning: declaration shadows a field of 'structLineSegmentClipper' [-Wshadow]
   87 |         int getCohenSutherlandCode (HPoint p) {
      |                                            ^
../dwsys/Graphics_extensions.h:82:32: note: previous declaration is here
   82 |         struct structHPoint from, to, p; // working storage
      |                                       ^
../dwsys/Graphics_extensions.h:100:41: warning: declaration shadows a field of 'structLineSegmentClipper' [-Wshadow]
  100 |         void cross (HPoint a, HPoint b, HPoint p) {  // p = a x b
      |                                                ^
../dwsys/Graphics_extensions.h:82:32: note: previous declaration is here
   82 |         struct structHPoint from, to, p; // working storage
      |                                       ^
touch libopusfile.a
rm libopusfile.a
ar cq libopusfile.a opusfile.o opusfile_info.o opusfile_internal.o opusfile_stream.o opus/analysis.o opus/mlp.o opus/opus.o opus/opus_decoder.o opus/opus_multistream.o opus/mapping_matrix.o opus/mlp_data.o opus/opus_multistream_decoder.o opus/opus_projection_decoder.o opus/repacketizer.o opus/celt/bands.o opus/celt/celt.o opus/celt/celt_encoder.o opus/celt/celt_decoder.o opus/celt/cwrs.o opus/celt/entcode.o opus/celt/entdec.o opus/celt/entenc.o opus/celt/kiss_fft.o opus/celt/laplace.o opus/celt/mathops.o opus/celt/mdct.o opus/celt/modes.o opus/celt/pitch.o opus/celt/celt_lpc.o opus/celt/quant_bands.o opus/celt/rate.o opus/celt/vq.o opus/silk/CNG.o opus/silk/code_signs.o opus/silk/init_decoder.o opus/silk/decode_core.o opus/silk/decode_frame.o opus/silk/decode_parameters.o opus/silk/decode_indices.o opus/silk/decode_pulses.o opus/silk/decoder_set_fs.o opus/silk/dec_API.o opus/silk/enc_API.o opus/silk/encode_indices.o opus/silk/encode_pulses.o opus/silk/gain_quant.o opus/silk/interpolate.o opus/silk/LP_variable_cutoff.o opus/silk/NLSF_decode.o opus/silk/NSQ.o opus/silk/NSQ_del_dec.o opus/silk/PLC.o opus/silk/shell_coder.o opus/silk/tables_gain.o opus/silk/tables_LTP.o opus/silk/tables_NLSF_CB_NB_MB.o opus/silk/tables_NLSF_CB_WB.o opus/silk/tables_other.o opus/silk/tables_pitch_lag.o opus/silk/tables_pulses_per_block.o opus/silk/VAD.o opus/silk/control_audio_bandwidth.o opus/silk/quant_LTP_gains.o opus/silk/VQ_WMat_EC.o opus/silk/HP_variable_cutoff.o opus/silk/NLSF_encode.o opus/silk/NLSF_VQ.o opus/silk/NLSF_unpack.o opus/silk/NLSF_del_dec_quant.o opus/silk/process_NLSFs.o opus/silk/stereo_LR_to_MS.o opus/silk/stereo_MS_to_LR.o opus/silk/check_control_input.o opus/silk/control_SNR.o opus/silk/init_encoder.o opus/silk/control_codec.o opus/silk/A2NLSF.o opus/silk/ana_filt_bank_1.o opus/silk/biquad_alt.o opus/silk/bwexpander_32.o opus/silk/bwexpander.o opus/silk/debug.o opus/silk/decode_pitch.o opus/silk/inner_prod_aligned.o opus/silk/lin2log.o opus/silk/log2lin.o opus/silk/LPC_analysis_filter.o opus/silk/LPC_inv_pred_gain.o opus/silk/table_LSF_cos.o opus/silk/NLSF2A.o opus/silk/NLSF_stabilize.o opus/silk/NLSF_VQ_weights_laroia.o opus/silk/pitch_est_tables.o opus/silk/resampler.o opus/silk/resampler_down2_3.o opus/silk/resampler_down2.o opus/silk/resampler_private_AR2.o opus/silk/resampler_private_down_FIR.o opus/silk/resampler_private_IIR_FIR.o opus/silk/resampler_private_up2_HQ.o opus/silk/resampler_rom.o opus/silk/sigm_Q15.o opus/silk/sort.o opus/silk/sum_sqr_shift.o opus/silk/stereo_decode_pred.o opus/silk/stereo_encode_pred.o opus/silk/stereo_find_predictor.o opus/silk/stereo_quant_pred.o opus/silk/LPC_fit.o opus/silk/float/apply_sine_window_FLP.o opus/silk/float/autocorrelation_FLP.o opus/silk/float/burg_modified_FLP.o opus/silk/float/bwexpander_FLP.o opus/silk/float/corrMatrix_FLP.o opus/silk/float/encode_frame_FLP.o opus/silk/float/energy_FLP.o opus/silk/float/find_LPC_FLP.o opus/silk/float/find_LTP_FLP.o opus/silk/float/find_pitch_lags_FLP.o opus/silk/float/find_pred_coefs_FLP.o opus/silk/float/inner_product_FLP.o opus/silk/float/k2a_FLP.o opus/silk/float/LPC_analysis_filter_FLP.o opus/silk/float/LPC_inv_pred_gain_FLP.o opus/silk/float/LTP_analysis_filter_FLP.o opus/silk/float/LTP_scale_ctrl_FLP.o opus/silk/float/noise_shape_analysis_FLP.o opus/silk/float/pitch_analysis_core_FLP.o opus/silk/float/process_gains_FLP.o opus/silk/float/regularize_correlations_FLP.o opus/silk/float/residual_energy_FLP.o opus/silk/float/scale_copy_vector_FLP.o opus/silk/float/scale_vector_FLP.o opus/silk/float/schur_FLP.o opus/silk/float/sort_FLP.o opus/silk/float/warped_autocorrelation_FLP.o opus/silk/float/wrappers_FLP.o
ranlib libopusfile.a
make[1]: Leaving directory '/d/Praat-work/稳定早期版/external/opusfile'
make -C external/whispercpp
make[1]: Entering directory '/d/Praat-work/稳定早期版/external/whispercpp'
clang -std=gnu++17 -municode -D_FILE_OFFSET_BITS=64 -march=x86-64-v3 -O3 -Wshadow -I ../../melder -I ../../fon -I ../../sys  -c -o whisper.o whisper.cpp
clang -std=gnu++17 -municode -D_FILE_OFFSET_BITS=64 -march=x86-64-v3 -O3 -Wshadow -I ../../melder -I ../../fon -I ../../sys  -c -o diarize.o diarize.cpp
clang -std=gnu++17 -municode -D_FILE_OFFSET_BITS=64 -march=x86-64-v3 -O3 -Wshadow -I ../../melder -I ../../fon -I ../../sys  -c -o ggml.o ggml.cpp
clang -std=gnu99 -municode -D_FILE_OFFSET_BITS=64 -march=x86-64-v3 -O3 -I ../../melder -I ../../fon -I ../../sys  -c -o ggml-type-traits.o ggml-type-traits.c
clang -std=gnu++17 -municode -D_FILE_OFFSET_BITS=64 -march=x86-64-v3 -O3 -Wshadow -I ../../melder -I ../../fon -I ../../sys  -c -o ggml-memory-pool.o ggml-memory-pool.cpp
clang -std=gnu++17 -municode -D_FILE_OFFSET_BITS=64 -march=x86-64-v3 -O3 -Wshadow -I ../../melder -I ../../fon -I ../../sys  -c -o ggml-backend.o ggml-backend.cpp
clang -std=gnu++17 -municode -D_FILE_OFFSET_BITS=64 -march=x86-64-v3 -O3 -Wshadow -I ../../melder -I ../../fon -I ../../sys  -c -o ggml-backend-dl.o ggml-backend-dl.cpp
In file included from ggml-type-traits.c:5:
In file included from ./vec.h:8:
In file included from ./ggml-cpu.h:4:
./ggml-backend.h:24:47: warning: redefinition of typedef 'ggml_backend_buffer_type_t' is a C11 feature [-Wtypedef-redefinition]
   24 |     typedef struct ggml_backend_buffer_type * ggml_backend_buffer_type_t;
      |                                               ^
./ggml-alloc.h:9:43: note: previous definition is here
    9 | typedef struct ggml_backend_buffer_type * ggml_backend_buffer_type_t;
      |                                           ^
In file included from ggml-type-traits.c:5:
In file included from ./vec.h:8:
In file included from ./ggml-cpu.h:4:
./ggml-backend.h:25:42: warning: redefinition of typedef 'ggml_backend_buffer_t' is a C11 feature [-Wtypedef-redefinition]
   25 |     typedef struct ggml_backend_buffer * ggml_backend_buffer_t;
      |                                          ^
./ggml-alloc.h:10:43: note: previous definition is here
   10 | typedef struct      ggml_backend_buffer * ggml_backend_buffer_t;
      |                                           ^
In file included from ggml-type-traits.c:5:
In file included from ./vec.h:8:
In file included from ./ggml-cpu.h:4:
./ggml-backend.h:27:35: warning: redefinition of typedef 'ggml_backend_t' is a C11 feature [-Wtypedef-redefinition]
   27 |     typedef struct ggml_backend * ggml_backend_t;
      |                                   ^
./ggml-alloc.h:11:43: note: previous definition is here
   11 | typedef struct             ggml_backend * ggml_backend_t;
      |                                           ^
3 warnings generated.
clang -std=gnu++17 -municode -D_FILE_OFFSET_BITS=64 -march=x86-64-v3 -O3 -Wshadow -I ../../melder -I ../../fon -I ../../sys  -c -o ggml-backend-reg.o ggml-backend-reg.cpp
clang -std=gnu++17 -municode -D_FILE_OFFSET_BITS=64 -march=x86-64-v3 -O3 -Wshadow -I ../../melder -I ../../fon -I ../../sys  -c -o ggml-alloc.o ggml-alloc.cpp
clang -std=gnu++17 -municode -D_FILE_OFFSET_BITS=64 -march=x86-64-v3 -O3 -Wshadow -I ../../melder -I ../../fon -I ../../sys  -c -o ggml-threading.o ggml-threading.cpp
whisper.cpp:1740:22: warning: declaration shadows a local variable [-Wshadow]
 1740 |         const auto & hparams = model.hparams;
      |                      ^
whisper.cpp:1680:18: note: previous declaration is here
 1680 |     const auto & hparams = model.hparams;
      |                  ^
whisper.cpp:1746:19: warning: declaration shadows a local variable [-Wshadow]
 1746 |         const int n_audio_layer = hparams.n_audio_layer;
      |                   ^
whisper.cpp:1682:15: note: previous declaration is here
 1682 |     const int n_audio_layer = hparams.n_audio_layer;
      |               ^
whisper.cpp:1750:19: warning: declaration shadows a local variable [-Wshadow]
 1750 |         const int n_text_layer = hparams.n_text_layer;
      |                   ^
whisper.cpp:1683:15: note: previous declaration is here
 1683 |     const int n_text_layer  = hparams.n_text_layer;
      |               ^
whisper.cpp:3437:80: warning: format specifies type 'long' but the argument has type 'size_t' (aka 'unsigned long long') [-Wformat]
 3437 |         WHISPER_LOG_INFO("%s: alignment heads masks size = %ld B\n", __func__, memory_size);
      |                                                            ~~~                 ^~~~~~~~~~~
      |                                                            %llu
whisper.cpp:123:75: note: expanded from macro 'WHISPER_LOG_INFO'
  123 | #define WHISPER_LOG_INFO(...)  whisper_log_internal(GGML_LOG_LEVEL_INFO , __VA_ARGS__)
      |                                                                           ^~~~~~~~~~~
whisper.cpp:4923:26: warning: declaration shadows a local variable [-Wshadow]
 4923 |         ggml_init_params params = {
      |                          ^
whisper.cpp:4801:47: note: previous declaration is here
 4801 |             struct whisper_vad_context_params params) {
      |                                               ^
whisper.cpp:4930:22: warning: declaration shadows a local variable [-Wshadow]
 4930 |         const auto & hparams = model.hparams;
      |                      ^
whisper.cpp:4818:12: note: previous declaration is here
 4818 |     auto & hparams = model.hparams;
      |            ^
clang -std=gnu++17 -municode -D_FILE_OFFSET_BITS=64 -march=x86-64-v3 -O3 -Wshadow -I ../../melder -I ../../fon -I ../../sys  -c -o ggml-quants.o ggml-quants.cpp
clang -std=gnu++17 -municode -D_FILE_OFFSET_BITS=64 -march=x86-64-v3 -O3 -Wshadow -I ../../melder -I ../../fon -I ../../sys  -c -o ggml-cpu.o ggml-cpu.cpp
clang -std=gnu++17 -municode -D_FILE_OFFSET_BITS=64 -march=x86-64-v3 -O3 -Wshadow -I ../../melder -I ../../fon -I ../../sys  -c -o ggml-cpu-cpp.o ggml-cpu-cpp.cpp
whisper.cpp:7531:35: warning: declaration shadows a local variable [-Wshadow]
 7531 |                     const int64_t t_start_sample_us = ggml_time_us();
      |                                   ^
whisper.cpp:7253:31: note: previous declaration is here
 7253 |                 const int64_t t_start_sample_us = ggml_time_us();
      |                               ^
whisper.cpp:8375:22: warning: declaration shadows a local variable [-Wshadow]
 8375 |             double & s = k == 0 ? s_q4_0 : k == 1 ? s_q4_1 : k == 2 ? s_q5_0 : k == 3 ? s_q5_1 : k == 4 ? s_q8_0 : k == 5 ? s_fp16 : /*k == 6*/ s_fp32;
      |                      ^
whisper.cpp:8323:24: note: previous declaration is here
 8323 |     static std::string s;
      |                        ^
whisper.cpp:8850:18: warning: declaration shadows a local variable [-Wshadow]
 8850 |     for (int64_t i = 0; i < 2; ++i) {
      |                  ^
whisper.cpp:8824:13: note: previous declaration is here
 8824 |     int64_t i = N;
      |             ^
whisper.cpp:8851:22: warning: declaration shadows a local variable [-Wshadow]
 8851 |         for (int64_t j = 0; j < result_n_cols; ++j) {
      |                      ^
whisper.cpp:8825:13: note: previous declaration is here
 8825 |     int64_t j = M;
      |             ^
clang -std=gnu++17 -municode -D_FILE_OFFSET_BITS=64 -march=x86-64-v3 -O3 -Wshadow -I ../../melder -I ../../fon -I ../../sys  -c -o traits.o traits.cpp
clang -std=gnu99 -municode -D_FILE_OFFSET_BITS=64 -march=x86-64-v3 -O3 -I ../../melder -I ../../fon -I ../../sys  -c -o quants.o quants.c
clang -std=gnu++17 -municode -D_FILE_OFFSET_BITS=64 -march=x86-64-v3 -O3 -Wshadow -I ../../melder -I ../../fon -I ../../sys  -c -o unary-ops.o unary-ops.cpp
ggml-backend-reg.cpp:522:33: warning: declaration shadows a local variable [-Wshadow]
  522 |             if (std::error_code ec; fs::exists(path, ec)) {
      |                                 ^
ggml-backend-reg.cpp:474:21: note: previous declaration is here
  474 |     std::error_code ec;
      |                     ^
clang -std=gnu++17 -municode -D_FILE_OFFSET_BITS=64 -march=x86-64-v3 -O3 -Wshadow -I ../../melder -I ../../fon -I ../../sys  -c -o binary-ops.o binary-ops.cpp
1 warning generated.
clang -std=gnu++17 -municode -D_FILE_OFFSET_BITS=64 -march=x86-64-v3 -O3 -Wshadow -I ../../melder -I ../../fon -I ../../sys  -c -o ops.o ops.cpp
clang -std=gnu++17 -municode -D_FILE_OFFSET_BITS=64 -march=x86-64-v3 -O3 -Wshadow -I ../../melder -I ../../fon -I ../../sys  -c -o vec.o vec.cpp
clang -std=gnu++17 -municode -D_FILE_OFFSET_BITS=64 -march=x86-64-v3 -O3 -Wshadow -I ../../melder -I ../../fon -I ../../sys  -c -o model-ggml-segmentation.o model-ggml-segmentation.cpp
model-ggml-segmentation.cpp:927:145: warning: trigraph ignored [-Wtrigraphs]
  927 | "r\341\276.$%\276\341\370o?\24\347\207>\343\371\306=&E\207=\3205\271>\364*\333>\216\364\204>\274\354A\276\3\211\272\276\251\213\276=\202*J?\201Q??<\377\303\276A\315[\277\2128\337\276L\231K>\361\35\255\274|\b\221\277\347K\265\277\320\363\23\277P\306\224\2763\0o\275\341_W>}"
      |                                                                                                                                                 ^
model-ggml-segmentation.cpp:1370:82: warning: trigraph ignored [-Wtrigraphs]
 1370 | "L\262\275\5\361V\276\375\32e\275\225a_\277\206~D\277D$\270\276ZZ/>\275\251\22?Pw??/\265p?7\5\22?\22\367E?Mh\257<\244\235v?\224\254\345>5\235E<\352:?\277\262R\322\276\27d\361\276\2141\314\276\310\"l=C\305.\275?[8?\204\230\262\277]\2106\300\366"
      |                                                                                  ^
model-ggml-segmentation.cpp:1420:5: warning: trigraph ignored [-Wtrigraphs]
 1420 | "\5N??-L>\360\256f\275\366\1Y? =h?\2728\236?\350\224\207?\364Q:?\227\331\n@\234\255\225?(\326e?\335\217\261>/\r\340>\351^2\277\3\304\253\276-x\321\276k\34\200\277f'\317\277\253\317\275>V\30\26?Xt\221\276\4\327a?\353\242\357>\275\331\342>\356g\234>>"
      |     ^
model-ggml-segmentation.cpp:2283:220: warning: trigraph ignored [-Wtrigraphs]
 2283 | ">\342\30\271?\271\326N?v\271o>\345\255\262>\206\377\177?QA\315\275k\313\24?\26\364%>|\216\n?^K\315?5|\326\275\1 C?\365{\261=\207f\250>\273i7?\322D\323>\356\243\246\274d\344\364>=d^>t\316'>O\273\t?\222\347\244>\245\311E??!\210?ck\302"
      |                                                                                                                                                                                                                            ^
model-ggml-segmentation.cpp:3303:95: warning: trigraph ignored [-Wtrigraphs]
 3303 | "\0@\r\277\251\277\243Z\336?\355CX?\2031\274>\244\177\302\277i\346{?\222\17\1>\210:\324?5:\301??=n?\337I\314\276\326\357\37\277$`\374?\23\2549\277\27\21I>d'\36?}\263\341>\360,\307\276\234\273\270?\364r\334\277i\235\216>\332^g?\n\363\244?d\342\177?\360\370"
      |                                                                                               ^
model-ggml-segmentation.cpp:3473:2: warning: trigraph ignored [-Wtrigraphs]
 3473 | "??=A\227\277*\366\243?\306'R?\220\314\241\277\324`o?\310\254\237>NJ[>h\262R\275fx\0\277\23Q\237\277\2659S?\30/\265?^-9>AR\211\277\327rD\277\251B+?i\241\20\277\327d\200\276\32Y\324?\333\21\267\2762\376\335:\340\374\352\277,\361M?\177i\227>\r\314"
      |  ^
model-ggml-segmentation.cpp:3708:60: warning: trigraph ignored [-Wtrigraphs]
 3708 | "j\276YZ\25\277Tb'\275\255\37\33?\21\231M\2776P\v\277*e\230??'\247\277\311\221\255\276\313;\350?L\4\3\277\262b \277\n\a\265\276W\304\332\277<.\361?1\260\251?\257\177e\277\20;\34@\300Q\32\274\27\372)?\353\\\256>nM%\300c\331\367\275$'\2\277^\26\206?\243\26"
      |                                                            ^
model-ggml-segmentation.cpp:4272:104: warning: trigraph ignored [-Wtrigraphs]
 4272 | "\t\277!s\266?\33\377\6\276+\37\260\277~\377\252?!S\262\277\fG\310\277\332\310\20>\211\207v\277\226\307??>9@?\214\366\344?\365N\303\275_\377\25\2773\264\25>5i\34?<\4\211?~;Z\2769\25Q?t`\341\276ezu\277c\17:>r\323\5?}\300\206\276\236\225\r@\264\36"
      |                                                                                                        ^
model-ggml-segmentation.cpp:4780:101: warning: trigraph ignored [-Wtrigraphs]
 4780 | "\244?\204\352E\2770\341G>\332\210\342\276T[\322\277-\255\341>\317\330-?V:\36\277$\0\325\276\376\242??/\301\255\276\2\304\221\276_x\17>\2767\222?nu\b@\16*I?\371\225\0\277\245\32\320\276\32\343Z@\300\337\267\276\225Np\2759\230~?\233\r\272\276\225\234~?8U\207=\366\217"
      |                                                                                                     ^
model-ggml-segmentation.cpp:4850:2: warning: trigraph ignored [-Wtrigraphs]
 4850 | "??<\20\245\277\211\247\210\277\323\3217\274\205;m\277\rY\335\277\0275\220\276C=\5?\211>b?\341\224\201\277\201\252)\3000dH>\276\323\260?\266\374\214?P6 \277X\314\30?=na>?\234\344<\363>\277?`\373\277>\344\311A?\262\307\332>\275\177\360?%\244\24\277\351\340\327\277\nF"
      |  ^
model-ggml-segmentation.cpp:5718:42: warning: trigraph ignored [-Wtrigraphs]
 5718 | ">A\305M?{\260.>\225;\35?>\273\"\276*\262??/\2041\276%\301\202>\27I\236\276I\31\2\277\363\24\337>\6-\b?'\1\232\277-\247\a\277\261r\371=\246\314\203?a\30\252\276\333eH?\b\6\222\277\244\214|@):\217\276E\260\355\277\357\31\354?A\273 \277\235\201\200\277u!`"
      |                                          ^
model-ggml-segmentation.cpp:6754:25: warning: trigraph ignored [-Wtrigraphs]
 6754 | "\277\"B8> z\240=O\323\"??>\201\275\305\246X\276\2\3,\277\347f'?\3772 warnings generated.
Qk\275\366\203`=,\5\26\277Hx\"\277\254\204 \275B?F\276F\32\237\276S\335\1>\304\32\332>7\345\214\276y\356)\277\2467\312\277\2569L>\20\342:=\370\321\212\276v\4\333=O\325\263=\31\341\235"
      |                         ^
model-ggml-segmentation.cpp:6972:164: warning: trigraph ignored [-Wtrigraphs]
 6972 | "\251?ZC\305\277\254\366\341\276\3444\206\276$\25\304\273\0\324\t@;\302\256?\353\36\254\277\240$\1\300+ \326>\213\221\16@\236\214/\277m3\345>\334\361\246?-lP=&\213??'\234J\276\253\22\b@\201\314\234>\233W\200>7V\3@\200cT\277q\375\31\277\246+\315>\341\346;?\2\203"
      |                                                                                                                                                                    ^
model-ggml-segmentation.cpp:8743:167: warning: trigraph ignored [-Wtrigraphs]
 8743 | "\212\277\242A\2\300\303\367\306\277\347c\260?\367\277\201?\226\233\27?\37\327|\273h\370\237\277\231i\">\2456\345=\n\327\30\277S:\237\275\211*\376?\201-\222\277m\261L??(\313\277an\224\277\254'm?y\33\343\2770\22(?\256\23n>=:\353\276\212\231*\277\363\2708\274\245Q\360>\204\366"
      |                                                                                                                                                                       ^
model-ggml-segmentation.cpp:9310:188: warning: trigraph ignored [-Wtrigraphs]
 9310 | "3\277\b\240\253\275\273\260\271\277O\341\37\276M\36\360\276\372\340\r\277\34\321{>\b\b\327>\2028\345\277G4\223>\1M\r?\23\17L?U\320@?\235~\376>3\271\r?\27\254\306\275\263!U?\216/\240\276???>f\246;\277z\310\f\276\235\314\363>\356y\22@\363\3318\276q\232\t\276\30k"
      |                                                                                                                                                                                            ^
model-ggml-segmentation.cpp:9466:26: warning: trigraph ignored [-Wtrigraphs]
 9466 | "\r\277\210\336\35@\"c\26??=\273\276\252s3>\3625\270\275-\273,>\3363#\300j\17\36?~I'\276\330C\v?\355H\200=\363\236\276>\264P\34?\323\335\210>~\330\362>e \376>aex?\346\35\20clang -std=gnu++17 -municode -D_FILE_OFFSET_BITS=64 -march=x86-64-v3 -O3 -Wshadow -I ../../melder -I ../../fon -I ../../sys  -c -o model-ggml-embedding.o model-ggml-embedding.cpp
2\277i\331\n\300\305\3244>\243\376\6?\364X\270\277I\231\234>\232\271\322?+i"
      |                          ^
model-ggml-segmentation.cpp:10051:213: warning: trigraph ignored [-Wtrigraphs]
 10051 | "?\333. ?\217\241\347\277\35\320\341\276\216YR>j}\233\276|\315S\277\37#\243?\24\223\375\275\323\365\324\276\363V\316\276\241f\\?\6q\247=M\327\f?\363WQ>\17\216\26;\346\312\332?\31\223\211?\232\254\246?J\374_?\3523??>}`\277\346\252#\277\317\200\306>\331\222\310>S\272\226"
       |                                                                                                                                                                                                                     ^
model-ggml-segmentation.cpp:10068:88: warning: trigraph ignored [-Wtrigraphs]
 10068 | ">\325\34\24\277Q\177\277>\31\204I?]?\366\276\203\306\"?HRC\277~\301\265>\360\37\35?Cu9??>\16?E{Q\277\247<0\277`*&\277\2243\316\276\327\303\376\276\310Wp>0b\f?\355}\327\276\361\303t\275\4\177T?\231H\256\276\260\211\33=\351O\206\276\226\344\344\277U\231\34"
       |                                                                                        ^
model-ggml-segmentation.cpp:10457:81: warning: trigraph ignored [-Wtrigraphs]
 10457 | "<C|E\276\371\6Z\277A\37-?~\301\24>\373\275\300>\236\360@\277\347S\274>\266\321M??'\317>\245>\177\277\324\234\237?A\236[?\240\273X\275\303\332\376\276\260\rw>\343\4\304>*e:\276}\274\27?X\334s\277\342,\v\2763\240\205\276\34\220q\276\264\306\342\276)\253'\275qt\230"
       |                                                                                 ^
model-ggml-segmentation.cpp:11260:238: warning: trigraph ignored [-Wtrigraphs]
 11260 | "\276\371\332\317\275\331\330I?\264\375\"\277\313q\231\277\276\365\6\277'@\263\276\213\343P\277\37\317\23?\277\211\37\277p\267:\277\345\250\312>\343\341\200?D\242\33\275\305\n\361\276zX\224?\327\263\23@\25\344\340\276\203\260X;}\246'\277??<\277\336\341P>c\203\216;R\266\232?C\326q\277\201\316["
       |                                                                                                                                                                                                                                              ^
model-ggml-segmentation.cpp:12291:186: warning: trigraph ignored [-Wtrigraphs]
 12291 | "?\231\277\265\277.N\325=\3H\240\277+\3422?D\226->\30\2705\277\221\353T\276\373:\334\276\324\n\237\276\t\250G\276\3429~\277\351\250\1;\344\306\220\277\245\343\t\277\366\264Z\277\17\262&??<\4\300\210\255\241\277j\f\231?y\263-\277hw\342?\330Zr\277\313IH\275\275\342\v\277?\352J"
       |                                                                                                                                                                                          ^
model-ggml-segmentation.cpp:13931:98: warning: trigraph ignored [-Wtrigraphs]
 13931 | "\275Qq\26?$\370+\275\354\272\21\276\22\243\177\277\350\254\360\275gS\367\274\rY\256\2768Q'?h^\36??!\370\275Qr\271\276\6\227`>\232!\5\276L\25U?\5\377\237?\240\34\v\277\3712\34=J\336\303\275\221\316\272< \376\220\275UZ[>\301\241w\276\fkN\276\246\343\1\276\333~\265"
       |                                                                                                  ^
model-ggml-segmentation.cpp:13966:221: warning: trigraph ignored [-Wtrigraphs]
 13966 | "touch libfon.a
?e\344\266\275\f\347\231?4k\356>=\270\201>3)\331\277k\331\335?\303\317_\277/\207A?,\253\247>\363\330\0?\201Q\306<\0347g\277\240\37\312\276P).>\315\272\27\276\35\330r\277\1D\277\276[\0346>\216\227\202?\4\327\222?\226\377??<gm\276Xc\306\276H\343z\275?\254\33"
       |                                                                                                                                                                                                                             ^
model-ggml-segmentation.cpp:15276:126: warning: trigraph ignored [-Wtrigraphs]
 15276 | "\303\274ea\311\277'\32\325?p(4\277\316x\252\276}{-?r#0>\n\35\324\276\202\201\\?\212\246\332?o\252\337\277,\351\265\277\371]$??<+\277T\21b\277\366}\355>!\v\316\276\372b\220\276\220\255\322\276\20\fE\2761\224\23\277>,\251?\20\362\210?\263X\273?'|\241\277\17C"
       |                                                                                                                              ^
model-ggml-segmentation.cpp:15505:2: warning: trigraph ignored [-Wtrigraphs]
 15505 | "??-q3?\264oM?t\6\252\276\241_\277\277[\347\322?\305N*\276\260\301+\276\204\203\256\277^ \201\277\307l\351<\347\301>\276\232\20\360\276\305p\274\276\376w\343?\221\324\315?\17\321)\277\221\26\366\274C\245\26\275\273\37\241?\337uP?\323-\37\277_\342!?\310\305\273\277\271.>=7\324"
       |  ^
model-ggml-segmentation.cpp:15551:95: warning: trigraph ignored [-Wtrigraphs]
 15551 | "[>^\20\231\276\375\23\216>\371\212\257?\26\341\354\276\215\313>\277\221\69\276\16\t,=\313\227??'\301\217?\210y`?\315qq?\305\3706?\3608\370<I\314??\261\227f?\276\243\f?\363)o?\35F\6\277h\2734\277\233\0\323\276\335KV\277p` \277U\272\325>\240\205\241?\rb"
       |                                                                                               ^
model-ggml-segmentation.cpp:15634:220: warning: trigraph ignored [-Wtrigraphs]
 15634 | "\340>\36r\4?\215\244p\277\20\21\333\275\270\260\271>\245%\245?\277I\315=@\274\330\277#\321F\277\v%\351\277\214\264M?`l\320>s\336\242\276\354#\253>\364q\322\275\3624A?\30@Y>U\342\324\276\340x\214\277>N\237\277\av\36\276??=\277\3737\25\277\212t\35?o\260R?\33\376"
       |                                                                                                                                                                                                                            ^
model-ggml-segmentation.cpp:15814:161: warning: trigraph ignored [-Wtrigraphs]
 15814 | "\255\276Ju'\277\35Sc?\231\351\257\2769\314\275=\35\2274?\311\275\6?\33\306\324\276-j\314\277$N\247\276\372\347I\276\347\16T?\240%\31\277\357\255\224\276\am\337??=\365>\330\364\230>l\\\346?\207\222\232\276\23\24\6?\330\262\200?)V\337?e!\273\276\210\325k\277\356\322\275\277\241\a"
       |                                                                                                                                                                 ^
model-ggml-segmentation.cpp:16161:66: warning: trigraph ignored [-Wtrigraphs]
 16161 | "\370>\261\314\257\276T$w?v\t\r?\334\220\243?\6oZ\300\316\201\377??!\233\2762.\221\275\231I\177?\225\255x?<\241\247?r\2640\277\"\331k\275\177[\250=k\32\323?}\24\20\277\354\202]?\346~\351>|\270\226>]\223\222>\\\305M>\31\302C\276\n\234\215>Z\30\31?0\376"
       |                                                                  ^
model-ggml-segmentation.cpp:16430:99: warning: trigraph ignored [-Wtrigraphs]
 16430 | "%?\3739\0?\325\265\221?D]*@\254\243?>\vJ\234\2772b\242?U\263\241\276\t(\376=w\366\367\276\277\314??=\302R?P\226\366?\30\305T?\35\211\21\277\0344!?\210\316\304>\355\255\4\276\270\177\22\277\276e\220?\261C>\277\276\355\256\275\372\314_\276\22 \235\277\255\251>>\202\225"
       |                                                                                                   ^
rm libfon.a
model-ggml-segmentation.cpp:17119:219: warning: trigraph ignored [-Wtrigraphs]
 17119 | "\22@\377\225\6\300\257\213\26?\261=]\275\236\363\201?\307\23\20\300\244:\266\277k\17\322?\234%\6>^\344\267\275^\3343?\375f\247>Xn|\276\346\336\260?\335 \213?\aP\367\277\r\30S\277\310\0053\277:g\203\276\354t\b@\273\251??(\202\325\277\\\367i\277U\253}>\321\2218\277\204p"
       |                                                                                                                                                                                                                           ^
model-ggml-segmentation.cpp:17156:162: warning: trigraph ignored [-Wtrigraphs]
 17156 | "j\277\370\16\0\276\243\307\346\277ea\245>\323\35/?x\365,\277O0\371\277\237a\26\277\237\335u?\246tx\277\1\203\235\277\25f\364>\321\304Q\277Y;\207\277\272gH>L\366??<\225 \276A\217j@]\0\35\276\232%\235>\241\253;\276\f?\273>Qh\23>Zn\344>\231\221v?\0\r"
       |                                                                                                                                                                  ^
model-ggml-segmentation.cpp:18872:26: warning: trigraph ignored [-Wtrigraphs]
 18872 | "?\265^\v\277{dm?\35x\216??'\216\274\n\1\267\276)Q\367\276\354\222\276\276\234\v\253\277T\24\312=\20\352\1\300`\270\311?\v7^?\371\216\320?N\204\346>I\271m\275c\226\222\276q\216H?\f\3\1\276\272\211\362=A$Q?=~\205?\323\310U\277'\355\242\277\377\313\206>\327\213\321"
       |                          ^
model-ggml-segmentation.cpp:18939:155: warning: trigraph ignored [-Wtrigraphs]
 18939 | "\276Z\364\266\277/e\370<\372o\345\276oh\216\277\270K\5\274\252\242\357\275V\251\t\277\347c/\276C\275\227?\311\301\340\276\267\365\217?\21N\34\277\212\213??!\4\177?\364Ij?\254t\37\277!\336\260>f5\202?\247wa\277\31\262\351\277 \230\353>\344\343\345>\356N`\277\323\365\266\274\343\25\6"
       |                                                                                                                                                           ^
model-ggml-segmentation.cpp:19160:108: warning: trigraph ignored [-Wtrigraphs]
 19160 | "\274\34m\245?\2750\315\277\24y\320\277i\243:\276\251-f\277jw\251\276\321L\6\275\365j\16\276LO\257\277\366n??)G0>]\216}\277\305\272\25?D\232v\276H3\206\277\362\334\203\276O'C\276O\0011\277C\236I?K\17_\277\36\222\257\277F\201\314\277\36\225\26\276b*\202?I\334&"
       |                                                                                                            ^
model-ggml-segmentation.cpp:19941:78: warning: trigraph ignored [-Wtrigraphs]
 19941 | "\274\325O\271\276\205\236\1@\2\263u\276\315\17\222\276\275\256\234?'\377\243??!\">\0Wn\277,t{??\236\313?\237c\337\276\300\373\26@%u\212\276\310\301\320\276\374\266\302\275\237VN\276\5\262\255<\0246\265>&\333\327?i\231\0?\365\376\30\277\25\341\236\277\234TI?_\r\32\300-2\30"
       |                                                                              ^
model-ggml-segmentation.cpp:20055:215: warning: trigraph ignored [-Wtrigraphs]
 20055 | "\277V\17\201>\3312\323>\342\275\21\300a\223\241\276\200\322o>\344!\213\277JZ\201?]\177^>\370\4\262?\302\352,\277\323\261\253\277:!\215\276\276=\244?\205\214\330\2776&t\276\a\246\235\277\4\2\343\276\24>*\276\32\33l??<\263\277\363\371]?f(\271\277\n\22\377\276\306l\214\276\4s\374"
       |                                                                                                                                                                                                                       ^
model-ggml-segmentation.cpp:20750:33: warning: trigraph ignored [-Wtrigraphs]
 20750 | "\277Q\36\n?L{$\300\177av?i\233:??/\333<\241?8?r)?\2770x\217?z\267J\277\215JN\277(\316V?\275fE\277\344\4\255>B\223B?RZ\246\276\336\377\26?R\313\271\277\375\222M\274\345\277\307\277H\321\35\277\370\217\">\205\263\222\276P\"\271=\305e\27?\247\25\306"
       |                                 ^
model-ggml-segmentation.cpp:21378:215: warning: trigraph ignored [-Wtrigraphs]
 21378 | "=\201\3479><W\f?\311\337\3\2778\b0?G\314G\277\372\a\373>x\247\257>p\232\214\277Z\372\321>V\346k\277t\34d\277X[\350\275\217a\177\276\301\4j?\254\225V?6\264\243\277\214\2\31?\1h*\276\367\373\370>?\316\212>KNg>\250\f??)\35w>w5\276\276\340a\317"
       |                                                                                                                                                                                                                       ^
model-ggml-segmentation.cpp:21788:103: warning: trigraph ignored [-Wtrigraphs]
 21788 | "?\243m\0\277\256\0015\276\304\223\267\276!b6\276\20rt\276\377\341\225>\r~\5?C\203\30>\360e\1\276\246!??-\310z\274]f\253=75)?\t~\177?W\226|?\267\211#\277\200\177\345?@c\37\277z\264\265>%\353\327\276X\272.?7\375_\277-\264\327\272\26-\242\276\211K\206"
       |                                                                                                       ^
model-ggml-segmentation.cpp:21851:143: warning: trigraph ignored [-Wtrigraphs]
 21851 | "\276\6\3\201\276q_f=^\267\334=\377\261\314>\6\367L=\207\305\366>`9\323>)\360\t\300/\213z>\253\245\205\277J$\250?!\321\221>aU$>B\200\364>\236$??/\210\211>\266\304\265\277\250\n0\277\317E2?n\351F?\231w\25?c\357s>\2103\b>\315<\305\277\31\307\246"
       |                                                                                                                                               ^
model-ggml-segmentation.cpp:21889:278: warning: trigraph ignored [-Wtrigraphs]
 21889 | "\277\231\2634\300K\363\253\276\300\31\364\276BF\242>\203\360\376\275\1\310z?\265\20\321=\312c\247>\311\306\371\275/\276\201?\210\212\264\277E\242\234?\216\245\2>\355\\h?\327\336\34<\270\2350\276\353\272\215?\272\255\t\277W\313\240>\243~\327>=6\251\276\252\234\365\276\353\354-??-\247>\3628\322"
       |                                                                                                                                                                                                                                                                                      ^
model-ggml-segmentation.cpp:22011:62: warning: trigraph ignored [-Wtrigraphs]
 22011 | "=\267\270\3\277MM*?z\337\204\277\323\27\275\276\352m'>\33~\2??)\206\2771\264\2\277\2212\320>\32[\242\276\252\203i\277`Ki>\274\363\31?N8l\277n/\204>\325G\300=WV\234\276]\210 \275g@g>\361\327\224\276\334F\230?\2731\22?\276\365\221\277XY\0\300\272\335\313"
       |                                                              ^
model-ggml-segmentation.cpp:23160:77: warning: trigraph ignored [-Wtrigraphs]
 23160 | "|=V\277\36>A\367w>xQ\236?|7@?7}\367\275\231\225|\277q\276v?a\275\203?\275A%??>v=\260\f\365\276/.\277\276Qt\241?N(\v\277\24015\275;\4->\311b\333>8X`?Q2\237\277+q\211=\2\3211\277\26\354\305\275\223\312\363\276c\25-\276\21\256"
       |                                                                             ^
model-ggml-segmentation.cpp:23555:162: warning: trigraph ignored [-Wtrigraphs]
 23555 | "\266\276\211g\203\276\263\213\245?\376\301\350=\356\5\207\276N\2\b\277/\0\237\276\0005\236\275Q\4\277\276,\337r\274H\177\223\276O.\233>\35\251\213?\202\"\272?<T??<~\315?\27\214\26\277?\341\226\277\26\342w?\242b\5\277\365\273\177?\21\322\273\276\347\342\274?\177o\306\276!<\240\276pJ"
       |                                                                                                                                                                  ^
model-ggml-segmentation.cpp:23567:75: warning: trigraph ignored [-Wtrigraphs]
 23567 | ">?\204Z4\277\356\347\335\275c\326\207\277\242\"\256\277*\322\363\277\247[??!\253\222>\376\304f\277\345\31q\277H\225r\277\366\231\223\277\35\23\242\277Z\17,\277r\325\273\277\346\254\221\277\222F\24\277*?H\277E\307I?\344\32\"\277\a\37\370\276s5\340>\v\312\333;i\263\264>t\v\345\276\22\370"
       |                                                                           ^
model-ggml-segmentation.cpp:24342:229: warning: trigraph ignored [-Wtrigraphs]
 24342 | "\353\276?\223u\277\313\230\300\277\360l8\2771\346+\277\222\2576\276?\3\212\277\3\21\200?\314\310\t\300\25A\251\276&\344\231\272\25(V\276X\321\363\276\370L\271?\265\257z=\5T\266>I\255\370>\216jY>+y|\277\305/\275\276\354f\240>\by??(y\33?\31\357\345?\202n\244\275\3172"
       |                                                                                                                                                                                                                                     ^
model-ggml-segmentation.cpp:25542:208: warning: trigraph ignored [-Wtrigraphs]
 25542 | "\274S\375\306\276\245\340(?\355\264\317>@\323\r\2777\240\306>\222o\343>\304\200\213\277\5\36Z=\322\247\377\276\236\236V?\26\362\364?]/\a\277]\27\324\277d\327\243=\271d\272?\4R\207>\r0w\276\261\fa\276\372\a<??>\261>?O\205>\367bu?+4\262\277\253\222\6?qiQ"
       |                                                                                                                                                                                                                ^
model-ggml-segmentation.cpp:26077:271: warning: trigraph ignored [-Wtrigraphs]
 26077 | "\277\364\t\204\276\332]-?r\16\244?\33j\32\276\233\201\223?\364\350H?_%\32?\35\361\331\276\355\310\247\277\2\313b?\24\346\205\277u\200\346\276\210\222\0>\v\275\201=\313%\21\277\26\231\6\276\4\235\364=\221\356d\275\251\202&?\334\273;>\307\342K?$\247\t\2775a\372?=\257\250??/\233"
       |                                                                                                                                                                                                                                                                               ^
model-ggml-segmentation.cpp:26176:175: warning: trigraph ignored [-Wtrigraphs]
 26176 | "\276U-u?\341/\327=\31\253\30\276\241g\213=\216\317\242?\6\\x>'\222\301\276\260\226[\2770\363\270\2775c\332>ur\0?)~N\276\17\317\24\277\365\344\234\276\n\217W>e\307\370>\245\4??'\1%\276\374>=?\305eE\275\3540\347>\333h\3?\26h\360=\307p\323\277/\230\302"
       |                                                                                                                                                                               ^
model-ggml-segmentation.cpp:26364:124: warning: trigraph ignored [-Wtrigraphs]
 26364 | ">\272\265\373\275ZL\t?\361o\313>n\335?\277\356\225\24>\20'\0?\16\325N\277w\2419\277\305\374\377>Py\30\275\324Y\25?\223\334??'\3512\276\224\310\305?\341\0\221>,8\16>\25\v9\276\322\f\325>\233\26(\276'Zo\277\250|\346\275|\330\242?\260r{\277/\203.\277\363\1("
       |                                                                                                                            ^
model-ggml-segmentation.cpp:26643:261: warning: trigraph ignored [-Wtrigraphs]
 26643 | "\277\217oK\277I\343\322\277\2l\f?\221\332??\251H\311\277\214Q\332\276\360\237|?\341\3G\277.tg\276\325\32\265>\267A\325\275\3450\263<\363\235\306?AX\213<y\3552\274\223=\227\276aU\a?\372.\361\277\17\335\246>\2350G\277\3477\311\276\274*/\276\207\241\363?\271\213??!\323\267"
       |                                                                                                                                                                                                                                                                     ^
model-ggml-segmentation.cpp:26878:230: warning: trigraph ignored [-Wtrigraphs]
 26878 | "\276\265\2369\2773\255#\277\236A0\277\27\332\262\276u\210\332\273_u,\277#(J?\272w(\277\256h\357=\3G\327\276B&\35\277\241\366\355\276\a\370=?\6\324E\277\26\270\316?\362\226\273\277\304\307\t\277\310=\325\276S\343I?\f\v\34>\32k\34??=\324>\245\305\36\277Td\245>\24\232\24"
       |                                                                                                                                                                                                                                      ^
model-ggml-segmentation.cpp:26977:41: warning: trigraph ignored [-Wtrigraphs]
 26977 | "?zy\f\2774\r\243\277B\312u>\337\221\263??-I\277-\246 \276jY\27\276X(\221\277\23\21\37?\343\37\35\2775?\325\276s\17\265<\353\334\336\276\373\217$?\303K\227>\33\244\235?\250.w>\r\26z\277(\21\376\275a\321\214\277\2257\304?5\344\347\277\342\317\250>\316o\207\277\2\212\345"
       |                                         ^
model-ggml-segmentation.cpp:27562:184: warning: trigraph ignored [-Wtrigraphs]
 27562 | "\277+\250\310\277(R\245?\352\321\320\276E\327m?\r\3358=\373\224\356\276\271\242-\276_\312\267\2779\34)?[\260o?\234|\30\276\274#\236?Y\221\204\276\244\244\t\277\301`z?u%O>\220\363\341??'\272<J\2437\277\232F\205>\37\343A\277\34\323\324?1\335\220>BIE?f\235\251"
       |                                                                                                                                                                                        ^
model-ggml-segmentation.cpp:27800:65: warning: trigraph ignored [-Wtrigraphs]
 27800 | "\300\33b+\277\2118\241?K\257\0\276\244F\302>\0275\200\2776B\234??<\0?\367s\374>\242n\37@\227\270\266?\27\276\33>\360\364K\276\234\243\2>\260\373\212?\376\36\202\277\25{x?\262M\333\277J\202k\277\344\254\223>q\377k\277\340\276\250?)\262\32>\25\303|\2777\264\356\276\237\2721"
       |                                                                 ^
model-ggml-segmentation.cpp:27853:122: warning: trigraph ignored [-Wtrigraphs]
 27853 | "\274\0\226\227\2777B\351\276p\213\333\277\bY\205?\37V\361\276\211\371\33\276\243U\1\300\364\335\"\277N&\337>\2174 ?\303u??=\231\237>e7\25\277\224\317\237\277\17\322\23?\373\0\326\275\242\365\252>\354C@?\31\t\360\276l\265\262\2764;\361\277\220\3007\276\374\365\341\277{N\277>\313\320N"
       |                                                                                                                          ^
model-ggml-segmentation.cpp:28100:83: warning: trigraph ignored [-Wtrigraphs]
 28100 | "\276\177\267\\\277\271S\264>\367\tj?\322\3228?\205\374\303=L>\321\274q7;\277I\256??!X\313?\230J\204?\201{%\277\177\234\337?[\301e\2777n\267?32k\275F\235J>\21\314\17?\311\361\36\300\225\376\234?ibx?\215\346\355\276{pu\277M\253s?\276\213\210>{\204\244"
       |                                                                                   ^
model-ggml-segmentation.cpp:28304:141: warning: trigraph ignored [-Wtrigraphs]
 28304 | ">\3)\234\277{\236\231?\227\270\251>\263\37c?\237\227y>\b\r<?\350:L?\262\315\220\277\245\274\"?\326\2\23\276u\363Y\277\2102\240\275u\207\211??-\35\277\236\364s?\b\24\37\277j\246(> \n\342?\223\233\365>\224\240\5\300p\2622?\320\263\224\277?M\6\277P\241\264>\301`\270"
       |                                                                                                                                             ^
model-ggml-segmentation.cpp:29345:192: warning: trigraph ignored [-Wtrigraphs]
 29345 | "\276U\332\304\275\262\216\342?^\230i\277\3\340\23\277\232#:>\243\2124\300\\kl\275\5\211\357\277\343\bX\277)\3133\276\251{\27?:\311*\275\16UK\277\314\265\t?\241\265W>\356\tJ?\2247\v\277B\373C??!\235>\350f\350?\344:\231\277e>\v?&`\373\276\6\303\n\277\201o1"
       |                                                                                                                                                                                                ^
model-ggml-segmentation.cpp:30323:50: warning: trigraph ignored [-Wtrigraphs]
 30323 | "\277\274@\\\276\216\225,\277\252\212\224>\340g\1??!\4>\236\355\205\277\366\241r?\337\257\261>\31\355\367\275\367xc\277.\310\304\275b\237 \277#_\216>\5Jg\277\334\206\320=?>\f\276nHF?\355\t\30?\33h\226>\n\255J?GN\313?\206z\201?\353\351\363\277?\\\340>\322\34\245"
       |                                                  ^
model-ggml-segmentation.cpp:31235:150: warning: trigraph ignored [-Wtrigraphs]
 31235 | "\207>\216v\220\277\313\2651?*\252-\277D\235\205>\2T#\277XC_?\305?\250\277g:0?\272)\301\276\v\24q>Y\257\20?bQ\205?\332\373\263?\262\327\236\276\250rN??=\25?\0\342\34>\5J\24?\311i\225\276\263\366\227\277\231\230U\276j\204\221\2769h\355>\246\177\27\277|@"
       |                                                                                                                                                      ^
ar cq libfon.a Transition.o Distributions_and_Transition.o Function.o Sampled.o SampledXY.o Matrix.o Vector.o Polygon.o PointProcess.o Matrix_and_PointProcess.o Matrix_and_Polygon.o AnyTier.o RealTier.o Sound.o LongSound.o SoundSet.o Sound_files.o Sound_audio.o PointProcess_and_Sound.o Sound_PointProcess.o ParamCurve.o Pitch.o Harmonicity.o Intensity.o Matrix_and_Pitch.o Sound_to_Pitch.o Sound_to_Intensity.o Sound_to_Harmonicity.o Sound_to_Harmonicity_GNE.o Sound_to_PointProcess.o Pitch_to_PointProcess.o Pitch_to_Sound.o Pitch_Intensity.o PitchTier.o Pitch_to_PitchTier.o PitchTier_to_PointProcess.o PitchTier_to_Sound.o Manipulation.o Pitch_AnyTier_to_PitchTier.o IntensityTier.o DurationTier.o AmplitudeTier.o Spectrum.o Ltas.o Spectrogram.o SpectrumTier.o Ltas_to_SpectrumTier.o Formant.o Image.o Sound_to_Formant.o Sound_and_Spectrogram.o Sound_and_Spectrum.o Spectrum_and_Spectrogram.o Spectrum_to_Formant.o FormantTier.o TextGrid.o TextGrid_files.o TextGrid_Sound.o Label.o FormantGrid.o Excitation.o Cochleagram.o Cochleagram_and_Excitation.o Excitation_to_Formant.o Sound_to_Cochleagram.o Spectrum_to_Excitation.o VocalTract.o VocalTract_to_Spectrum.o Sound_enhance.o VoiceAnalysis.o H1minusH2Tier.o SpeechRecognizer.o WordList.o SpellingChecker.o FujisakiPitch.o ExperimentMFC.o manual_ExperimentMFC.o praat_ExperimentMFC.o Photo.o Movie.o Corpus.o manual_Picture.o manual_Manual.o manual_commands.o manual_formulas.o manual_functions.o manual_scripting.o manual_demoWindow.o manual_whatsnew.o manual_soundFiles.o manual_licenses.o manual_tutorials.o manual_references.o manual_programming.o manual_Fon.o manual_voice.o Praat_tests.o manual_glossary.o manual_Sampling.o manual_exampleSound.o manual_sound.o manual_pitch.o manual_spectrum.o manual_formant.o manual_pointProcess.o manual_annotation.o manual_SpeechRecognizer.o praat_TimeFunction.o praat_TimeTier.o praat_TimeFrameSampled.o praat_Sound.o praat_Matrix.o praat_Tiers.o praat_TextGrid_init.o praat_uvafon_init.o praat_SpeechRecognizer.o
model-ggml-segmentation.cpp:32989:192: warning: trigraph ignored [-Wtrigraphs]
 32989 | "\206\277-nG\277m_\262\275nv\16\276OZ\250\276P:'@\4\215Q?\316\304\236\277\16UA\274\240-\5?M\246V>\233l\200?\223v\203\277\v\251\207\276\267S\200?w=\200\276\331\177X\277\317\17%\277\276\335\314??(\255=\211\2006>\374\367\211=\303\300\330\276\353\237\241?vY\340?\375\256"
       |                                                                                                                                                                                                ^
model-ggml-segmentation.cpp:32992:186: warning: trigraph ignored [-Wtrigraphs]
 32992 | "\207>7d\354>\340\276\374>7\"/\300\247\33[\276\4#\312>\v\326\17\277\211\\\364>\372\327\251>\37\247\2\277\307\242\244?\302\363\6? \357\323\277\252\320\4\275\a\34\16\277\271K\212?\224\211??=\352\313?B\311[\276=;\6?\16\232!\277(\365\222\277\370D\370>g\226\6?b\r\332?\203\310"
       |                                                                                                                                                                                          ^
model-ggml-segmentation.cpp:34217:212: warning: trigraph ignored [-Wtrigraphs]
 34217 | "\277\16\372\3\300\20\3460\276&S\24\274\37p\270>E3\205?\224c\205> b\27\277\232\367D<i\222\303?\3=?\276mwy?\335mO?\243,^\277E\354.\276jX\250\277\27\211\300\276\240\r;\277\2442\232?R\30\275>U\320\354>\231\b?\276ke??)\376+\277\257\253\0\277 \f\31"
       |                                                                                                                                                                                                                    ^
model-ggml-embedding.cpp:4057:201: warning: trigraph ignored [-Wtrigraphs]
 4057 | "\212\302\273\24\206&=\374r\200;Q\374\207=\17\355\1=8\177@\274\352\31\21=v\340\r<Z .\275\6\340\315<\35\202\223\275=\224G=\212N%<2\272\246\274\216,\244\275q\366\334<%%T\273\236*\207:r_==F\377R=SD\231=d??=\262)\241<\237\30u<\315&\207=@"
      |                                                                                                                                                                                                         ^
model-ggml-segmentation.cpp:34976:130: warning: trigraph ignored [-Wtrigraphs]
 34976 | "\277}z>\277\257\276\r\277\27Eq\277\310\217v\276S\34\205\277\n\25\326\2761\b\341?M\343\376\276\22\212`?[\"l\277\v\2610\274\237\23??>vk?;92?\220g\366>F@)\277\202g\220<A\\a\277C/~\277\356\3\356>J\2\267=\261r\263\277\266]\5\300(\233\372\277\224=a"
       |                                                                                                                                  ^
model-ggml-segmentation.cpp:35695:234: warning: trigraph ignored [-Wtrigraphs]
 35695 | "?@j\345>\376G\320>u\377Q?b0-\276QzK;E\254\202\276\274\337\24?\177\234\202>c\252\310?`\a\2?\276]\255\276\342-\356<~\375\234\276\t\274.?^Z\351>\2601\215=\214\262\264\276\"s\341\277Yc_>\300l\23?\342\335\344\276\27\32\204\275\315\231\30??'\323\276\213\333#"
       |                                                                                                                                                                                                                                          ^
model-ggml-segmentation.cpp:36882:186: warning: trigraph ignored [-Wtrigraphs]
 36882 | "<\250z&\2764F\250\276\314n5>\373a\26\275\nq\215\274\217#\300\277\211\16\274\275\263\5\317\27627\354\276h\334\222\274\267\5\271>\217!\321>\271\177]\277\27\0\203\2752\24\241>5\2723=U\261??!\270B\277G6\3\275(\324\220=/\371\354\276\22\251\27?\211\377m?=$\r\276v\336a"
       |                                                                                                                                                                                          ^
model-ggml-embedding.cpp:7059:140: warning: trigraph ignored [-Wtrigraphs]
 7059 | "`S<\336\214c\275\335\344\247<\251\244\254<\247\260\232\274h\333\301\274\316M\317\274\215\273X<Dz\366<\347f\a\274\23\376f\274\273\1\31=\335??=C\361q=\223$\177\275\232M\3\275I\\\204=\237\206\231=\223\204!\275\v\1\267\274\277\251g\274K=\311\2740&\346\274U\313\214=\35aj\274\""
      |                                                                                                                                            ^
model-ggml-segmentation.cpp:39222:259: warning: trigraph ignored [-Wtrigraphs]
 39222 | "\217>?pJ\276\n\265\251>\201+\240?I\6\351\276\246^j\276\21786?\337\20\303?\344^\323\277\237\345\224>\362\253\341\277ei\313<\351\233P?m\212\27@C3n=\361\343\247\277\32\313\236?\201\305\351=\16m\274\276\376\220:\277\212\275\270\277g\241\335?\372\370\372\274\30!??'J\247?\a\345"
       |                                                                                                                                                                                                                                                                   ^
model-ggml-segmentation.cpp:39266:245: warning: trigraph ignored [-Wtrigraphs]
 39266 | "\217?\205\\\246\276\27\315\234\277\206j\a\3002\243.\276\252\232\304>N\222\273\276\276\16\317\277\373R\375>x\16\225\277\272\234\331?\379\37=\f\375\311\276\326\3418\275\307\347\235\276Ja\32=G\0205>\363\321\317\277\340\232\202?G\323\276\276Z\343h??)\241\2767\272\225\276\30#|?'\324\22@\1y"
       |                                                                                                                                                                                                                                                     ^
model-ggml-segmentation.cpp:39723:29: warning: trigraph ignored [-Wtrigraphs]
 39723 | "O?@\3101\277\325\211R\2766[??-YP>}T<?\306\230;?\a\237\247?'_\353\276\266,\321?R\224z\277\346@\273>\224B\304\276\333\301\300>H\256\211\276\233\351b?\244\230\24\2773\247\211\276{{m\277h\256\243\277*\365\222\277J\314\264\275]\313\303\277\17c\204\276\2734\232>\22\201"
       |                             ^
model-ggml-segmentation.cpp:41431:213: warning: trigraph ignored [-Wtrigraphs]
 41431 | "?`5\354=1\214\263>\357rj\274\2658\244\275i\266\355>~\236\222\277\a1\265\275\3121\t@\360\271\17\277\37$\332\2766p \276\301Na\277\371\374.=\224\323\t\275\"\3\2model-ggml-embedding.cpp:18101:174: warning: trigraph ignored [-Wtrigraphs]
 18101 | "\275\2338\311\274v\24\254\274\a\304\3<\224\250\37>\223\316E\300$\332(@\2026\23?&/\374>eX\310\276~\217??!r6?\214\203o\277\315;\316\300>\220\366"
       |                                                                                                                                                                                                                     ^
model-ggml-segmentation.cpp:42147:294: warning: trigraph ignored [-Wtrigraphs]
 42147 | "\277/\247\351\276\330\307\17>\b\201\354\275Ym+>\254\257\361\276\317\201\207\277\31\213\323=\24\266\254\276\322\26\275\276N\36\375\2761\27\62\7251C36\\12\3350;0\\222504\\336160\\223216\?2i7\43m7H3\\226454<\\237173\[13\62\7240\73K5?6\;2\3260N1\<2\0a7\?3A5\22\7272\63<6>\\227453\\345\272u\356L\272>5\276\274\250\324\376:\270\22\336<q??<\350$\343<\325D\250<\334\334\177=\24\364f<z\30Y<n\366%=Y\365\233<vU\307<\361\236\261"
       |                                                                                                                                                                              ^
20\334\370\276H>e\275\347vc\277M\214\204?\313\271w\276\25/\300\275\232\317\227>\316\366??<\n\3"
       |                                                                                                                                                                                                                                                                                                      ^
model-ggml-segmentation.cpp:42585:146: warning: trigraph ignored [-Wtrigraphs]
 42585 | "\277\30\32c\277My\240model-ggml-embedding.cpp:22504:93: warning: trigraph ignored [-Wtrigraphs]
 22504 | "E/\275\374\202\225\274\261r\33=\a\213\366<&\31{\273\201\375`\275\343d\v\274\325\33\323=\277??=n\372\37\275&\275P=\267\6\227<\bB\275=)!?\275\256\227\217=#'o\275\377\233)=n/\37\275\337\315\223;9\364\354<\321\257\230\274\vx\361<%I\16\275{\25l\274o\3\320\274j"
       |                                                                                             ^
\277\t\354C=\215\365\247>\362b\250?V\25<\274\263P\361\276\321\27\205\276z\311\223?\35\263\203\2775HH\277\303;\232\277W~\253??<\305?\304\2\33\275Y\231\"?\307\34o=y6`>\331\344\361\276\342S\216\277\225)\371>\367`\211?\253\233\371?\253\32f\276i\217\364"
       |                                                                                                                                                  ^
model-ggml-segmentation.cpp:42682:150: warning: trigraph ignored [-Wtrigraphs]
 42682 | "\277\fnB?\240\324s>\260/\22?\365B\332\276\346wQ\277\30;\372\277\200Y\304\277\t{\301\276`UP\276\322\3359\277\347\235\264\274\255\257S\277\202\377\255??(D?\2\260\20?\244T\222<\323<\224\277|A\252\277\253\26/\276\34\315\316\277\310\36r>\243,8?\201f\215\277\352O\36\276\360|\203"
       |                                                                                                                                                      ^
model-ggml-segmentation.cpp:43214:155: warning: trigraph ignored [-Wtrigraphs]
 43214 | "\277\272\30%>*\25\25?\34v7>\335\fq\277\343.4\300RB\323>\342(3\277o\304\26?\177D\212\277&\310;?F\225\331\276\357X\254?\333bE?\v\341s\276\247\273`<\330\322??=:\376>(\270!?\t\307\5\300~\220f\277\223\321\35?i\b\232>\3\305\342>\320\27\227\277\312\207\260"
       |                                                                                                                                                           ^
model-ggml-segmentation.cpp:44014:104: warning: trigraph ignored [-Wtrigraphs]
 44014 | "\275a\2732\276\0\324\201?\314\210^?\273J3?\370Wj\277\267\337\277\277\22K`?\271\242?\277\224;\255>5\210??/1L?\264\267)\277\332\316j\275\314}\274?\17\n\254?\253T\255=f\236D\274\250\"\221\277\276m.?\255\2643@\325\312R\277J9*>\211dr?2\317j\276@\371\220"
       |                                                                                                        ^
model-ggml-segmentation.cpp:44097:88: warning: trigraph ignored [-Wtrigraphs]
 44097 | "\275\267)*>\27\261 \277DJ!?t\311\37\277\36\245\5\277\250\23s\277G'd?]z\306\276\243\202??-\332\350\275\371Z\272<,\300\350\2766\271\340\276n\1d?Rp\\\277t\211\34\273\252\306\30?\2128\217?\377\252\222\276\5\246:?\274>\273\276\202T\304\276\370Jz\277\245\331\1@$\232\374"
       |                                                                                        ^
model-ggml-segmentation.cpp:44303:66: warning: trigraph ignored [-Wtrigraphs]
 44303 | "\275\n\236\b\276\34\331\27=IO\260>A?i?\25\362\t\277t%\t?\231\337??'qQ\275,\213\262\276r1\341\276j\244\330;\205\266\210?k\205\4>\340\25\247\275\272\\\275\277n\0T\277^\37C\277\230\367\306>\335\276?\277\302\323 ?6\347\212\276\224S\337>2~\225=\323\232\331>\355=\340"
       |                                                                  ^
model-ggml-segmentation.cpp:44391:188: warning: trigraph ignored [-Wtrigraphs]
 44391 | "\275 \201\375>b\2\207?U\203\210\277\240w\2\300\325\302\233?f\304\21\300\226\234N\300\363;P?\34\334\375>\213\25\234\276<\224\273\277\0253\203>\312\2349?\24S\35\276\20L\274\276\326\277\210??/\3\300\2430\24\277\211e\305>\221\37\221?\a`\246\276\322\n\17?\206\232[\276\34\253\33\276k|\316"
       |                                                                                                                                                                                            ^
model-ggml-segmentation.cpp:44670:140: warning: trigraph ignored [-Wtrigraphs]
 44670 | "?x=\221\277<02>\234\303\374>\217\221\346\276>\20\271?\t\254$\277\323\2\346>\300\23\f\276\365Y\26\277\b\223!\276\322\253,\276`D\a\277\330*P??>\307\276\321\240\1?\3\354\20@\277\340\362>mK\275>a:??J\262\34\277o\5<\277\325\232\215\277\240\"\23\2771\360&\277\362e\340"
       |                                                                                                                                            ^
model-ggml-segmentation.cpp:44819:40: warning: trigraph ignored [-Wtrigraphs]
 44819 | "?\274\1!\277Q\262\367=\245\0\22\277\\!??=m\215\275\306\6\210=e[5\276\33\316\353\274\354\277\27\277\334\t\373=^\323\367>\219\210\276\4\177k<\251\vu?\343\337\201<\"l$?o\31.\276fH\205\277\334t!\277\232\220<\277\246\277\260=\274\327\237=9\270<\275\1\317\200?\343\262\235"
       |                                        ^
model-ggml-segmentation.cpp:45455:104: warning: trigraph ignored [-Wtrigraphs]
 45455 | ">Kr.\277r\201\342?\224_\341>u\264h\276\317\336\212>4\322\315\276Gtt?\335.\203\274\242\320 \277\316\260??!\0224\277\3356\303\276\325\224\0\277\27\2667>cX\223?!\207\345>oN\377\276\332\211\306\276n\321x>\273\17\221\275\246\221\275\276\255{\215;\265\b\a@\230\241\263<`*\303"
       |                                                                                                        ^
model-ggml-embedding.cpp:37046:131: warning: trigraph ignored [-Wtrigraphs]
 37046 | "H\275\234\274&=\262W\a=model-ggml-segmentation.cpp2\25:746736\:21525:\ 2warning: 7trigraph ignored [-Wtrigraphs]5
'\333\321;\201\34\367;\351=?\275g\t\203<\235\a\220\274\360\225\b\275\326<\252:C\tt\275~O\3429!??=\275\305<\275Z\234\224\275\313\212M\271\344\201\316\274\2441\215=\337\316\266\274\236\246=\273\367\341\305\273\365P\25\273\6\27\37\275J\211\254\272\360\6"
       |                                                                                                                                   ^
 46736 | "\200=$\36\4?model-ggml-embedding.cpp>:;37526\:2441:7 \warning: 2trigraph ignored [-Wtrigraphs]7
7\37hT\277\ 1375267 | 7"`\\222017\\227756%M;\\220457:\?2\7253\23\0260b2K\\222723\c2\7376\03'2\52\7v5U\?3\4316?2?i=\\22204\?3\2271Q\<3U1\43}2?5x\\336437<\\23516\\323757\\336661\\237635>\\32316>\334\336\31?T\246\3337\\325716<\\232255e\?3?0<5k\W2>0\22<2\\330160\\2r\?5<<y\\332754\\320776\\321744\o2@7?3%\P2W0\52Y7\71\7271<0\\320662\p3>7N0o\L1\72\7267\53@1]2\\23344%\\227757\\336467\\325173~\:2\0264>q@m9<\\235402>j\\327353\\224774"\
2       2| 6Y                                                                                                                                                       ^\
253;J\246\353;G\367\277<\246\276\362<\373\335\26<\3200I\273\203\21\277\272\246\350"
       |                                            ^
model-ggml-segmentation.cpp:46911:152: warning: trigraph ignored [-Wtrigraphs]
 46911 | "\275\276*gK\276\246\250D>\243L\370\277\205\5\21?\6 \227>]\222w\277'=X?c\273n?@\275\220>+\5[\277:\313 \276\313$\315<~\34Y\276\344\223\n>\353`)\276!\344??'\3451\277\37)S\277\313\247\247\275\277\350\214?\244e\246>\177\356\377\277X`1>\210|)\277qt"
       |                                                                                                                                                        ^
model-ggml-segmentation.cpp:47335:170: warning: trigraph ignored [-Wtrigraphs]
 47335 | "\261=ru\370>\16w\25@\21Q\201?)Smodel-ggml-embedding.cpp:39685:106: warning: trigraph ignored [-Wtrigraphs]
 39685 | "\357<u\350\255\275<\306\1=Z*C\275b\204\233\275\271]\233\274\2&\251<\362\3\230<\20G\251\274\2724\302\274c??=+\265\225;\f\24\31\274\312B\261\274\347\323\261\274\337u\4<2\5317\5297\63E3C5a\\227747\\325137\\23510\c3\0257?4\M2\6317\53\3330\43\02@7\42\4216<4\\332700\\237062r\\2"7\53\13@3c3lY.;?\\227436\\232535\\334470\=3\4230<3\&5\~2\6234>4\=2:1\\237177\\344?3\\3207435\\325715\?3\6220\42(6\02\3237\42\7267\43\4246\43"4
0       z| =                                                                                                         ^\
246\265??/4\6@\325\36\244\276\314\366\275\276\372y\34@\262\22\23\300\357^\"\276\365\373\226\275\212\361"
       |                                                                                                                                                                          ^
model-ggml-segmentation.cpp:47580:64: warning: trigraph ignored [-Wtrigraphs]
 47580 | "\277\276o\324\361\276\312f\303\277\265\5A\277\361\2614\277\37T??<\26\225\276\320\179\277\353v\200?\216\274 ?6\300\311?\370\236,\277X\274\345>\226\361\220\277\vP\213\276\242\200\372>\"\225\343\277C\340\212>~n\320>\1\272\n?<\"\326=\366Y\6\277y\303P\276Q+\340\2733\23`\277\207\367"
       |                                                                ^
model-ggml-segmentation.cpp:49334:62: warning: trigraph ignored [-Wtrigraphs]
 49334 | ">\346&\350>0\251\6\300\235(\221\276\273Q\r\276\b\225\220>K#+??''\277:\3\235\277\361\374\327=\324\323*?j>\367>\370\303\240\2767\v>?2\303\4?4\323??[ep?w\270\364>\214\200\20\300\361C\354\277\206\365\221\277\216\216\353>Zv\335\275\a\223\240\276\20>6\276\215\24'"
       |                                                              ^
model-ggml-segmentation.cpp:50115:39: warning: trigraph ignored [-Wtrigraphs]
 50115 | "\276Ti\360>0\213C\276\376D,?p\317\233??)\17\277W\3\320\277xI7?\325\373\315?\251^\b=\217\275\201\276\203\312\37\300\260\224\346\276F\17#?,\251\272?g\177T\277\221\33\214?\333n\213\2774S\26\300X\272n?\23\355\371>^\257E\277\222p\247?\375o\317\277\276\374\227\276\177\313\312"
       |                                       ^
model-ggml-segmentation.cpp:50344:27: warning: trigraph ignored [-Wtrigraphs]
 50344 | "\276\352\307\336\276m\375??(~v\2757\250\364=f\4\"\277\216\232\246\275\321]\240\2764\201{\277\265\231o?JN\361=n\313\257\277\5\206\272\276\315K\230\276\306\226J\2759f\202\277~\257\207?\367\271\4\277$\343\244\276\365P\375\276\260\30\251<\324\314\257\276\312:a\276\265V\205?\271\226\330\276\372\223\340"
       |                           ^
model-ggml-segmentation.cpp:51761:9: warning: trigraph ignored [-Wtrigraphs]
 51761 | ">:\314I??/\330?g\223\256\276\213\371\345?\257y\303\276^/H;I\232I>%\211\342\277jH\254\276'\205U>\1*f\276Vz\34\276Q\235\250\277\343\270\a?\177\210\314=\217\325\17\277&5h?\23\232s?\245\17\311\277\362\32_\276\357*7\276F41\277e=8?5\370>\277x\20\2"
       |         ^
model-ggml-segmentation.cpp:52086:131: warning: trigraph ignored [-Wtrigraphs]
 52086 | "\277g\307\240>q\0327>Z\311%\277\32{/?6W\344\275\236\no?\0M\35?W\367\31\277_\22\330\274C;c?@\244\326\276\364\2316\277Eg\n?\214\371??>\3\224?7\321\255=\a\a\233\276\264\203K?Gr\231\276u&)?\273X\347=yY\267\2765p\322\277me\36\277\254wT"
       |                                                                                                                                   ^
model-ggml-segmentation.cpp:52292:274: warning: trigraph ignored [-Wtrigraphs]
 52292 | "\277\330a\213?\240\261\242?\226\335,?\252\241/\277\362\215\207?56\226\277\233\233J\277V'V=k\34\2\277\242\251\177?E\377!\276\257Z\25\277\205-\267\277\217\236\260?v\277\313>\263\241g\276\3W\25>\307\2134?\376\347\21\276T\310\317\2771\244\221\276\237\304\325?\6\203u\277ch\200??<\222"
       |                                                                                                                                                                                                                                                                                  ^
model-ggml-segmentation.cpp:52807:88: warning: trigraph ignored [-Wtrigraphs]
 52807 | "?\tc9?\242\215\254=\241\364]\277W\366\271=p\202\316\276\213\321.\277g\231\342=d\335\34??>Y?\216W@\276_00?\215\345\300\277\314\16e=\230\30\205>\257m\240\276(\326\373\276\200\205H?\316\r\22?\177A!\277-H\25?\267\27\213>\213C\225>\375\207\327>\273H\346?\213\377\271"
       |                                                                                        ^
model-ggml-segmentation.cpp:53241:84: warning: trigraph ignored [-Wtrigraphs]
 53241 | ">S\376\"\276\241\225\5\277\201\213\235>\30\271V\276\227\27|?\335\255\f\276\346\202??<C\315=,[\v?\360\2133<\362`\372>Y?\24\276\265\311*\277\230\273\271>@\231p\277\237mF?\257\327k?\353\316\201\277\307\315\362\276Jy\207\276<\244\344\274\234\33q\277\331\241]>\375\6\30>\357\274t"
       |                                                                                    ^
model-ggml-segmentation.cpp:53671:16: warning: trigraph ignored [-Wtrigraphs]
 53671 | ">t\16c?\350\25??=Q>?\353v\v\277\372\241q\277\316\\\365>\26!\200\273\35v\f\276\vn\27?\24G\b\276\21\357\232;\5\271\237\276\217(\23>.\346\17>\341\302\222\2767]\16>:U\n=\265K\200?F\241\205\276;\360 \277,\260\336\276\263`\213\276\204\255\344\274:d\240\276./k"
       |                ^
model-ggml-segmentation.cpp:54929:199: warning: trigraph ignored [-Wtrigraphs]
 54929 | "\233?\355\330\t\277$\267\355\276\303|\f?t\24\31>m\"8?\30\232\301>i\270D\277&At\277:\214\31\277Kw\335\276\255\242\240\276\235\317\371\276\361\313\1\300\315\375\334\276\2437\262>\33\26m\276\5\236\212??(*\276\376y\333?4(\371>\313%P\277\274o\365>\27\a.\277~\303)>\202\320"
       |                                                                                                                                                                                                       ^
model-ggml-segmentation.cpp:55058:236: warning: trigraph ignored [-Wtrigraphs]
 55058 | "\350\275v\301\2\300ZSw@\375T0\277|\207\255?9\336'\277\365\30s\277\216<+\276;\350/\276\371&\351?\"\r\34@\340gN?\233\25n?\323\270\241?\32@\343>\36\247c\277\317.\22\276\300\266\237?l\337Y?\345?r?\236p\0?vY\30>\355\302\363=#+\17\300){\261??!"
       |                                                                                                                                                                                                                                            ^
model-ggml-segmentation.cpp:55175:36: warning: trigraph ignored [-Wtrigraphs]
 55175 | ",\277\31\3159?\301S\2@\n*)<\264\27??=\336\311\2772\365\345?G/\35@`\31\201\276\246\223\224\277%\307p>\261\307\251\276W\25\300\276\367 \224\277\177.\236?\31\364\333=\257)\2\300\254\306\276?\263\306\236> \335;\277\240\360\272=I\270\220>\250\25\231\275\333= ?\306\263Q>-\273"
       |                                    ^
model-ggml-segmentation.cpp:55523:261: warning: trigraph ignored [-Wtrigraphs]
 55523 | "\242\275\276\332\b?A,`\2761\262S\277+\267\302\2765\313W?\20\237\322?{l\220\277\2\237\246<\211\350I?\210'\221?\33\374\226?\346\364\a>\251\2713\277&:\313\276\2\305?\277&\370\245\277\317t:\276)F\226>p\231\320>\207\231\6\277\245\317!\277\367\v\251\276\35tL>\3752O??-"
       |                                                                                                                                                                                                                                                                     ^
model-ggml-segmentation.cpp:57009:73: warning: trigraph ignored [-Wtrigraphs]
 57009 | "\317\210\276\365\317\221\276}\0\r\275\241\211\302\276|\345\217\272\325)??>\273l<\354\335`?\2775p>\341f\334\276&\332\311=\225\327G\276\277\360\266>\21m_\276\271\277\301>\316U\1?\2#\372\276\336\303\247<W\324\200?cZ\241>S\a\306\276\314C\5\277\313\235\225\277m\266(\275(WY\300\346"
       |                                                                         ^
model-ggml-embedding.cpp:71672:244: warning: trigraph ignored [-Wtrigraphs]
 71672 | "\302\373\251=\27\177\35=O\313\367<\34\214L\274y\255\265\275\f3\242\273<1\376;\375{\35;\0\\u:,\376}=\5\313\321=g\237G;\37\262\232:\20\22\361\273\306\306\372\274\314\0246=\330*\361<z\347\201<\6\201x=\v$\251=\241\270+=\247+K;\305\215\250\274\207??<\fR\356\273"
       |                                                                                                                                                                                                                                                    ^
model-ggml-embedding.cpp:83970:37: warning: trigraph ignored [-Wtrigraphs]
 83970 | "\223;W\220\223;\252`\202<\32E:\274A??<\361@\203=Tq\35\275\3239\270:b*\332\273~\321\245\273\3561;;\231\264\6<VM\214\274* \253;@\264\252<#O\0\2753@\3349\31\2\254<\177\242\327\2741s%\274xX\241<\16\356\273\273\351\323c;\240\334K<\17\34\365\274\227\324"
       |                                     ^
model-ggml-embedding.cpp:88902:234: warning: trigraph ignored [-Wtrigraphs]
 88902 | "\a\274\226\341\314\274\325\224\333\274\255\22\217\273\334\213!\274Q1T\274\257V\211<\236]\366\272\301\204\260\274\247)j;\302\226\330;\b\37\331\272y.\324<\352pf=\247\214\207=1\232s:X\307,=\253TX=Z\20\6\270\252S\302\273\346\235\31<\264??<\35\t.<\251Ly\273\f\206\343<i\242"
       |                                                                                                                                                                                                                                          ^
model-ggml-embedding.cpp:92389:9: warning: trigraph ignored [-Wtrigraphs]
 92389 | "\351<\n??<K.\375\273\35F\210\273J<S<\215\22\4\274\320Z\30<\225s\360;\305J\363\273\237\373\236;{\200\6<U\203E\273\312\37\267\274R*\254\2745\6\276\274\357y\322\274X\26\230\274h\240\276\274m\a\33\275\262\f\257\274\351\266 <\b\260\272\2749\316\353\274\21G\a=x\272\t=N\231"
       |         ^
ranlib libfon.a
model-ggml-embedding.cpp:97266:33: warning: trigraph ignored [-Wtrigraphs]
 97266 | "P&=\217\30\f\275\300\23\230<\34??<\237;\350;\345d\266\273\311\0Z\273\21[=\273\326\270\220\274\0346\17\275\315ed\273\22\270!=\312\233\2\275\300,\216\274\304\32\224<h\279\275\227\302\272\274\362\b\370<6\3350\273\223y\f\2736\201\23:\3662C<\310yT</\322X<D\337\16;\334"
       |                                 ^
model-ggml-embedding.cpp:117355:214: warning: trigraph ignored [-Wtrigraphs]
 117355 | "\34\244\273\212\216\260<\351:\257\274J\33D\275\273G\332;\0\321\236<N+O<9H\n\275\261\24]\274\243\27_<\325\344\220<\240\325-\274\231\307\340\274s\271\276;\276\215\254\273\26h(<{Be<1\4^\274M6S;R\350\333;\f\212\202<m??<\332\260\372\273\v\226,;?\361\215<\235"
        |                                                                                                                                                                                                                      ^
model-ggml-embedding.cpp:118251:158: warning: trigraph ignored [-Wtrigraphs]
 118251 | "\275\347\323\303<#\262\20\2729-\211\273\\\327o=\330\21M\273+\272\a\275\246i\1\274\226\0Q\275g*\307\273\307}\225==\324\342\274\361\23\332\274\236L\353\274\24??=\330\22\323<s\216\334\273\266\31'\274/9\354<\2141\2\274e\325\342<R\222.=\25\355\35=*|\21=\210\371>;&\30$"
        |                                                                                                                                                              ^
model-ggml-embedding.cpp:124494:20: warning: trigraph ignored [-Wtrigraphs]
 124494 | "\273<\31\247\260</??=j%\263\274T\322\261\274h\267\364<Sp\320;2h\212\274F\360\n=\304\315\204<dS\204\274lp\212;g\301\252\2746=\a=\223 \1<\203;\333\274\222\243\375\274\257\305\336\273\306p4=\312\227\314\274\330\360\223;\253\270\237;\310\277V<Q\320\234\2730\252\230;\321\312"
        |                    ^
model-ggml-embedding.cpp:131335:52: warning: trigraph ignored [-Wtrigraphs]
 131335 | "\227<q\rr\272\275\203O\273\21\315r;\b\371\226\274(??<\177RR;\347\223\24\274\205\222\321<\336!\316<2X\221\274\270\275\5\2747q7\274\5r\324\274\202F\314\2743\216Q\274\307OU<DYc\273\265f\a<\352f\356;\202\266\17=\217I-=\23\243\36\275\277\361\300:\362\324Y\274\v\272"
        |                                                    ^
model-ggml-embedding.cpp:131694:8: warning: trigraph ignored [-Wtrigraphs]
 131694 | "(<\270??<\245\206\37<@\200.<n\306\325<\231<8\274\30\25\17\273x\324\234;8\377\266<\200\247;=OB\2319]\25{<\r\3377;\214b\245\274+v\271\273hV\237\274\217\371\17\272\3\27\237\274\3303\342\273\1\216\367\274c\316/\274\216B\5\272/q\0<I\\\203\273A\333\376\274eR"
        |        ^
model-ggml-embedding.cpp:147989:86: warning: trigraph ignored [-Wtrigraphs]
 147989 | "\275\260\273\231I\323\272\344\354\206\274\276i\22\274k\217\272<\325\215\200<th\2349S??<\31T\265:\312~T<u\24\257<\277\204h\273\201\307\276<\36\26\314<\354\17\200\274\306\214\4<\22\355\210\272\371\334\34<\265\213\224<\342{\223:\261v\311;>G\206\272\202|\325\272\24T3\275\361\343%\274\3"
        |                                                                                      ^
model-ggml-embedding.cpp:150889:65: warning: trigraph ignored [-Wtrigraphs]
 150889 | "\363\216:r:\220\273\301\337b\274\\\255O9\343^\200;\227\3122;\33??<:&w<\320.M;s\a7\274\373\250G\274\"A\25\274\17~\243;n21<v\345\1<6$j\274yY\360:\372\365$\273;t\230\272\220\275\342;d\377\263;\320\347\364\272,\3042<\317\5\233<:y\304<="
        |                                                                 ^
model-ggml-embedding.cpp:155766:125: warning: trigraph ignored [-Wtrigraphs]
 155766 | "\240\350;\b\211\225\274\355\"\332\273\241\377L<\"\314\366\274f\37\3\275\267\364$\274\341r\351<\373\357a=Tv\352;\23\32\214<B??=z+\"=e\247\261\273\25L\225;\212\314\260;7\316\241<\234\24\303<\345G_<r{\264<\6\224\237<C\0161<\307\334\333\273\370\361\243\272v\224\270\274\260"
        |                                                                                                                             ^
model-ggml-embedding.cpp:159666:84: warning: trigraph ignored [-Wtrigraphs]
 159666 | "\202\2679}\366\v=\371C\16=\n\272\255<\306\276`\2735\36M<r\335\27\274\22\360\a\275)??<\347\337\377\273\35\2128;\37\26\341<6d\230<Eo\265\274(\273W\274l\372\233\274M\334\273\273\302\211\203\273~\30\320\273H\233\222\273\305|\252<m\304A:tn\247\274\250%3<A\335v\272\325"
        |                                                                                    ^
model-ggml-embedding.cpp:164749:146: warning: trigraph ignored [-Wtrigraphs]
 164749 | "\370\2\2755\21\"\274W\16\215<X\375\360;\263\313\210<\214\16\225\274\334\"F=\250T\350;\332\247\270\274\30\313\317\274\203k\24\275\25'\216\273\332??<\212\26\33<\337?\264\273\236\346\262\274\265=\266\273f~4\274\233\273\23<*\32'<7\n;\273\335S\20\274\327[\350;$\260O\274 a\240\273i"
        |                                                                                                                                                  ^
model-ggml-embedding.cpp:184132:117: warning: trigraph ignored [-Wtrigraphs]
 184132 | "\315\5\5\275qP\f\274U\376\320<\223\25\352:\215\355(<\270\204\231\274\2320\313\274\230p\346\274:n\241<gK\354\271\245??<^ \255<\361\20\301;\323\326h<\361\331\247\273p\25\231\273f\223\206\274E\264\211\274=\247\224:\33>c;\364X\275:#}\32\273\206\307\25\273\t\177\353<d\3043="
        |                                                                                                                     ^
make[1]: Leaving directory '/d/Praat-work/稳定早期版/fon'
model-ggml-embedding.cpp:193851:224: warning: trigraph ignored [-Wtrigraphs]
 193851 | "\274\37\357\376\274\233+\315\274\270\351\330\273\215\256:;h\247\327\273\254W\376\273\316\30\273\2728z~\274\5\227\26<\257\364\270;\"-\330\273\326\206&<\204\251\r<|\203\367<\307\305\20=G\336\\<Dyo=!Uh\274\27\341F\274y\4\212;??=<\355\227\31=\v\237\301<\243y\27<\355U\271"
        |                                                                                                                                                                                                                                ^
make -C foned
model-ggml-embedding.cpp:199096:7: warning: trigraph ignored [-Wtrigraphs]
 199096 | ":\203??<\212R\202<J_\5\274\336E^\274\305Y\237\273V\243\275\274\222=\251\273\6\366\272\274h#X\274F\260\246\274\371\273\223<\3505\260<\234\t\207<\177#\361\274\270\6\242\274k\247M\275R\351=\275\377\205\356\274|\3762\275\233\\b\274G\5\241\273Z\25\274\273\377\33K\274\32L\2\274\307R\31"
        |       ^
model-ggml-embedding.cpp:200853:66: warning: trigraph ignored [-Wtrigraphs]
 200853 | "\274Y$l:\244{9\273C\0045\272\234^'<\r\n\a;d\376<=\264\345\2;\334??<C\204\35<\272\244\327\273rA\276;\34o\330<\215\203\265<\366l\374<\226\266-\275\367k\22\275\216\241:\275\35t\214\274\3544\235\274\263\r\312\274\327\23\206\274\361\315\373\274M\237\344\274\375\200\312;\241\5?"
        |                                                                  ^
model-ggml-embedding.cpp:202048:101: warning: trigraph ignored [-Wtrigraphs]
 202048 | "\274\357\271\242;2Pe<\357\"\2\273\335s8<:\24s\273J\352\334\2739\301\211\274\0\17\214<\373\201\226<P??<G5D<\345I\1<\316\353?<[\0\266<~\224\202:\256n\213<9\252\277\273\264\272\372\273!H\203\273\25\223\v\273\0337S<\347\234Y\274\25\271\371;\25\237D\274\30\a\212"
        |                                                                                                     ^
model-ggml-embedding.cpp:208535:20: warning: trigraph ignored [-Wtrigraphs]
 208535 | "\274?Wm=&\16\32=\0??=r\310\305<\306|\202<FT\6=\1\\h\274L\23\226\274\356\b\230\274\2\311\336;\24_E\273\35\215<<\304\352\2749o\24\303:.\337w;\4\211\215\274\31 \3729\321\212N<\225\336\314;\227\326\17<\347$\f\274\256a\225\274\335\4\274\273C\224\21\274ZB\302"
        |                    ^
model-ggml-embedding.cpp:212185:162: warning: trigraph ignored [-Wtrigraphs]
 212185 | "<\327\263_<\301\2\242\273W\277\2<8\337'\274\240^\361\273\215\21\327;\\\213\1<\331\342\323\273\251}\306\274('\255\273\37\347\35\274\255\25\357\274\226\356I\273\3??<+6\25\275\351\335\304\274\256\276\246<(\334\2=Qh\256\272\343m\313;\376\t\215<\34KW<\243\2404\272\2\351\207<EY\33"
        |                                                                                                                                                                  ^
model-ggml-embedding.cpp:215569:76: warning: trigraph ignored [-Wtrigraphs]
 215569 | "\273\320M\25<\5\34\233\274\340\342\35:\355`\230\274\17\352$<_\221\251<\351??<7\220\333\273is\27<)\344\370\274\366\206\341<\20\361\211\274h\342\3237,\250\222<\362\323\222\274\234\305\254<\244f\303<\202K\276\2740\3250<MJ]<\377\302\\\2753\245\177<\363?\332;\201\4\244\274\200^\217"
        |                                                                            ^
model-ggml-embedding.cpp:219058:131: warning: trigraph ignored [-Wtrigraphs]
 219058 | "\272\346\4\30\274\364\336\253\273\241\204-;\35\237\267<\220\262\200<\nOn\274\31\265\256;@\372O<b\270?<\36\360\345\273\vH\243;\232??<\240~\217<\305\331\200<\25\223\27<\225\332b<:\317J<\3=\a\275\317\3\f<(\330\4<|\n\234<^=\t\274\306N\22\274.H\16=\31\223\330"
        |                                                                                                                                   ^
model-ggml-embedding.cpp:222435:166: warning: trigraph ignored [-Wtrigraphs]
 222435 | "\273\360)$<\322\340I;\333\217\345<d\227;=\254L`\274\24\221\31<#%\23;\373\332H;A\330\303\274\234I`\275\243;k\275\352\16$\275&\273X<\2641\272;\207\367\202<\256\36\f<b??<\354q\21:\320\223S\275\346\313@:\250E!=\354g\225;/\300\337\274G\t\262;\17\267D"
        |                                                                                                                                                                      ^
model-ggml-embedding.cpp:231673:97: warning: trigraph ignored [-Wtrigraphs]
 231673 | "=V\232\20\274\272\301\265<8Z\1\273\325\3258<\346\213\n<\307\360/=\210H\337\274\261\211\365;\305??<r\250C;h\375\360;[8\226<\340\230\376<C\225\26=\225K1=\32H\246;u)|=\24p\v=+\242\23\275`\22G=N\214\310;R\364\1\275\26@\";\375\16\r\274\373\331\225"
        |                                                                                                 ^
model-ggml-embedding.cpp:235447:227: warning: trigraph ignored [-Wtrigraphs]
 235447 | "<\250\0304;\310\262\274\274\4\372\370\273>\210\324\2749\230\270\274=\253}<\0<\217\274\234w\23<\345\341\272\275]63\275\f\372z\274\3*\372\274\276e\263;\263y\370\271\267]\16<\235\254\212<\367\353\333:\310`*=\345Q%;\306\315\347<V??<\336\277\247;\370\323\24\274\16\16\323<_C+"
        |                                                                                                                                                                                                                                   ^
model-ggml-embedding.cpp:242692:160: warning: trigraph ignored [-Wtrigraphs]
 242692 | "<\250k(<\317\300\375\273\211\242\360:\212\"\226;h\2\242<\37A\375\273\312\tO\274\276\220\373\274\344\35\221<\313\254\v\273v\3417<\325\311\34<\377\207\263\274\a??<\201\365n\274\371\221\262;k\2%=u,C\275\235\326\327\274\211Z\5\275p.\311;i\351q\273\312y\303<\276U\t;\320Q9"
        |                                                                                                                                                                ^
model-ggml-embedding.cpp:245167:125: warning: trigraph ignored [-Wtrigraphs]
 245167 | "=\25c|\274\2\316\223\275\212o6\274k\372\36=\27k\5\275n\34\251<\330\36\224;8@\220\273\373\240\207\275\354[I<\276\207\333\274??/\275\315D\307\274R\313\211\275GC\355\274\253\327\246\272$\t\33\275B\213\267\274'.\"=lm\332=\275d\344<gV\345<\247\210\255\274\235\t\267<y\213\a"
        |                                                                                                                             ^
model-ggml-embedding.cpp:253321:22: warning: trigraph ignored [-Wtrigraphs]
 253321 | "<\225\311\214;-r\v<X??=\227!\6\273\217\"\25\273&\370\200;#Z\310;\320\344s\273\3\3461\274\212}\265;U\373(\274LY\36\275\212\322%;\212\1\235<\336!\363<\22]\24<\351\232\277\271\301\364\370\2741\340\304\272\266\232\361\274-ew<\236\256\330<\30\\\27=)\362+=\220\r\353"
        |                      ^
make[1]: Entering directory '/d/Praat-work/稳定早期版/foned'
clang -std=gnu++17 -municode -D_FILE_OFFSET_BITS=64 -march=x86-64-v3 -O3 -Wshadow -I ../kar -I ../melder -I ../sys -I ../dwsys -I ../stat -I ../dwtools -I ../LPC -I ../fon -I ../external/portaudio -I ../external/flac -I ../external/mp3 -I ../external/espeak  -c -o SoundRecorder.o SoundRecorder.cpp
clang -std=gnu++17 -municode -D_FILE_OFFSET_BITS=64 -march=x86-64-v3 -O3 -Wshadow -I ../kar -I ../melder -I ../sys -I ../dwsys -I ../stat -I ../dwtools -I ../LPC -I ../fon -I ../external/portaudio -I ../external/flac -I ../external/mp3 -I ../external/espeak  -c -o FunctionArea.o FunctionArea.cpp
101 warnings generated.
clang -std=gnu++17 -municode -D_FILE_OFFSET_BITS=64 -march=x86-64-v3 -O3 -Wshadow -I ../kar -I ../melder -I ../sys -I ../dwsys -I ../stat -I ../dwtools -I ../LPC -I ../fon -I ../external/portaudio -I ../external/flac -I ../external/mp3 -I ../external/espeak  -c -o SoundArea.o SoundArea.cpp
clang -std=gnu++17 -municode -D_FILE_OFFSET_BITS=64 -march=x86-64-v3 -O3 -Wshadow -I ../kar -I ../melder -I ../sys -I ../dwsys -I ../stat -I ../dwtools -I ../LPC -I ../fon -I ../external/portaudio -I ../external/flac -I ../external/mp3 -I ../external/espeak  -c -o SoundAnalysisArea.o SoundAnalysisArea.cpp
ops.cpp:5850:41: warning: declaration shadows a local variable [-Wshadow]
 5850 |                         const T * const src = (T *)((char *) src0->data + i3*nb03 + i2*nb02 + i1*nb01 + i0*nb00);
      |                                         ^
ops.cpp:5828:21: note: previous declaration is here
 5828 |                 T * src = (T *)((char *) src0->data + i3*nb03 + i2*nb02 + i1*nb01);
      |                     ^
ops.cpp:5851:29: warning: declaration shadows a local variable [-Wshadow]
 5851 |                         T * dst_data  = (T *)((char *)  dst->data + i3*nb3  + i2*nb2  + i1*nb1  + i0*nb0);
      |                             ^
ops.cpp:5829:21: note: previous declaration is here
 5829 |                 T * dst_data  = (T *)((char *)  dst->data + i3*nb3  + i2*nb2  + i1*nb1);
      |                     ^
ops.cpp:6687:28: warning: declaration shadows a local variable [-Wshadow]
 6687 |             const int64_t  batch_n     =  p / (dst_w * dst_h);
      |                            ^
ops.cpp:6668:19: note: previous declaration is here
 6668 |     const int64_t batch_n           = (patch_total + patches_per_batch - 1) / patches_per_batch;
      |                   ^
ops.cpp:6740:27: warning: declaration shadows a local variable [-Wshadow]
 6740 |             const int64_t batch_n = p / (dst_w * dst_h);
      |                           ^
ops.cpp:6668:19: note: previous declaration is here
 6668 |     const int64_t batch_n           = (patch_total + patches_per_batch - 1) / patches_per_batch;
      |                   ^
clang -std=gnu++17 -municode -D_FILE_OFFSET_BITS=64 -march=x86-64-v3 -O3 -Wshadow -I ../kar -I ../melder -I ../sys -I ../dwsys -I ../stat -I ../dwtools -I ../LPC -I ../fon -I ../external/portaudio -I ../external/flac -I ../external/mp3 -I ../external/espeak  -c -o TextGridArea.o TextGridArea.cpp
clang -std=gnu++17 -municode -D_FILE_OFFSET_BITS=64 -march=x86-64-v3 -O3 -Wshadow -I ../kar -I ../melder -I ../sys -I ../dwsys -I ../stat -I ../dwtools -I ../LPC -I ../fon -I ../external/portaudio -I ../external/flac -I ../external/mp3 -I ../external/espeak  -c -o SpectrumArea.o SpectrumArea.cpp
clang -std=gnu++17 -municode -D_FILE_OFFSET_BITS=64 -march=x86-64-v3 -O3 -Wshadow -I ../kar -I ../melder -I ../sys -I ../dwsys -I ../stat -I ../dwtools -I ../LPC -I ../fon -I ../external/portaudio -I ../external/flac -I ../external/mp3 -I ../external/espeak  -c -o PointArea.o PointArea.cpp
37 warnings generated.
clang -std=gnu++17 -municode -D_FILE_OFFSET_BITS=64 -march=x86-64-v3 -O3 -Wshadow -I ../kar -I ../melder -I ../sys -I ../dwsys -I ../stat -I ../dwtools -I ../LPC -I ../fon -I ../external/portaudio -I ../external/flac -I ../external/mp3 -I ../external/espeak  -c -o PitchArea.o PitchArea.cpp
clang -std=gnu++17 -municode -D_FILE_OFFSET_BITS=64 -march=x86-64-v3 -O3 -Wshadow -I ../kar -I ../melder -I ../sys -I ../dwsys -I ../stat -I ../dwtools -I ../LPC -I ../fon -I ../external/portaudio -I ../external/flac -I ../external/mp3 -I ../external/espeak  -c -o SpectrogramArea.o SpectrogramArea.cpp
clang -std=gnu++17 -municode -D_FILE_OFFSET_BITS=64 -march=x86-64-v3 -O3 -Wshadow -I ../kar -I ../melder -I ../sys -I ../dwsys -I ../stat -I ../dwtools -I ../LPC -I ../fon -I ../external/portaudio -I ../external/flac -I ../external/mp3 -I ../external/espeak  -c -o RealTierArea.o RealTierArea.cpp
clang -std=gnu++17 -municode -D_FILE_OFFSET_BITS=64 -march=x86-64-v3 -O3 -Wshadow -I ../kar -I ../melder -I ../sys -I ../dwsys -I ../stat -I ../dwtools -I ../LPC -I ../fon -I ../external/portaudio -I ../external/flac -I ../external/mp3 -I ../external/espeak  -c -o PitchTierArea.o PitchTierArea.cpp
clang -std=gnu++17 -municode -D_FILE_OFFSET_BITS=64 -march=x86-64-v3 -O3 -Wshadow -I ../kar -I ../melder -I ../sys -I ../dwsys -I ../stat -I ../dwtools -I ../LPC -I ../fon -I ../external/portaudio -I ../external/flac -I ../external/mp3 -I ../external/espeak  -c -o IntensityTierArea.o IntensityTierArea.cpp
clang -std=gnu++17 -municode -D_FILE_OFFSET_BITS=64 -march=x86-64-v3 -O3 -Wshadow -I ../kar -I ../melder -I ../sys -I ../dwsys -I ../stat -I ../dwtools -I ../LPC -I ../fon -I ../external/portaudio -I ../external/flac -I ../external/mp3 -I ../external/espeak  -c -o DurationTierArea.o DurationTierArea.cpp
clang -std=gnu++17 -municode -D_FILE_OFFSET_BITS=64 -march=x86-64-v3 -O3 -Wshadow -I ../kar -I ../melder -I ../sys -I ../dwsys -I ../stat -I ../dwtools -I ../LPC -I ../fon -I ../external/portaudio -I ../external/flac -I ../external/mp3 -I ../external/espeak  -c -o AmplitudeTierArea.o AmplitudeTierArea.cpp
clang -std=gnu++17 -municode -D_FILE_OFFSET_BITS=64 -march=x86-64-v3 -O3 -Wshadow -I ../kar -I ../melder -I ../sys -I ../dwsys -I ../stat -I ../dwtools -I ../LPC -I ../fon -I ../external/portaudio -I ../external/flac -I ../external/mp3 -I ../external/espeak  -c -o FormantGridArea.o FormantGridArea.cpp
clang -std=gnu++17 -municode -D_FILE_OFFSET_BITS=64 -march=x86-64-v3 -O3 -Wshadow -I ../kar -I ../melder -I ../sys -I ../dwsys -I ../stat -I ../dwtools -I ../LPC -I ../fon -I ../external/portaudio -I ../external/flac -I ../external/mp3 -I ../external/espeak  -c -o MovieArea.o MovieArea.cpp
clang -std=gnu++17 -municode -D_FILE_OFFSET_BITS=64 -march=x86-64-v3 -O3 -Wshadow -I ../kar -I ../melder -I ../sys -I ../dwsys -I ../stat -I ../dwtools -I ../LPC -I ../fon -I ../external/portaudio -I ../external/flac -I ../external/mp3 -I ../external/espeak  -c -o FunctionEditor.o FunctionEditor.cpp
clang -std=gnu++17 -municode -D_FILE_OFFSET_BITS=64 -march=x86-64-v3 -O3 -Wshadow -I ../kar -I ../melder -I ../sys -I ../dwsys -I ../stat -I ../dwtools -I ../LPC -I ../fon -I ../external/portaudio -I ../external/flac -I ../external/mp3 -I ../external/espeak  -c -o PitchEditor.o PitchEditor.cpp
clang -std=gnu++17 -municode -D_FILE_OFFSET_BITS=64 -march=x86-64-v3 -O3 -Wshadow -I ../kar -I ../melder -I ../sys -I ../dwsys -I ../stat -I ../dwtools -I ../LPC -I ../fon -I ../external/portaudio -I ../external/flac -I ../external/mp3 -I ../external/espeak  -c -o SoundEditor.o SoundEditor.cpp
clang -std=gnu++17 -municode -D_FILE_OFFSET_BITS=64 -march=x86-64-v3 -O3 -Wshadow -I ../kar -I ../melder -I ../sys -I ../dwsys -I ../stat -I ../dwtools -I ../LPC -I ../fon -I ../external/portaudio -I ../external/flac -I ../external/mp3 -I ../external/espeak  -c -o SpectrumEditor.o SpectrumEditor.cpp
clang -std=gnu++17 -municode -D_FILE_OFFSET_BITS=64 -march=x86-64-v3 -O3 -Wshadow -I ../kar -I ../melder -I ../sys -I ../dwsys -I ../stat -I ../dwtools -I ../LPC -I ../fon -I ../external/portaudio -I ../external/flac -I ../external/mp3 -I ../external/espeak  -c -o SpectrogramEditor.o SpectrogramEditor.cpp
clang -std=gnu++17 -municode -D_FILE_OFFSET_BITS=64 -march=x86-64-v3 -O3 -Wshadow -I ../kar -I ../melder -I ../sys -I ../dwsys -I ../stat -I ../dwtools -I ../LPC -I ../fon -I ../external/portaudio -I ../external/flac -I ../external/mp3 -I ../external/espeak  -c -o PointEditor.o PointEditor.cpp
clang -std=gnu++17 -municode -D_FILE_OFFSET_BITS=64 -march=x86-64-v3 -O3 -Wshadow -I ../kar -I ../melder -I ../sys -I ../dwsys -I ../stat -I ../dwtools -I ../LPC -I ../fon -I ../external/portaudio -I ../external/flac -I ../external/mp3 -I ../external/espeak  -c -o RealTierEditor.o RealTierEditor.cpp
clang -std=gnu++17 -municode -D_FILE_OFFSET_BITS=64 -march=x86-64-v3 -O3 -Wshadow -I ../kar -I ../melder -I ../sys -I ../dwsys -I ../stat -I ../dwtools -I ../LPC -I ../fon -I ../external/portaudio -I ../external/flac -I ../external/mp3 -I ../external/espeak  -c -o PitchTierEditor.o PitchTierEditor.cpp
clang -std=gnu++17 -municode -D_FILE_OFFSET_BITS=64 -march=x86-64-v3 -O3 -Wshadow -I ../kar -I ../melder -I ../sys -I ../dwsys -I ../stat -I ../dwtools -I ../LPC -I ../fon -I ../external/portaudio -I ../external/flac -I ../external/mp3 -I ../external/espeak  -c -o IntensityTierEditor.o IntensityTierEditor.cpp
clang -std=gnu++17 -municode -D_FILE_OFFSET_BITS=64 -march=x86-64-v3 -O3 -Wshadow -I ../kar -I ../melder -I ../sys -I ../dwsys -I ../stat -I ../dwtools -I ../LPC -I ../fon -I ../external/portaudio -I ../external/flac -I ../external/mp3 -I ../external/espeak  -c -o DurationTierEditor.o DurationTierEditor.cpp
clang -std=gnu++17 -municode -D_FILE_OFFSET_BITS=64 -march=x86-64-v3 -O3 -Wshadow -I ../kar -I ../melder -I ../sys -I ../dwsys -I ../stat -I ../dwtools -I ../LPC -I ../fon -I ../external/portaudio -I ../external/flac -I ../external/mp3 -I ../external/espeak  -c -o AmplitudeTierEditor.o AmplitudeTierEditor.cpp
clang -std=gnu++17 -municode -D_FILE_OFFSET_BITS=64 -march=x86-64-v3 -O3 -Wshadow -I ../kar -I ../melder -I ../sys -I ../dwsys -I ../stat -I ../dwtools -I ../LPC -I ../fon -I ../external/portaudio -I ../external/flac -I ../external/mp3 -I ../external/espeak  -c -o ManipulationEditor.o ManipulationEditor.cpp
clang -std=gnu++17 -municode -D_FILE_OFFSET_BITS=64 -march=x86-64-v3 -O3 -Wshadow -I ../kar -I ../melder -I ../sys -I ../dwsys -I ../stat -I ../dwtools -I ../LPC -I ../fon -I ../external/portaudio -I ../external/flac -I ../external/mp3 -I ../external/espeak  -c -o TextGridEditor.o TextGridEditor.cpp
clang -std=gnu++17 -municode -D_FILE_OFFSET_BITS=64 -march=x86-64-v3 -O3 -Wshadow -I ../kar -I ../melder -I ../sys -I ../dwsys -I ../stat -I ../dwtools -I ../LPC -I ../fon -I ../external/portaudio -I ../external/flac -I ../external/mp3 -I ../external/espeak  -c -o FormantGridEditor.o FormantGridEditor.cpp
clang -std=gnu++17 -municode -D_FILE_OFFSET_BITS=64 -march=x86-64-v3 -O3 -Wshadow -I ../kar -I ../melder -I ../sys -I ../dwsys -I ../stat -I ../dwtools -I ../LPC -I ../fon -I ../external/portaudio -I ../external/flac -I ../external/mp3 -I ../external/espeak  -c -o RunnerMFC.o RunnerMFC.cpp
10 warnings generated.
clang -std=gnu++17 -municode -D_FILE_OFFSET_BITS=64 -march=x86-64-v3 -O3 -Wshadow -I ../kar -I ../melder -I ../sys -I ../dwsys -I ../stat -I ../dwtools -I ../LPC -I ../fon -I ../external/portaudio -I ../external/flac -I ../external/mp3 -I ../external/espeak  -c -o MovieWindow.o MovieWindow.cpp
clang -std=gnu++17 -municode -D_FILE_OFFSET_BITS=64 -march=x86-64-v3 -O3 -Wshadow -I ../kar -I ../melder -I ../sys -I ../dwsys -I ../stat -I ../dwtools -I ../LPC -I ../fon -I ../external/portaudio -I ../external/flac -I ../external/mp3 -I ../external/espeak  -c -o CorpusEditor.o CorpusEditor.cpp
4 warnings generated.
touch libwhisper.a
rm libwhisper.a
ar cq libwhisper.a whisper.o diarize.o ggml.o ggml-type-traits.o ggml-memory-pool.o ggml-backend.o ggml-backend-dl.o ggml-backend-reg.o ggml-alloc.o ggml-threading.o ggml-quants.o ggml-cpu.o ggml-cpu-cpp.o traits.o quants.o unary-ops.o binary-ops.o ops.o vec.o model-ggml-segmentation.o model-ggml-embedding.o
ranlib libwhisper.a
make[1]: Leaving directory '/d/Praat-work/稳定早期版/external/whispercpp'
make -C external/blake3
make[1]: Entering directory '/d/Praat-work/稳定早期版/external/blake3'
clang -std=gnu99 -municode -D_FILE_OFFSET_BITS=64 -march=x86-64-v3 -O3 -I ../../melder  -c -o blake3.o blake3.c
clang -std=gnu99 -municode -D_FILE_OFFSET_BITS=64 -march=x86-64-v3 -O3 -I ../../melder  -c -o blake3_dispatch.o blake3_dispatch.c
clang -std=gnu99 -municode -D_FILE_OFFSET_BITS=64 -march=x86-64-v3 -O3 -I ../../melder  -c -o blake3_portable.o blake3_portable.c
touch libblake3.a
rm libblake3.a
ar cq libblake3.a blake3.o blake3_dispatch.o blake3_portable.o
ranlib libblake3.a
make[1]: Leaving directory '/d/Praat-work/稳定早期版/external/blake3'
make -C external/zlib
make[1]: Entering directory '/d/Praat-work/稳定早期版/external/zlib'
clang -std=gnu99 -municode -D_FILE_OFFSET_BITS=64 -march=x86-64-v3 -O3 -I ../../melder  -c -o adler32.o adler32.c
clang -std=gnu99 -municode -D_FILE_OFFSET_BITS=64 -march=x86-64-v3 -O3 -I ../../melder  -c -o crc32.o crc32.c
clang -std=gnu99 -municode -D_FILE_OFFSET_BITS=64 -march=x86-64-v3 -O3 -I ../../melder  -c -o gzread.o gzread.c
clang -std=gnu99 -municode -D_FILE_OFFSET_BITS=64 -march=x86-64-v3 -O3 -I ../../melder  -c -o gzlib.o gzlib.c
clang -std=gnu99 -municode -D_FILE_OFFSET_BITS=64 -march=x86-64-v3 -O3 -I ../../melder  -c -o gzclose.o gzclose.c
clang -std=gnu99 -municode -D_FILE_OFFSET_BITS=64 -march=x86-64-v3 -O3 -I ../../melder  -c -o inflate.o inflate.c
clang -std=gnu99 -municode -D_FILE_OFFSET_BITS=64 -march=x86-64-v3 -O3 -I ../../melder  -c -o inffast.o inffast.c
clang -std=gnu99 -municode -D_FILE_OFFSET_BITS=64 -march=x86-64-v3 -O3 -I ../../melder  -c -o inftrees.o inftrees.c
clang -std=gnu99 -municode -D_FILE_OFFSET_BITS=64 -march=x86-64-v3 -O3 -I ../../melder  -c -o zutil.o zutil.c
touch libzlib.a
rm libzlib.a
ar cq libzlib.a adler32.o crc32.o gzread.o gzlib.o gzclose.o inflate.o inffast.o inftrees.o zutil.o
ranlib libzlib.a
make[1]: Leaving directory '/d/Praat-work/稳定早期版/external/zlib'
touch libfoned.a
rm libfoned.a
ar cq libfoned.a SoundRecorder.o FunctionArea.o SoundArea.o SoundAnalysisArea.o TextGridArea.o SpectrumArea.o PointArea.o PitchArea.o SpectrogramArea.o RealTierArea.o PitchTierArea.o IntensityTierArea.o DurationTierArea.o AmplitudeTierArea.o FormantGridArea.o MovieArea.o FunctionEditor.o PitchEditor.o SoundEditor.o SpectrumEditor.o SpectrogramEditor.o PointEditor.o RealTierEditor.o PitchTierEditor.o IntensityTierEditor.o DurationTierEditor.o AmplitudeTierEditor.o ManipulationEditor.o TextGridEditor.o FormantGridEditor.o RunnerMFC.o MovieWindow.o CorpusEditor.o
ranlib libfoned.a
make[1]: Leaving directory '/d/Praat-work/稳定早期版/foned'
make -C dwtools
make[1]: Entering directory '/d/Praat-work/稳定早期版/dwtools'
clang -std=gnu++17 -municode -D_FILE_OFFSET_BITS=64 -march=x86-64-v3 -O3 -Wshadow -I . -I ../kar -I ../melder -I ../sys -I ../dwsys -I ../stat -I ../fon -I ../LPC -I ../foned -I ../EEG -I ../external/clapack -I ../external/vorbis -I ../external/opusfile -I ../external/portaudio -I ../external/espeak -I ..external/num  -c -o ActivationList.o ActivationList.cpp
clang -std=gnu++17 -municode -D_FILE_OFFSET_BITS=64 -march=x86-64-v3 -O3 -Wshadow -I . -I ../kar -I ../melder -I ../sys -I ../dwsys -I ../stat -I ../fon -I ../LPC -I ../foned -I ../EEG -I ../external/clapack -I ../external/vorbis -I ../external/opusfile -I ../external/portaudio -I ../external/espeak -I ..external/num  -c -o AffineTransform.o AffineTransform.cpp
clang -std=gnu++17 -municode -D_FILE_OFFSET_BITS=64 -march=x86-64-v3 -O3 -Wshadow -I . -I ../kar -I ../melder -I ../sys -I ../dwsys -I ../stat -I ../fon -I ../LPC -I ../foned -I ../EEG -I ../external/clapack -I ../external/vorbis -I ../external/opusfile -I ../external/portaudio -I ../external/espeak -I ..external/num  -c -o AnalyticSound.o AnalyticSound.cpp
clang -std=gnu++17 -municode -D_FILE_OFFSET_BITS=64 -march=x86-64-v3 -O3 -Wshadow -I . -I ../kar -I ../melder -I ../sys -I ../dwsys -I ../stat -I ../fon -I ../LPC -I ../foned -I ../EEG -I ../external/clapack -I ../external/vorbis -I ../external/opusfile -I ../external/portaudio -I ../external/espeak -I ..external/num  -c -o Categories.o Categories.cpp
clang -std=gnu++17 -municode -D_FILE_OFFSET_BITS=64 -march=x86-64-v3 -O3 -Wshadow -I . -I ../kar -I ../melder -I ../sys -I ../dwsys -I ../stat -I ../fon -I ../LPC -I ../foned -I ../EEG -I ../external/clapack -I ../external/vorbis -I ../external/opusfile -I ../external/portaudio -I ../external/espeak -I ..external/num  -c -o CategoriesEditor.o CategoriesEditor.cpp
clang -std=gnu++17 -municode -D_FILE_OFFSET_BITS=64 -march=x86-64-v3 -O3 -Wshadow -I . -I ../kar -I ../melder -I ../sys -I ../dwsys -I ../stat -I ../fon -I ../LPC -I ../foned -I ../EEG -I ../external/clapack -I ../external/vorbis -I ../external/opusfile -I ../external/portaudio -I ../external/espeak -I ..external/num  -c -o Categories_and_Strings.o Categories_and_Strings.cpp
clang -std=gnu++17 -municode -D_FILE_OFFSET_BITS=64 -march=x86-64-v3 -O3 -Wshadow -I . -I ../kar -I ../melder -I ../sys -I ../dwsys -I ../stat -I ../fon -I ../LPC -I ../foned -I ../EEG -I ../external/clapack -I ../external/vorbis -I ../external/opusfile -I ../external/portaudio -I ../external/espeak -I ..external/num  -c -o CCA.o CCA.cpp
clang -std=gnu++17 -municode -D_FILE_OFFSET_BITS=64 -march=x86-64-v3 -O3 -Wshadow -I . -I ../kar -I ../melder -I ../sys -I ../dwsys -I ../stat -I ../fon -I ../LPC -I ../foned -I ../EEG -I ../external/clapack -I ../external/vorbis -I ../external/opusfile -I ../external/portaudio -I ../external/espeak -I ..external/num  -c -o CCA_and_Correlation.o CCA_and_Correlation.cpp
clang -std=gnu++17 -municode -D_FILE_OFFSET_BITS=64 -march=x86-64-v3 -O3 -Wshadow -I . -I ../kar -I ../melder -I ../sys -I ../dwsys -I ../stat -I ../fon -I ../LPC -I ../foned -I ../EEG -I ../external/clapack -I ../external/vorbis -I ../external/opusfile -I ../external/portaudio -I ../external/espeak -I ..external/num  -c -o Correlation.o Correlation.cpp
clang -std=gnu++17 -municode -D_FILE_OFFSET_BITS=64 -march=x86-64-v3 -O3 -Wshadow -I . -I ../kar -I ../melder -I ../sys -I ../dwsys -I ../stat -I ../fon -I ../LPC -I ../foned -I ../EEG -I ../external/clapack -I ../external/vorbis -I ../external/opusfile -I ../external/portaudio -I ../external/espeak -I ..external/num  -c -o Covariance.o Covariance.cpp
clang -std=gnu++17 -municode -D_FILE_OFFSET_BITS=64 -march=x86-64-v3 -O3 -Wshadow -I . -I ../kar -I ../melder -I ../sys -I ../dwsys -I ../stat -I ../fon -I ../LPC -I ../foned -I ../EEG -I ../external/clapack -I ../external/vorbis -I ../external/opusfile -I ../external/portaudio -I ../external/espeak -I ..external/num  -c -o CC.o CC.cpp
clang -std=gnu++17 -municode -D_FILE_OFFSET_BITS=64 -march=x86-64-v3 -O3 -Wshadow -I . -I ../kar -I ../melder -I ../sys -I ../dwsys -I ../stat -I ../fon -I ../LPC -I ../foned -I ../EEG -I ../external/clapack -I ../external/vorbis -I ../external/opusfile -I ../external/portaudio -I ../external/espeak -I ..external/num  -c -o CCs_to_DTW.o CCs_to_DTW.cpp
In file included from CCA_and_Correlation.cpp:26:
In file included from ./CCA_and_Correlation.h:27:
In file included from ./CCA.h:28:
In file included from ./SSCP.h:22:
In file included from ./TableOfReal_extensions.h:23:
../dwsys/Graphics_extensions.h:87:37: warning: declaration shadows a field of 'structLineSegmentClipper' [-Wshadow]
   87 |         int getCohenSutherlandCode (HPoint p) {
      |                                            ^
../dwsys/Graphics_extensions.h:82:32: note: previous declaration is here
   82 |         struct structHPoint from, to, p; // working storage
      |                                       ^
../dwsys/Graphics_extensions.h:100:41: warning: declaration shadows a field of 'structLineSegmentClipper' [-Wshadow]
  100 |         void cross (HPoint a, HPoint b, HPoint p) {  // p = a x b
      |                                                ^
../dwsys/Graphics_extensions.h:82:32: note: previous declaration is here
   82 |         struct structHPoint from, to, p; // working storage
      |                                       ^
In file included from Correlation.cpp:19:
In file included from ./Correlation.h:21:
In file included from ./SSCP.h:22:
In file included from ./TableOfReal_extensions.h:23:
../dwsys/Graphics_extensions.h:87:37: warning: declaration shadows a field of 'structLineSegmentClipper' [-Wshadow]
   87 |         int getCohenSutherlandCode (HPoint p) {
      |                                            ^
../dwsys/Graphics_extensions.h:82:32: note: previous declaration is here
   82 |         struct structHPoint from, to, p; // working storage
      |                                       ^
../dwsys/Graphics_extensions.h:100:41: warning: declaration shadows a field of 'structLineSegmentClipper' [-Wshadow]
  100 |         void cross (HPoint a, HPoint b, HPoint p) {  // p = a x b
      |                                                ^
../dwsys/Graphics_extensions.h:82:32: note: previous declaration is here
   82 |         struct structHPoint from, to, p; // working storage
      |                                       ^
In file included from CCA.cpp:31:
In file included from ./CCA_and_Correlation.h:27:
In file included from ./CCA.h:28:
In file included from ./SSCP.h:22:
In file included from ./TableOfReal_extensions.h:23:
../dwsys/Graphics_extensions.h:87:37: warning: declaration shadows a field of 'structLineSegmentClipper' [-Wshadow]
   87 |         int getCohenSutherlandCode (HPoint p) {
      |                                            ^
../dwsys/Graphics_extensions.h:82:32: note: previous declaration is here
   82 |         struct structHPoint from, to, p; // working storage
      |                                       ^
../dwsys/Graphics_extensions.h:100:41: warning: declaration shadows a field of 'structLineSegmentClipper' [-Wshadow]
  100 |         void cross (HPoint a, HPoint b, HPoint p) {  // p = a x b
      |                                                ^
../dwsys/Graphics_extensions.h:82:32: note: previous declaration is here
   82 |         struct structHPoint from, to, p; // working storage
      |                                       ^
In file included from Covariance.cpp:19:
In file included from ./Covariance.h:21:
In file included from ./CCA.h:28:
In file included from ./SSCP.h:22:
In file included from ./TableOfReal_extensions.h:23:
../dwsys/Graphics_extensions.h:87:37: warning: declaration shadows a field of 'structLineSegmentClipper' [-Wshadow]
   87 |         int getCohenSutherlandCode (HPoint p) {
      |                                            ^
../dwsys/Graphics_extensions.h:82:32: note: previous declaration is here
   82 |         struct structHPoint from, to, p; // working storage
      |                                       ^
../dwsys/Graphics_extensions.h:100:41: warning: declaration shadows a field of 'structLineSegmentClipper' [-Wshadow]
  100 |         void cross (HPoint a, HPoint b, HPoint p) {  // p = a x b
      |                                                ^
../dwsys/Graphics_extensions.h:82:32: note: previous declaration is here
   82 |         struct structHPoint from, to, p; // working storage
      |                                       ^
clang -std=gnu++17 -municode -D_FILE_OFFSET_BITS=64 -march=x86-64-v3 -O3 -Wshadow -I . -I ../kar -I ../melder -I ../sys -I ../dwsys -I ../stat -I ../fon -I ../LPC -I ../foned -I ../EEG -I ../external/clapack -I ../external/vorbis -I ../external/opusfile -I ../external/portaudio -I ../external/espeak -I ..external/num  -c -o ClassificationTable.o ClassificationTable.cpp
clang -std=gnu++17 -municode -D_FILE_OFFSET_BITS=64 -march=x86-64-v3 -O3 -Wshadow -I . -I ../kar -I ../melder -I ../sys -I ../dwsys -I ../stat -I ../fon -I ../LPC -I ../foned -I ../EEG -I ../external/clapack -I ../external/vorbis -I ../external/opusfile -I ../external/portaudio -I ../external/espeak -I ..external/num  -c -o Confusion.o Confusion.cpp
clang -std=gnu++17 -municode -D_FILE_OFFSET_BITS=64 -march=x86-64-v3 -O3 -Wshadow -I . -I ../kar -I ../melder -I ../sys -I ../dwsys -I ../stat -I ../fon -I ../LPC -I ../foned -I ../EEG -I ../external/clapack -I ../external/vorbis -I ../external/opusfile -I ../external/portaudio -I ../external/espeak -I ..external/num  -c -o ComplexSpectrogram.o ComplexSpectrogram.cpp
2 warnings generated.
clang -std=gnu++17 -municode -D_FILE_OFFSET_BITS=64 -march=x86-64-v3 -O3 -Wshadow -I . -I ../kar -I ../melder -I ../sys -I ../dwsys -I ../stat -I ../fon -I ../LPC -I ../foned -I ../EEG -I ../external/clapack -I ../external/vorbis -I ../external/opusfile -I ../external/portaudio -I ../external/espeak -I ..external/num  -c -o Configuration.o Configuration.cpp
clang -std=gnu++17 -municode -D_FILE_OFFSET_BITS=64 -march=x86-64-v3 -O3 -Wshadow -I . -I ../kar -I ../melder -I ../sys -I ../dwsys -I ../stat -I ../fon -I ../LPC -I ../foned -I ../EEG -I ../external/clapack -I ../external/vorbis -I ../external/opusfile -I ../external/portaudio -I ../external/espeak -I ..external/num  -c -o ContingencyTable.o ContingencyTable.cpp
clang -std=gnu++17 -municode -D_FILE_OFFSET_BITS=64 -march=x86-64-v3 -O3 -Wshadow -I . -I ../kar -I ../melder -I ../sys -I ../dwsys -I ../stat -I ../fon -I ../LPC -I ../foned -I ../EEG -I ../external/clapack -I ../external/vorbis -I ../external/opusfile -I ../external/portaudio -I ../external/espeak -I ..external/num  -c -o Configuration_AffineTransform.o Configuration_AffineTransform.cpp
clang -std=gnu++17 -municode -D_FILE_OFFSET_BITS=64 -march=x86-64-v3 -O3 -Wshadow -I . -I ../kar -I ../melder -I ../sys -I ../dwsys -I ../stat -I ../fon -I ../LPC -I ../foned -I ../EEG -I ../external/clapack -I ../external/vorbis -I ../external/opusfile -I ../external/portaudio -I ../external/espeak -I ..external/num  -c -o Configuration_and_Procrustes.o Configuration_and_Procrustes.cpp
2 warnings generated.
clang -std=gnu++17 -municode -D_FILE_OFFSET_BITS=64 -march=x86-64-v3 -O3 -Wshadow -I . -I ../kar -I ../melder -I ../sys -I ../dwsys -I ../stat -I ../fon -I ../LPC -I ../foned -I ../EEG -I ../external/clapack -I ../external/vorbis -I ../external/opusfile -I ../external/portaudio -I ../external/espeak -I ..external/num  -c -o ConstantQSpectrograms.o ConstantQSpectrograms.cpp
clang -std=gnu++17 -municode -D_FILE_OFFSET_BITS=64 -march=x86-64-v3 -O3 -Wshadow -I . -I ../kar -I ../melder -I ../sys -I ../dwsys -I ../stat -I ../fon -I ../LPC -I ../foned -I ../EEG -I ../external/clapack -I ../external/vorbis -I ../external/opusfile -I ../external/portaudio -I ../external/espeak -I ..external/num  -c -o DataModeler.o DataModeler.cpp
2 warnings generated.
clang -std=gnu++17 -municode -D_FILE_OFFSET_BITS=64 -march=x86-64-v3 -O3 -Wshadow -I . -I ../kar -I ../melder -I ../sys -I ../dwsys -I ../stat -I ../fon -I ../LPC -I ../foned -I ../EEG -I ../external/clapack -I ../external/vorbis -I ../external/opusfile -I ../external/portaudio -I ../external/espeak -I ..external/num  -c -o Distance.o Distance.cpp
2 warnings generated.
clang -std=gnu++17 -municode -D_FILE_OFFSET_BITS=64 -march=x86-64-v3 -O3 -Wshadow -I . -I ../kar -I ../melder -I ../sys -I ../dwsys -I ../stat -I ../fon -I ../LPC -I ../foned -I ../EEG -I ../external/clapack -I ../external/vorbis -I ../external/opusfile -I ../external/portaudio -I ../external/espeak -I ..external/num  -c -o DTW.o DTW.cpp
In file included from ClassificationTable.cpp:29:
In file included from ./ClassificationTable.h:22:
In file included from ./SSCP.h:22:
In file included from ./TableOfReal_extensions.h:23:
../dwsys/Graphics_extensions.h:87:37: warning: declaration shadows a field of 'structLineSegmentClipper' [-Wshadow]
   87 |         int getCohenSutherlandCode (HPoint p) {
      |                                            ^
../dwsys/Graphics_extensions.h:82:32: note: previous declaration is here
   82 |         struct structHPoint from, to, p; // working storage
      |                                       ^
../dwsys/Graphics_extensions.h:100:41: warning: declaration shadows a field of 'structLineSegmentClipper' [-Wshadow]
  100 |         void cross (HPoint a, HPoint b, HPoint p) {  // p = a x b
      |                                                ^
../dwsys/Graphics_extensions.h:82:32: note: previous declaration is here
   82 |         struct structHPoint from, to, p; // working storage
      |                                       ^
In file included from Confusion.cpp:31:
In file included from ./Matrix_extensions.h:29:
../dwsys/Graphics_extensions.h:87:37: warning: declaration shadows a field of 'structLineSegmentClipper' [-Wshadow]
   87 |         int getCohenSutherlandCode (HPoint p) {
      |                                            ^
../dwsys/Graphics_extensions.h:82:32: note: previous declaration is here
   82 |         struct structHPoint from, to, p; // working storage
      |                                       ^
../dwsys/Graphics_extensions.h:100:41: warning: declaration shadows a field of 'structLineSegmentClipper' [-Wshadow]
  100 |         void cross (HPoint a, HPoint b, HPoint p) {  // p = a x b
      |                                                ^
../dwsys/Graphics_extensions.h:82:32: note: previous declaration is here
   82 |         struct structHPoint from, to, p; // working storage
      |                                       ^
In file included from ContingencyTable.cpp:20:
In file included from ./TableOfReal_extensions.h:23:
../dwsys/Graphics_extensions.h:87:37: warning: declaration shadows a field of 'structLineSegmentClipper' [-Wshadow]
   87 |         int getCohenSutherlandCode (HPoint p) {
      |                                            ^
../dwsys/Graphics_extensions.h:82:32: note: previous declaration is here
   82 |         struct structHPoint from, to, p; // working storage
      |                                       ^
../dwsys/Graphics_extensions.h:100:41: warning: declaration shadows a field of 'structLineSegmentClipper' [-Wshadow]
  100 |         void cross (HPoint a, HPoint b, HPoint p) {  // p = a x b
      |                                                ^
../dwsys/Graphics_extensions.h:82:32: note: previous declaration is here
   82 |         struct structHPoint from, to, p; // working storage
      |                                       ^
In file included from Configuration.cpp:38:
In file included from ./TableOfReal_extensions.h:23:
../dwsys/Graphics_extensions.h:87:37: warning: declaration shadows a field of 'structLineSegmentClipper' [-Wshadow]
   87 |         int getCohenSutherlandCode (HPoint p) {
      |                                            ^
../dwsys/Graphics_extensions.h:82:32: note: previous declaration is here
   82 |         struct structHPoint from, to, p; // working storage
      |                                       ^
../dwsys/Graphics_extensions.h:100:41: warning: declaration shadows a field of 'structLineSegmentClipper' [-Wshadow]
  100 |         void cross (HPoint a, HPoint b, HPoint p) {  // p = a x b
      |                                                ^
../dwsys/Graphics_extensions.h:82:32: note: previous declaration is here
   82 |         struct structHPoint from, to, p; // working storage
      |                                       ^
2 warnings generated.
clang -std=gnu++17 -municode -D_FILE_OFFSET_BITS=64 -march=x86-64-v3 -O3 -Wshadow -I . -I ../kar -I ../melder -I ../sys -I ../dwsys -I ../stat -I ../fon -I ../LPC -I ../foned -I ../EEG -I ../external/clapack -I ../external/vorbis -I ../external/opusfile -I ../external/portaudio -I ../external/espeak -I ..external/num  -c -o DTW_and_TextGrid.o DTW_and_TextGrid.cpp
clang -std=gnu++17 -municode -D_FILE_OFFSET_BITS=64 -march=x86-64-v3 -O3 -Wshadow -I . -I ../kar -I ../melder -I ../sys -I ../dwsys -I ../stat -I ../fon -I ../LPC -I ../foned -I ../EEG -I ../external/clapack -I ../external/vorbis -I ../external/opusfile -I ../external/portaudio -I ../external/espeak -I ..external/num  -c -o Discriminant.o Discriminant.cpp
clang -std=gnu++17 -municode -D_FILE_OFFSET_BITS=64 -march=x86-64-v3 -O3 -Wshadow -I . -I ../kar -I ../melder -I ../sys -I ../dwsys -I ../stat -I ../fon -I ../LPC -I ../foned -I ../EEG -I ../external/clapack -I ../external/vorbis -I ../external/opusfile -I ../external/portaudio -I ../external/espeak -I ..external/num  -c -o Discriminant_PatternList_Categories.o Discriminant_PatternList_Categories.cpp
In file included from DataModeler.cpp:19:
In file included from ./DataModeler.h:26:
In file included from ./Covariance.h:21:
In file included from ./CCA.h:28:
In file included from ./SSCP.h:22:
In file included from ./TableOfReal_extensions.h:23:
../dwsys/Graphics_extensions.h:87:37: warning: declaration shadows a field of 'structLineSegmentClipper' [-Wshadow]
   87 |         int getCohenSutherlandCode (HPoint p) {
      |                                            ^
../dwsys/Graphics_extensions.h:82:32: note: previous declaration is here
   82 |         struct structHPoint from, to, p; // working storage
      |                                       ^
../dwsys/Graphics_extensions.h:100:41: warning: declaration shadows a field of 'structLineSegmentClipper' [-Wshadow]
  100 |         void cross (HPoint a, HPoint b, HPoint p) {  // p = a x b
      |                                                ^
../dwsys/Graphics_extensions.h:82:32: note: previous declaration is here
   82 |         struct structHPoint from, to, p; // working storage
      |                                       ^
2 warnings generated.
clang -std=gnu++17 -municode -D_FILE_OFFSET_BITS=64 -march=x86-64-v3 -O3 -Wshadow -I . -I ../kar -I ../melder -I ../sys -I ../dwsys -I ../stat -I ../fon -I ../LPC -I ../foned -I ../EEG -I ../external/clapack -I ../external/vorbis -I ../external/opusfile -I ../external/portaudio -I ../external/espeak -I ..external/num  -c -o EditDistanceTable.o EditDistanceTable.cpp
clang -std=gnu++17 -municode -D_FILE_OFFSET_BITS=64 -march=x86-64-v3 -O3 -Wshadow -I . -I ../kar -I ../melder -I ../sys -I ../dwsys -I ../stat -I ../fon -I ../LPC -I ../foned -I ../EEG -I ../external/clapack -I ../external/vorbis -I ../external/opusfile -I ../external/portaudio -I ../external/espeak -I ..external/num  -c -o EEG_extensions.o EEG_extensions.cpp
clang -std=gnu++17 -municode -D_FILE_OFFSET_BITS=64 -march=x86-64-v3 -O3 -Wshadow -I . -I ../kar -I ../melder -I ../sys -I ../dwsys -I ../stat -I ../fon -I ../LPC -I ../foned -I ../EEG -I ../external/clapack -I ../external/vorbis -I ../external/opusfile -I ../external/portaudio -I ../external/espeak -I ..external/num  -c -o Eigen_and_Matrix.o Eigen_and_Matrix.cpp
clang -std=gnu++17 -municode -D_FILE_OFFSET_BITS=64 -march=x86-64-v3 -O3 -Wshadow -I . -I ../kar -I ../melder -I ../sys -I ../dwsys -I ../stat -I ../fon -I ../LPC -I ../foned -I ../EEG -I ../external/clapack -I ../external/vorbis -I ../external/opusfile -I ../external/portaudio -I ../external/espeak -I ..external/num  -c -o Eigen_and_Procrustes.o Eigen_and_Procrustes.cpp
In file included from Distance.cpp:26:
In file included from ./TableOfReal_extensions.h:23:
../dwsys/Graphics_extensions.h:87:37: warning: declaration shadows a field of 'structLineSegmentClipper' [-Wshadow]
   87 |         int getCohenSutherlandCode (HPoint p) {
      |                                            ^
../dwsys/Graphics_extensions.h:82:32: note: previous declaration is here
   82 |         struct structHPoint from, to, p; // working storage
      |                                       ^
../dwsys/Graphics_extensions.h:100:41: warning: declaration shadows a field of 'structLineSegmentClipper' [-Wshadow]
  100 |         void cross (HPoint a, HPoint b, HPoint p) {  // p = a x b
      |                                                ^
../dwsys/Graphics_extensions.h:82:32: note: previous declaration is here
   82 |         struct structHPoint from, to, p; // working storage
      |                                       ^
2 warnings generated.
clang -std=gnu++17 -municode -D_FILE_OFFSET_BITS=64 -march=x86-64-v3 -O3 -Wshadow -I . -I ../kar -I ../melder -I ../sys -I ../dwsys -I ../stat -I ../fon -I ../LPC -I ../foned -I ../EEG -I ../external/clapack -I ../external/vorbis -I ../external/opusfile -I ../external/portaudio -I ../external/espeak -I ..external/num  -c -o Eigen_and_TableOfReal.o Eigen_and_TableOfReal.cpp
2 warnings generated.
In file included from DTW.cpp:41:
../dwsys/Graphics_extensions.h:87:37: warning: declaration shadows a field of 'structLineSegmentClipper' [-Wshadow]
   87 |         int getCohenSutherlandCode (HPoint p) {
      |                                            ^
../dwsys/Graphics_extensions.h:82:32: note: previous declaration is here
   82 |         struct structHPoint from, to, p; // working storage
      |                                       ^
../dwsys/Graphics_extensions.h:100:41: warning: declaration shadows a field of 'structLineSegmentClipper' [-Wshadow]
  100 |         void cross (HPoint a, HPoint b, HPoint p) {  // p = a x b
      |                                                ^
../dwsys/Graphics_extensions.h:82:32: note: previous declaration is here
   82 |         struct structHPoint from, to, p; // working storage
      |                                       ^
clang -std=gnu++17 -municode -D_FILE_OFFSET_BITS=64 -march=x86-64-v3 -O3 -Wshadow -I . -I ../kar -I ../melder -I ../sys -I ../dwsys -I ../stat -I ../fon -I ../LPC -I ../foned -I ../EEG -I ../external/clapack -I ../external/vorbis -I ../external/opusfile -I ../external/portaudio -I ../external/espeak -I ..external/num  -c -o Eigen_and_SSCP.o Eigen_and_SSCP.cpp
2 warnings generated.
clang -std=gnu++17 -municode -D_FILE_OFFSET_BITS=64 -march=x86-64-v3 -O3 -Wshadow -I . -I ../kar -I ../melder -I ../sys -I ../dwsys -I ../stat -I ../fon -I ../LPC -I ../foned -I ../EEG -I ../external/clapack -I ../external/vorbis -I ../external/opusfile -I ../external/portaudio -I ../external/espeak -I ..external/num  -c -o Excitations.o Excitations.cpp
In file included from Discriminant.cpp:38:
In file included from ./Discriminant.h:23:
In file included from ./SSCP.h:22:
In file included from ./TableOfReal_extensions.h:23:
../dwsys/Graphics_extensions.h:87:37: warning: declaration shadows a field of 'structLineSegmentClipper' [-Wshadow]
   87 |         int getCohenSutherlandCode (HPoint p) {
      |                                            ^
../dwsys/Graphics_extensions.h:82:32: note: previous declaration is here
   82 |         struct structHPoint from, to, p; // working storage
      |                                       ^
../dwsys/Graphics_extensions.h:100:41: warning: declaration shadows a field of 'structLineSegmentClipper' [-Wshadow]
  100 |         void cross (HPoint a, HPoint b, HPoint p) {  // p = a x b
      |                                                ^
../dwsys/Graphics_extensions.h:82:32: note: previous declaration is here
   82 |         struct structHPoint from, to, p; // working storage
      |                                       ^
In file included from Discriminant_PatternList_Categories.cpp:23:
In file included from ./Discriminant_PatternList_Categories.h:27:
In file included from ./Discriminant.h:23:
In file included from ./SSCP.h:22:
In file included from ./TableOfReal_extensions.h:23:
../dwsys/Graphics_extensions.h:87:37: warning: declaration shadows a field of 'structLineSegmentClipper' [-Wshadow]
   87 |         int getCohenSutherlandCode (HPoint p) {
      |                                            ^
../dwsys/Graphics_extensions.h:82:32: note: previous declaration is here
   82 |         struct structHPoint from, to, p; // working storage
      |                                       ^
../dwsys/Graphics_extensions.h:100:41: warning: declaration shadows a field of 'structLineSegmentClipper' [-Wshadow]
  100 |         void cross (HPoint a, HPoint b, HPoint p) {  // p = a x b
      |                                                ^
../dwsys/Graphics_extensions.h:82:32: note: previous declaration is here
   82 |         struct structHPoint from, to, p; // working storage
      |                                       ^
In file included from Eigen_and_Matrix.cpp:25:
In file included from ./Matrix_extensions.h:29:
../dwsys/Graphics_extensions.h:87:37: warning: declaration shadows a field of 'structLineSegmentClipper' [-Wshadow]
   87 |         int getCohenSutherlandCode (HPoint p) {
      |                                            ^
../dwsys/Graphics_extensions.h:82:32: note: previous declaration is here
   82 |         struct structHPoint from, to, p; // working storage
      |                                       ^
../dwsys/Graphics_extensions.h:100:41: warning: declaration shadows a field of 'structLineSegmentClipper' [-Wshadow]
  100 |         void cross (HPoint a, HPoint b, HPoint p) {  // p = a x b
      |                                                ^
../dwsys/Graphics_extensions.h:82:32: note: previous declaration is here
   82 |         struct structHPoint from, to, p; // working storage
      |                                       ^
In file included from EEG_extensions.cpp:19:
In file included from ./Correlation.h:21:
In file included from ./SSCP.h:22:
In file included from ./TableOfReal_extensions.h:23:
../dwsys/Graphics_extensions.h:87:37: warning: declaration shadows a field of 'structLineSegmentClipper' [-Wshadow]
   87 |         int getCohenSutherlandCode (HPoint p) {
      |                                            ^
../dwsys/Graphics_extensions.h:82:32: note: previous declaration is here
   82 |         struct structHPoint from, to, p; // working storage
      |                                       ^
../dwsys/Graphics_extensions.h:100:41: warning: declaration shadows a field of 'structLineSegmentClipper' [-Wshadow]
  100 |         void cross (HPoint a, HPoint b, HPoint p) {  // p = a x b
      |                                                ^
../dwsys/Graphics_extensions.h:82:32: note: previous declaration is here
   82 |         struct structHPoint from, to, p; // working storage
      |                                       ^
2 warnings generated.
clang -std=gnu++17 -municode -D_FILE_OFFSET_BITS=64 -march=x86-64-v3 -O3 -Wshadow -I . -I ../kar -I ../melder -I ../sys -I ../dwsys -I ../stat -I ../fon -I ../LPC -I ../foned -I ../EEG -I ../external/clapack -I ../external/vorbis -I ../external/opusfile -I ../external/portaudio -I ../external/espeak -I ..external/num  -c -o FilterBank.o FilterBank.cpp
clang -std=gnu++17 -municode -D_FILE_OFFSET_BITS=64 -march=x86-64-v3 -O3 -Wshadow -I . -I ../kar -I ../melder -I ../sys -I ../dwsys -I ../stat -I ../fon -I ../LPC -I ../foned -I ../EEG -I ../external/clapack -I ../external/vorbis -I ../external/opusfile -I ../external/portaudio -I ../external/espeak -I ..external/num  -c -o FormantGrid_extensions.o FormantGrid_extensions.cpp
2 warnings generated.
clang -std=gnu++17 -municode -D_FILE_OFFSET_BITS=64 -march=x86-64-v3 -O3 -Wshadow -I . -I ../kar -I ../melder -I ../sys -I ../dwsys -I ../stat -I ../fon -I ../LPC -I ../foned -I ../EEG -I ../external/clapack -I ../external/vorbis -I ../external/opusfile -I ../external/portaudio -I ../external/espeak -I ..external/num  -c -o GaussianMixture.o GaussianMixture.cpp
2 warnings generated.
clang -std=gnu++17 -municode -D_FILE_OFFSET_BITS=64 -march=x86-64-v3 -O3 -Wshadow -I . -I ../kar -I ../melder -I ../sys -I ../dwsys -I ../stat -I ../fon -I ../LPC -I ../foned -I ../EEG -I ../external/clapack -I ../external/vorbis -I ../external/opusfile -I ../external/portaudio -I ../external/espeak -I ..external/num  -c -o HMM.o HMM.cpp
clang -std=gnu++17 -municode -D_FILE_OFFSET_BITS=64 -march=x86-64-v3 -O3 -Wshadow -I . -I ../kar -I ../melder -I ../sys -I ../dwsys -I ../stat -I ../fon -I ../LPC -I ../foned -I ../EEG -I ../external/clapack -I ../external/vorbis -I ../external/opusfile -I ../external/portaudio -I ../external/espeak -I ..external/num  -c -o ICA.o ICA.cpp
In file included from Eigen_and_SSCP.cpp:25:
In file included from ./Eigen_and_SSCP.h:27:
In file included from ./Covariance.h:21:
In file included from ./CCA.h:28:
In file included from ./SSCP.h:22:
In file included from ./TableOfReal_extensions.h:23:
../dwsys/Graphics_extensions.h:87:37: warning: declaration shadows a field of 'structLineSegmentClipper' [-Wshadow]
   87 |         int getCohenSutherlandCode (HPoint p) {
      |                                            ^
../dwsys/Graphics_extensions.h:82:32: note: previous declaration is here
   82 |         struct structHPoint from, to, p; // working storage
      |                                       ^
../dwsys/Graphics_extensions.h:100:41: warning: declaration shadows a field of 'structLineSegmentClipper' [-Wshadow]
  100 |         void cross (HPoint a, HPoint b, HPoint p) {  // p = a x b
      |                                                ^
../dwsys/Graphics_extensions.h:82:32: note: previous declaration is here
   82 |         struct structHPoint from, to, p; // working storage
      |                                       ^
clang -std=gnu++17 -municode -D_FILE_OFFSET_BITS=64 -march=x86-64-v3 -O3 -Wshadow -I . -I ../kar -I ../melder -I ../sys -I ../dwsys -I ../stat -I ../fon -I ../LPC -I ../foned -I ../EEG -I ../external/clapack -I ../external/vorbis -I ../external/opusfile -I ../external/portaudio -I ../external/espeak -I ..external/num  -c -o Intensity_extensions.o Intensity_extensions.cpp
2 warnings generated.
2 warnings generated.
clang -std=gnu++17 -municode -D_FILE_OFFSET_BITS=64 -march=x86-64-v3 -O3 -Wshadow -I . -I ../kar -I ../melder -I ../sys -I ../dwsys -I ../stat -I ../fon -I ../LPC -I ../foned -I ../EEG -I ../external/clapack -I ../external/vorbis -I ../external/opusfile -I ../external/portaudio -I ../external/espeak -I ..external/num  -c -o LFCC.o LFCC.cpp
clang -std=gnu++17 -municode -D_FILE_OFFSET_BITS=64 -march=x86-64-v3 -O3 -Wshadow -I . -I ../kar -I ../melder -I ../sys -I ../dwsys -I ../stat -I ../fon -I ../LPC -I ../foned -I ../EEG -I ../external/clapack -I ../external/vorbis -I ../external/opusfile -I ../external/portaudio -I ../external/espeak -I ..external/num  -c -o LongSound_extensions.o LongSound_extensions.cpp
2 warnings generated.
clang -std=gnu++17 -municode -D_FILE_OFFSET_BITS=64 -march=x86-64-v3 -O3 -Wshadow -I . -I ../kar -I ../melder -I ../sys -I ../dwsys -I ../stat -I ../fon -I ../LPC -I ../foned -I ../EEG -I ../external/clapack -I ../external/vorbis -I ../external/opusfile -I ../external/portaudio -I ../external/espeak -I ..external/num  -c -o KlattGrid.o KlattGrid.cpp
clang -std=gnu++17 -municode -D_FILE_OFFSET_BITS=64 -march=x86-64-v3 -O3 -Wshadow -I . -I ../kar -I ../melder -I ../sys -I ../dwsys -I ../stat -I ../fon -I ../LPC -I ../foned -I ../EEG -I ../external/clapack -I ../external/vorbis -I ../external/opusfile -I ../external/portaudio -I ../external/espeak -I ..external/num  -c -o KlattGridAreas.o KlattGridAreas.cpp
2 warnings generated.
clang -std=gnu++17 -municode -D_FILE_OFFSET_BITS=64 -march=x86-64-v3 -O3 -Wshadow -I . -I ../kar -I ../melder -I ../sys -I ../dwsys -I ../stat -I ../fon -I ../LPC -I ../foned -I ../EEG -I ../external/clapack -I ../external/vorbis -I ../external/opusfile -I ../external/portaudio -I ../external/espeak -I ..external/num  -c -o KlattGridEditors.o KlattGridEditors.cpp
clang -std=gnu++17 -municode -D_FILE_OFFSET_BITS=64 -march=x86-64-v3 -O3 -Wshadow -I . -I ../kar -I ../melder -I ../sys -I ../dwsys -I ../stat -I ../fon -I ../LPC -I ../foned -I ../EEG -I ../external/clapack -I ../external/vorbis -I ../external/opusfile -I ../external/portaudio -I ../external/espeak -I ..external/num  -c -o KlattTable.o KlattTable.cpp
In file included from FilterBank.cpp:32:
In file included from ./Matrix_extensions.h:29:
../dwsys/Graphics_extensions.h:87:37: warning: declaration shadows a field of 'structLineSegmentClipper' [-Wshadow]
   87 |         int getCohenSutherlandCode (HPoint p) {
      |                                            ^
../dwsys/Graphics_extensions.h:82:32: note: previous declaration is here
   82 |         struct structHPoint from, to, p; // working storage
      |                                       ^
../dwsys/Graphics_extensions.h:100:41: warning: declaration shadows a field of 'structLineSegmentClipper' [-Wshadow]
  100 |         void cross (HPoint a, HPoint b, HPoint p) {  // p = a x b
      |                                                ^
../dwsys/Graphics_extensions.h:82:32: note: previous declaration is here
   82 |         struct structHPoint from, to, p; // working storage
      |                                       ^
In file included from GaussianMixture.cpp:23:
In file included from ./GaussianMixture.h:26:
In file included from ./ClassificationTable.h:22:
In file included from ./SSCP.h:22:
In file included from ./TableOfReal_extensions.h:23:
../dwsys/Graphics_extensions.h:87:37: warning: declaration shadows a field of 'structLineSegmentClipper' [-Wshadow]
   87 |         int getCohenSutherlandCode (HPoint p) {
      |                                            ^
../dwsys/Graphics_extensions.h:82:32: note: previous declaration is here
   82 |         struct structHPoint from, to, p; // working storage
      |                                       ^
../dwsys/Graphics_extensions.h:100:41: warning: declaration shadows a field of 'structLineSegmentClipper' [-Wshadow]
  100 |         void cross (HPoint a, HPoint b, HPoint p) {  // p = a x b
      |                                                ^
../dwsys/Graphics_extensions.h:82:32: note: previous declaration is here
   82 |         struct structHPoint from, to, p; // working storage
      |                                       ^
In file included from ICA.cpp:24:
In file included from ./ICA.h:26:
In file included from ./Covariance.h:21:
In file included from ./CCA.h:28:
In file included from ./SSCP.h:22:
In file included from ./TableOfReal_extensions.h:23:
../dwsys/Graphics_extensions.h:87:37: warning: declaration shadows a field of 'structLineSegmentClipper' [-Wshadow]
   87 |         int getCohenSutherlandCode (HPoint p) {
      |                                            ^
../dwsys/Graphics_extensions.h:82:32: note: previous declaration is here
   82 |         struct structHPoint from, to, p; // working storage
      |                                       ^
../dwsys/Graphics_extensions.h:100:41: warning: declaration shadows a field of 'structLineSegmentClipper' [-Wshadow]
  100 |         void cross (HPoint a, HPoint b, HPoint p) {  // p = a x b
      |                                                ^
../dwsys/Graphics_extensions.h:82:32: note: previous declaration is here
   82 |         struct structHPoint from, to, p; // working storage
      |                                       ^
In file included from HMM.cpp:23:
In file included from ./HMM.h:24:
In file included from ./GaussianMixture.h:26:
In file included from ./ClassificationTable.h:22:
In file included from ./SSCP.h:22:
In file included from ./TableOfReal_extensions.h:23:
../dwsys/Graphics_extensions.h:87:37: warning: declaration shadows a field of 'structLineSegmentClipper' [-Wshadow]
   87 |         int getCohenSutherlandCode (HPoint p) {
      |                                            ^
../dwsys/Graphics_extensions.h:82:32: note: previous declaration is here
   82 |         struct structHPoint from, to, p; // working storage
      |                                       ^
../dwsys/Graphics_extensions.h:100:41: warning: declaration shadows a field of 'structLineSegmentClipper' [-Wshadow]
  100 |         void cross (HPoint a, HPoint b, HPoint p) {  // p = a x b
      |                                                ^
../dwsys/Graphics_extensions.h:82:32: note: previous declaration is here
   82 |         struct structHPoint from, to, p; // working storage
      |                                       ^
clang -std=gnu++17 -municode -D_FILE_OFFSET_BITS=64 -march=x86-64-v3 -O3 -Wshadow -I . -I ../kar -I ../melder -I ../sys -I ../dwsys -I ../stat -I ../fon -I ../LPC -I ../foned -I ../EEG -I ../external/clapack -I ../external/vorbis -I ../external/opusfile -I ../external/portaudio -I ../external/espeak -I ..external/num  -c -o Ltas_extensions.o Ltas_extensions.cpp
clang -std=gnu++17 -municode -D_FILE_OFFSET_BITS=64 -march=x86-64-v3 -O3 -Wshadow -I . -I ../kar -I ../melder -I ../sys -I ../dwsys -I ../stat -I ../fon -I ../LPC -I ../foned -I ../EEG -I ../external/clapack -I ../external/vorbis -I ../external/opusfile -I ../external/portaudio -I ../external/espeak -I ..external/num  -c -o MDSVec.o MDSVec.cpp
clang -std=gnu++17 -municode -D_FILE_OFFSET_BITS=64 -march=x86-64-v3 -O3 -Wshadow -I . -I ../kar -I ../melder -I ../sys -I ../dwsys -I ../stat -I ../fon -I ../LPC -I ../foned -I ../EEG -I ../external/clapack -I ../external/vorbis -I ../external/opusfile -I ../external/portaudio -I ../external/espeak -I ..external/num  -c -o MFCC.o MFCC.cpp
In file included from KlattGrid.cpp:35:
../dwsys/Graphics_extensions.h:87:37: warning: declaration shadows a field of 'structLineSegmentClipper' [-Wshadow]
   87 |         int getCohenSutherlandCode (HPoint p) {
      |                                            ^
../dwsys/Graphics_extensions.h:82:32: note: previous declaration is here
   82 |         struct structHPoint from, to, p; // working storage
      |                                       ^
../dwsys/Graphics_extensions.h:100:41: warning: declaration shadows a field of 'structLineSegmentClipper' [-Wshadow]
  100 |         void cross (HPoint a, HPoint b, HPoint p) {  // p = a x b
      |                                                ^
../dwsys/Graphics_extensions.h:82:32: note: previous declaration is here
   82 |         struct structHPoint from, to, p; // working storage
      |                                       ^
2 warnings generated.
clang -std=gnu++17 -municode -D_FILE_OFFSET_BITS=64 -march=x86-64-v3 -O3 -Wshadow -I . -I ../kar -I ../melder -I ../sys -I ../dwsys -I ../stat -I ../fon -I ../LPC -I ../foned -I ../EEG -I ../external/clapack -I ../external/vorbis -I ../external/opusfile -I ../external/portaudio -I ../external/espeak -I ..external/num  -c -o manual_DataModeler.o manual_DataModeler.cpp
clang -std=gnu++17 -municode -D_FILE_OFFSET_BITS=64 -march=x86-64-v3 -O3 -Wshadow -I . -I ../kar -I ../melder -I ../sys -I ../dwsys -I ../stat -I ../fon -I ../LPC -I ../foned -I ../EEG -I ../external/clapack -I ../external/vorbis -I ../external/opusfile -I ../external/portaudio -I ../external/espeak -I ..external/num  -c -o manual_dwtools.o manual_dwtools.cpp
clang -std=gnu++17 -municode -D_FILE_OFFSET_BITS=64 -march=x86-64-v3 -O3 -Wshadow -I . -I ../kar -I ../melder -I ../sys -I ../dwsys -I ../stat -I ../fon -I ../LPC -I ../foned -I ../EEG -I ../external/clapack -I ../external/vorbis -I ../external/opusfile -I ../external/portaudio -I ../external/espeak -I ..external/num  -c -o manual_BSS.o manual_BSS.cpp
clang -std=gnu++17 -municode -D_FILE_OFFSET_BITS=64 -march=x86-64-v3 -O3 -Wshadow -I . -I ../kar -I ../melder -I ../sys -I ../dwsys -I ../stat -I ../fon -I ../LPC -I ../foned -I ../EEG -I ../external/clapack -I ../external/vorbis -I ../external/opusfile -I ../external/portaudio -I ../external/espeak -I ..external/num  -c -o manual_HMM.o manual_HMM.cpp
clang -std=gnu++17 -municode -D_FILE_OFFSET_BITS=64 -march=x86-64-v3 -O3 -Wshadow -I . -I ../kar -I ../melder -I ../sys -I ../dwsys -I ../stat -I ../fon -I ../LPC -I ../foned -I ../EEG -I ../external/clapack -I ../external/vorbis -I ../external/opusfile -I ../external/portaudio -I ../external/espeak -I ..external/num  -c -o manual_KlattGrid.o manual_KlattGrid.cpp
2 warnings generated.
clang -std=gnu++17 -municode -D_FILE_OFFSET_BITS=64 -march=x86-64-v3 -O3 -Wshadow -I . -I ../kar -I ../melder -I ../sys -I ../dwsys -I ../stat -I ../fon -I ../LPC -I ../foned -I ../EEG -I ../external/clapack -I ../external/vorbis -I ../external/opusfile -I ../external/portaudio -I ../external/espeak -I ..external/num  -c -o manual_MDS.o manual_MDS.cpp
clang -std=gnu++17 -municode -D_FILE_OFFSET_BITS=64 -march=x86-64-v3 -O3 -Wshadow -I . -I ../kar -I ../melder -I ../sys -I ../dwsys -I ../stat -I ../fon -I ../LPC -I ../foned -I ../EEG -I ../external/clapack -I ../external/vorbis -I ../external/opusfile -I ../external/portaudio -I ../external/espeak -I ..external/num  -c -o manual_Permutation.o manual_Permutation.cpp
2 warnings generated.
clang -std=gnu++17 -municode -D_FILE_OFFSET_BITS=64 -march=x86-64-v3 -O3 -Wshadow -I . -I ../kar -I ../melder -I ../sys -I ../dwsys -I ../stat -I ../fon -I ../LPC -I ../foned -I ../EEG -I ../external/clapack -I ../external/vorbis -I ../external/opusfile -I ../external/portaudio -I ../external/espeak -I ..external/num  -c -o Minimizers.o Minimizers.cpp
clang -std=gnu++17 -municode -D_FILE_OFFSET_BITS=64 -march=x86-64-v3 -O3 -Wshadow -I . -I ../kar -I ../melder -I ../sys -I ../dwsys -I ../stat -I ../fon -I ../LPC -I ../foned -I ../EEG -I ../external/clapack -I ../external/vorbis -I ../external/opusfile -I ../external/portaudio -I ../external/espeak -I ..external/num  -c -o MixingMatrix.o MixingMatrix.cpp
clang -std=gnu++17 -municode -D_FILE_OFFSET_BITS=64 -march=x86-64-v3 -O3 -Wshadow -I . -I ../kar -I ../melder -I ../sys -I ../dwsys -I ../stat -I ../fon -I ../LPC -I ../foned -I ../EEG -I ../external/clapack -I ../external/vorbis -I ../external/opusfile -I ../external/portaudio -I ../external/espeak -I ..external/num  -c -o Matrix_and_NMF.o Matrix_and_NMF.cpp
clang -std=gnu++17 -municode -D_FILE_OFFSET_BITS=64 -march=x86-64-v3 -O3 -Wshadow -I . -I ../kar -I ../melder -I ../sys -I ../dwsys -I ../stat -I ../fon -I ../LPC -I ../foned -I ../EEG -I ../external/clapack -I ../external/vorbis -I ../external/opusfile -I ../external/portaudio -I ../external/espeak -I ..external/num  -c -o Matrix_extensions.o Matrix_extensions.cpp
In file included from manual_dwtools.cpp:21:
In file included from ./TableOfReal_extensions.h:23:
../dwsys/Graphics_extensions.h:87:37: warning: declaration shadows a field of 'structLineSegmentClipper' [-Wshadow]
   87 |         int getCohenSutherlandCode (HPoint p) {
      |                                            ^
../dwsys/Graphics_extensions.h:82:32: note: previous declaration is here
   82 |         struct structHPoint from, to, p; // working storage
      |                                       ^
../dwsys/Graphics_extensions.h:100:41: warning: declaration shadows a field of 'structLineSegmentClipper' [-Wshadow]
  100 |         void cross (HPoint a, HPoint b, HPoint p) {  // p = a x b
      |                                                ^
../dwsys/Graphics_extensions.h:82:32: note: previous declaration is here
   82 |         struct structHPoint from, to, p; // working storage
      |                                       ^
2 warnings generated.
clang -std=gnu++17 -municode -D_FILE_OFFSET_BITS=64 -march=x86-64-v3 -O3 -Wshadow -I . -I ../kar -I ../melder -I ../sys -I ../dwsys -I ../stat -I ../fon -I ../LPC -I ../foned -I ../EEG -I ../external/clapack -I ../external/vorbis -I ../external/opusfile -I ../external/portaudio -I ../external/espeak -I ..external/num  -c -o Matrix_Categories.o Matrix_Categories.cpp
2 warnings generated.
clang -std=gnu++17 -municode -D_FILE_OFFSET_BITS=64 -march=x86-64-v3 -O3 -Wshadow -I . -I ../kar -I ../melder -I ../sys -I ../dwsys -I ../stat -I ../fon -I ../LPC -I ../foned -I ../EEG -I ../external/clapack -I ../external/vorbis -I ../external/opusfile -I ../external/portaudio -I ../external/espeak -I ..external/num  -c -o MDS.o MDS.cpp
clang -std=gnu++17 -municode -D_FILE_OFFSET_BITS=64 -march=x86-64-v3 -O3 -Wshadow -I . -I ../kar -I ../melder -I ../sys -I ../dwsys -I ../stat -I ../fon -I ../LPC -I ../foned -I ../EEG -I ../external/clapack -I ../external/vorbis -I ../external/opusfile -I ../external/portaudio -I ../external/espeak -I ..external/num  -c -o MultiSampledSpectrogram.o MultiSampledSpectrogram.cpp
clang -std=gnu++17 -municode -D_FILE_OFFSET_BITS=64 -march=x86-64-v3 -O3 -Wshadow -I . -I ../kar -I ../melder -I ../sys -I ../dwsys -I ../stat -I ../fon -I ../LPC -I ../foned -I ../EEG -I ../external/clapack -I ../external/vorbis -I ../external/opusfile -I ../external/portaudio -I ../external/espeak -I ..external/num  -c -o NavigationContext.o NavigationContext.cpp
In file included from manual_MDS.cpp:31:
In file included from ./MDS.h:28:
In file included from ./Covariance.h:21:
In file included from ./CCA.h:28:
In file included from ./SSCP.h:22:
In file included from ./TableOfReal_extensions.h:23:
../dwsys/Graphics_extensions.h:87:37: warning: declaration shadows a field of 'structLineSegmentClipper' [-Wshadow]
   87 |         int getCohenSutherlandCode (HPoint p) {
      |                                            ^
../dwsys/Graphics_extensions.h:82:32: note: previous declaration is here
   82 |         struct structHPoint from, to, p; // working storage
      |                                       ^
../dwsys/Graphics_extensions.h:100:41: warning: declaration shadows a field of 'structLineSegmentClipper' [-Wshadow]
  100 |         void cross (HPoint a, HPoint b, HPoint p) {  // p = a x b
      |                                                ^
../dwsys/Graphics_extensions.h:82:32: note: previous declaration is here
   82 |         struct structHPoint from, to, p; // working storage
      |                                       ^
clang -std=gnu++17 -municode -D_FILE_OFFSET_BITS=64 -march=x86-64-v3 -O3 -Wshadow -I . -I ../kar -I ../melder -I ../sys -I ../dwsys -I ../stat -I ../fon -I ../LPC -I ../foned -I ../EEG -I ../external/clapack -I ../external/vorbis -I ../external/opusfile -I ../external/portaudio -I ../external/espeak -I ..external/num  -c -o OptimalCeilingTier.o OptimalCeilingTier.cpp
In file included from Matrix_extensions.cpp:28:
In file included from ./Matrix_extensions.h:29:
../dwsys/Graphics_extensions.h:87:37: warning: declaration shadows a field of 'structLineSegmentClipper' [-Wshadow]
   87 |         int getCohenSutherlandCode (HPoint p) {
      |                                            ^
../dwsys/Graphics_extensions.h:82:32: note: previous declaration is here
   82 |         struct structHPoint from, to, p; // working storage
      |                                       ^
../dwsys/Graphics_extensions.h:100:41: warning: declaration shadows a field of 'structLineSegmentClipper' [-Wshadow]
  100 |         void cross (HPoint a, HPoint b, HPoint p) {  // p = a x b
      |                                                ^
../dwsys/Graphics_extensions.h:82:32: note: previous declaration is here
   82 |         struct structHPoint from, to, p; // working storage
      |                                       ^
clang -std=gnu++17 -municode -D_FILE_OFFSET_BITS=64 -march=x86-64-v3 -O3 -Wshadow -I . -I ../kar -I ../melder -I ../sys -I ../dwsys -I ../stat -I ../fon -I ../LPC -I ../foned -I ../EEG -I ../external/clapack -I ../external/vorbis -I ../external/opusfile -I ../external/portaudio -I ../external/espeak -I ..external/num  -c -o OptimalCeilingTierArea.o OptimalCeilingTierArea.cpp
In file included from Matrix_Categories.cpp:20:
In file included from ./TableOfReal_extensions.h:23:
../dwsys/Graphics_extensions.h:87:37: warning: declaration shadows a field of 'structLineSegmentClipper' [-Wshadow]
   87 |         int getCohenSutherlandCode (HPoint p) {
      |                                            ^
../dwsys/Graphics_extensions.h:82:32: note: previous declaration is here
   82 |         struct structHPoint from, to, p; // working storage
      |                                       ^
../dwsys/Graphics_extensions.h:100:41: warning: declaration shadows a field of 'structLineSegmentClipper' [-Wshadow]
  100 |         void cross (HPoint a, HPoint b, HPoint p) {  // p = a x b
      |                                                ^
../dwsys/Graphics_extensions.h:82:32: note: previous declaration is here
   82 |         struct structHPoint from, to, p; // working storage
      |                                       ^
clang -std=gnu++17 -municode -D_FILE_OFFSET_BITS=64 -march=x86-64-v3 -O3 -Wshadow -I . -I ../kar -I ../melder -I ../sys -I ../dwsys -I ../stat -I ../fon -I ../LPC -I ../foned -I ../EEG -I ../external/clapack -I ../external/vorbis -I ../external/opusfile -I ../external/portaudio -I ../external/espeak -I ..external/num  -c -o OptimalCeilingTierEditor.o OptimalCeilingTierEditor.cpp
2 warnings generated.
clang -std=gnu++17 -municode -D_FILE_OFFSET_BITS=64 -march=x86-64-v3 -O3 -Wshadow -I . -I ../kar -I ../melder -I ../sys -I ../dwsys -I ../stat -I ../fon -I ../LPC -I ../foned -I ../EEG -I ../external/clapack -I ../external/vorbis -I ../external/opusfile -I ../external/portaudio -I ../external/espeak -I ..external/num  -c -o PatternList.o PatternList.cpp
clang -std=gnu++17 -municode -D_FILE_OFFSET_BITS=64 -march=x86-64-v3 -O3 -Wshadow -I . -I ../kar -I ../melder -I ../sys -I ../dwsys -I ../stat -I ../fon -I ../LPC -I ../foned -I ../EEG -I ../external/clapack -I ../external/vorbis -I ../external/opusfile -I ../external/portaudio -I ../external/espeak -I ..external/num  -c -o PCA.o PCA.cpp
In file included from MDS.cpp:33:
In file included from ./Matrix_extensions.h:29:
../dwsys/Graphics_extensions.h:87:37: warning: declaration shadows a field of 'structLineSegmentClipper' [-Wshadow]
   87 |         int getCohenSutherlandCode (HPoint p) {
      |                                            ^
../dwsys/Graphics_extensions.h:82:32: note: previous declaration is here
   82 |         struct structHPoint from, to, p; // working storage
      |                                       ^
../dwsys/Graphics_extensions.h:100:41: warning: declaration shadows a field of 'structLineSegmentClipper' [-Wshadow]
  100 |         void cross (HPoint a, HPoint b, HPoint p) {  // p = a x b
      |                                                ^
../dwsys/Graphics_extensions.h:82:32: note: previous declaration is here
   82 |         struct structHPoint from, to, p; // working storage
      |                                       ^
2 warnings generated.
clang -std=gnu++17 -municode -D_FILE_OFFSET_BITS=64 -march=x86-64-v3 -O3 -Wshadow -I . -I ../kar -I ../melder -I ../sys -I ../dwsys -I ../stat -I ../fon -I ../LPC -I ../foned -I ../EEG -I ../external/clapack -I ../external/vorbis -I ../external/opusfile -I ../external/portaudio -I ../external/espeak -I ..external/num  -c -o Pitch_extensions.o Pitch_extensions.cpp
2 warnings generated.
clang -std=gnu++17 -municode -D_FILE_OFFSET_BITS=64 -march=x86-64-v3 -O3 -Wshadow -I . -I ../kar -I ../melder -I ../sys -I ../dwsys -I ../stat -I ../fon -I ../LPC -I ../foned -I ../EEG -I ../external/clapack -I ../external/vorbis -I ../external/opusfile -I ../external/portaudio -I ../external/espeak -I ..external/num  -c -o Polynomial_to_Spectrum.o Polynomial_to_Spectrum.cpp
clang -std=gnu++17 -municode -D_FILE_OFFSET_BITS=64 -march=x86-64-v3 -O3 -Wshadow -I . -I ../kar -I ../melder -I ../sys -I ../dwsys -I ../stat -I ../fon -I ../LPC -I ../foned -I ../EEG -I ../external/clapack -I ../external/vorbis -I ../external/opusfile -I ../external/portaudio -I ../external/espeak -I ..external/num  -c -o Polygon_extensions.o Polygon_extensions.cpp
clang -std=gnu++17 -municode -D_FILE_OFFSET_BITS=64 -march=x86-64-v3 -O3 -Wshadow -I . -I ../kar -I ../melder -I ../sys -I ../dwsys -I ../stat -I ../fon -I ../LPC -I ../foned -I ../EEG -I ../external/clapack -I ../external/vorbis -I ../external/opusfile -I ../external/portaudio -I ../external/espeak -I ..external/num  -c -o Procrustes.o Procrustes.cpp
clang -std=gnu++17 -municode -D_FILE_OFFSET_BITS=64 -march=x86-64-v3 -O3 -Wshadow -I . -I ../kar -I ../melder -I ../sys -I ../dwsys -I ../stat -I ../fon -I ../LPC -I ../foned -I ../EEG -I ../external/clapack -I ../external/vorbis -I ../external/opusfile -I ../external/portaudio -I ../external/espeak -I ..external/num  -c -o Proximity.o Proximity.cpp
clang -std=gnu++17 -municode -D_FILE_OFFSET_BITS=64 -march=x86-64-v3 -O3 -Wshadow -I . -I ../kar -I ../melder -I ../sys -I ../dwsys -I ../stat -I ../fon -I ../LPC -I ../foned -I ../EEG -I ../external/clapack -I ../external/vorbis -I ../external/opusfile -I ../external/portaudio -I ../external/espeak -I ..external/num  -c -o Proximity_and_Distance.o Proximity_and_Distance.cpp
In file included from PCA.cpp:36:
In file included from ./Eigen_and_SSCP.h:27:
In file included from ./Covariance.h:21:
In file included from ./CCA.h:28:
In file included from ./SSCP.h:22:
In file included from ./TableOfReal_extensions.h:23:
../dwsys/Graphics_extensions.h:87:37: warning: declaration shadows a field of 'structLineSegmentClipper' [-Wshadow]
   87 |         int getCohenSutherlandCode (HPoint p) {
      |                                            ^
../dwsys/Graphics_extensions.h:82:32: note: previous declaration is here
   82 |         struct structHPoint from, to, p; // working storage
      |                                       ^
../dwsys/Graphics_extensions.h:100:41: warning: declaration shadows a field of 'structLineSegmentClipper' [-Wshadow]
  100 |         void cross (HPoint a, HPoint b, HPoint p) {  // p = a x b
      |                                                ^
../dwsys/Graphics_extensions.h:82:32: note: previous declaration is here
   82 |         struct structHPoint from, to, p; // working storage
      |                                       ^
clang -std=gnu++17 -municode -D_FILE_OFFSET_BITS=64 -march=x86-64-v3 -O3 -Wshadow -I . -I ../kar -I ../melder -I ../sys -I ../dwsys -I ../stat -I ../fon -I ../LPC -I ../foned -I ../EEG -I ../external/clapack -I ../external/vorbis -I ../external/opusfile -I ../external/portaudio -I ../external/espeak -I ..external/num  -c -o Resonator.o Resonator.cpp
clang -std=gnu++17 -municode -D_FILE_OFFSET_BITS=64 -march=x86-64-v3 -O3 -Wshadow -I . -I ../kar -I ../melder -I ../sys -I ../dwsys -I ../stat -I ../fon -I ../LPC -I ../foned -I ../EEG -I ../external/clapack -I ../external/vorbis -I ../external/opusfile -I ../external/portaudio -I ../external/espeak -I ..external/num  -c -o Roots_to_Spectrum.o Roots_to_Spectrum.cpp
2 warnings generated.
clang -std=gnu++17 -municode -D_FILE_OFFSET_BITS=64 -march=x86-64-v3 -O3 -Wshadow -I . -I ../kar -I ../melder -I ../sys -I ../dwsys -I ../stat -I ../fon -I ../LPC -I ../foned -I ../EEG -I ../external/clapack -I ../external/vorbis -I ../external/opusfile -I ../external/portaudio -I ../external/espeak -I ..external/num  -c -o SoundFrames.o SoundFrames.cpp
clang -std=gnu++17 -municode -D_FILE_OFFSET_BITS=64 -march=x86-64-v3 -O3 -Wshadow -I . -I ../kar -I ../melder -I ../sys -I ../dwsys -I ../stat -I ../fon -I ../LPC -I ../foned -I ../EEG -I ../external/clapack -I ../external/vorbis -I ../external/opusfile -I ../external/portaudio -I ../external/espeak -I ..external/num  -c -o Sound_and_MultiSampledSpectrogram.o Sound_and_MultiSampledSpectrogram.cpp
In file included from Proximity.cpp:27:
In file included from ./TableOfReal_extensions.h:23:
../dwsys/Graphics_extensions.h:87:37: warning: declaration shadows a field of 'structLineSegmentClipper' [-Wshadow]
   87 |         int getCohenSutherlandCode (HPoint p) {
      |                                            ^
../dwsys/Graphics_extensions.h:82:32: note: previous declaration is here
   82 |         struct structHPoint from, to, p; // working storage
      |                                       ^
../dwsys/Graphics_extensions.h:100:41: warning: declaration shadows a field of 'structLineSegmentClipper' [-Wshadow]
  100 |         void cross (HPoint a, HPoint b, HPoint p) {  // p = a x b
      |                                                ^
../dwsys/Graphics_extensions.h:82:32: note: previous declaration is here
   82 |         struct structHPoint from, to, p; // working storage
      |                                       ^
In file included from Proximity_and_Distance.cpp:20:
In file included from ./TableOfReal_extensions.h:23:
../dwsys/Graphics_extensions.h:87:37: warning: declaration shadows a field of 'structLineSegmentClipper' [-Wshadow]
   87 |         int getCohenSutherlandCode (HPoint p) {
      |                                            ^
../dwsys/Graphics_extensions.h:82:32: note: previous declaration is here
   82 |         struct structHPoint from, to, p; // working storage
      |                                       ^
../dwsys/Graphics_extensions.h:100:41: warning: declaration shadows a field of 'structLineSegmentClipper' [-Wshadow]
  100 |         void cross (HPoint a, HPoint b, HPoint p) {  // p = a x b
      |                                                ^
../dwsys/Graphics_extensions.h:82:32: note: previous declaration is here
   82 |         struct structHPoint from, to, p; // working storage
      |                                       ^
clang -std=gnu++17 -municode -D_FILE_OFFSET_BITS=64 -march=x86-64-v3 -O3 -Wshadow -I . -I ../kar -I ../melder -I ../sys -I ../dwsys -I ../stat -I ../fon -I ../LPC -I ../foned -I ../EEG -I ../external/clapack -I ../external/vorbis -I ../external/opusfile -I ../external/portaudio -I ../external/espeak -I ..external/num  -c -o Sound_and_MixingMatrix.o Sound_and_MixingMatrix.cpp
clang -std=gnu++17 -municode -D_FILE_OFFSET_BITS=64 -march=x86-64-v3 -O3 -Wshadow -I . -I ../kar -I ../melder -I ../sys -I ../dwsys -I ../stat -I ../fon -I ../LPC -I ../foned -I ../EEG -I ../external/clapack -I ../external/vorbis -I ../external/opusfile -I ../external/portaudio -I ../external/espeak -I ..external/num  -c -o Sound_and_Spectrum_dft.o Sound_and_Spectrum_dft.cpp
clang -std=gnu++17 -municode -D_FILE_OFFSET_BITS=64 -march=x86-64-v3 -O3 -Wshadow -I . -I ../kar -I ../melder -I ../sys -I ../dwsys -I ../stat -I ../fon -I ../LPC -I ../foned -I ../EEG -I ../external/clapack -I ../external/vorbis -I ../external/opusfile -I ../external/portaudio -I ../external/espeak -I ..external/num  -c -o Sound_and_Spectrogram_extensions.o Sound_and_Spectrogram_extensions.cpp
2 warnings generated.
clang -std=gnu++17 -municode -D_FILE_OFFSET_BITS=64 -march=x86-64-v3 -O3 -Wshadow -I . -I ../kar -I ../melder -I ../sys -I ../dwsys -I ../stat -I ../fon -I ../LPC -I ../foned -I ../EEG -I ../external/clapack -I ../external/vorbis -I ../external/opusfile -I ../external/portaudio -I ../external/espeak -I ..external/num  -c -o Sound_and_PCA.o Sound_and_PCA.cpp
2 warnings generated.
clang -std=gnu++17 -municode -D_FILE_OFFSET_BITS=64 -march=x86-64-v3 -O3 -Wshadow -I . -I ../kar -I ../melder -I ../sys -I ../dwsys -I ../stat -I ../fon -I ../LPC -I ../foned -I ../EEG -I ../external/clapack -I ../external/vorbis -I ../external/opusfile -I ../external/portaudio -I ../external/espeak -I ..external/num  -c -o Sound_and_TextGrid_extensions.o Sound_and_TextGrid_extensions.cpp
2 warnings generated.
clang -std=gnu++17 -municode -D_FILE_OFFSET_BITS=64 -march=x86-64-v3 -O3 -Wshadow -I . -I ../kar -I ../melder -I ../sys -I ../dwsys -I ../stat -I ../fon -I ../LPC -I ../foned -I ../EEG -I ../external/clapack -I ../external/vorbis -I ../external/opusfile -I ../external/portaudio -I ../external/espeak -I ..external/num  -c -o Sound_extensions.o Sound_extensions.cpp
2 warnings generated.
clang -std=gnu++17 -municode -D_FILE_OFFSET_BITS=64 -march=x86-64-v3 -O3 -Wshadow -I . -I ../kar -I ../melder -I ../sys -I ../dwsys -I ../stat -I ../fon -I ../LPC -I ../foned -I ../EEG -I ../external/clapack -I ../external/vorbis -I ../external/opusfile -I ../external/portaudio -I ../external/espeak -I ..external/num  -c -o Sound_to_MFCC.o Sound_to_MFCC.cpp
clang -std=gnu++17 -municode -D_FILE_OFFSET_BITS=64 -march=x86-64-v3 -O3 -Wshadow -I . -I ../kar -I ../melder -I ../sys -I ../dwsys -I ../stat -I ../fon -I ../LPC -I ../foned -I ../EEG -I ../external/clapack -I ../external/vorbis -I ../external/opusfile -I ../external/portaudio -I ../external/espeak -I ..external/num  -c -o Sounds_to_DTW.o Sounds_to_DTW.cpp
clang -std=gnu++17 -municode -D_FILE_OFFSET_BITS=64 -march=x86-64-v3 -O3 -Wshadow -I . -I ../kar -I ../melder -I ../sys -I ../dwsys -I ../stat -I ../fon -I ../LPC -I ../foned -I ../EEG -I ../external/clapack -I ../external/vorbis -I ../external/opusfile -I ../external/portaudio -I ../external/espeak -I ..external/num  -c -o Sound_to_Pitch2.o Sound_to_Pitch2.cpp
clang -std=gnu++17 -municode -D_FILE_OFFSET_BITS=64 -march=x86-64-v3 -O3 -Wshadow -I . -I ../kar -I ../melder -I ../sys -I ../dwsys -I ../stat -I ../fon -I ../LPC -I ../foned -I ../EEG -I ../external/clapack -I ../external/vorbis -I ../external/opusfile -I ../external/portaudio -I ../external/espeak -I ..external/num  -c -o Sound_to_SPINET.o Sound_to_SPINET.cpp
SoundFrames.cpp:24:21: warning: declaration shadows a field of 'structSoundFrames' [-Wshadow]
   24 |         kSound_windowShape windowShape, bool subtractChannelMean)
      |                            ^
./SoundFrames.h:56:21: note: previous declaration is here
   56 |         kSound_windowShape windowShape;                 // Type: Rectangular, triangular, hamming, etc..
      |                            ^
SoundFrames.cpp:24:39: warning: declaration shadows a field of 'structSoundFrames' [-Wshadow]
   24 |         kSound_windowShape windowShape, bool subtractChannelMean)
      |                                              ^
./SoundFrames.h:57:7: note: previous declaration is here
   57 |         bool subtractChannelMean = true;                // if true, the frame mean of each channel will be subtracted before windowing
      |              ^
SoundFrames.cpp:36:80: warning: declaration shadows a field of 'structSoundFrames' [-Wshadow]
   36 | void structSoundFrames :: initForIntoSampled (constSound input, mutableSampled output, double effectiveAnalysisWidth,
      |                                                                                ^
./SoundFrames.h:50:17: note: previous declaration is here
   50 |         mutableSampled output;
      |                        ^
SoundFrames.cpp:37:21: warning: declaration shadows a field of 'structSoundFrames' [-Wshadow]
   37 |         kSound_windowShape windowShape, bool subtractChannelMean)
      |                            ^
./SoundFrames.h:56:21: note: previous declaration is here
   56 |         kSound_windowShape windowShape;                 // Type: Rectangular, triangular, hamming, etc..
      |                            ^
SoundFrames.cpp:37:39: warning: declaration shadows a field of 'structSoundFrames' [-Wshadow]
   37 |         kSound_windowShape windowShape, bool subtractChannelMean)
      |                                              ^
./SoundFrames.h:57:7: note: previous declaration is here
   57 |         bool subtractChannelMean = true;                // if true, the frame mean of each channel will be subtracted before windowing
      |              ^
SoundFrames.cpp:46:58: warning: declaration shadows a field of 'structSoundFrames' [-Wshadow]
   46 | void structSoundFrames :: initCommon (kSound_windowShape windowShape, bool subtractChannelMean)
      |                                                          ^
./SoundFrames.h:56:21: note: previous declaration is here
   56 |         kSound_windowShape windowShape;                 // Type: Rectangular, triangular, hamming, etc..
      |                            ^
SoundFrames.cpp:46:76: warning: declaration shadows a field of 'structSoundFrames' [-Wshadow]
   46 | void structSoundFrames :: initCommon (kSound_windowShape windowShape, bool subtractChannelMean)
      |                                                                            ^
./SoundFrames.h:57:7: note: previous declaration is here
   57 |         bool subtractChannelMean = true;                // if true, the frame mean of each channel will be subtracted before windowing
      |              ^
7 warnings generated.
clang -std=gnu++17 -municode -D_FILE_OFFSET_BITS=64 -march=x86-64-v3 -O3 -Wshadow -I . -I ../kar -I ../melder -I ../sys -I ../dwsys -I ../stat -I ../fon -I ../LPC -I ../foned -I ../EEG -I ../external/clapack -I ../external/vorbis -I ../external/opusfile -I ../external/portaudio -I ../external/espeak -I ..external/num  -c -o SPINET.o SPINET.cpp
clang -std=gnu++17 -municode -D_FILE_OFFSET_BITS=64 -march=x86-64-v3 -O3 -Wshadow -I . -I ../kar -I ../melder -I ../sys -I ../dwsys -I ../stat -I ../fon -I ../LPC -I ../foned -I ../EEG -I ../external/clapack -I ../external/vorbis -I ../external/opusfile -I ../external/portaudio -I ../external/espeak -I ..external/num  -c -o SPINET_to_Pitch.o SPINET_to_Pitch.cpp
In file included from Sound_and_PCA.cpp:23:
In file included from ./ICA.h:26:
In file included from ./Covariance.h:21:
In file included from ./CCA.h:28:
In file included from ./SSCP.h:22:
In file included from ./TableOfReal_extensions.h:23:
../dwsys/Graphics_extensions.h:87:37: warning: declaration shadows a field of 'structLineSegmentClipper' [-Wshadow]
   87 |         int getCohenSutherlandCode (HPoint p) {
      |                                            ^
../dwsys/Graphics_extensions.h:82:32: note: previous declaration is here
   82 |         struct structHPoint from, to, p; // working storage
      |                                       ^
../dwsys/Graphics_extensions.h:100:41: warning: declaration shadows a field of 'structLineSegmentClipper' [-Wshadow]
  100 |         void cross (HPoint a, HPoint b, HPoint p) {  // p = a x b
      |                                                ^
../dwsys/Graphics_extensions.h:82:32: note: previous declaration is here
   82 |         struct structHPoint from, to, p; // working storage
      |                                       ^
clang -std=gnu++17 -municode -D_FILE_OFFSET_BITS=64 -march=x86-64-v3 -O3 -Wshadow -I . -I ../kar -I ../melder -I ../sys -I ../dwsys -I ../stat -I ../fon -I ../LPC -I ../foned -I ../EEG -I ../external/clapack -I ../external/vorbis -I ../external/opusfile -I ../external/portaudio -I ../external/espeak -I ..external/num  -c -o Spectrogram_extensions.o Spectrogram_extensions.cpp
clang -std=gnu++17 -municode -D_FILE_OFFSET_BITS=64 -march=x86-64-v3 -O3 -Wshadow -I . -I ../kar -I ../melder -I ../sys -I ../dwsys -I ../stat -I ../fon -I ../LPC -I ../foned -I ../EEG -I ../external/clapack -I ../external/vorbis -I ../external/opusfile -I ../external/portaudio -I ../external/espeak -I ..external/num  -c -o Spectrum_extensions.o Spectrum_extensions.cpp
2 warnings generated.
clang -std=gnu++17 -municode -D_FILE_OFFSET_BITS=64 -march=x86-64-v3 -O3 -Wshadow -I . -I ../kar -I ../melder -I ../sys -I ../dwsys -I ../stat -I ../fon -I ../LPC -I ../foned -I ../EEG -I ../external/clapack -I ../external/vorbis -I ../external/opusfile -I ../external/portaudio -I ../external/espeak -I ..external/num  -c -o Spectrum_and_AnalyticSound.o Spectrum_and_AnalyticSound.cpp
clang -std=gnu++17 -municode -D_FILE_OFFSET_BITS=64 -march=x86-64-v3 -O3 -Wshadow -I . -I ../kar -I ../melder -I ../sys -I ../dwsys -I ../stat -I ../fon -I ../LPC -I ../foned -I ../EEG -I ../external/clapack -I ../external/vorbis -I ../external/opusfile -I ../external/portaudio -I ../external/espeak -I ..external/num  -c -o Spectrum_and_MultiSampledSpectrogram.o Spectrum_and_MultiSampledSpectrogram.cpp
clang -std=gnu++17 -municode -D_FILE_OFFSET_BITS=64 -march=x86-64-v3 -O3 -Wshadow -I . -I ../kar -I ../melder -I ../sys -I ../dwsys -I ../stat -I ../fon -I ../LPC -I ../foned -I ../EEG -I ../external/clapack -I ../external/vorbis -I ../external/opusfile -I ../external/portaudio -I ../external/espeak -I ..external/num  -c -o SSCP.o SSCP.cpp
clang -std=gnu++17 -municode -D_FILE_OFFSET_BITS=64 -march=x86-64-v3 -O3 -Wshadow -I . -I ../kar -I ../melder -I ../sys -I ../dwsys -I ../stat -I ../fon -I ../LPC -I ../foned -I ../EEG -I ../external/clapack -I ../external/vorbis -I ../external/opusfile -I ../external/portaudio -I ../external/espeak -I ..external/num  -c -o Strings_extensions.o Strings_extensions.cpp
clang -std=gnu++17 -municode -D_FILE_OFFSET_BITS=64 -march=x86-64-v3 -O3 -Wshadow -I . -I ../kar -I ../melder -I ../sys -I ../dwsys -I ../stat -I ../fon -I ../LPC -I ../foned -I ../EEG -I ../external/clapack -I ../external/vorbis -I ../external/opusfile -I ../external/portaudio -I ../external/espeak -I ..external/num  -c -o SpeechSynthesizer.o SpeechSynthesizer.cpp
clang -std=gnu++17 -municode -D_FILE_OFFSET_BITS=64 -march=x86-64-v3 -O3 -Wshadow -I . -I ../kar -I ../melder -I ../sys -I ../dwsys -I ../stat -I ../fon -I ../LPC -I ../foned -I ../EEG -I ../external/clapack -I ../external/vorbis -I ../external/opusfile -I ../external/portaudio -I ../external/espeak -I ..external/num  -c -o SpeechSynthesizer_and_TextGrid.o SpeechSynthesizer_and_TextGrid.cpp
clang -std=gnu++17 -municode -D_FILE_OFFSET_BITS=64 -march=x86-64-v3 -O3 -Wshadow -I . -I ../kar -I ../melder -I ../sys -I ../dwsys -I ../stat -I ../fon -I ../LPC -I ../foned -I ../EEG -I ../external/clapack -I ../external/vorbis -I ../external/opusfile -I ../external/portaudio -I ../external/espeak -I ..external/num  -c -o Table_extensions.o Table_extensions.cpp
In file included from Spectrogram_extensions.cpp:25:
In file included from ./Matrix_extensions.h:29:
../dwsys/Graphics_extensions.h:87:37: warning: declaration shadows a field of 'structLineSegmentClipper' [-Wshadow]
   87 |         int getCohenSutherlandCode (HPoint p) {
      |                                            ^
../dwsys/Graphics_extensions.h:82:32: note: previous declaration is here
   82 |         struct structHPoint from, to, p; // working storage
      |                                       ^
../dwsys/Graphics_extensions.h:100:41: warning: declaration shadows a field of 'structLineSegmentClipper' [-Wshadow]
  100 |         void cross (HPoint a, HPoint b, HPoint p) {  // p = a x b
      |                                                ^
../dwsys/Graphics_extensions.h:82:32: note: previous declaration is here
   82 |         struct structHPoint from, to, p; // working storage
      |                                       ^
clang -std=gnu++17 -municode -D_FILE_OFFSET_BITS=64 -march=x86-64-v3 -O3 -Wshadow -I . -I ../kar -I ../melder -I ../sys -I ../dwsys -I ../stat -I ../fon -I ../LPC -I ../foned -I ../EEG -I ../external/clapack -I ../external/vorbis -I ../external/opusfile -I ../external/portaudio -I ../external/espeak -I ..external/num  -c -o Table_dataSets.o Table_dataSets.cpp
clang -std=gnu++17 -municode -D_FILE_OFFSET_BITS=64 -march=x86-64-v3 -O3 -Wshadow -I . -I ../kar -I ../melder -I ../sys -I ../dwsys -I ../stat -I ../fon -I ../LPC -I ../foned -I ../EEG -I ../external/clapack -I ../external/vorbis -I ../external/opusfile -I ../external/portaudio -I ../external/espeak -I ..external/num  -c -o TableOfReal_and_SVD.o TableOfReal_and_SVD.cpp
clang -std=gnu++17 -municode -D_FILE_OFFSET_BITS=64 -march=x86-64-v3 -O3 -Wshadow -I . -I ../kar -I ../melder -I ../sys -I ../dwsys -I ../stat -I ../fon -I ../LPC -I ../foned -I ../EEG -I ../external/clapack -I ../external/vorbis -I ../external/opusfile -I ../external/portaudio -I ../external/espeak -I ..external/num  -c -o TableOfReal_extensions.o TableOfReal_extensions.cpp
clang -std=gnu++17 -municode -D_FILE_OFFSET_BITS=64 -march=x86-64-v3 -O3 -Wshadow -I . -I ../kar -I ../melder -I ../sys -I ../dwsys -I ../stat -I ../fon -I ../LPC -I ../foned -I ../EEG -I ../external/clapack -I ../external/vorbis -I ../external/opusfile -I ../external/portaudio -I ../external/espeak -I ..external/num  -c -o TableOfReal_and_Discriminant.o TableOfReal_and_Discriminant.cpp
In file included from SSCP.cpp:59:
In file included from ./Covariance.h:21:
In file included from ./CCA.h:28:
In file included from ./SSCP.h:22:
In file included from ./TableOfReal_extensions.h:23:
../dwsys/Graphics_extensions.h:87:37: warning: declaration shadows a field of 'structLineSegmentClipper' [-Wshadow]
   87 |         int getCohenSutherlandCode (HPoint p) {
      |                                            ^
../dwsys/Graphics_extensions.h:82:32: note: previous declaration is here
   82 |         struct structHPoint from, to, p; // working storage
      |                                       ^
../dwsys/Graphics_extensions.h:100:41: warning: declaration shadows a field of 'structLineSegmentClipper' [-Wshadow]
  100 |         void cross (HPoint a, HPoint b, HPoint p) {  // p = a x b
      |                                                ^
../dwsys/Graphics_extensions.h:82:32: note: previous declaration is here
   82 |         struct structHPoint from, to, p; // working storage
      |                                       ^
clang -std=gnu++17 -municode -D_FILE_OFFSET_BITS=64 -march=x86-64-v3 -O3 -Wshadow -I . -I ../kar -I ../melder -I ../sys -I ../dwsys -I ../stat -I ../fon -I ../LPC -I ../foned -I ../EEG -I ../external/clapack -I ../external/vorbis -I ../external/opusfile -I ../external/portaudio -I ../external/espeak -I ..external/num  -c -o TableOfReal_and_Permutation.o TableOfReal_and_Permutation.cpp
2 warnings generated.
clang -std=gnu++17 -municode -D_FILE_OFFSET_BITS=64 -march=x86-64-v3 -O3 -Wshadow -I . -I ../kar -I ../melder -I ../sys -I ../dwsys -I ../stat -I ../fon -I ../LPC -I ../foned -I ../EEG -I ../external/clapack -I ../external/vorbis -I ../external/opusfile -I ../external/portaudio -I ../external/espeak -I ..external/num  -c -o TextGrid_and_DurationTier.o TextGrid_and_DurationTier.cpp
clang -std=gnu++17 -municode -D_FILE_OFFSET_BITS=64 -march=x86-64-v3 -O3 -Wshadow -I . -I ../kar -I ../melder -I ../sys -I ../dwsys -I ../stat -I ../fon -I ../LPC -I ../foned -I ../EEG -I ../external/clapack -I ../external/vorbis -I ../external/opusfile -I ../external/portaudio -I ../external/espeak -I ..external/num  -c -o TextGrid_and_PitchTier.o TextGrid_and_PitchTier.cpp
clang -std=gnu++17 -municode -D_FILE_OFFSET_BITS=64 -march=x86-64-v3 -O3 -Wshadow -I . -I ../kar -I ../melder -I ../sys -I ../dwsys -I ../stat -I ../fon -I ../LPC -I ../foned -I ../EEG -I ../external/clapack -I ../external/vorbis -I ../external/opusfile -I ../external/portaudio -I ../external/espeak -I ..external/num  -c -o TextGrid_extensions.o TextGrid_extensions.cpp
In file included from Table_extensions.cpp:33:
In file included from ./Discriminant.h:23:
In file included from ./SSCP.h:22:
In file included from ./TableOfReal_extensions.h:23:
../dwsys/Graphics_extensions.h:87:37: warning: declaration shadows a field of 'structLineSegmentClipper' [-Wshadow]
   87 |         int getCohenSutherlandCode (HPoint p) {
      |                                            ^
../dwsys/Graphics_extensions.h:82:32: note: previous declaration is here
   82 |         struct structHPoint from, to, p; // working storage
      |                                       ^
../dwsys/Graphics_extensions.h:100:41: warning: declaration shadows a field of 'structLineSegmentClipper' [-Wshadow]
  100 |         void cross (HPoint a, HPoint b, HPoint p) {  // p = a x b
      |                                                ^
../dwsys/Graphics_extensions.h:82:32: note: previous declaration is here
   82 |         struct structHPoint from, to, p; // working storage
      |                                       ^
In file included from Table_dataSets.cpp:24:
In file included from ./Table_extensions.h:34:
In file included from ./SSCP.h:22:
In file included from ./TableOfReal_extensions.h:23:
../dwsys/Graphics_extensions.h:87:37: warning: declaration shadows a field of 'structLineSegmentClipper' [-Wshadow]
   87 |         int getCohenSutherlandCode (HPoint p) {
      |                                            ^
../dwsys/Graphics_extensions.h:82:32: note: previous declaration is here
   82 |         struct structHPoint from, to, p; // working storage
      |                                       ^
../dwsys/Graphics_extensions.h:100:41: warning: declaration shadows a field of 'structLineSegmentClipper' [-Wshadow]
  100 |         void cross (HPoint a, HPoint b, HPoint p) {  // p = a x b
      |                                                ^
../dwsys/Graphics_extensions.h:82:32: note: previous declaration is here
   82 |         struct structHPoint from, to, p; // working storage
      |                                       ^
In file included from TableOfReal_extensions.cpp:51:
In file included from ./Correlation.h:21:
In file included from ./SSCP.h:22:
In file included from ./TableOfReal_extensions.h:23:
../dwsys/Graphics_extensions.h:87:37: warning: declaration shadows a field of 'structLineSegmentClipper' [-Wshadow]
   87 |         int getCohenSutherlandCode (HPoint p) {
      |                                            ^
../dwsys/Graphics_extensions.h:82:32: note: previous declaration is here
   82 |         struct structHPoint from, to, p; // working storage
      |                                       ^
../dwsys/Graphics_extensions.h:100:41: warning: declaration shadows a field of 'structLineSegmentClipper' [-Wshadow]
  100 |         void cross (HPoint a, HPoint b, HPoint p) {  // p = a x b
      |                                                ^
../dwsys/Graphics_extensions.h:82:32: note: previous declaration is here
   82 |         struct structHPoint from, to, p; // working storage
      |                                       ^
clang -std=gnu++17 -municode -D_FILE_OFFSET_BITS=64 -march=x86-64-v3 -O3 -Wshadow -I . -I ../kar -I ../melder -I ../sys -I ../dwsys -I ../stat -I ../fon -I ../LPC -I ../foned -I ../EEG -I ../external/clapack -I ../external/vorbis -I ../external/opusfile -I ../external/portaudio -I ../external/espeak -I ..external/num  -c -o TextGridTierNavigator.o TextGridTierNavigator.cpp
2 warnings generated.
clang -std=gnu++17 -municode -D_FILE_OFFSET_BITS=64 -march=x86-64-v3 -O3 -Wshadow -I . -I ../kar -I ../melder -I ../sys -I ../dwsys -I ../stat -I ../fon -I ../LPC -I ../foned -I ../EEG -I ../external/clapack -I ../external/vorbis -I ../external/opusfile -I ../external/portaudio -I ../external/espeak -I ..external/num  -c -o TextGridNavigator.o TextGridNavigator.cpp
clang -std=gnu++17 -municode -D_FILE_OFFSET_BITS=64 -march=x86-64-v3 -O3 -Wshadow -I . -I ../kar -I ../melder -I ../sys -I ../dwsys -I ../stat -I ../fon -I ../LPC -I ../foned -I ../EEG -I ../external/clapack -I ../external/vorbis -I ../external/opusfile -I ../external/portaudio -I ../external/espeak -I ..external/num  -c -o Vector_extensions.o Vector_extensions.cpp
In file included from TableOfReal_and_Discriminant.cpp:19:
In file included from ./TableOfReal_and_Discriminant.h:21:
In file included from ./ClassificationTable.h:22:
In file included from ./SSCP.h:22:
In file included from ./TableOfReal_extensions.h:23:
../dwsys/Graphics_extensions.h:87:37: warning: declaration shadows a field of 'structLineSegmentClipper' [-Wshadow]
   87 |         int getCohenSutherlandCode (HPoint p) {
      |                                            ^
../dwsys/Graphics_extensions.h:82:32: note: previous declaration is here
   82 |         struct structHPoint from, to, p; // working storage
      |                                       ^
../dwsys/Graphics_extensions.h:100:41: warning: declaration shadows a field of 'structLineSegmentClipper' [-Wshadow]
  100 |         void cross (HPoint a, HPoint b, HPoint p) {  // p = a x b
      |                                                ^
../dwsys/Graphics_extensions.h:82:32: note: previous declaration is here
   82 |         struct structHPoint from, to, p; // working storage
      |                                       ^
2 warnings generated.
clang -std=gnu++17 -municode -D_FILE_OFFSET_BITS=64 -march=x86-64-v3 -O3 -Wshadow -I . -I ../kar -I ../melder -I ../sys -I ../dwsys -I ../stat -I ../fon -I ../LPC -I ../foned -I ../EEG -I ../external/clapack -I ../external/vorbis -I ../external/opusfile -I ../external/portaudio -I ../external/espeak -I ..external/num  -c -o VowelEditor.o VowelEditor.cpp
clang -std=gnu++17 -municode -D_FILE_OFFSET_BITS=64 -march=x86-64-v3 -O3 -Wshadow -I . -I ../kar -I ../melder -I ../sys -I ../dwsys -I ../stat -I ../fon -I ../LPC -I ../foned -I ../EEG -I ../external/clapack -I ../external/vorbis -I ../external/opusfile -I ../external/portaudio -I ../external/espeak -I ..external/num  -c -o praat_MDS_init.o praat_MDS_init.cpp
In file included from TableOfReal_and_Permutation.cpp:25:
In file included from ./TableOfReal_extensions.h:23:
../dwsys/Graphics_extensions.h:87:37: warning: declaration shadows a field of 'structLineSegmentClipper' [-Wshadow]
   87 |         int getCohenSutherlandCode (HPoint p) {
      |                                            ^
../dwsys/Graphics_extensions.h:82:32: note: previous declaration is here
   82 |         struct structHPoint from, to, p; // working storage
      |                                       ^
../dwsys/Graphics_extensions.h:100:41: warning: declaration shadows a field of 'structLineSegmentClipper' [-Wshadow]
  100 |         void cross (HPoint a, HPoint b, HPoint p) {  // p = a x b
      |                                                ^
../dwsys/Graphics_extensions.h:82:32: note: previous declaration is here
   82 |         struct structHPoint from, to, p; // working storage
      |                                       ^
clang -std=gnu++17 -municode -D_FILE_OFFSET_BITS=64 -march=x86-64-v3 -O3 -Wshadow -I . -I ../kar -I ../melder -I ../sys -I ../dwsys -I ../stat -I ../fon -I ../LPC -I ../foned -I ../EEG -I ../external/clapack -I ../external/vorbis -I ../external/opusfile -I ../external/portaudio -I ../external/espeak -I ..external/num  -c -o praat_BSS_init.o praat_BSS_init.cpp
2 warnings generated.
clang -std=gnu++17 -municode -D_FILE_OFFSET_BITS=64 -march=x86-64-v3 -O3 -Wshadow -I . -I ../kar -I ../melder -I ../sys -I ../dwsys -I ../stat -I ../fon -I ../LPC -I ../foned -I ../EEG -I ../external/clapack -I ../external/vorbis -I ../external/opusfile -I ../external/portaudio -I ../external/espeak -I ..external/num  -c -o praat_HMM_init.o praat_HMM_init.cpp
2 warnings generated.
clang -std=gnu++17 -municode -D_FILE_OFFSET_BITS=64 -march=x86-64-v3 -O3 -Wshadow -I . -I ../kar -I ../melder -I ../sys -I ../dwsys -I ../stat -I ../fon -I ../LPC -I ../foned -I ../EEG -I ../external/clapack -I ../external/vorbis -I ../external/opusfile -I ../external/portaudio -I ../external/espeak -I ..external/num  -c -o praat_KlattGrid_init.o praat_KlattGrid_init.cpp
clang -std=gnu++17 -municode -D_FILE_OFFSET_BITS=64 -march=x86-64-v3 -O3 -Wshadow -I . -I ../kar -I ../melder -I ../sys -I ../dwsys -I ../stat -I ../fon -I ../LPC -I ../foned -I ../EEG -I ../external/clapack -I ../external/vorbis -I ../external/opusfile -I ../external/portaudio -I ../external/espeak -I ..external/num  -c -o praat_MultiSampledSpectrogram.o praat_MultiSampledSpectrogram.cpp
In file included from VowelEditor.cpp:51:
In file included from ./TableOfReal_extensions.h:23:
../dwsys/Graphics_extensions.h:87:37: warning: declaration shadows a field of 'structLineSegmentClipper' [-Wshadow]
   87 |         int getCohenSutherlandCode (HPoint p) {
      |                                            ^
../dwsys/Graphics_extensions.h:82:32: note: previous declaration is here
   82 |         struct structHPoint from, to, p; // working storage
      |                                       ^
../dwsys/Graphics_extensions.h:100:41: warning: declaration shadows a field of 'structLineSegmentClipper' [-Wshadow]
  100 |         void cross (HPoint a, HPoint b, HPoint p) {  // p = a x b
      |                                                ^
../dwsys/Graphics_extensions.h:82:32: note: previous declaration is here
   82 |         struct structHPoint from, to, p; // working storage
      |                                       ^
clang -std=gnu++17 -municode -D_FILE_OFFSET_BITS=64 -march=x86-64-v3 -O3 -Wshadow -I . -I ../kar -I ../melder -I ../sys -I ../dwsys -I ../stat -I ../fon -I ../LPC -I ../foned -I ../EEG -I ../external/clapack -I ../external/vorbis -I ../external/opusfile -I ../external/portaudio -I ../external/espeak -I ..external/num  -c -o praat_DataModeler_init.o praat_DataModeler_init.cpp
In file included from praat_MDS_init.cpp:36:
In file included from ./MDS.h:28:
In file included from ./Covariance.h:21:
In file included from ./CCA.h:28:
In file included from ./SSCP.h:22:
In file included from ./TableOfReal_extensions.h:23:
../dwsys/Graphics_extensions.h:87:37: warning: declaration shadows a field of 'structLineSegmentClipper' [-Wshadow]
   87 |         int getCohenSutherlandCode (HPoint p) {
      |                                            ^
../dwsys/Graphics_extensions.h:82:32: note: previous declaration is here
   82 |         struct structHPoint from, to, p; // working storage
      |                                       ^
../dwsys/Graphics_extensions.h:100:41: warning: declaration shadows a field of 'structLineSegmentClipper' [-Wshadow]
  100 |         void cross (HPoint a, HPoint b, HPoint p) {  // p = a x b
      |                                                ^
../dwsys/Graphics_extensions.h:82:32: note: previous declaration is here
   82 |         struct structHPoint from, to, p; // working storage
      |                                       ^
2 warnings generated.
clang -std=gnu++17 -municode -D_FILE_OFFSET_BITS=64 -march=x86-64-v3 -O3 -Wshadow -I . -I ../kar -I ../melder -I ../sys -I ../dwsys -I ../stat -I ../fon -I ../LPC -I ../foned -I ../EEG -I ../external/clapack -I ../external/vorbis -I ../external/opusfile -I ../external/portaudio -I ../external/espeak -I ..external/num  -c -o praat_David_init.o praat_David_init.cpp
2 warnings generated.
In file included from praat_BSS_init.cpp:21:
In file included from ./EEG_extensions.h:21:
In file included from ./Covariance.h:21:
In file included from ./CCA.h:28:
In file included from ./SSCP.h:22:
In file included from ./TableOfReal_extensions.h:23:
../dwsys/Graphics_extensions.h:87:37: warning: declaration shadows a field of 'structLineSegmentClipper' [-Wshadow]
   87 |         int getCohenSutherlandCode (HPoint p) {
      |                                            ^
../dwsys/Graphics_extensions.h:82:32: note: previous declaration is here
   82 |         struct structHPoint from, to, p; // working storage
      |                                       ^
../dwsys/Graphics_extensions.h:100:41: warning: declaration shadows a field of 'structLineSegmentClipper' [-Wshadow]
  100 |         void cross (HPoint a, HPoint b, HPoint p) {  // p = a x b
      |                                                ^
../dwsys/Graphics_extensions.h:82:32: note: previous declaration is here
   82 |         struct structHPoint from, to, p; // working storage
      |                                       ^
In file included from praat_HMM_init.cpp:20:
In file included from ./GaussianMixture.h:26:
In file included from ./ClassificationTable.h:22:
In file included from ./SSCP.h:22:
In file included from ./TableOfReal_extensions.h:23:
../dwsys/Graphics_extensions.h:87:37: warning: declaration shadows a field of 'structLineSegmentClipper' [-Wshadow]
   87 |         int getCohenSutherlandCode (HPoint p) {
      |                                            ^
../dwsys/Graphics_extensions.h:82:32: note: previous declaration is here
   82 |         struct structHPoint from, to, p; // working storage
      |                                       ^
../dwsys/Graphics_extensions.h:100:41: warning: declaration shadows a field of 'structLineSegmentClipper' [-Wshadow]
  100 |         void cross (HPoint a, HPoint b, HPoint p) {  // p = a x b
      |                                                ^
../dwsys/Graphics_extensions.h:82:32: note: previous declaration is here
   82 |         struct structHPoint from, to, p; // working storage
      |                                       ^
2 warnings generated.
In file included from praat_DataModeler_init.cpp:20:
In file included from ./DataModeler.h:26:
In file included from ./Covariance.h:21:
In file included from ./CCA.h:28:
In file included from ./SSCP.h:22:
In file included from ./TableOfReal_extensions.h:23:
../dwsys/Graphics_extensions.h:87:37: warning: declaration shadows a field of 'structLineSegmentClipper' [-Wshadow]
   87 |         int getCohenSutherlandCode (HPoint p) {
      |                                            ^
../dwsys/Graphics_extensions.h:82:32: note: previous declaration is here
   82 |         struct structHPoint from, to, p; // working storage
      |                                       ^
../dwsys/Graphics_extensions.h:100:41: warning: declaration shadows a field of 'structLineSegmentClipper' [-Wshadow]
  100 |         void cross (HPoint a, HPoint b, HPoint p) {  // p = a x b
      |                                                ^
../dwsys/Graphics_extensions.h:82:32: note: previous declaration is here
   82 |         struct structHPoint from, to, p; // working storage
      |                                       ^
2 warnings generated.
In file included from praat_David_init.cpp:74:
In file included from ./ClassificationTable.h:22:
In file included from ./SSCP.h:22:
In file included from ./TableOfReal_extensions.h:23:
../dwsys/Graphics_extensions.h:87:37: warning: declaration shadows a field of 'structLineSegmentClipper' [-Wshadow]
   87 |         int getCohenSutherlandCode (HPoint p) {
      |                                            ^
../dwsys/Graphics_extensions.h:82:32: note: previous declaration is here
   82 |         struct structHPoint from, to, p; // working storage
      |                                       ^
../dwsys/Graphics_extensions.h:100:41: warning: declaration shadows a field of 'structLineSegmentClipper' [-Wshadow]
  100 |         void cross (HPoint a, HPoint b, HPoint p) {  // p = a x b
      |                                                ^
../dwsys/Graphics_extensions.h:82:32: note: previous declaration is here
   82 |         struct structHPoint from, to, p; // working storage
      |                                       ^
2 warnings generated.
2 warnings generated.
2 warnings generated.
2 warnings generated.
touch libdwtools.a
rm libdwtools.a
ar cq libdwtools.a ActivationList.o AffineTransform.o AnalyticSound.o Categories.o CategoriesEditor.o Categories_and_Strings.o CCA.o CCA_and_Correlation.o Correlation.o Covariance.o CC.o CCs_to_DTW.o ClassificationTable.o Confusion.o ComplexSpectrogram.o Configuration.o ContingencyTable.o Configuration_AffineTransform.o Configuration_and_Procrustes.o ConstantQSpectrograms.o DataModeler.o Distance.o DTW.o DTW_and_TextGrid.o Discriminant.o  Discriminant_PatternList_Categories.o EditDistanceTable.o EEG_extensions.o Eigen_and_Matrix.o Eigen_and_Procrustes.o Eigen_and_TableOfReal.o Eigen_and_SSCP.o Excitations.o FilterBank.o FormantGrid_extensions.o GaussianMixture.o HMM.o ICA.o Intensity_extensions.o LFCC.o LongSound_extensions.o KlattGrid.o KlattGridAreas.o KlattGridEditors.o KlattTable.o Ltas_extensions.o MDSVec.o MFCC.o manual_DataModeler.o manual_dwtools.o manual_BSS.o manual_HMM.o manual_KlattGrid.o manual_MDS.o manual_Permutation.o Minimizers.o MixingMatrix.o Matrix_and_NMF.o Matrix_extensions.o Matrix_Categories.o MDS.o MultiSampledSpectrogram.o NavigationContext.o OptimalCeilingTier.o OptimalCeilingTierArea.o OptimalCeilingTierEditor.o PatternList.o PCA.o Pitch_extensions.o Polynomial_to_Spectrum.o Polygon_extensions.o Procrustes.o Proximity.o Proximity_and_Distance.o Resonator.o Roots_to_Spectrum.o SoundFrames.o Sound_and_MultiSampledSpectrogram.o Sound_and_MixingMatrix.o Sound_and_Spectrum_dft.o Sound_and_Spectrogram_extensions.o Sound_and_PCA.o Sound_and_TextGrid_extensions.o Sound_extensions.o Sound_to_MFCC.o Sounds_to_DTW.o Sound_to_Pitch2.o Sound_to_SPINET.o SPINET.o SPINET_to_Pitch.o Spectrogram_extensions.o Spectrum_extensions.o Spectrum_and_AnalyticSound.o Spectrum_and_MultiSampledSpectrogram.o SSCP.o Strings_extensions.o SpeechSynthesizer.o SpeechSynthesizer_and_TextGrid.o Table_extensions.o Table_dataSets.o TableOfReal_and_SVD.o TableOfReal_extensions.o TableOfReal_and_Discriminant.o TableOfReal_and_Permutation.o TextGrid_and_DurationTier.o TextGrid_and_PitchTier.o TextGrid_extensions.o TextGridTierNavigator.o TextGridNavigator.o Vector_extensions.o VowelEditor.o praat_MDS_init.o praat_BSS_init.o praat_HMM_init.o praat_KlattGrid_init.o praat_MultiSampledSpectrogram.o praat_DataModeler_init.o praat_David_init.o
ranlib libdwtools.a
make[1]: Leaving directory '/d/Praat-work/稳定早期版/dwtools'
make -C LPC
make[1]: Entering directory '/d/Praat-work/稳定早期版/LPC'
clang -std=gnu++17 -municode -D_FILE_OFFSET_BITS=64 -march=x86-64-v3 -O3 -Wshadow -I . -I ../kar -I ../melder -I ../fon -I ../foned -I ../dwtools -I ../sys -I ../dwsys -I ../stat -I ..external/num  -c -o Cepstrum.o Cepstrum.cpp
clang -std=gnu++17 -municode -D_FILE_OFFSET_BITS=64 -march=x86-64-v3 -O3 -Wshadow -I . -I ../kar -I ../melder -I ../fon -I ../foned -I ../dwtools -I ../sys -I ../dwsys -I ../stat -I ..external/num  -c -o Cepstrumc.o Cepstrumc.cpp
clang -std=gnu++17 -municode -D_FILE_OFFSET_BITS=64 -march=x86-64-v3 -O3 -Wshadow -I . -I ../kar -I ../melder -I ../fon -I ../foned -I ../dwtools -I ../sys -I ../dwsys -I ../stat -I ..external/num  -c -o Cepstrum_and_Spectrum.o Cepstrum_and_Spectrum.cpp
clang -std=gnu++17 -municode -D_FILE_OFFSET_BITS=64 -march=x86-64-v3 -O3 -Wshadow -I . -I ../kar -I ../melder -I ../fon -I ../foned -I ../dwtools -I ../sys -I ../dwsys -I ../stat -I ..external/num  -c -o Cepstrogram.o Cepstrogram.cpp
clang -std=gnu++17 -municode -D_FILE_OFFSET_BITS=64 -march=x86-64-v3 -O3 -Wshadow -I . -I ../kar -I ../melder -I ../fon -I ../foned -I ../dwtools -I ../sys -I ../dwsys -I ../stat -I ..external/num  -c -o CPP.o CPP.cpp
clang -std=gnu++17 -municode -D_FILE_OFFSET_BITS=64 -march=x86-64-v3 -O3 -Wshadow -I . -I ../kar -I ../melder -I ../fon -I ../foned -I ../dwtools -I ../sys -I ../dwsys -I ../stat -I ..external/num  -c -o Formant_extensions.o Formant_extensions.cpp
clang -std=gnu++17 -municode -D_FILE_OFFSET_BITS=64 -march=x86-64-v3 -O3 -Wshadow -I . -I ../kar -I ../melder -I ../fon -I ../foned -I ../dwtools -I ../sys -I ../dwsys -I ../stat -I ..external/num  -c -o FormantModeler.o FormantModeler.cpp
clang -std=gnu++17 -municode -D_FILE_OFFSET_BITS=64 -march=x86-64-v3 -O3 -Wshadow -I . -I ../kar -I ../melder -I ../fon -I ../foned -I ../dwtools -I ../sys -I ../dwsys -I ../stat -I ..external/num  -c -o FormantModelerList.o FormantModelerList.cpp
clang -std=gnu++17 -municode -D_FILE_OFFSET_BITS=64 -march=x86-64-v3 -O3 -Wshadow -I . -I ../kar -I ../melder -I ../fon -I ../foned -I ../dwtools -I ../sys -I ../dwsys -I ../stat -I ..external/num  -c -o FormantPath.o FormantPath.cpp
clang -std=gnu++17 -municode -D_FILE_OFFSET_BITS=64 -march=x86-64-v3 -O3 -Wshadow -I . -I ../kar -I ../melder -I ../fon -I ../foned -I ../dwtools -I ../sys -I ../dwsys -I ../stat -I ..external/num  -c -o FormantPath_to_IntervalTier.o FormantPath_to_IntervalTier.cpp
clang -std=gnu++17 -municode -D_FILE_OFFSET_BITS=64 -march=x86-64-v3 -O3 -Wshadow -I . -I ../kar -I ../melder -I ../fon -I ../foned -I ../dwtools -I ../sys -I ../dwsys -I ../stat -I ..external/num  -c -o FormantPathArea.o FormantPathArea.cpp
clang -std=gnu++17 -municode -D_FILE_OFFSET_BITS=64 -march=x86-64-v3 -O3 -Wshadow -I . -I ../kar -I ../melder -I ../fon -I ../foned -I ../dwtools -I ../sys -I ../dwsys -I ../stat -I ..external/num  -c -o FormantPathEditor.o FormantPathEditor.cpp
In file included from Formant_extensions.cpp:19:
In file included from ../dwtools/DataModeler.h:26:
In file included from ../dwtools/Covariance.h:21:
In file included from ../dwtools/CCA.h:28:
In file included from ../dwtools/SSCP.h:22:
In file included from ../dwtools/TableOfReal_extensions.h:23:
../dwsys/Graphics_extensions.h:87:37: warning: declaration shadows a field of 'structLineSegmentClipper' [-Wshadow]
   87 |         int getCohenSutherlandCode (HPoint p) {
      |                                            ^
../dwsys/Graphics_extensions.h:82:32: note: previous declaration is here
   82 |         struct structHPoint from, to, p; // working storage
      |                                       ^
../dwsys/Graphics_extensions.h:100:41: warning: declaration shadows a field of 'structLineSegmentClipper' [-Wshadow]
  100 |         void cross (HPoint a, HPoint b, HPoint p) {  // p = a x b
      |                                                ^
../dwsys/Graphics_extensions.h:82:32: note: previous declaration is here
   82 |         struct structHPoint from, to, p; // working storage
      |                                       ^
In file included from FormantModelerList.cpp:19:
In file included from ./FormantModelerList.h:23:
In file included from ./FormantModeler.h:22:
In file included from ../dwtools/Covariance.h:21:
In file included from ../dwtools/CCA.h:28:
In file included from ../dwtools/SSCP.h:22:
In file included from ../dwtools/TableOfReal_extensions.h:23:
../dwsys/Graphics_extensions.h:87:37: warning: declaration shadows a field of 'structLineSegmentClipper' [-Wshadow]
   87 |         int getCohenSutherlandCode (HPoint p) {
      |                                            ^
../dwsys/Graphics_extensions.h:82:32: note: previous declaration is here
   82 |         struct structHPoint from, to, p; // working storage
      |                                       ^
../dwsys/Graphics_extensions.h:100:41: warning: declaration shadows a field of 'structLineSegmentClipper' [-Wshadow]
  100 |         void cross (HPoint a, HPoint b, HPoint p) {  // p = a x b
      |                                                ^
../dwsys/Graphics_extensions.h:82:32: note: previous declaration is here
   82 |         struct structHPoint from, to, p; // working storage
      |                                       ^
In file included from FormantModeler.cpp:19:
In file included from ../dwtools/DataModeler.h:26:
In file included from ../dwtools/Covariance.h:21:
In file included from ../dwtools/CCA.h:28:
In file included from ../dwtools/SSCP.h:22:
In file included from ../dwtools/TableOfReal_extensions.h:23:
../dwsys/Graphics_extensions.h:87:37: warning: declaration shadows a field of 'structLineSegmentClipper' [-Wshadow]
   87 |         int getCohenSutherlandCode (HPoint p) {
      |                                            ^
../dwsys/Graphics_extensions.h:82:32: note: previous declaration is here
   82 |         struct structHPoint from, to, p; // working storage
      |                                       ^
../dwsys/Graphics_extensions.h:100:41: warning: declaration shadows a field of 'structLineSegmentClipper' [-Wshadow]
  100 |         void cross (HPoint a, HPoint b, HPoint p) {  // p = a x b
      |                                                ^
../dwsys/Graphics_extensions.h:82:32: note: previous declaration is here
   82 |         struct structHPoint from, to, p; // working storage
      |                                       ^
In file included from FormantPath.cpp:20:
In file included from ./FormantModeler.h:22:
In file included from ../dwtools/Covariance.h:21:
In file included from ../dwtools/CCA.h:28:
In file included from ../dwtools/SSCP.h:22:
In file included from ../dwtools/TableOfReal_extensions.h:23:
../dwsys/Graphics_extensions.h:87:37: warning: declaration shadows a field of 'structLineSegmentClipper' [-Wshadow]
   87 |         int getCohenSutherlandCode (HPoint p) {
      |                                            ^
../dwsys/Graphics_extensions.h:82:32: note: previous declaration is here
   82 |         struct structHPoint from, to, p; // working storage
      |                                       ^
../dwsys/Graphics_extensions.h:100:41: warning: declaration shadows a field of 'structLineSegmentClipper' [-Wshadow]
  100 |         void cross (HPoint a, HPoint b, HPoint p) {  // p = a x b
      |                                                ^
../dwsys/Graphics_extensions.h:82:32: note: previous declaration is here
   82 |         struct structHPoint from, to, p; // working storage
      |                                       ^
clang -std=gnu++17 -municode -D_FILE_OFFSET_BITS=64 -march=x86-64-v3 -O3 -Wshadow -I . -I ../kar -I ../melder -I ../fon -I ../foned -I ../dwtools -I ../sys -I ../dwsys -I ../stat -I ..external/num  -c -o LineSpectralFrequencies.o LineSpectralFrequencies.cpp
clang -std=gnu++17 -municode -D_FILE_OFFSET_BITS=64 -march=x86-64-v3 -O3 -Wshadow -I . -I ../kar -I ../melder -I ../fon -I ../foned -I ../dwtools -I ../sys -I ../dwsys -I ../stat -I ..external/num  -c -o LPC.o LPC.cpp
clang -std=gnu++17 -municode -D_FILE_OFFSET_BITS=64 -march=x86-64-v3 -O3 -Wshadow -I . -I ../kar -I ../melder -I ../fon -I ../foned -I ../dwtools -I ../sys -I ../dwsys -I ../stat -I ..external/num  -c -o LPC_and_Formant.o LPC_and_Formant.cpp
clang -std=gnu++17 -municode -D_FILE_OFFSET_BITS=64 -march=x86-64-v3 -O3 -Wshadow -I . -I ../kar -I ../melder -I ../fon -I ../foned -I ../dwtools -I ../sys -I ../dwsys -I ../stat -I ..external/num  -c -o LPC_and_Cepstrumc.o LPC_and_Cepstrumc.cpp
clang -std=gnu++17 -municode -D_FILE_OFFSET_BITS=64 -march=x86-64-v3 -O3 -Wshadow -I . -I ../kar -I ../melder -I ../fon -I ../foned -I ../dwtools -I ../sys -I ../dwsys -I ../stat -I ..external/num  -c -o LPC_and_LFCC.o LPC_and_LFCC.cpp
2 warnings generated.
clang -std=gnu++17 -municode -D_FILE_OFFSET_BITS=64 -march=x86-64-v3 -O3 -Wshadow -I . -I ../kar -I ../melder -I ../fon -I ../foned -I ../dwtools -I ../sys -I ../dwsys -I ../stat -I ..external/num  -c -o LPC_and_LineSpectralFrequencies.o LPC_and_LineSpectralFrequencies.cpp
clang -std=gnu++17 -municode -D_FILE_OFFSET_BITS=64 -march=x86-64-v3 -O3 -Wshadow -I . -I ../kar -I ../melder -I ../fon -I ../foned -I ../dwtools -I ../sys -I ../dwsys -I ../stat -I ..external/num  -c -o LPC_and_Polynomial.o LPC_and_Polynomial.cpp
2 warnings generated.
clang -std=gnu++17 -municode -D_FILE_OFFSET_BITS=64 -march=x86-64-v3 -O3 -Wshadow -I . -I ../kar -I ../melder -I ../fon -I ../foned -I ../dwtools -I ../sys -I ../dwsys -I ../stat -I ..external/num  -c -o LPC_to_Spectrum.o LPC_to_Spectrum.cpp
2 warnings generated.
clang -std=gnu++17 -municode -D_FILE_OFFSET_BITS=64 -march=x86-64-v3 -O3 -Wshadow -I . -I ../kar -I ../melder -I ../fon -I ../foned -I ../dwtools -I ../sys -I ../dwsys -I ../stat -I ..external/num  -c -o LPC_to_Spectrogram.o LPC_to_Spectrogram.cpp
2 warnings generated.
clang -std=gnu++17 -municode -D_FILE_OFFSET_BITS=64 -march=x86-64-v3 -O3 -Wshadow -I . -I ../kar -I ../melder -I ../fon -I ../foned -I ../dwtools -I ../sys -I ../dwsys -I ../stat -I ..external/num  -c -o LPC_and_Tube.o LPC_and_Tube.cpp
In file included from FormantPathEditor.cpp:21:
../dwsys/Graphics_extensions.h:87:37: warning: declaration shadows a field of 'structLineSegmentClipper' [-Wshadow]
   87 |         int getCohenSutherlandCode (HPoint p) {
      |                                            ^
../dwsys/Graphics_extensions.h:82:32: note: previous declaration is here
   82 |         struct structHPoint from, to, p; // working storage
      |                                       ^
../dwsys/Graphics_extensions.h:100:41: warning: declaration shadows a field of 'structLineSegmentClipper' [-Wshadow]
  100 |         void cross (HPoint a, HPoint b, HPoint p) {  // p = a x b
      |                                                ^
../dwsys/Graphics_extensions.h:82:32: note: previous declaration is here
   82 |         struct structHPoint from, to, p; // working storage
      |                                       ^
clang -std=gnu++17 -municode -D_FILE_OFFSET_BITS=64 -march=x86-64-v3 -O3 -Wshadow -I . -I ../kar -I ../melder -I ../fon -I ../foned -I ../dwtools -I ../sys -I ../dwsys -I ../stat -I ..external/num  -c -o PowerCepstrum.o PowerCepstrum.cpp
clang -std=gnu++17 -municode -D_FILE_OFFSET_BITS=64 -march=x86-64-v3 -O3 -Wshadow -I . -I ../kar -I ../melder -I ../fon -I ../foned -I ../dwtools -I ../sys -I ../dwsys -I ../stat -I ..external/num  -c -o PowerCepstrogram.o PowerCepstrogram.cpp
2 warnings generated.
clang -std=gnu++17 -municode -D_FILE_OFFSET_BITS=64 -march=x86-64-v3 -O3 -Wshadow -I . -I ../kar -I ../melder -I ../fon -I ../foned -I ../dwtools -I ../sys -I ../dwsys -I ../stat -I ..external/num  -c -o Roots_and_Formant.o Roots_and_Formant.cpp
clang -std=gnu++17 -municode -D_FILE_OFFSET_BITS=64 -march=x86-64-v3 -O3 -Wshadow -I . -I ../kar -I ../melder -I ../fon -I ../foned -I ../dwtools -I ../sys -I ../dwsys -I ../stat -I ..external/num  -c -o Sound_and_LPC.o Sound_and_LPC.cpp
clang -std=gnu++17 -municode -D_FILE_OFFSET_BITS=64 -march=x86-64-v3 -O3 -Wshadow -I . -I ../kar -I ../melder -I ../fon -I ../foned -I ../dwtools -I ../sys -I ../dwsys -I ../stat -I ..external/num  -c -o Sound_to_CPP.o Sound_to_CPP.cpp
clang -std=gnu++17 -municode -D_FILE_OFFSET_BITS=64 -march=x86-64-v3 -O3 -Wshadow -I . -I ../kar -I ../melder -I ../fon -I ../foned -I ../dwtools -I ../sys -I ../dwsys -I ../stat -I ..external/num  -c -o Sound_to_PowerCepstrogram.o Sound_to_PowerCepstrogram.cpp
clang -std=gnu++17 -municode -D_FILE_OFFSET_BITS=64 -march=x86-64-v3 -O3 -Wshadow -I . -I ../kar -I ../melder -I ../fon -I ../foned -I ../dwtools -I ../sys -I ../dwsys -I ../stat -I ..external/num  -c -o Sound_to_Formant_mt.o Sound_to_Formant_mt.cpp
clang -std=gnu++17 -municode -D_FILE_OFFSET_BITS=64 -march=x86-64-v3 -O3 -Wshadow -I . -I ../kar -I ../melder -I ../fon -I ../foned -I ../dwtools -I ../sys -I ../dwsys -I ../stat -I ..external/num  -c -o Sound_and_Cepstrum.o Sound_and_Cepstrum.cpp
clang -std=gnu++17 -municode -D_FILE_OFFSET_BITS=64 -march=x86-64-v3 -O3 -Wshadow -I . -I ../kar -I ../melder -I ../fon -I ../foned -I ../dwtools -I ../sys -I ../dwsys -I ../stat -I ..external/num  -c -o Tube.o Tube.cpp
clang -std=gnu++17 -municode -D_FILE_OFFSET_BITS=64 -march=x86-64-v3 -O3 -Wshadow -I . -I ../kar -I ../melder -I ../fon -I ../foned -I ../dwtools -I ../sys -I ../dwsys -I ../stat -I ..external/num  -c -o VocalTractTier.o VocalTractTier.cpp
LPC_and_Tube.cpp:86:11: warning: first argument in call to 'memset' is a pointer to non-trivially copyable type 'struct structLPC_Frame' [-Wnontrivial-memcall]
   86 |                 memset (& lpc_struct, 0, sizeof (lpc_struct));
      |                         ^
LPC_and_Tube.cpp:86:11: note: explicitly cast the pointer to silence this warning
   86 |                 memset (& lpc_struct, 0, sizeof (lpc_struct));
      |                         ^
      |                         (void*)
LPC_and_Tube.cpp:87:11: warning: first argument in call to 'memset' is a pointer to non-trivially copyable type 'struct structFormant_Frame' [-Wnontrivial-memcall]
   87 |                 memset (& f_struct, 0, sizeof (f_struct));
      |                         ^
LPC_and_Tube.cpp:87:11: note: explicitly cast the pointer to silence this warning
   87 |                 memset (& f_struct, 0, sizeof (f_struct));
      |                         ^
      |                         (void*)
LPC_and_Tube.cpp:88:11: warning: first argument in call to 'memset' is a pointer to non-trivially copyable type 'struct structTube_Frame' [-Wnontrivial-memcall]
   88 |                 memset (& rc_struct, 0, sizeof (rc_struct));
      |                         ^
LPC_and_Tube.cpp:88:11: note: explicitly cast the pointer to silence this warning
   88 |                 memset (& rc_struct, 0, sizeof (rc_struct));
      |                         ^
      |                         (void*)
LPC_and_Tube.cpp:89:11: warning: first argument in call to 'memset' is a pointer to non-trivially copyable type 'struct structTube_Frame' [-Wnontrivial-memcall]
   89 |                 memset (& af_struct, 0, sizeof (af_struct));
      |                         ^
LPC_and_Tube.cpp:89:11: note: explicitly cast the pointer to silence this warning
   89 |                 memset (& af_struct, 0, sizeof (af_struct));
      |                         ^
      |                         (void*)
clang -std=gnu++17 -municode -D_FILE_OFFSET_BITS=64 -march=x86-64-v3 -O3 -Wshadow -I . -I ../kar -I ../melder -I ../fon -I ../foned -I ../dwtools -I ../sys -I ../dwsys -I ../stat -I ..external/num  -c -o praat_LPC_init.o praat_LPC_init.cpp
4 warnings generated.
clang -std=gnu++17 -municode -D_FILE_OFFSET_BITS=64 -march=x86-64-v3 -O3 -Wshadow -I . -I ../kar -I ../melder -I ../fon -I ../foned -I ../dwtools -I ../sys -I ../dwsys -I ../stat -I ..external/num  -c -o manual_LPC.o manual_LPC.cpp
PowerCepstrum.cpp:180:75: warning: declaration shadows a field of 'structPowerCepstrumWorkspace' [-Wshadow]
  180 | void structPowerCepstrumWorkspace :: setMaximumNumberOfRhamonics (integer maximumNumberOfRhamonics) {
      |                                                                           ^
./PowerCepstrumWorkspace.h:44:10: note: previous declaration is here
   44 |         integer maximumNumberOfRhamonics, numberOfRhamonics;
      |                 ^
PowerCepstrum.cpp:186:11: warning: declaration shadows a field of 'structPowerCepstrumWorkspace' [-Wshadow]
  186 |                 integer numberOfRhamonics = 2;
      |                         ^
./PowerCepstrumWorkspace.h:44:36: note: previous declaration is here
   44 |         integer maximumNumberOfRhamonics, numberOfRhamonics;
      |                                           ^
PowerCepstrum.cpp:259:22: warning: declaration shadows a field of 'structPowerCepstrumWorkspace' [-Wshadow]
  259 |         kCepstrum_trendType trendLineType, kCepstrum_trendFit method) 
      |                             ^
./PowerCepstrumWorkspace.h:37:22: note: previous declaration is here
   37 |         kCepstrum_trendType trendLineType;
      |                             ^
PowerCepstrum.cpp:259:56: warning: declaration shadows a field of 'structPowerCepstrumWorkspace' [-Wshadow]
  259 |         kCepstrum_trendType trendLineType, kCepstrum_trendFit method) 
      |                                                               ^
./PowerCepstrumWorkspace.h:36:24: note: previous declaration is here
   36 |         kSlopeSelector_method method;
      |                               ^
PowerCepstrum.cpp:283:65: warning: declaration shadows a field of 'structPowerCepstrumWorkspace' [-Wshadow]
  283 | void structPowerCepstrumWorkspace :: initPeakSearchPart (double qminPeakSearch, double qmaxPeakSearch,
      |                                                                 ^
./PowerCepstrumWorkspace.h:39:9: note: previous declaration is here
   39 |         double qminPeakSearch, qmaxPeakSearch; // peak in [pitchFloor, pitchCeiling]
      |                ^
PowerCepstrum.cpp:283:88: warning: declaration shadows a field of 'structPowerCepstrumWorkspace' [-Wshadow]
  283 | void structPowerCepstrumWorkspace :: initPeakSearchPart (double qminPeakSearch, double qmaxPeakSearch,
      |                                                                                        ^
./PowerCepstrumWorkspace.h:39:25: note: previous declaration is here
   39 |         double qminPeakSearch, qmaxPeakSearch; // peak in [pitchFloor, pitchCeiling]
      |                                ^
PowerCepstrum.cpp:284:28: warning: declaration shadows a field of 'structPowerCepstrumWorkspace' [-Wshadow]
  284 |         kVector_peakInterpolation peakInterpolationType)
      |                                   ^
./PowerCepstrumWorkspace.h:38:28: note: previous declaration is here
   38 |         kVector_peakInterpolation peakInterpolationType = kVector_peakInterpolation :: PARABOLIC;
      |                                   ^
In file included from PowerCepstrogram.cpp:21:
In file included from ../dwtools/Matrix_extensions.h:29:
../dwsys/Graphics_extensions.h:87:37: warning: declaration shadows a field of 'structLineSegmentClipper' [-Wshadow]
   87 |         int getCohenSutherlandCode (HPoint p) {
      |                                            ^
../dwsys/Graphics_extensions.h:82:32: note: previous declaration is here
   82 |         struct structHPoint from, to, p; // working storage
      |                                       ^
../dwsys/Graphics_extensions.h:100:41: warning: declaration shadows a field of 'structLineSegmentClipper' [-Wshadow]
  100 |         void cross (HPoint a, HPoint b, HPoint p) {  // p = a x b
      |                                                ^
../dwsys/Graphics_extensions.h:82:32: note: previous declaration is here
   82 |         struct structHPoint from, to, p; // working storage
      |                                       ^
Sound_and_LPC.cpp:581:49: warning: declaration shadows a field of 'structRobustLPCWorkspace' [-Wshadow]
  581 | void structRobustLPCWorkspace :: init (constLPC inputLPC, constSound inputSound, mutableLPC outputLPC,
      |                                                 ^
./Sound_and_LPC.h:91:11: note: previous declaration is here
   91 |         constLPC inputLPC;
      |                  ^
Sound_and_LPC.cpp:581:93: warning: declaration shadows a field of 'structRobustLPCWorkspace' [-Wshadow]
  581 | void structRobustLPCWorkspace :: init (constLPC inputLPC, constSound inputSound, mutableLPC outputLPC,
      |                                                                                             ^
./Sound_and_LPC.h:92:13: note: previous declaration is here
   92 |         mutableLPC outputLPC;
      |                    ^
Sound_and_LPC.cpp:583:9: warning: declaration shadows a field of 'structRobustLPCWorkspace' [-Wshadow]
  583 |         double k_stdev, integer itermax, double tol, bool wantLocation)
      |                ^
./Sound_and_LPC.h:95:9: note: previous declaration is here
   95 |         double k_stdev;
      |                ^
Sound_and_LPC.cpp:583:26: warning: declaration shadows a field of 'structRobustLPCWorkspace' [-Wshadow]
  583 |         double k_stdev, integer itermax, double tol, bool wantLocation)
      |                                 ^
./Sound_and_LPC.h:97:10: note: previous declaration is here
   97 |         integer itermax;
      |                 ^
Sound_and_LPC.cpp:583:52: warning: declaration shadows a field of 'structRobustLPCWorkspace' [-Wshadow]
  583 |         double k_stdev, integer itermax, double tol, bool wantLocation)
      |                                                           ^
./Sound_and_LPC.h:99:7: note: previous declaration is here
   99 |         bool wantLocation = true;       //
      |              ^
Sound_and_LPC.cpp:655:116: warning: declaration shadows a field of 'structRobustLPCWorkspace' [-Wshadow]
  655 | void structRobustLPCWorkspace :: inputFrameIntoOutputFrame (LPC_Frame inputLPCFrame, LPC_Frame outputLPCFrame, VEC soundFrame, integer& info) {
      |                                                                                                                    ^
./Sound_and_LPC.h:93:6: note: previous declaration is here
   93 |         VEC soundFrame;
      |             ^
7 warnings generated.
2 warnings generated.
6 warnings generated.
touch libLPC.a
rm libLPC.a
ar cq libLPC.a Cepstrum.o Cepstrumc.o Cepstrum_and_Spectrum.o Cepstrogram.o CPP.o Formant_extensions.o FormantModeler.o FormantModelerList.o FormantPath.o FormantPath_to_IntervalTier.o FormantPathArea.o FormantPathEditor.o LineSpectralFrequencies.o LPC.o LPC_and_Formant.o LPC_and_Cepstrumc.o LPC_and_LFCC.o LPC_and_LineSpectralFrequencies.o LPC_and_Polynomial.o LPC_to_Spectrum.o LPC_to_Spectrogram.o LPC_and_Tube.o PowerCepstrum.o PowerCepstrogram.o Roots_and_Formant.o Sound_and_LPC.o  Sound_to_CPP.o Sound_to_PowerCepstrogram.o Sound_to_Formant_mt.o Sound_and_Cepstrum.o Tube.o VocalTractTier.o praat_LPC_init.o manual_LPC.o
ranlib libLPC.a
make[1]: Leaving directory '/d/Praat-work/稳定早期版/LPC'
make -C EEG
make[1]: Entering directory '/d/Praat-work/稳定早期版/EEG'
clang -std=gnu++17 -municode -D_FILE_OFFSET_BITS=64 -march=x86-64-v3 -O3 -Wshadow -I ../kar -I ../melder -I ../sys -I ../dwsys -I ../stat -I ../dwtools -I ../fon -I ../foned  -c -o EEG.o EEG.cpp
clang -std=gnu++17 -municode -D_FILE_OFFSET_BITS=64 -march=x86-64-v3 -O3 -Wshadow -I ../kar -I ../melder -I ../sys -I ../dwsys -I ../stat -I ../dwtools -I ../fon -I ../foned  -c -o EEGArea.o EEGArea.cpp
clang -std=gnu++17 -municode -D_FILE_OFFSET_BITS=64 -march=x86-64-v3 -O3 -Wshadow -I ../kar -I ../melder -I ../sys -I ../dwsys -I ../stat -I ../dwtools -I ../fon -I ../foned  -c -o EEGAnalysisArea.o EEGAnalysisArea.cpp
clang -std=gnu++17 -municode -D_FILE_OFFSET_BITS=64 -march=x86-64-v3 -O3 -Wshadow -I ../kar -I ../melder -I ../sys -I ../dwsys -I ../stat -I ../dwtools -I ../fon -I ../foned  -c -o EEGWindow.o EEGWindow.cpp
clang -std=gnu++17 -municode -D_FILE_OFFSET_BITS=64 -march=x86-64-v3 -O3 -Wshadow -I ../kar -I ../melder -I ../sys -I ../dwsys -I ../stat -I ../dwtools -I ../fon -I ../foned  -c -o ERPTier.o ERPTier.cpp
clang -std=gnu++17 -municode -D_FILE_OFFSET_BITS=64 -march=x86-64-v3 -O3 -Wshadow -I ../kar -I ../melder -I ../sys -I ../dwsys -I ../stat -I ../dwtools -I ../fon -I ../foned  -c -o ERP.o ERP.cpp
clang -std=gnu++17 -municode -D_FILE_OFFSET_BITS=64 -march=x86-64-v3 -O3 -Wshadow -I ../kar -I ../melder -I ../sys -I ../dwsys -I ../stat -I ../dwtools -I ../fon -I ../foned  -c -o ERPArea.o ERPArea.cpp
clang -std=gnu++17 -municode -D_FILE_OFFSET_BITS=64 -march=x86-64-v3 -O3 -Wshadow -I ../kar -I ../melder -I ../sys -I ../dwsys -I ../stat -I ../dwtools -I ../fon -I ../foned  -c -o ERPWindow.o ERPWindow.cpp
clang -std=gnu++17 -municode -D_FILE_OFFSET_BITS=64 -march=x86-64-v3 -O3 -Wshadow -I ../kar -I ../melder -I ../sys -I ../dwsys -I ../stat -I ../dwtools -I ../fon -I ../foned  -c -o praat_EEG.o praat_EEG.cpp
clang -std=gnu++17 -municode -D_FILE_OFFSET_BITS=64 -march=x86-64-v3 -O3 -Wshadow -I ../kar -I ../melder -I ../sys -I ../dwsys -I ../stat -I ../dwtools -I ../fon -I ../foned  -c -o manual_EEG.o manual_EEG.cpp
In file included from EEG.cpp:19:
In file included from ./EEG.h:23:
In file included from ../dwtools/ICA.h:26:
In file included from ../dwtools/Covariance.h:21:
In file included from ../dwtools/CCA.h:28:
In file included from ../dwtools/SSCP.h:22:
In file included from ../dwtools/TableOfReal_extensions.h:23:
../dwsys/Graphics_extensions.h:87:37: warning: declaration shadows a field of 'structLineSegmentClipper' [-Wshadow]
   87 |         int getCohenSutherlandCode (HPoint p) {
      |                                            ^
../dwsys/Graphics_extensions.h:82:32: note: previous declaration is here
   82 |         struct structHPoint from, to, p; // working storage
      |                                       ^
../dwsys/Graphics_extensions.h:100:41: warning: declaration shadows a field of 'structLineSegmentClipper' [-Wshadow]
  100 |         void cross (HPoint a, HPoint b, HPoint p) {  // p = a x b
      |                                                ^
../dwsys/Graphics_extensions.h:82:32: note: previous declaration is here
   82 |         struct structHPoint from, to, p; // working storage
      |                                       ^
In file included from ERPTier.cpp:19:
In file included from ./ERPTier.h:21:
In file included from ./EEG.h:23:
In file included from ../dwtools/ICA.h:26:
In file included from ../dwtools/Covariance.h:21:
In file included from ../dwtools/CCA.h:28:
In file included from ../dwtools/SSCP.h:22:
In file included from ../dwtools/TableOfReal_extensions.h:23:
../dwsys/Graphics_extensions.h:87:37: warning: declaration shadows a field of 'structLineSegmentClipper' [-Wshadow]
   87 |         int getCohenSutherlandCode (HPoint p) {
      |                                            ^
../dwsys/Graphics_extensions.h:82:32: note: previous declaration is here
   82 |         struct structHPoint from, to, p; // working storage
      |                                       ^
../dwsys/Graphics_extensions.h:100:41: warning: declaration shadows a field of 'structLineSegmentClipper' [-Wshadow]
  100 |         void cross (HPoint a, HPoint b, HPoint p) {  // p = a x b
      |                                                ^
../dwsys/Graphics_extensions.h:82:32: note: previous declaration is here
   82 |         struct structHPoint from, to, p; // working storage
      |                                       ^
2 warnings generated.
In file included from EEGArea.cpp:19:
In file included from ./EEGArea.h:22:
In file included from ./EEG.h:23:
In file included from ../dwtools/ICA.h:26:
In file included from ../dwtools/Covariance.h:21:
In file included from ../dwtools/CCA.h:28:
In file included from ../dwtools/SSCP.h:22:
In file included from ../dwtools/TableOfReal_extensions.h:23:
../dwsys/Graphics_extensions.h:87:37: warning: declaration shadows a field of 'structLineSegmentClipper' [-Wshadow]
   87 |         int getCohenSutherlandCode (HPoint p) {
      |                                            ^
../dwsys/Graphics_extensions.h:82:32: note: previous declaration is here
   82 |         struct structHPoint from, to, p; // working storage
      |                                       ^
../dwsys/Graphics_extensions.h:100:41: warning: declaration shadows a field of 'structLineSegmentClipper' [-Wshadow]
  100 |         void cross (HPoint a, HPoint b, HPoint p) {  // p = a x b
      |                                                ^
../dwsys/Graphics_extensions.h:82:32: note: previous declaration is here
   82 |         struct structHPoint from, to, p; // working storage
      |                                       ^
In file included from EEGAnalysisArea.cpp:19:
In file included from ./EEGAnalysisArea.h:22:
In file included from ./EEG.h:23:
In file included from ../dwtools/ICA.h:26:
In file included from ../dwtools/Covariance.h:21:
In file included from ../dwtools/CCA.h:28:
In file included from ../dwtools/SSCP.h:22:
In file included from ../dwtools/TableOfReal_extensions.h:23:
../dwsys/Graphics_extensions.h:87:37: warning: declaration shadows a field of 'structLineSegmentClipper' [-Wshadow]
   87 |         int getCohenSutherlandCode (HPoint p) {
      |                                            ^
../dwsys/Graphics_extensions.h:82:32: note: previous declaration is here
   82 |         struct structHPoint from, to, p; // working storage
      |                                       ^
../dwsys/Graphics_extensions.h:100:41: warning: declaration shadows a field of 'structLineSegmentClipper' [-Wshadow]
  100 |         void cross (HPoint a, HPoint b, HPoint p) {  // p = a x b
      |                                                ^
../dwsys/Graphics_extensions.h:82:32: note: previous declaration is here
   82 |         struct structHPoint from, to, p; // working storage
      |                                       ^
In file included from praat_EEG.cpp:19:
In file included from ./EEGWindow.h:22:
In file included from ./EEGArea.h:22:
In file included from ./EEG.h:23:
In file included from ../dwtools/ICA.h:26:
In file included from ../dwtools/Covariance.h:21:
In file included from ../dwtools/CCA.h:28:
In file included from ../dwtools/SSCP.h:22:
In file included from ../dwtools/TableOfReal_extensions.h:23:
../dwsys/Graphics_extensions.h:87:37: warning: declaration shadows a field of 'structLineSegmentClipper' [-Wshadow]
   87 |         int getCohenSutherlandCode (HPoint p) {
      |                                            ^
../dwsys/Graphics_extensions.h:82:32: note: previous declaration is here
   82 |         struct structHPoint from, to, p; // working storage
      |                                       ^
../dwsys/Graphics_extensions.h:100:41: warning: declaration shadows a field of 'structLineSegmentClipper' [-Wshadow]
  100 |         void cross (HPoint a, HPoint b, HPoint p) {  // p = a x b
      |                                                ^
../dwsys/Graphics_extensions.h:82:32: note: previous declaration is here
   82 |         struct structHPoint from, to, p; // working storage
      |                                       ^
In file included from EEGWindow.cpp:19:
In file included from ./EEGWindow.h:22:
In file included from ./EEGArea.h:22:
In file included from ./EEG.h:23:
In file included from ../dwtools/ICA.h:26:
In file included from ../dwtools/Covariance.h:21:
In file included from ../dwtools/CCA.h:28:
In file included from ../dwtools/SSCP.h:22:
In file included from ../dwtools/TableOfReal_extensions.h:23:
../dwsys/Graphics_extensions.h:87:37: warning: declaration shadows a field of 'structLineSegmentClipper' [-Wshadow]
   87 |         int getCohenSutherlandCode (HPoint p) {
      |                                            ^
../dwsys/Graphics_extensions.h:82:32: note: previous declaration is here
   82 |         struct structHPoint from, to, p; // working storage
      |                                       ^
../dwsys/Graphics_extensions.h:100:41: warning: declaration shadows a field of 'structLineSegmentClipper' [-Wshadow]
  100 |         void cross (HPoint a, HPoint b, HPoint p) {  // p = a x b
      |                                                ^
../dwsys/Graphics_extensions.h:82:32: note: previous declaration is here
   82 |         struct structHPoint from, to, p; // working storage
      |                                       ^
2 warnings generated.
2 warnings generated.
2 warnings generated.
2 warnings generated.
2 warnings generated.
touch libEEG.a
rm libEEG.a
ar cq libEEG.a EEG.o EEGArea.o EEGAnalysisArea.o EEGWindow.o ERPTier.o ERP.o ERPArea.o ERPWindow.o praat_EEG.o manual_EEG.o
ranlib libEEG.a
make[1]: Leaving directory '/d/Praat-work/稳定早期版/EEG'
make -C sensors
make[1]: Entering directory '/d/Praat-work/稳定早期版/sensors'
clang -std=gnu++17 -municode -D_FILE_OFFSET_BITS=64 -march=x86-64-v3 -O3 -Wshadow -I ../melder -I ../stat -I ../sys -I ../fon -I ../external/gsl -I ../external/clapack -I ../kar -I ../dwtools  -c -o Electroglottogram.o Electroglottogram.cpp
clang -std=gnu++17 -municode -D_FILE_OFFSET_BITS=64 -march=x86-64-v3 -O3 -Wshadow -I ../melder -I ../stat -I ../sys -I ../fon -I ../external/gsl -I ../external/clapack -I ../kar -I ../dwtools  -c -o EMA.o EMA.cpp
clang -std=gnu++17 -municode -D_FILE_OFFSET_BITS=64 -march=x86-64-v3 -O3 -Wshadow -I ../melder -I ../stat -I ../sys -I ../fon -I ../external/gsl -I ../external/clapack -I ../kar -I ../dwtools  -c -o EMArawData.o EMArawData.cpp
clang -std=gnu++17 -municode -D_FILE_OFFSET_BITS=64 -march=x86-64-v3 -O3 -Wshadow -I ../melder -I ../stat -I ../sys -I ../fon -I ../external/gsl -I ../external/clapack -I ../kar -I ../dwtools  -c -o praat_sensors_init.o praat_sensors_init.cpp
touch libsensors.a
rm libsensors.a
ar cq libsensors.a Electroglottogram.o EMA.o EMArawData.o praat_sensors_init.o
ranlib libsensors.a
make[1]: Leaving directory '/d/Praat-work/稳定早期版/sensors'
make -C gram
make[1]: Entering directory '/d/Praat-work/稳定早期版/gram'
clang -std=gnu++17 -municode -D_FILE_OFFSET_BITS=64 -march=x86-64-v3 -O3 -Wshadow -I ../kar -I ../melder -I ../sys -I ../dwsys -I ../stat -I ../dwtools -I ../fon -I ../foned  -c -o Network.o Network.cpp
clang -std=gnu++17 -municode -D_FILE_OFFSET_BITS=64 -march=x86-64-v3 -O3 -Wshadow -I ../kar -I ../melder -I ../sys -I ../dwsys -I ../stat -I ../dwtools -I ../fon -I ../foned  -c -o OTGrammar.o OTGrammar.cpp
clang -std=gnu++17 -municode -D_FILE_OFFSET_BITS=64 -march=x86-64-v3 -O3 -Wshadow -I ../kar -I ../melder -I ../sys -I ../dwsys -I ../stat -I ../dwtools -I ../fon -I ../foned  -c -o OTGrammarEditor.o OTGrammarEditor.cpp
clang -std=gnu++17 -municode -D_FILE_OFFSET_BITS=64 -march=x86-64-v3 -O3 -Wshadow -I ../kar -I ../melder -I ../sys -I ../dwsys -I ../stat -I ../dwtools -I ../fon -I ../foned  -c -o manual_gram.o manual_gram.cpp
clang -std=gnu++17 -municode -D_FILE_OFFSET_BITS=64 -march=x86-64-v3 -O3 -Wshadow -I ../kar -I ../melder -I ../sys -I ../dwsys -I ../stat -I ../dwtools -I ../fon -I ../foned  -c -o praat_gram.o praat_gram.cpp
clang -std=gnu++17 -municode -D_FILE_OFFSET_BITS=64 -march=x86-64-v3 -O3 -Wshadow -I ../kar -I ../melder -I ../sys -I ../dwsys -I ../stat -I ../dwtools -I ../fon -I ../foned  -c -o OTMulti.o OTMulti.cpp
clang -std=gnu++17 -municode -D_FILE_OFFSET_BITS=64 -march=x86-64-v3 -O3 -Wshadow -I ../kar -I ../melder -I ../sys -I ../dwsys -I ../stat -I ../dwtools -I ../fon -I ../foned  -c -o OTMultiEditor.o OTMultiEditor.cpp
clang -std=gnu++17 -municode -D_FILE_OFFSET_BITS=64 -march=x86-64-v3 -O3 -Wshadow -I ../kar -I ../melder -I ../sys -I ../dwsys -I ../stat -I ../dwtools -I ../fon -I ../foned  -c -o OTGrammar_ex_metrics.o OTGrammar_ex_metrics.cpp
clang -std=gnu++17 -municode -D_FILE_OFFSET_BITS=64 -march=x86-64-v3 -O3 -Wshadow -I ../kar -I ../melder -I ../sys -I ../dwsys -I ../stat -I ../dwtools -I ../fon -I ../foned  -c -o OTGrammar_ex_NoCoda.o OTGrammar_ex_NoCoda.cpp
clang -std=gnu++17 -municode -D_FILE_OFFSET_BITS=64 -march=x86-64-v3 -O3 -Wshadow -I ../kar -I ../melder -I ../sys -I ../dwsys -I ../stat -I ../dwtools -I ../fon -I ../foned  -c -o OTGrammar_ex_NPA.o OTGrammar_ex_NPA.cpp
clang -std=gnu++17 -municode -D_FILE_OFFSET_BITS=64 -march=x86-64-v3 -O3 -Wshadow -I ../kar -I ../melder -I ../sys -I ../dwsys -I ../stat -I ../dwtools -I ../fon -I ../foned  -c -o OTGrammar_ex_tongueRoot.o OTGrammar_ex_tongueRoot.cpp
clang -std=gnu++17 -municode -D_FILE_OFFSET_BITS=64 -march=x86-64-v3 -O3 -Wshadow -I ../kar -I ../melder -I ../sys -I ../dwsys -I ../stat -I ../dwtools -I ../fon -I ../foned  -c -o OTMulti_ex_metrics.o OTMulti_ex_metrics.cpp
clang -std=gnu++17 -municode -D_FILE_OFFSET_BITS=64 -march=x86-64-v3 -O3 -Wshadow -I ../kar -I ../melder -I ../sys -I ../dwsys -I ../stat -I ../dwtools -I ../fon -I ../foned  -c -o Layer.o Layer.cpp
clang -std=gnu++17 -municode -D_FILE_OFFSET_BITS=64 -march=x86-64-v3 -O3 -Wshadow -I ../kar -I ../melder -I ../sys -I ../dwsys -I ../stat -I ../dwtools -I ../fon -I ../foned  -c -o Net.o Net.cpp
clang -std=gnu++17 -municode -D_FILE_OFFSET_BITS=64 -march=x86-64-v3 -O3 -Wshadow -I ../kar -I ../melder -I ../sys -I ../dwsys -I ../stat -I ../dwtools -I ../fon -I ../foned  -c -o NoulliGrid.o NoulliGrid.cpp
clang -std=gnu++17 -municode -D_FILE_OFFSET_BITS=64 -march=x86-64-v3 -O3 -Wshadow -I ../kar -I ../melder -I ../sys -I ../dwsys -I ../stat -I ../dwtools -I ../fon -I ../foned  -c -o NoulliGridArea.o NoulliGridArea.cpp
clang -std=gnu++17 -municode -D_FILE_OFFSET_BITS=64 -march=x86-64-v3 -O3 -Wshadow -I ../kar -I ../melder -I ../sys -I ../dwsys -I ../stat -I ../dwtools -I ../fon -I ../foned  -c -o NoulliGridEditor.o NoulliGridEditor.cpp
clang -std=gnu++17 -municode -D_FILE_OFFSET_BITS=64 -march=x86-64-v3 -O3 -Wshadow -I ../kar -I ../melder -I ../sys -I ../dwsys -I ../stat -I ../dwtools -I ../fon -I ../foned  -c -o CubeGrid.o CubeGrid.cpp
clang -std=gnu++17 -municode -D_FILE_OFFSET_BITS=64 -march=x86-64-v3 -O3 -Wshadow -I ../kar -I ../melder -I ../sys -I ../dwsys -I ../stat -I ../dwtools -I ../fon -I ../foned  -c -o CubeGridArea.o CubeGridArea.cpp
clang -std=gnu++17 -municode -D_FILE_OFFSET_BITS=64 -march=x86-64-v3 -O3 -Wshadow -I ../kar -I ../melder -I ../sys -I ../dwsys -I ../stat -I ../dwtools -I ../fon -I ../foned  -c -o CubeGridEditor.o CubeGridEditor.cpp
touch libgram.a
rm libgram.a
ar cq libgram.a Network.o OTGrammar.o OTGrammarEditor.o manual_gram.o praat_gram.o OTMulti.o OTMultiEditor.o OTGrammar_ex_metrics.o OTGrammar_ex_NoCoda.o OTGrammar_ex_NPA.o OTGrammar_ex_tongueRoot.o OTMulti_ex_metrics.o Layer.o Net.o NoulliGrid.o NoulliGridArea.o NoulliGridEditor.o CubeGrid.o CubeGridArea.o CubeGridEditor.o
ranlib libgram.a
make[1]: Leaving directory '/d/Praat-work/稳定早期版/gram'
make -C FFNet
make[1]: Entering directory '/d/Praat-work/稳定早期版/FFNet'
clang -std=gnu++17 -municode -D_FILE_OFFSET_BITS=64 -march=x86-64-v3 -O3 -Wshadow -I ../kar -I ../melder -I ../sys -I ../dwtools -I ../fon -I ../dwsys -I ../stat -I ../gram  -c -o FFNet.o FFNet.cpp
clang -std=gnu++17 -municode -D_FILE_OFFSET_BITS=64 -march=x86-64-v3 -O3 -Wshadow -I ../kar -I ../melder -I ../sys -I ../dwtools -I ../fon -I ../dwsys -I ../stat -I ../gram  -c -o FFNet_Eigen.o FFNet_Eigen.cpp
clang -std=gnu++17 -municode -D_FILE_OFFSET_BITS=64 -march=x86-64-v3 -O3 -Wshadow -I ../kar -I ../melder -I ../sys -I ../dwtools -I ../fon -I ../dwsys -I ../stat -I ../gram  -c -o FFNet_Matrix.o FFNet_Matrix.cpp
clang -std=gnu++17 -municode -D_FILE_OFFSET_BITS=64 -march=x86-64-v3 -O3 -Wshadow -I ../kar -I ../melder -I ../sys -I ../dwtools -I ../fon -I ../dwsys -I ../stat -I ../gram  -c -o FFNet_PatternList.o FFNet_PatternList.cpp
clang -std=gnu++17 -municode -D_FILE_OFFSET_BITS=64 -march=x86-64-v3 -O3 -Wshadow -I ../kar -I ../melder -I ../sys -I ../dwtools -I ../fon -I ../dwsys -I ../stat -I ../gram  -c -o FFNet_ActivationList_Categories.o FFNet_ActivationList_Categories.cpp
clang -std=gnu++17 -municode -D_FILE_OFFSET_BITS=64 -march=x86-64-v3 -O3 -Wshadow -I ../kar -I ../melder -I ../sys -I ../dwtools -I ../fon -I ../dwsys -I ../stat -I ../gram  -c -o FFNet_PatternList_ActivationList.o FFNet_PatternList_ActivationList.cpp
clang -std=gnu++17 -municode -D_FILE_OFFSET_BITS=64 -march=x86-64-v3 -O3 -Wshadow -I ../kar -I ../melder -I ../sys -I ../dwtools -I ../fon -I ../dwsys -I ../stat -I ../gram  -c -o FFNet_PatternList_Categories.o FFNet_PatternList_Categories.cpp
clang -std=gnu++17 -municode -D_FILE_OFFSET_BITS=64 -march=x86-64-v3 -O3 -Wshadow -I ../kar -I ../melder -I ../sys -I ../dwtools -I ../fon -I ../dwsys -I ../stat -I ../gram  -c -o praat_FFNet_init.o praat_FFNet_init.cpp
clang -std=gnu++17 -municode -D_FILE_OFFSET_BITS=64 -march=x86-64-v3 -O3 -Wshadow -I ../kar -I ../melder -I ../sys -I ../dwtools -I ../fon -I ../dwsys -I ../stat -I ../gram  -c -o manual_FFNet.o manual_FFNet.cpp
In file included from FFNet.cpp:37:
In file included from ../dwtools/Matrix_extensions.h:29:
../dwsys/Graphics_extensions.h:87:37: warning: declaration shadows a field of 'structLineSegmentClipper' [-Wshadow]
   87 |         int getCohenSutherlandCode (HPoint p) {
      |                                            ^
../dwsys/Graphics_extensions.h:82:32: note: previous declaration is here
   82 |         struct structHPoint from, to, p; // working storage
      |                                       ^
../dwsys/Graphics_extensions.h:100:41: warning: declaration shadows a field of 'structLineSegmentClipper' [-Wshadow]
  100 |         void cross (HPoint a, HPoint b, HPoint p) {  // p = a x b
      |                                                ^
../dwsys/Graphics_extensions.h:82:32: note: previous declaration is here
   82 |         struct structHPoint from, to, p; // working storage
      |                                       ^
In file included from praat_FFNet_init.cpp:32:
In file included from ../dwtools/Discriminant.h:23:
In file included from ../dwtools/SSCP.h:22:
In file included from ../dwtools/TableOfReal_extensions.h:23:
../dwsys/Graphics_extensions.h:87:37: warning: declaration shadows a field of 'structLineSegmentClipper' [-Wshadow]
   87 |         int getCohenSutherlandCode (HPoint p) {
      |                                            ^
../dwsys/Graphics_extensions.h:82:32: note: previous declaration is here
   82 |         struct structHPoint from, to, p; // working storage
      |                                       ^
../dwsys/Graphics_extensions.h:100:41: warning: declaration shadows a field of 'structLineSegmentClipper' [-Wshadow]
  100 |         void cross (HPoint a, HPoint b, HPoint p) {  // p = a x b
      |                                                ^
../dwsys/Graphics_extensions.h:82:32: note: previous declaration is here
   82 |         struct structHPoint from, to, p; // working storage
      |                                       ^
2 warnings generated.
2 warnings generated.
touch libFFNet.a
rm libFFNet.a
ar cq libFFNet.a FFNet.o FFNet_Eigen.o FFNet_Matrix.o FFNet_PatternList.o FFNet_ActivationList_Categories.o FFNet_PatternList_ActivationList.o FFNet_PatternList_Categories.o praat_FFNet_init.o manual_FFNet.o
ranlib libFFNet.a
make[1]: Leaving directory '/d/Praat-work/稳定早期版/FFNet'
make -C artsynth
make[1]: Entering directory '/d/Praat-work/稳定早期版/artsynth'
clang -std=gnu++17 -municode -D_FILE_OFFSET_BITS=64 -march=x86-64-v3 -O3 -Wshadow -I ../kar -I ../melder -I ../sys -I ../fon -I ../stat  -c -o Speaker.o Speaker.cpp
clang -std=gnu++17 -municode -D_FILE_OFFSET_BITS=64 -march=x86-64-v3 -O3 -Wshadow -I ../kar -I ../melder -I ../sys -I ../fon -I ../stat  -c -o Articulation.o Articulation.cpp
clang -std=gnu++17 -municode -D_FILE_OFFSET_BITS=64 -march=x86-64-v3 -O3 -Wshadow -I ../kar -I ../melder -I ../sys -I ../fon -I ../stat  -c -o Artword.o Artword.cpp
clang -std=gnu++17 -municode -D_FILE_OFFSET_BITS=64 -march=x86-64-v3 -O3 -Wshadow -I ../kar -I ../melder -I ../sys -I ../fon -I ../stat  -c -o Art_Speaker.o Art_Speaker.cpp
clang -std=gnu++17 -municode -D_FILE_OFFSET_BITS=64 -march=x86-64-v3 -O3 -Wshadow -I ../kar -I ../melder -I ../sys -I ../fon -I ../stat  -c -o Art_Speaker_to_VocalTract.o Art_Speaker_to_VocalTract.cpp
clang -std=gnu++17 -municode -D_FILE_OFFSET_BITS=64 -march=x86-64-v3 -O3 -Wshadow -I ../kar -I ../melder -I ../sys -I ../fon -I ../stat  -c -o Artword_Speaker.o Artword_Speaker.cpp
clang -std=gnu++17 -municode -D_FILE_OFFSET_BITS=64 -march=x86-64-v3 -O3 -Wshadow -I ../kar -I ../melder -I ../sys -I ../fon -I ../stat  -c -o Artword_Speaker_Sound.o Artword_Speaker_Sound.cpp
clang -std=gnu++17 -municode -D_FILE_OFFSET_BITS=64 -march=x86-64-v3 -O3 -Wshadow -I ../kar -I ../melder -I ../sys -I ../fon -I ../stat  -c -o Artword_Speaker_to_Sound.o Artword_Speaker_to_Sound.cpp
clang -std=gnu++17 -municode -D_FILE_OFFSET_BITS=64 -march=x86-64-v3 -O3 -Wshadow -I ../kar -I ../melder -I ../sys -I ../fon -I ../stat  -c -o Artword_to_Art.o Artword_to_Art.cpp
clang -std=gnu++17 -municode -D_FILE_OFFSET_BITS=64 -march=x86-64-v3 -O3 -Wshadow -I ../kar -I ../melder -I ../sys -I ../fon -I ../stat  -c -o Delta.o Delta.cpp
clang -std=gnu++17 -municode -D_FILE_OFFSET_BITS=64 -march=x86-64-v3 -O3 -Wshadow -I ../kar -I ../melder -I ../sys -I ../fon -I ../stat  -c -o Speaker_to_Delta.o Speaker_to_Delta.cpp
clang -std=gnu++17 -municode -D_FILE_OFFSET_BITS=64 -march=x86-64-v3 -O3 -Wshadow -I ../kar -I ../melder -I ../sys -I ../fon -I ../stat  -c -o Art_Speaker_Delta.o Art_Speaker_Delta.cpp
clang -std=gnu++17 -municode -D_FILE_OFFSET_BITS=64 -march=x86-64-v3 -O3 -Wshadow -I ../kar -I ../melder -I ../sys -I ../fon -I ../stat  -c -o ArtwordEditor.o ArtwordEditor.cpp
clang -std=gnu++17 -municode -D_FILE_OFFSET_BITS=64 -march=x86-64-v3 -O3 -Wshadow -I ../kar -I ../melder -I ../sys -I ../fon -I ../stat  -c -o praat_Artsynth.o praat_Artsynth.cpp
clang -std=gnu++17 -municode -D_FILE_OFFSET_BITS=64 -march=x86-64-v3 -O3 -Wshadow -I ../kar -I ../melder -I ../sys -I ../fon -I ../stat  -c -o manual_Artsynth.o manual_Artsynth.cpp
touch libartsynth.a
rm libartsynth.a
ar cq libartsynth.a Speaker.o Articulation.o Artword.o Art_Speaker.o Art_Speaker_to_VocalTract.o Artword_Speaker.o Artword_Speaker_Sound.o Artword_Speaker_to_Sound.o Artword_to_Art.o Delta.o Speaker_to_Delta.o Art_Speaker_Delta.o ArtwordEditor.o praat_Artsynth.o manual_Artsynth.o
ranlib libartsynth.a
make[1]: Leaving directory '/d/Praat-work/稳定早期版/artsynth'
make -C main main_Praat.o praat_win.o
make[1]: Entering directory '/d/Praat-work/稳定早期版/main'
clang -std=gnu++17 -municode -D_FILE_OFFSET_BITS=64 -march=x86-64-v3 -O3 -Wshadow -I ../kar -I ../melder -I ../sys -I ../fon  -c -o main_Praat.o main_Praat.cpp
windres -o praat_win.o praat_win.rc
make[1]: Leaving directory '/d/Praat-work/稳定早期版/main'
clang -o Praat.exe main/main_Praat.o main/praat_win.o fon/libfon.a \
	artsynth/libartsynth.a FFNet/libFFNet.a \
	gram/libgram.a EEG/libEEG.a \
	LPC/libLPC.a dwtools/libdwtools.a sensors/libsensors.a \
	foned/libfoned.a fon/libfon.a stat/libstat.a \
	dwsys/libdwsys.a sys/libsys.a melder/libmelder.a kar/libkar.a \
	external/espeak/libespeak.a \
	external/portaudio/libportaudio.a \
	external/flac/libflac.a external/lame/liblame.a external/mp3/libmp3.a \
	external/glpk/libglpk.a \
	external/clapack/libclapack.a \
	external/gsl/libgsl.a \
	external/num/libnum.a \
	external/vorbis/libvorbis.a \
	external/opusfile/libopusfile.a \
	external/whispercpp/libwhisper.a \
	external/blake3/libblake3.a \
	external/zlib/libzlib.a \
               -lwinmm -lwsock32 -lcomctl32 -lole32 -lgdi32 -lgdiplus -lcomdlg32 -lwinspool -lshell32 -luxtheme -ldwmapi -static -lc++ -lc++abi -mwindows 
