OS detected as Windows
ARCHITECTURE: given as "x64v3", resolved as "-march=x86-64-v3"
make -C external/clapack
make -C kar
make[1]: Entering directory '/d/Praat-work/稳定早期版/kar'
make[1]: Nothing to be done for 'all'.
make[1]: Leaving directory '/d/Praat-work/稳定早期版/kar'
make -C melder
make[1]: Entering directory '/d/Praat-work/稳定早期版/external/clapack'
make[1]: Nothing to be done for 'all'.
make[1]: Leaving directory '/d/Praat-work/稳定早期版/external/clapack'
make -C external/gsl
make[1]: Entering directory '/d/Praat-work/稳定早期版/melder'
clang -std=gnu++17 -municode -D_FILE_OFFSET_BITS=64 -march=x86-64-v3 -O3 -Wshadow -I ../melder -I ../sys  -c -o melder.o melder.cpp
clang -std=gnu++17 -municode -D_FILE_OFFSET_BITS=64 -march=x86-64-v3 -O3 -Wshadow -I ../melder -I ../sys  -c -o complex.o complex.cpp
clang -std=gnu++17 -municode -D_FILE_OFFSET_BITS=64 -march=x86-64-v3 -O3 -Wshadow -I ../melder -I ../sys  -c -o melder_alloc.o melder_alloc.cpp
clang -std=gnu++17 -municode -D_FILE_OFFSET_BITS=64 -march=x86-64-v3 -O3 -Wshadow -I ../melder -I ../sys  -c -o melder_str32.o melder_str32.cpp
clang -std=gnu++17 -municode -D_FILE_OFFSET_BITS=64 -march=x86-64-v3 -O3 -Wshadow -I ../melder -I ../sys  -c -o melder_colour.o melder_colour.cpp
clang -std=gnu++17 -municode -D_FILE_OFFSET_BITS=64 -march=x86-64-v3 -O3 -Wshadow -I ../melder -I ../sys  -c -o melder_ftoa.o melder_ftoa.cpp
clang -std=gnu++17 -municode -D_FILE_OFFSET_BITS=64 -march=x86-64-v3 -O3 -Wshadow -I ../melder -I ../sys  -c -o melder_console.o melder_console.cpp
clang -std=gnu++17 -municode -D_FILE_OFFSET_BITS=64 -march=x86-64-v3 -O3 -Wshadow -I ../melder -I ../sys  -c -o melder_atof.o melder_atof.cpp
clang -std=gnu++17 -municode -D_FILE_OFFSET_BITS=64 -march=x86-64-v3 -O3 -Wshadow -I ../melder -I ../sys  -c -o melder_files.o melder_files.cpp
clang -std=gnu++17 -municode -D_FILE_OFFSET_BITS=64 -march=x86-64-v3 -O3 -Wshadow -I ../melder -I ../sys  -c -o melder_sort.o melder_sort.cpp
clang -std=gnu++17 -municode -D_FILE_OFFSET_BITS=64 -march=x86-64-v3 -O3 -Wshadow -I ../melder -I ../sys  -c -o MelderString.o MelderString.cpp
make[1]: Entering directory '/d/Praat-work/稳定早期版/external/gsl'
make[1]: Nothing to be done for 'all'.
make[1]: Leaving directory '/d/Praat-work/稳定早期版/external/gsl'
make -C external/glpk
make[1]: Entering directory '/d/Praat-work/稳定早期版/external/glpk'
make[1]: Nothing to be done for 'all'.
make[1]: Leaving directory '/d/Praat-work/稳定早期版/external/glpk'
make -C external/lame
make[1]: Entering directory '/d/Praat-work/稳定早期版/external/lame'
make[1]: Nothing to be done for 'all'.
make[1]: Leaving directory '/d/Praat-work/稳定早期版/external/lame'
make -C external/mp3
make[1]: Entering directory '/d/Praat-work/稳定早期版/external/mp3'
make[1]: Nothing to be done for 'all'.
make[1]: Leaving directory '/d/Praat-work/稳定早期版/external/mp3'
make -C external/num
make[1]: Entering directory '/d/Praat-work/稳定早期版/external/num'
make[1]: Nothing to be done for 'all'.
make[1]: Leaving directory '/d/Praat-work/稳定早期版/external/num'
make -C external/flac
make[1]: Entering directory '/d/Praat-work/稳定早期版/external/flac'
make[1]: Nothing to be done for 'all'.
make[1]: Leaving directory '/d/Praat-work/稳定早期版/external/flac'
make -C external/portaudio
clang -std=gnu++17 -municode -D_FILE_OFFSET_BITS=64 -march=x86-64-v3 -O3 -Wshadow -I ../melder -I ../sys  -c -o melder_textencoding.o melder_textencoding.cpp
clang -std=gnu++17 -municode -D_FILE_OFFSET_BITS=64 -march=x86-64-v3 -O3 -Wshadow -I ../melder -I ../sys  -c -o melder_debug.o melder_debug.cpp
make[1]: Entering directory '/d/Praat-work/稳定早期版/external/portaudio'
make[1]: Nothing to be done for 'all'.
make[1]: Leaving directory '/d/Praat-work/稳定早期版/external/portaudio'
clang -std=gnu++17 -municode -D_FILE_OFFSET_BITS=64 -march=x86-64-v3 -O3 -Wshadow -I ../melder -I ../sys  -c -o MelderFile.o MelderFile.cpp
make -C external/espeak
clang -std=gnu++17 -municode -D_FILE_OFFSET_BITS=64 -march=x86-64-v3 -O3 -Wshadow -I ../melder -I ../sys  -c -o MelderCat.o MelderCat.cpp
clang -std=gnu++17 -municode -D_FILE_OFFSET_BITS=64 -march=x86-64-v3 -O3 -Wshadow -I ../melder -I ../sys  -c -o melder_search.o melder_search.cpp
clang -std=gnu++17 -municode -D_FILE_OFFSET_BITS=64 -march=x86-64-v3 -O3 -Wshadow -I ../melder -I ../sys  -c -o MelderThread.o MelderThread.cpp
make[1]: Entering directory '/d/Praat-work/稳定早期版/external/espeak'
clang -std=gnu++17 -municode -D_FILE_OFFSET_BITS=64 -march=x86-64-v3 -O3 -Wshadow -I ../../kar -I ../../melder -I ../../sys -I ../../dwsys -I ../../stat  -c -o case.o case.cpp
clang -std=gnu++17 -municode -D_FILE_OFFSET_BITS=64 -march=x86-64-v3 -O3 -Wshadow -I ../melder -I ../sys  -c -o melder_info.o melder_info.cpp
clang -std=gnu++17 -municode -D_FILE_OFFSET_BITS=64 -march=x86-64-v3 -O3 -Wshadow -I ../../kar -I ../../melder -I ../../sys -I ../../dwsys -I ../../stat  -c -o categories.o categories.cpp
clang -std=gnu++17 -municode -D_FILE_OFFSET_BITS=64 -march=x86-64-v3 -O3 -Wshadow -I ../melder -I ../sys  -c -o melder_error.o melder_error.cpp
clang -std=gnu++17 -municode -D_FILE_OFFSET_BITS=64 -march=x86-64-v3 -O3 -Wshadow -I ../../kar -I ../../melder -I ../../sys -I ../../dwsys -I ../../stat  -c -o common.o common.cpp
clang -std=gnu++17 -municode -D_FILE_OFFSET_BITS=64 -march=x86-64-v3 -O3 -Wshadow -I ../../kar -I ../../melder -I ../../sys -I ../../dwsys -I ../../stat  -c -o compiledict.o compiledict.cpp
clang -std=gnu++17 -municode -D_FILE_OFFSET_BITS=64 -march=x86-64-v3 -O3 -Wshadow -I ../../kar -I ../../melder -I ../../sys -I ../../dwsys -I ../../stat  -c -o dictionary.o dictionary.cpp
clang -std=gnu++17 -municode -D_FILE_OFFSET_BITS=64 -march=x86-64-v3 -O3 -Wshadow -I ../../kar -I ../../melder -I ../../sys -I ../../dwsys -I ../../stat  -c -o encoding.o encoding.cpp
clang -std=gnu++17 -municode -D_FILE_OFFSET_BITS=64 -march=x86-64-v3 -O3 -Wshadow -I ../melder -I ../sys  -c -o melder_warning.o melder_warning.cpp
clang -std=gnu++17 -municode -D_FILE_OFFSET_BITS=64 -march=x86-64-v3 -O3 -Wshadow -I ../../kar -I ../../melder -I ../../sys -I ../../dwsys -I ../../stat  -c -o error.o error.cpp
clang -std=gnu++17 -municode -D_FILE_OFFSET_BITS=64 -march=x86-64-v3 -O3 -Wshadow -I ../melder -I ../sys  -c -o melder_progress.o melder_progress.cpp
clang -std=gnu++17 -municode -D_FILE_OFFSET_BITS=64 -march=x86-64-v3 -O3 -Wshadow -I ../../kar -I ../../melder -I ../../sys -I ../../dwsys -I ../../stat  -c -o espeak_api.o espeak_api.cpp
clang -std=gnu++17 -municode -D_FILE_OFFSET_BITS=64 -march=x86-64-v3 -O3 -Wshadow -I ../../kar -I ../../melder -I ../../sys -I ../../dwsys -I ../../stat  -c -o intonation.o intonation.cpp
clang -std=gnu++17 -municode -D_FILE_OFFSET_BITS=64 -march=x86-64-v3 -O3 -Wshadow -I ../melder -I ../sys  -c -o melder_casual.o melder_casual.cpp
clang -std=gnu++17 -municode -D_FILE_OFFSET_BITS=64 -march=x86-64-v3 -O3 -Wshadow -I ../../kar -I ../../melder -I ../../sys -I ../../dwsys -I ../../stat  -c -o klatt.o klatt.cpp
clang -std=gnu++17 -municode -D_FILE_OFFSET_BITS=64 -march=x86-64-v3 -O3 -Wshadow -I ../../kar -I ../../melder -I ../../sys -I ../../dwsys -I ../../stat  -c -o langopts.o langopts.cpp
clang -std=gnu++17 -municode -D_FILE_OFFSET_BITS=64 -march=x86-64-v3 -O3 -Wshadow -I ../melder -I ../sys  -c -o melder_play.o melder_play.cpp
clang -std=gnu++17 -municode -D_FILE_OFFSET_BITS=64 -march=x86-64-v3 -O3 -Wshadow -I ../melder -I ../sys  -c -o melder_help.o melder_help.cpp
clang -std=gnu++17 -municode -D_FILE_OFFSET_BITS=64 -march=x86-64-v3 -O3 -Wshadow -I ../melder -I ../sys  -c -o melder_time.o melder_time.cpp
clang -std=gnu++17 -municode -D_FILE_OFFSET_BITS=64 -march=x86-64-v3 -O3 -Wshadow -I ../melder -I ../sys  -c -o melder_audio.o melder_audio.cpp
clang -std=gnu++17 -municode -D_FILE_OFFSET_BITS=64 -march=x86-64-v3 -O3 -Wshadow -I ../../kar -I ../../melder -I ../../sys -I ../../dwsys -I ../../stat  -c -o mnemonics.o mnemonics.cpp
clang -std=gnu++17 -municode -D_FILE_OFFSET_BITS=64 -march=x86-64-v3 -O3 -Wshadow -I ../../kar -I ../../melder -I ../../sys -I ../../dwsys -I ../../stat  -c -o numbers.o numbers.cpp
clang -std=gnu++17 -municode -D_FILE_OFFSET_BITS=64 -march=x86-64-v3 -O3 -Wshadow -I ../melder -I ../sys  -c -o melder_audiofiles.o melder_audiofiles.cpp
clang -std=gnu++17 -municode -D_FILE_OFFSET_BITS=64 -march=x86-64-v3 -O3 -Wshadow -I ../melder -I ../sys  -c -o melder_quantity.o melder_quantity.cpp
clang -std=gnu++17 -municode -D_FILE_OFFSET_BITS=64 -march=x86-64-v3 -O3 -Wshadow -I ../melder -I ../sys  -c -o MelderReadText.o MelderReadText.cpp
clang -std=gnu++17 -municode -D_FILE_OFFSET_BITS=64 -march=x86-64-v3 -O3 -Wshadow -I ../melder -I ../sys  -c -o melder_tensorio.o melder_tensorio.cpp
clang -std=gnu++17 -municode -D_FILE_OFFSET_BITS=64 -march=x86-64-v3 -O3 -Wshadow -I ../../kar -I ../../melder -I ../../sys -I ../../dwsys -I ../../stat  -c -o phonemelist.o phonemelist.cpp
clang -std=gnu++17 -municode -D_FILE_OFFSET_BITS=64 -march=x86-64-v3 -O3 -Wshadow -I ../melder -I ../sys  -c -o abcio.o abcio.cpp
clang -std=gnu++17 -municode -D_FILE_OFFSET_BITS=64 -march=x86-64-v3 -O3 -Wshadow -I ../melder -I ../sys  -c -o melder_sysenv.o melder_sysenv.cpp
clang -std=gnu++17 -municode -D_FILE_OFFSET_BITS=64 -march=x86-64-v3 -O3 -Wshadow -I ../../kar -I ../../melder -I ../../sys -I ../../dwsys -I ../../stat  -c -o proplist.o proplist.cpp
clang -std=gnu++17 -municode -D_FILE_OFFSET_BITS=64 -march=x86-64-v3 -O3 -Wshadow -I ../../kar -I ../../melder -I ../../sys -I ../../dwsys -I ../../stat  -c -o readclause.o readclause.cpp
clang -std=gnu++17 -municode -D_FILE_OFFSET_BITS=64 -march=x86-64-v3 -O3 -Wshadow -I ../melder -I ../sys  -c -o melder_app.o melder_app.cpp
clang -std=gnu++17 -municode -D_FILE_OFFSET_BITS=64 -march=x86-64-v3 -O3 -Wshadow -I ../../kar -I ../../melder -I ../../sys -I ../../dwsys -I ../../stat  -c -o setlengths.o setlengths.cpp
clang -std=gnu++17 -municode -D_FILE_OFFSET_BITS=64 -march=x86-64-v3 -O3 -Wshadow -I ../../kar -I ../../melder -I ../../sys -I ../../dwsys -I ../../stat  -c -o soundicon.o soundicon.cpp
clang -std=gnu++17 -municode -D_FILE_OFFSET_BITS=64 -march=x86-64-v3 -O3 -Wshadow -I ../melder -I ../sys  -c -o melder_trust.o melder_trust.cpp
clang -std=gnu++17 -municode -D_FILE_OFFSET_BITS=64 -march=x86-64-v3 -O3 -Wshadow -I ../../kar -I ../../melder -I ../../sys -I ../../dwsys -I ../../stat  -c -o speech.o speech.cpp
clang -std=gnu++17 -municode -D_FILE_OFFSET_BITS=64 -march=x86-64-v3 -O3 -Wshadow -I ../../kar -I ../../melder -I ../../sys -I ../../dwsys -I ../../stat  -c -o ssml.o ssml.cpp
clang -std=gnu++17 -municode -D_FILE_OFFSET_BITS=64 -march=x86-64-v3 -O3 -Wshadow -I ../../kar -I ../../melder -I ../../sys -I ../../dwsys -I ../../stat  -c -o synthdata.o synthdata.cpp
clang -std=gnu++17 -municode -D_FILE_OFFSET_BITS=64 -march=x86-64-v3 -O3 -Wshadow -I ../../kar -I ../../melder -I ../../sys -I ../../dwsys -I ../../stat  -c -o synthesize.o synthesize.cpp
clang -std=gnu++17 -municode -D_FILE_OFFSET_BITS=64 -march=x86-64-v3 -O3 -Wshadow -I ../melder -I ../sys  -c -o regularExp.o regularExp.cpp
clang -std=gnu++17 -municode -D_FILE_OFFSET_BITS=64 -march=x86-64-v3 -O3 -Wshadow -I ../../kar -I ../../melder -I ../../sys -I ../../dwsys -I ../../stat  -c -o tr_languages.o tr_languages.cpp
clang -std=gnu++17 -municode -D_FILE_OFFSET_BITS=64 -march=x86-64-v3 -O3 -Wshadow -I ../../kar -I ../../melder -I ../../sys -I ../../dwsys -I ../../stat  -c -o translate.o translate.cpp
clang -std=gnu++17 -municode -D_FILE_OFFSET_BITS=64 -march=x86-64-v3 -O3 -Wshadow -I ../../kar -I ../../melder -I ../../sys -I ../../dwsys -I ../../stat  -c -o translateword.o translateword.cpp
clang -std=gnu++17 -municode -D_FILE_OFFSET_BITS=64 -march=x86-64-v3 -O3 -Wshadow -I ../../kar -I ../../melder -I ../../sys -I ../../dwsys -I ../../stat  -c -o voices.o voices.cpp
clang -std=gnu++17 -municode -D_FILE_OFFSET_BITS=64 -march=x86-64-v3 -O3 -Wshadow -I ../melder -I ../sys  -c -o NUMmath.o NUMmath.cpp
clang -std=gnu++17 -municode -D_FILE_OFFSET_BITS=64 -march=x86-64-v3 -O3 -Wshadow -I ../melder -I ../sys  -c -o NUMspecfunc.o NUMspecfunc.cpp
clang -std=gnu++17 -municode -D_FILE_OFFSET_BITS=64 -march=x86-64-v3 -O3 -Wshadow -I ../melder -I ../sys  -c -o NUMear.o NUMear.cpp
clang -std=gnu++17 -municode -D_FILE_OFFSET_BITS=64 -march=x86-64-v3 -O3 -Wshadow -I ../melder -I ../sys  -c -o NUMinterpol.o NUMinterpol.cpp
speech.cpp:558:19: warning: declaration shadows a variable in the global namespace [-Wshadow]
  558 |         static const int mbrola_delay = 0;
      |                          ^
./mbrola.h:44:12: note: previous declaration is here
   44 | extern int mbrola_delay;
      |            ^
clang -std=gnu++17 -municode -D_FILE_OFFSET_BITS=64 -march=x86-64-v3 -O3 -Wshadow -I ../../kar -I ../../melder -I ../../sys -I ../../dwsys -I ../../stat  -c -o wavegen.o wavegen.cpp
1 warning generated.
clang -std=gnu++17 -municode -D_FILE_OFFSET_BITS=64 -march=x86-64-v3 -O3 -Wshadow -I ../melder -I ../sys  -c -o NUMmetrics.o NUMmetrics.cpp
clang -std=gnu++17 -municode -D_FILE_OFFSET_BITS=64 -march=x86-64-v3 -O3 -Wshadow -I ../../kar -I ../../melder -I ../../sys -I ../../dwsys -I ../../stat  -c -o espeak_praat_FileInMemorySet_addLanguages.o espeak_praat_FileInMemorySet_addLanguages.cpp
clang -std=gnu++17 -municode -D_FILE_OFFSET_BITS=64 -march=x86-64-v3 -O3 -Wshadow -I ../../kar -I ../../melder -I ../../sys -I ../../dwsys -I ../../stat  -c -o espeak_praat_FileInMemorySet_addVoices.o espeak_praat_FileInMemorySet_addVoices.cpp
clang -std=gnu++17 -municode -D_FILE_OFFSET_BITS=64 -march=x86-64-v3 -O3 -Wshadow -I ../../kar -I ../../melder -I ../../sys -I ../../dwsys -I ../../stat  -c -o espeak_praat_FileInMemorySet_addDicts.o espeak_praat_FileInMemorySet_addDicts.cpp
clang -std=gnu++17 -municode -D_FILE_OFFSET_BITS=64 -march=x86-64-v3 -O3 -Wshadow -I ../../kar -I ../../melder -I ../../sys -I ../../dwsys -I ../../stat  -c -o espeak_praat_FileInMemorySet_addPhon.o espeak_praat_FileInMemorySet_addPhon.cpp
clang -std=gnu++17 -municode -D_FILE_OFFSET_BITS=64 -march=x86-64-v3 -O3 -Wshadow -I ../melder -I ../sys  -c -o NUMrandom.o NUMrandom.cpp
clang -std=gnu++17 -municode -D_FILE_OFFSET_BITS=64 -march=x86-64-v3 -O3 -Wshadow -I ../melder -I ../sys  -c -o NUMfilter.o NUMfilter.cpp
clang -std=gnu++17 -municode -D_FILE_OFFSET_BITS=64 -march=x86-64-v3 -O3 -Wshadow -I ../../kar -I ../../melder -I ../../sys -I ../../dwsys -I ../../stat  -c -o espeak_praat.o espeak_praat.cpp
clang -std=gnu++17 -municode -D_FILE_OFFSET_BITS=64 -march=x86-64-v3 -O3 -Wshadow -I ../melder -I ../sys  -c -o NUMlinprog.o NUMlinprog.cpp
voices.cpp:190:11: warning: 33 enumeration values not handled in switch: 'V_PHONEMES', 'V_DICTIONARY', 'V_MAINTAINER'... [-Wswitch]
  190 |                 switch ((VOICELANGATTRIBUTES) LookupMnem(keyword_tab, linebuf))
      |                         ^~~~~~~~~~~~~~~~~~~~~~~~~~~~~~~~~~~~~~~~~~~~~~~~~~~~~~
clang -std=gnu++17 -municode -D_FILE_OFFSET_BITS=64 -march=x86-64-v3 -O3 -Wshadow -I ../melder -I ../sys  -c -o NUM.o NUM.cpp
clang -std=gnu++17 -municode -D_FILE_OFFSET_BITS=64 -march=x86-64-v3 -O3 -Wshadow -I ../melder -I ../sys  -c -o STR.o STR.cpp
1 warning generated.
clang -std=gnu++17 -municode -D_FILE_OFFSET_BITS=64 -march=x86-64-v3 -O3 -Wshadow -I ../melder -I ../sys  -c -o VEC.o VEC.cpp
clang -std=gnu++17 -municode -D_FILE_OFFSET_BITS=64 -march=x86-64-v3 -O3 -Wshadow -I ../melder -I ../sys  -c -o MAT.o MAT.cpp
clang -std=gnu++17 -municode -D_FILE_OFFSET_BITS=64 -march=x86-64-v3 -O3 -Wshadow -I ../melder -I ../sys  -c -o STRVEC.o STRVEC.cpp
touch libespeak.a
rm libespeak.a
ar cq libespeak.a case.o categories.o common.o compiledict.o dictionary.o encoding.o error.o espeak_api.o intonation.o klatt.o langopts.o mnemonics.o numbers.o phonemelist.o proplist.o readclause.o setlengths.o soundicon.o speech.o ssml.o synthdata.o synthesize.o tr_languages.o translate.o translateword.o voices.o wavegen.o espeak_praat_FileInMemorySet_addLanguages.o espeak_praat_FileInMemorySet_addVoices.o espeak_praat_FileInMemorySet_addDicts.o espeak_praat_FileInMemorySet_addPhon.o espeak_praat.o
ranlib libespeak.a
make[1]: Leaving directory '/d/Praat-work/稳定早期版/external/espeak'
make -C external/vorbis
make[1]: Entering directory '/d/Praat-work/稳定早期版/external/vorbis'
make[1]: Nothing to be done for 'all'.
make[1]: Leaving directory '/d/Praat-work/稳定早期版/external/vorbis'
make -C external/opusfile
make[1]: Entering directory '/d/Praat-work/稳定早期版/external/opusfile'
make[1]: Nothing to be done for 'all'.
make[1]: Leaving directory '/d/Praat-work/稳定早期版/external/opusfile'
make -C external/whispercpp
make[1]: Entering directory '/d/Praat-work/稳定早期版/external/whispercpp'
make[1]: Nothing to be done for 'all'.
make[1]: Leaving directory '/d/Praat-work/稳定早期版/external/whispercpp'
make -C external/blake3
make[1]: Entering directory '/d/Praat-work/稳定早期版/external/blake3'
make[1]: Nothing to be done for 'all'.
make[1]: Leaving directory '/d/Praat-work/稳定早期版/external/blake3'
make -C external/zlib
make[1]: Entering directory '/d/Praat-work/稳定早期版/external/zlib'
make[1]: Nothing to be done for 'all'.
make[1]: Leaving directory '/d/Praat-work/稳定早期版/external/zlib'
touch libmelder.a
rm libmelder.a
ar cq libmelder.a melder.o complex.o melder_alloc.o melder_str32.o melder_colour.o melder_ftoa.o melder_console.o melder_atof.o melder_files.o melder_sort.o MelderString.o melder_textencoding.o melder_debug.o MelderFile.o MelderCat.o melder_search.o MelderThread.o melder_info.o melder_error.o melder_warning.o melder_progress.o melder_casual.o melder_play.o melder_help.o melder_time.o melder_audio.o melder_audiofiles.o melder_quantity.o MelderReadText.o melder_tensorio.o abcio.o melder_sysenv.o melder_app.o melder_trust.o regularExp.o NUMmath.o NUMspecfunc.o NUMear.o NUMinterpol.o NUMmetrics.o NUMrandom.o NUMfilter.o NUMlinprog.o NUM.o STR.o VEC.o MAT.o STRVEC.o
ranlib libmelder.a
make[1]: Leaving directory '/d/Praat-work/稳定早期版/melder'
make -C sys
make[1]: Entering directory '/d/Praat-work/稳定早期版/sys'
clang -std=gnu++17 -municode -D_FILE_OFFSET_BITS=64 -march=x86-64-v3 -O3 -Wshadow -I ../kar -I ../melder -I ../sys -I ../dwsys -I ../stat -I ../fon  -c -o Thing.o Thing.cpp
clang -std=gnu++17 -municode -D_FILE_OFFSET_BITS=64 -march=x86-64-v3 -O3 -Wshadow -I ../kar -I ../melder -I ../sys -I ../dwsys -I ../stat -I ../fon  -c -o Data.o Data.cpp
clang -std=gnu++17 -municode -D_FILE_OFFSET_BITS=64 -march=x86-64-v3 -O3 -Wshadow -I ../kar -I ../melder -I ../sys -I ../dwsys -I ../stat -I ../fon  -c -o Simple.o Simple.cpp
clang -std=gnu++17 -municode -D_FILE_OFFSET_BITS=64 -march=x86-64-v3 -O3 -Wshadow -I ../kar -I ../melder -I ../sys -I ../dwsys -I ../stat -I ../fon  -c -o Collection.o Collection.cpp
clang -std=gnu++17 -municode -D_FILE_OFFSET_BITS=64 -march=x86-64-v3 -O3 -Wshadow -I ../kar -I ../melder -I ../sys -I ../dwsys -I ../stat -I ../fon  -c -o Strings.o Strings.cpp
clang -std=gnu++17 -municode -D_FILE_OFFSET_BITS=64 -march=x86-64-v3 -O3 -Wshadow -I ../kar -I ../melder -I ../sys -I ../dwsys -I ../stat -I ../fon  -c -o Graphics.o Graphics.cpp
clang -std=gnu++17 -municode -D_FILE_OFFSET_BITS=64 -march=x86-64-v3 -O3 -Wshadow -I ../kar -I ../melder -I ../sys -I ../dwsys -I ../stat -I ../fon  -c -o Graphics_linesAndAreas.o Graphics_linesAndAreas.cpp
clang -std=gnu++17 -municode -D_FILE_OFFSET_BITS=64 -march=x86-64-v3 -O3 -Wshadow -I ../kar -I ../melder -I ../sys -I ../dwsys -I ../stat -I ../fon  -c -o Graphics_text.o Graphics_text.cpp
clang -std=gnu++17 -municode -D_FILE_OFFSET_BITS=64 -march=x86-64-v3 -O3 -Wshadow -I ../kar -I ../melder -I ../sys -I ../dwsys -I ../stat -I ../fon  -c -o Graphics_colour.o Graphics_colour.cpp
clang -std=gnu++17 -municode -D_FILE_OFFSET_BITS=64 -march=x86-64-v3 -O3 -Wshadow -I ../kar -I ../melder -I ../sys -I ../dwsys -I ../stat -I ../fon  -c -o Graphics_image.o Graphics_image.cpp
clang -std=gnu++17 -municode -D_FILE_OFFSET_BITS=64 -march=x86-64-v3 -O3 -Wshadow -I ../kar -I ../melder -I ../sys -I ../dwsys -I ../stat -I ../fon  -c -o Graphics_record.o Graphics_record.cpp
clang -std=gnu++17 -municode -D_FILE_OFFSET_BITS=64 -march=x86-64-v3 -O3 -Wshadow -I ../kar -I ../melder -I ../sys -I ../dwsys -I ../stat -I ../fon  -c -o Graphics_utils.o Graphics_utils.cpp
clang -std=gnu++17 -municode -D_FILE_OFFSET_BITS=64 -march=x86-64-v3 -O3 -Wshadow -I ../kar -I ../melder -I ../sys -I ../dwsys -I ../stat -I ../fon  -c -o Graphics_grey.o Graphics_grey.cpp
clang -std=gnu++17 -municode -D_FILE_OFFSET_BITS=64 -march=x86-64-v3 -O3 -Wshadow -I ../kar -I ../melder -I ../sys -I ../dwsys -I ../stat -I ../fon  -c -o Graphics_altitude.o Graphics_altitude.cpp
clang -std=gnu++17 -municode -D_FILE_OFFSET_BITS=64 -march=x86-64-v3 -O3 -Wshadow -I ../kar -I ../melder -I ../sys -I ../dwsys -I ../stat -I ../fon  -c -o GraphicsPostscript.o GraphicsPostscript.cpp
clang -std=gnu++17 -municode -D_FILE_OFFSET_BITS=64 -march=x86-64-v3 -O3 -Wshadow -I ../kar -I ../melder -I ../sys -I ../dwsys -I ../stat -I ../fon  -c -o Graphics_surface.o Graphics_surface.cpp
clang -std=gnu++17 -municode -D_FILE_OFFSET_BITS=64 -march=x86-64-v3 -O3 -Wshadow -I ../kar -I ../melder -I ../sys -I ../dwsys -I ../stat -I ../fon  -c -o ManPage.o ManPage.cpp
Graphics_text.cpp:811:66: warning: expression result unused [-Wunused-value]
  811 |                         SelectPen (my d_gdiGraphicsContext, GetStockPen (BLACK_PEN)), SelectBrush (my d_gdiGraphicsContext, GetStockBrush (NULL_BRUSH));
      |                                                                                       ^~~~~~~~~~~~~~~~~~~~~~~~~~~~~~~~~~~~~~~~~~~~~~~~~~~~~~~~~~~~~~~~~
C:/msys64/clang64/include/windowsx.h:32:31: note: expanded from macro 'SelectBrush'
   32 | #define SelectBrush(hdc,hbr) ((HBRUSH)SelectObject((hdc),(HGDIOBJ)(HBRUSH)(hbr)))
      |                               ^       ~~~~~~~~~~~~~~~~~~~~~~~~~~~~~~~~~~~~~~~~~~
clang -std=gnu++17 -municode -D_FILE_OFFSET_BITS=64 -march=x86-64-v3 -O3 -Wshadow -I ../kar -I ../melder -I ../sys -I ../dwsys -I ../stat -I ../fon  -c -o ManPages.o ManPages.cpp
Graphics_grey.cpp:127:31: warning: declaration shadows a variable in the global namespace [-Wshadow]
  127 | static void fillGrey (integer numberOfPoints, constVECVU const& x, constVECVU const& y, int igrey)
      |                               ^
Graphics_grey.cpp:82:16: note: previous declaration is here
   82 | static integer numberOfPoints;
      |                ^
Graphics_grey.cpp:127:65: warning: declaration shadows a variable in the global namespace [-Wshadow]
  127 | static void fillGrey (integer numberOfPoints, constVECVU const& x, constVECVU const& y, int igrey)
      |                                                                 ^
Graphics_grey.cpp:88:16: note: previous declaration is here
   88 | static autoVEC x, y;
      |                ^
Graphics_grey.cpp:127:86: warning: declaration shadows a variable in the global namespace [-Wshadow]
  127 | static void fillGrey (integer numberOfPoints, constVECVU const& x, constVECVU const& y, int igrey)
      |                                                                                      ^
Graphics_grey.cpp:88:19: note: previous declaration is here
   88 | static autoVEC x, y;
      |                   ^
clang -std=gnu++17 -municode -D_FILE_OFFSET_BITS=64 -march=x86-64-v3 -O3 -Wshadow -I ../kar -I ../melder -I ../sys -I ../dwsys -I ../stat -I ../fon  -c -o ManPages_toHtml.o ManPages_toHtml.cpp
clang -std=gnu++17 -municode -D_FILE_OFFSET_BITS=64 -march=x86-64-v3 -O3 -Wshadow -I ../kar -I ../melder -I ../sys -I ../dwsys -I ../stat -I ../fon  -c -o Script.o Script.cpp
clang -std=gnu++17 -municode -D_FILE_OFFSET_BITS=64 -march=x86-64-v3 -O3 -Wshadow -I ../kar -I ../melder -I ../sys -I ../dwsys -I ../stat -I ../fon  -c -o Notebook.o Notebook.cpp
clang -std=gnu++17 -municode -D_FILE_OFFSET_BITS=64 -march=x86-64-v3 -O3 -Wshadow -I ../kar -I ../melder -I ../sys -I ../dwsys -I ../stat -I ../fon  -c -o machine.o machine.cpp
clang -std=gnu++17 -municode -D_FILE_OFFSET_BITS=64 -march=x86-64-v3 -O3 -Wshadow -I ../kar -I ../melder -I ../sys -I ../dwsys -I ../stat -I ../fon  -c -o GraphicsScreen.o GraphicsScreen.cpp
clang -std=gnu++17 -municode -D_FILE_OFFSET_BITS=64 -march=x86-64-v3 -O3 -Wshadow -I ../kar -I ../melder -I ../sys -I ../dwsys -I ../stat -I ../fon  -c -o Printer.o Printer.cpp
1 warning generated.
clang -std=gnu++17 -municode -D_FILE_OFFSET_BITS=64 -march=x86-64-v3 -O3 -Wshadow -I ../kar -I ../melder -I ../sys -I ../dwsys -I ../stat -I ../fon  -c -o Preferences.o Preferences.cpp
clang -std=gnu++17 -municode -D_FILE_OFFSET_BITS=64 -march=x86-64-v3 -O3 -Wshadow -I ../kar -I ../melder -I ../sys -I ../dwsys -I ../stat -I ../fon  -c -o site.o site.cpp
3 warnings generated.
clang -std=gnu++17 -municode -D_FILE_OFFSET_BITS=64 -march=x86-64-v3 -O3 -Wshadow -I ../kar -I ../melder -I ../sys -I ../dwsys -I ../stat -I ../fon  -c -o Picture.o Picture.cpp
Notebook.cpp:35:2: warning: declaration shadows a variable in the global namespace [-Wshadow]
   35 |         TRACE
      |         ^
../melder/melder_debug.h:54:31: note: expanded from macro 'TRACE'
   54 | #define TRACE  constexpr bool Melder_isTracingLocally = true;   // intentionally shadow a global variable; meant for temporary tracing of a function (to stderr)
      |                               ^
../melder/melder_debug.h:26:13: note: previous declaration is here
   26 | inline bool Melder_isTracingLocally = false;
      |             ^
clang -std=gnu++17 -municode -D_FILE_OFFSET_BITS=64 -march=x86-64-v3 -O3 -Wshadow -I ../kar -I ../melder -I ../sys -I ../dwsys -I ../stat -I ../fon  -c -o Ui.o Ui.cpp
clang -std=gnu++17 -municode -D_FILE_OFFSET_BITS=64 -march=x86-64-v3 -O3 -Wshadow -I ../kar -I ../melder -I ../sys -I ../dwsys -I ../stat -I ../fon  -c -o UiFile.o UiFile.cpp
1 warning generated.
clang -std=gnu++17 -municode -D_FILE_OFFSET_BITS=64 -march=x86-64-v3 -O3 -Wshadow -I ../kar -I ../melder -I ../sys -I ../dwsys -I ../stat -I ../fon  -c -o UiPause.o UiPause.cpp
clang -std=gnu++17 -municode -D_FILE_OFFSET_BITS=64 -march=x86-64-v3 -O3 -Wshadow -I ../kar -I ../melder -I ../sys -I ../dwsys -I ../stat -I ../fon  -c -o DataGui.o DataGui.cpp
clang -std=gnu++17 -municode -D_FILE_OFFSET_BITS=64 -march=x86-64-v3 -O3 -Wshadow -I ../kar -I ../melder -I ../sys -I ../dwsys -I ../stat -I ../fon  -c -o Editor.o Editor.cpp
clang -std=gnu++17 -municode -D_FILE_OFFSET_BITS=64 -march=x86-64-v3 -O3 -Wshadow -I ../kar -I ../melder -I ../sys -I ../dwsys -I ../stat -I ../fon  -c -o DataEditor.o DataEditor.cpp
clang -std=gnu++17 -municode -D_FILE_OFFSET_BITS=64 -march=x86-64-v3 -O3 -Wshadow -I ../kar -I ../melder -I ../sys -I ../dwsys -I ../stat -I ../fon  -c -o HyperPage.o HyperPage.cpp
clang -std=gnu++17 -municode -D_FILE_OFFSET_BITS=64 -march=x86-64-v3 -O3 -Wshadow -I ../kar -I ../melder -I ../sys -I ../dwsys -I ../stat -I ../fon  -c -o Manual.o Manual.cpp
clang -std=gnu++17 -municode -D_FILE_OFFSET_BITS=64 -march=x86-64-v3 -O3 -Wshadow -I ../kar -I ../melder -I ../sys -I ../dwsys -I ../stat -I ../fon  -c -o TextEditor.o TextEditor.cpp
clang -std=gnu++17 -municode -D_FILE_OFFSET_BITS=64 -march=x86-64-v3 -O3 -Wshadow -I ../kar -I ../melder -I ../sys -I ../dwsys -I ../stat -I ../fon  -c -o praat.o praat.cpp
clang -std=gnu++17 -municode -D_FILE_OFFSET_BITS=64 -march=x86-64-v3 -O3 -Wshadow -I ../kar -I ../melder -I ../sys -I ../dwsys -I ../stat -I ../fon  -c -o praat_actions.o praat_actions.cpp
clang -std=gnu++17 -municode -D_FILE_OFFSET_BITS=64 -march=x86-64-v3 -O3 -Wshadow -I ../kar -I ../melder -I ../sys -I ../dwsys -I ../stat -I ../fon  -c -o praat_menuCommands.o praat_menuCommands.cpp
clang -std=gnu++17 -municode -D_FILE_OFFSET_BITS=64 -march=x86-64-v3 -O3 -Wshadow -I ../kar -I ../melder -I ../sys -I ../dwsys -I ../stat -I ../fon  -c -o praat_picture.o praat_picture.cpp
clang -std=gnu++17 -municode -D_FILE_OFFSET_BITS=64 -march=x86-64-v3 -O3 -Wshadow -I ../kar -I ../melder -I ../sys -I ../dwsys -I ../stat -I ../fon  -c -o praat_script.o praat_script.cpp
clang -std=gnu++17 -municode -D_FILE_OFFSET_BITS=64 -march=x86-64-v3 -O3 -Wshadow -I ../kar -I ../melder -I ../sys -I ../dwsys -I ../stat -I ../fon  -c -o praat_statistics.o praat_statistics.cpp
clang -std=gnu++17 -municode -D_FILE_OFFSET_BITS=64 -march=x86-64-v3 -O3 -Wshadow -I ../kar -I ../melder -I ../sys -I ../dwsys -I ../stat -I ../fon  -c -o praat_logo.o praat_logo.cpp
clang -std=gnu++17 -municode -D_FILE_OFFSET_BITS=64 -march=x86-64-v3 -O3 -Wshadow -I ../kar -I ../melder -I ../sys -I ../dwsys -I ../stat -I ../fon  -c -o praat_library.o praat_library.cpp
clang -std=gnu++17 -municode -D_FILE_OFFSET_BITS=64 -march=x86-64-v3 -O3 -Wshadow -I ../kar -I ../melder -I ../sys -I ../dwsys -I ../stat -I ../fon  -c -o praat_objectMenus.o praat_objectMenus.cpp
clang -std=gnu++17 -municode -D_FILE_OFFSET_BITS=64 -march=x86-64-v3 -O3 -Wshadow -I ../kar -I ../melder -I ../sys -I ../dwsys -I ../stat -I ../fon  -c -o InfoEditor.o InfoEditor.cpp
clang -std=gnu++17 -municode -D_FILE_OFFSET_BITS=64 -march=x86-64-v3 -O3 -Wshadow -I ../kar -I ../melder -I ../sys -I ../dwsys -I ../stat -I ../fon  -c -o ScriptEditor.o ScriptEditor.cpp
praat.cpp:1928:4: warning: declaration shadows a variable in the global namespace [-Wshadow]
 1928 |                         TRACE
      |                         ^
../melder/melder_debug.h:54:31: note: expanded from macro 'TRACE'
   54 | #define TRACE  constexpr bool Melder_isTracingLocally = true;   // intentionally shadow a global variable; meant for temporary tracing of a function (to stderr)
      |                               ^
../melder/melder_debug.h:26:13: note: previous declaration is here
   26 | inline bool Melder_isTracingLocally = false;
      |             ^
praat.cpp:3188:30: warning: multiple unsequenced modifications to 'i' [-Wunsequenced]
 3188 |                 trace (U"digits 1 to 9: ", ++ i, ++ i, ++ i, ++ i, ++ i, ++ i, ++ i, ++ i, ++ i);
      |                                            ^     ~~
praat.cpp:3194:32: warning: multiple unsequenced modifications to 'i' [-Wunsequenced]
 3194 |                 trace (U"digits 1 to 9: ", i ++, i ++, i ++, i ++, i ++, i ++, i ++, i ++, i ++);
      |                                              ^     ~~
praat.cpp:3201:61: warning: multiple unsequenced modifications to 'i' [-Wunsequenced]
 3201 |                 snprintf (buffer,40, "digits 1 to 9: %d%d%d%d%d%d%d%d%d", ++ i, ++ i, ++ i, ++ i, ++ i, ++ i, ++ i, ++ i, ++ i);
      |                                                                           ^     ~~
praat.cpp:3205:63: warning: multiple unsequenced modifications to 'i' [-Wunsequenced]
 3205 |                 snprintf (buffer,40, "digits 1 to 9: %d%d%d%d%d%d%d%d%d", i ++, i ++, i ++, i ++, i ++, i ++, i ++, i ++, i ++);
      |                                                                             ^     ~~
clang -std=gnu++17 -municode -D_FILE_OFFSET_BITS=64 -march=x86-64-v3 -O3 -Wshadow -I ../kar -I ../melder -I ../sys -I ../dwsys -I ../stat -I ../fon  -c -o NotebookEditor.o NotebookEditor.cpp
clang -std=gnu++17 -municode -D_FILE_OFFSET_BITS=64 -march=x86-64-v3 -O3 -Wshadow -I ../kar -I ../melder -I ../sys -I ../dwsys -I ../stat -I ../fon  -c -o ButtonEditor.o ButtonEditor.cpp
praat_script.cpp:132:13: warning: first argument in call to 'memset' is a pointer to non-trivially copyable type 'structStackel' [-Wnontrivial-memcall]
  132 |                                 memset (& args [narg], 0, sizeof (structStackel));
      |                                         ^
praat_script.cpp:132:13: note: explicitly cast the pointer to silence this warning
  132 |                                 memset (& args [narg], 0, sizeof (structStackel));
      |                                         ^
      |                                         (void*)
clang -std=gnu++17 -municode -D_FILE_OFFSET_BITS=64 -march=x86-64-v3 -O3 -Wshadow -I ../kar -I ../melder -I ../sys -I ../dwsys -I ../stat -I ../fon  -c -o Interpreter.o Interpreter.cpp
clang -std=gnu++17 -municode -D_FILE_OFFSET_BITS=64 -march=x86-64-v3 -O3 -Wshadow -I ../kar -I ../melder -I ../sys -I ../dwsys -I ../stat -I ../fon  -c -o Formula.o Formula.cpp
1 warning generated.
clang -std=gnu++17 -municode -D_FILE_OFFSET_BITS=64 -march=x86-64-v3 -O3 -Wshadow -I ../kar -I ../melder -I ../sys -I ../dwsys -I ../stat -I ../fon  -c -o StringsEditor.o StringsEditor.cpp
clang -std=gnu++17 -municode -D_FILE_OFFSET_BITS=64 -march=x86-64-v3 -O3 -Wshadow -I ../kar -I ../melder -I ../sys -I ../dwsys -I ../stat -I ../fon  -c -o DemoEditor.o DemoEditor.cpp
5 warnings generated.
clang -std=gnu++17 -municode -D_FILE_OFFSET_BITS=64 -march=x86-64-v3 -O3 -Wshadow -I ../kar -I ../melder -I ../sys -I ../dwsys -I ../stat -I ../fon  -c -o motifEmulator.o motifEmulator.cpp
clang -std=gnu++17 -municode -D_FILE_OFFSET_BITS=64 -march=x86-64-v3 -O3 -Wshadow -I ../kar -I ../melder -I ../sys -I ../dwsys -I ../stat -I ../fon  -c -o GuiText.o GuiText.cpp
clang -std=gnu++17 -municode -D_FILE_OFFSET_BITS=64 -march=x86-64-v3 -O3 -Wshadow -I ../kar -I ../melder -I ../sys -I ../dwsys -I ../stat -I ../fon  -c -o GuiWindow.o GuiWindow.cpp
clang -std=gnu++17 -municode -D_FILE_OFFSET_BITS=64 -march=x86-64-v3 -O3 -Wshadow -I ../kar -I ../melder -I ../sys -I ../dwsys -I ../stat -I ../fon  -c -o Gui.o Gui.cpp
clang -std=gnu++17 -municode -D_FILE_OFFSET_BITS=64 -march=x86-64-v3 -O3 -Wshadow -I ../kar -I ../melder -I ../sys -I ../dwsys -I ../stat -I ../fon  -c -o GuiObject.o GuiObject.cpp
clang -std=gnu++17 -municode -D_FILE_OFFSET_BITS=64 -march=x86-64-v3 -O3 -Wshadow -I ../kar -I ../melder -I ../sys -I ../dwsys -I ../stat -I ../fon  -c -o GuiDrawingArea.o GuiDrawingArea.cpp
NotebookEditor.cpp:104:2: warning: declaration shadows a variable in the global namespace [-Wshadow]
  104 |         TRACE
      |         ^
../melder/melder_debug.h:54:31: note: expanded from macro 'TRACE'
   54 | #define TRACE  constexpr bool Melder_isTracingLocally = true;   // intentionally shadow a global variable; meant for temporary tracing of a function (to stderr)
      |                               ^
../melder/melder_debug.h:26:13: note: previous declaration is here
   26 | inline bool Melder_isTracingLocally = false;
      |             ^
1 warning generated.
clang -std=gnu++17 -municode -D_FILE_OFFSET_BITS=64 -march=x86-64-v3 -O3 -Wshadow -I ../kar -I ../melder -I ../sys -I ../dwsys -I ../stat -I ../fon  -c -o GuiMenu.o GuiMenu.cpp
Interpreter.cpp:183:2: warning: declaration shadows a variable in the global namespace [-Wshadow]
  183 |         TRACE
      |         ^
../melder/melder_debug.h:54:31: note: expanded from macro 'TRACE'
   54 | #define TRACE  constexpr bool Melder_isTracingLocally = true;   // intentionally shadow a global variable; meant for temporary tracing of a function (to stderr)
      |                               ^
../melder/melder_debug.h:26:13: note: previous declaration is here
   26 | inline bool Melder_isTracingLocally = false;
      |             ^
clang -std=gnu++17 -municode -D_FILE_OFFSET_BITS=64 -march=x86-64-v3 -O3 -Wshadow -I ../kar -I ../melder -I ../sys -I ../dwsys -I ../stat -I ../fon  -c -o GuiMenuItem.o GuiMenuItem.cpp
clang -std=gnu++17 -municode -D_FILE_OFFSET_BITS=64 -march=x86-64-v3 -O3 -Wshadow -I ../kar -I ../melder -I ../sys -I ../dwsys -I ../stat -I ../fon  -c -o GuiButton.o GuiButton.cpp
motifEmulator.cpp:1787:65: warning: '/*' within block comment [-Wcomment]
 1787 |         /*if (my widgetClass == xmScrolledWindowWidgetClass) return;   /* Ignore. */
      |                                                                        ^
clang -std=gnu++17 -municode -D_FILE_OFFSET_BITS=64 -march=x86-64-v3 -O3 -Wshadow -I ../kar -I ../melder -I ../sys -I ../dwsys -I ../stat -I ../fon  -c -o GuiLabel.o GuiLabel.cpp
clang -std=gnu++17 -municode -D_FILE_OFFSET_BITS=64 -march=x86-64-v3 -O3 -Wshadow -I ../kar -I ../melder -I ../sys -I ../dwsys -I ../stat -I ../fon  -c -o GuiCheckButton.o GuiCheckButton.cpp
clang -std=gnu++17 -municode -D_FILE_OFFSET_BITS=64 -march=x86-64-v3 -O3 -Wshadow -I ../kar -I ../melder -I ../sys -I ../dwsys -I ../stat -I ../fon  -c -o GuiRadioButton.o GuiRadioButton.cpp
clang -std=gnu++17 -municode -D_FILE_OFFSET_BITS=64 -march=x86-64-v3 -O3 -Wshadow -I ../kar -I ../melder -I ../sys -I ../dwsys -I ../stat -I ../fon  -c -o GuiDialog.o GuiDialog.cpp
1 warning generated.
clang -std=gnu++17 -municode -D_FILE_OFFSET_BITS=64 -march=x86-64-v3 -O3 -Wshadow -I ../kar -I ../melder -I ../sys -I ../dwsys -I ../stat -I ../fon  -c -o GuiList.o GuiList.cpp
clang -std=gnu++17 -municode -D_FILE_OFFSET_BITS=64 -march=x86-64-v3 -O3 -Wshadow -I ../kar -I ../melder -I ../sys -I ../dwsys -I ../stat -I ../fon  -c -o GuiTrust.o GuiTrust.cpp
clang -std=gnu++17 -municode -D_FILE_OFFSET_BITS=64 -march=x86-64-v3 -O3 -Wshadow -I ../kar -I ../melder -I ../sys -I ../dwsys -I ../stat -I ../fon  -c -o GuiFileSelect.o GuiFileSelect.cpp
clang -std=gnu++17 -municode -D_FILE_OFFSET_BITS=64 -march=x86-64-v3 -O3 -Wshadow -I ../kar -I ../melder -I ../sys -I ../dwsys -I ../stat -I ../fon  -c -o GuiScale.o GuiScale.cpp
clang -std=gnu++17 -municode -D_FILE_OFFSET_BITS=64 -march=x86-64-v3 -O3 -Wshadow -I ../kar -I ../melder -I ../sys -I ../dwsys -I ../stat -I ../fon  -c -o GuiScrollBar.o GuiScrollBar.cpp
1 warning generated.
clang -std=gnu++17 -municode -D_FILE_OFFSET_BITS=64 -march=x86-64-v3 -O3 -Wshadow -I ../kar -I ../melder -I ../sys -I ../dwsys -I ../stat -I ../fon  -c -o GuiScrolledWindow.o GuiScrolledWindow.cpp
clang -std=gnu++17 -municode -D_FILE_OFFSET_BITS=64 -march=x86-64-v3 -O3 -Wshadow -I ../kar -I ../melder -I ../sys -I ../dwsys -I ../stat -I ../fon  -c -o GuiControl.o GuiControl.cpp
clang -std=gnu++17 -municode -D_FILE_OFFSET_BITS=64 -march=x86-64-v3 -O3 -Wshadow -I ../kar -I ../melder -I ../sys -I ../dwsys -I ../stat -I ../fon  -c -o GuiForm.o GuiForm.cpp
clang -std=gnu++17 -municode -D_FILE_OFFSET_BITS=64 -march=x86-64-v3 -O3 -Wshadow -I ../kar -I ../melder -I ../sys -I ../dwsys -I ../stat -I ../fon  -c -o GuiOptionMenu.o GuiOptionMenu.cpp
clang -std=gnu++17 -municode -D_FILE_OFFSET_BITS=64 -march=x86-64-v3 -O3 -Wshadow -I ../kar -I ../melder -I ../sys -I ../dwsys -I ../stat -I ../fon  -c -o GuiProgressBar.o GuiProgressBar.cpp
clang -std=gnu++17 -municode -D_FILE_OFFSET_BITS=64 -march=x86-64-v3 -O3 -Wshadow -I ../kar -I ../melder -I ../sys -I ../dwsys -I ../stat -I ../fon  -c -o GuiShell.o GuiShell.cpp
clang -std=gnu++17 -municode -D_FILE_OFFSET_BITS=64 -march=x86-64-v3 -O3 -Wshadow -I ../kar -I ../melder -I ../sys -I ../dwsys -I ../stat -I ../fon  -c -o GuiThing.o GuiThing.cpp
clang -std=gnu++17 -municode -D_FILE_OFFSET_BITS=64 -march=x86-64-v3 -O3 -Wshadow -I ../kar -I ../melder -I ../sys -I ../dwsys -I ../stat -I ../fon  -c -o Gui_messages.o Gui_messages.cpp
clang -std=gnu++17 -municode -D_FILE_OFFSET_BITS=64 -march=x86-64-v3 -O3 -Wshadow -I ../kar -I ../melder -I ../sys -I ../dwsys -I ../stat -I ../fon  -c -o praat_translate.o praat_translate.cpp
clang -std=gnu++17 -municode -D_FILE_OFFSET_BITS=64 -march=x86-64-v3 -O3 -Wshadow -I ../kar -I ../melder -I ../sys -I ../dwsys -I ../stat -I ../fon  -c -o praat_python.o praat_python.cpp
clang -std=gnu++17 -municode -D_FILE_OFFSET_BITS=64 -march=x86-64-v3 -O3 -Wshadow -I ../kar -I ../melder -I ../sys -I ../dwsys -I ../stat -I ../fon  -c -o PraatAiControl.o PraatAiControl.cpp
clang -std=gnu++17 -municode -D_FILE_OFFSET_BITS=64 -march=x86-64-v3 -O3 -Wshadow -I ../kar -I ../melder -I ../sys -I ../dwsys -I ../stat -I ../fon  -c -o PythonScriptEditor.o PythonScriptEditor.cpp
clang -std=gnu++17 -municode -D_FILE_OFFSET_BITS=64 -march=x86-64-v3 -O3 -Wshadow -I ../kar -I ../melder -I ../sys -I ../dwsys -I ../stat -I ../fon  -c -o PreferencesDialog.o PreferencesDialog.cpp
Gui_messages.cpp:152:9: warning: declaration shadows a local variable [-Wshadow]
  152 |                                 MSG message;
      |                                     ^
Gui_messages.cpp:47:63: note: previous declaration is here
   47 | static bool waitWhileProgress (double progress, conststring32 message, GuiDialog dia,
      |                                                               ^
1 warning generated.
touch libsys.a
rm libsys.a
ar cq libsys.a Thing.o Data.o Simple.o Collection.o Strings.o Graphics.o Graphics_linesAndAreas.o Graphics_text.o Graphics_colour.o Graphics_image.o Graphics_record.o Graphics_utils.o Graphics_grey.o Graphics_altitude.o GraphicsPostscript.o Graphics_surface.o ManPage.o ManPages.o ManPages_toHtml.o Script.o Notebook.o machine.o GraphicsScreen.o Printer.o Preferences.o site.o Picture.o Ui.o UiFile.o UiPause.o DataGui.o Editor.o DataEditor.o HyperPage.o Manual.o TextEditor.o praat.o praat_actions.o praat_menuCommands.o praat_picture.o praat_script.o praat_statistics.o praat_logo.o praat_library.o praat_objectMenus.o InfoEditor.o ScriptEditor.o NotebookEditor.o ButtonEditor.o Interpreter.o Formula.o StringsEditor.o DemoEditor.o motifEmulator.o GuiText.o GuiWindow.o Gui.o GuiObject.o GuiDrawingArea.o GuiMenu.o GuiMenuItem.o GuiButton.o GuiLabel.o GuiCheckButton.o GuiRadioButton.o GuiDialog.o GuiList.o GuiTrust.o GuiFileSelect.o GuiScale.o GuiScrollBar.o GuiScrolledWindow.o GuiControl.o GuiForm.o GuiOptionMenu.o GuiProgressBar.o GuiShell.o GuiThing.o Gui_messages.o praat_translate.o praat_python.o PraatAiControl.o PythonScriptEditor.o PreferencesDialog.o
ranlib libsys.a
make[1]: Leaving directory '/d/Praat-work/稳定早期版/sys'
make -C dwsys
make[1]: Entering directory '/d/Praat-work/稳定早期版/dwsys'
clang -std=gnu++17 -municode -D_FILE_OFFSET_BITS=64 -march=x86-64-v3 -O3 -Wshadow -I ../melder -I ../stat -I ../sys -I ../fon -I ../external/gsl -I ../external/num -I ../external/clapack -I ../kar -I ../dwtools  -c -o ChebyshevSeries.o ChebyshevSeries.cpp
clang -std=gnu++17 -municode -D_FILE_OFFSET_BITS=64 -march=x86-64-v3 -O3 -Wshadow -I ../melder -I ../stat -I ../sys -I ../fon -I ../external/gsl -I ../external/num -I ../external/clapack -I ../kar -I ../dwtools  -c -o Collection_extensions.o Collection_extensions.cpp
clang -std=gnu++17 -municode -D_FILE_OFFSET_BITS=64 -march=x86-64-v3 -O3 -Wshadow -I ../melder -I ../stat -I ../sys -I ../fon -I ../external/gsl -I ../external/num -I ../external/clapack -I ../kar -I ../dwtools  -c -o Command.o Command.cpp
clang -std=gnu++17 -municode -D_FILE_OFFSET_BITS=64 -march=x86-64-v3 -O3 -Wshadow -I ../melder -I ../stat -I ../sys -I ../fon -I ../external/gsl -I ../external/num -I ../external/clapack -I ../kar -I ../dwtools  -c -o DoublyLinkedList.o DoublyLinkedList.cpp
clang -std=gnu++17 -municode -D_FILE_OFFSET_BITS=64 -march=x86-64-v3 -O3 -Wshadow -I ../melder -I ../stat -I ../sys -I ../fon -I ../external/gsl -I ../external/num -I ../external/clapack -I ../kar -I ../dwtools  -c -o Eigen.o Eigen.cpp
clang -std=gnu++17 -municode -D_FILE_OFFSET_BITS=64 -march=x86-64-v3 -O3 -Wshadow -I ../melder -I ../stat -I ../sys -I ../fon -I ../external/gsl -I ../external/num -I ../external/clapack -I ../kar -I ../dwtools  -c -o ExtendedReal.o ExtendedReal.cpp
clang -std=gnu++17 -municode -D_FILE_OFFSET_BITS=64 -march=x86-64-v3 -O3 -Wshadow -I ../melder -I ../stat -I ../sys -I ../fon -I ../external/gsl -I ../external/num -I ../external/clapack -I ../kar -I ../dwtools  -c -o FileInMemory.o FileInMemory.cpp
clang -std=gnu++17 -municode -D_FILE_OFFSET_BITS=64 -march=x86-64-v3 -O3 -Wshadow -I ../melder -I ../stat -I ../sys -I ../fon -I ../external/gsl -I ../external/num -I ../external/clapack -I ../kar -I ../dwtools  -c -o FunctionSeries.o FunctionSeries.cpp
clang -std=gnu++17 -municode -D_FILE_OFFSET_BITS=64 -march=x86-64-v3 -O3 -Wshadow -I ../melder -I ../stat -I ../sys -I ../fon -I ../external/gsl -I ../external/num -I ../external/clapack -I ../kar -I ../dwtools  -c -o Graphics_extensions.o Graphics_extensions.cpp
clang -std=gnu++17 -municode -D_FILE_OFFSET_BITS=64 -march=x86-64-v3 -O3 -Wshadow -I ../melder -I ../stat -I ../sys -I ../fon -I ../external/gsl -I ../external/num -I ../external/clapack -I ../kar -I ../dwtools  -c -o Index.o Index.cpp
clang -std=gnu++17 -municode -D_FILE_OFFSET_BITS=64 -march=x86-64-v3 -O3 -Wshadow -I ../melder -I ../stat -I ../sys -I ../fon -I ../external/gsl -I ../external/num -I ../external/clapack -I ../kar -I ../dwtools  -c -o LegendreSeries.o LegendreSeries.cpp
clang -std=gnu++17 -municode -D_FILE_OFFSET_BITS=64 -march=x86-64-v3 -O3 -Wshadow -I ../melder -I ../stat -I ../sys -I ../fon -I ../external/gsl -I ../external/num -I ../external/clapack -I ../kar -I ../dwtools  -c -o MAT_numerics.o MAT_numerics.cpp
In file included from Graphics_extensions.cpp:25:
./Graphics_extensions.h:87:37: warning: declaration shadows a field of 'structLineSegmentClipper' [-Wshadow]
   87 |         int getCohenSutherlandCode (HPoint p) {
      |                                            ^
./Graphics_extensions.h:82:32: note: previous declaration is here
   82 |         struct structHPoint from, to, p; // working storage
      |                                       ^
./Graphics_extensions.h:100:41: warning: declaration shadows a field of 'structLineSegmentClipper' [-Wshadow]
  100 |         void cross (HPoint a, HPoint b, HPoint p) {  // p = a x b
      |                                                ^
./Graphics_extensions.h:82:32: note: previous declaration is here
   82 |         struct structHPoint from, to, p; // working storage
      |                                       ^
clang -std=gnu++17 -municode -D_FILE_OFFSET_BITS=64 -march=x86-64-v3 -O3 -Wshadow -I ../melder -I ../stat -I ../sys -I ../fon -I ../external/gsl -I ../external/num -I ../external/clapack -I ../kar -I ../dwtools  -c -o NMF.o NMF.cpp
clang -std=gnu++17 -municode -D_FILE_OFFSET_BITS=64 -march=x86-64-v3 -O3 -Wshadow -I ../melder -I ../stat -I ../sys -I ../fon -I ../external/gsl -I ../external/num -I ../external/clapack -I ../kar -I ../dwtools  -c -o NUM2.o NUM2.cpp
clang -std=gnu++17 -municode -D_FILE_OFFSET_BITS=64 -march=x86-64-v3 -O3 -Wshadow -I ../melder -I ../stat -I ../sys -I ../fon -I ../external/gsl -I ../external/num -I ../external/clapack -I ../kar -I ../dwtools  -c -o NUMhuber.o NUMhuber.cpp
MAT_numerics.cpp:110:14: warning: declaration shadows a local variable [-Wshadow]
  110 |                 const bool sortAscending = false;
      |                            ^
MAT_numerics.cpp:101:79: note: previous declaration is here
  101 | void MAT_into_Eigen (constMATVU const& mat, kMAT_TYPE matType, Eigen me, bool sortAscending) {
      |                                                                               ^
clang -std=gnu++17 -municode -D_FILE_OFFSET_BITS=64 -march=x86-64-v3 -O3 -Wshadow -I ../melder -I ../stat -I ../sys -I ../fon -I ../external/gsl -I ../external/num -I ../external/clapack -I ../kar -I ../dwtools  -c -o NUMmachar.o NUMmachar.cpp
clang -std=gnu++17 -municode -D_FILE_OFFSET_BITS=64 -march=x86-64-v3 -O3 -Wshadow -I ../melder -I ../stat -I ../sys -I ../fon -I ../external/gsl -I ../external/num -I ../external/clapack -I ../kar -I ../dwtools  -c -o NUMcomplex.o NUMcomplex.cpp
2 warnings generated.
clang -std=gnu++17 -municode -D_FILE_OFFSET_BITS=64 -march=x86-64-v3 -O3 -Wshadow -I ../melder -I ../stat -I ../sys -I ../fon -I ../external/gsl -I ../external/num -I ../external/clapack -I ../kar -I ../dwtools  -c -o NUMFourier.o NUMFourier.cpp
clang -std=gnu++17 -municode -D_FILE_OFFSET_BITS=64 -march=x86-64-v3 -O3 -Wshadow -I ../melder -I ../stat -I ../sys -I ../fon -I ../external/gsl -I ../external/num -I ../external/clapack -I ../kar -I ../dwtools  -c -o NUMsorting.o NUMsorting.cpp
clang -std=gnu++17 -municode -D_FILE_OFFSET_BITS=64 -march=x86-64-v3 -O3 -Wshadow -I ../melder -I ../stat -I ../sys -I ../fon -I ../external/gsl -I ../external/num -I ../external/clapack -I ../kar -I ../dwtools  -c -o NUMmathlib.o NUMmathlib.cpp
clang -std=gnu++17 -municode -D_FILE_OFFSET_BITS=64 -march=x86-64-v3 -O3 -Wshadow -I ../melder -I ../stat -I ../sys -I ../fon -I ../external/gsl -I ../external/num -I ../external/clapack -I ../kar -I ../dwtools  -c -o NUMstring.o NUMstring.cpp
clang -std=gnu++17 -municode -D_FILE_OFFSET_BITS=64 -march=x86-64-v3 -O3 -Wshadow -I ../melder -I ../stat -I ../sys -I ../fon -I ../external/gsl -I ../external/num -I ../external/clapack -I ../kar -I ../dwtools  -c -o NUMselect.o NUMselect.cpp
1 warning generated.
clang -std=gnu++17 -municode -D_FILE_OFFSET_BITS=64 -march=x86-64-v3 -O3 -Wshadow -I ../melder -I ../stat -I ../sys -I ../fon -I ../external/gsl -I ../external/num -I ../external/clapack -I ../kar -I ../dwtools  -c -o Permutation.o Permutation.cpp
clang -std=gnu++17 -municode -D_FILE_OFFSET_BITS=64 -march=x86-64-v3 -O3 -Wshadow -I ../melder -I ../stat -I ../sys -I ../fon -I ../external/gsl -I ../external/num -I ../external/clapack -I ../kar -I ../dwtools  -c -o PermutationInversionCounter.o PermutationInversionCounter.cpp
clang -std=gnu++17 -municode -D_FILE_OFFSET_BITS=64 -march=x86-64-v3 -O3 -Wshadow -I ../melder -I ../stat -I ../sys -I ../fon -I ../external/gsl -I ../external/num -I ../external/clapack -I ../kar -I ../dwtools  -c -o Permutation_and_Index.o Permutation_and_Index.cpp
In file included from NUMFourier.cpp:41:
./NUMfft_core.h:858:11: warning: declaration shadows a local variable [-Wshadow]
  858 |                 integer t5 = (t4 = (t3 = (t2 = t1 << 2) + t6)) + t6;
      |                         ^
./NUMfft_core.h:832:22: note: previous declaration is here
  832 |         integer t3 = 0, t4, t5, t8;
      |                             ^
clang -std=gnu++17 -municode -D_FILE_OFFSET_BITS=64 -march=x86-64-v3 -O3 -Wshadow -I ../melder -I ../stat -I ../sys -I ../fon -I ../external/gsl -I ../external/num -I ../external/clapack -I ../kar -I ../dwtools  -c -o Polynomial.o Polynomial.cpp
clang -std=gnu++17 -municode -D_FILE_OFFSET_BITS=64 -march=x86-64-v3 -O3 -Wshadow -I ../melder -I ../stat -I ../sys -I ../fon -I ../external/gsl -I ../external/num -I ../external/clapack -I ../kar -I ../dwtools  -c -o Roots.o Roots.cpp
clang -std=gnu++17 -municode -D_FILE_OFFSET_BITS=64 -march=x86-64-v3 -O3 -Wshadow -I ../melder -I ../stat -I ../sys -I ../fon -I ../external/gsl -I ../external/num -I ../external/clapack -I ../kar -I ../dwtools  -c -o SlopeSelector.o SlopeSelector.cpp
clang -std=gnu++17 -municode -D_FILE_OFFSET_BITS=64 -march=x86-64-v3 -O3 -Wshadow -I ../melder -I ../stat -I ../sys -I ../fon -I ../external/gsl -I ../external/num -I ../external/clapack -I ../kar -I ../dwtools  -c -o Spline.o Spline.cpp
clang -std=gnu++17 -municode -D_FILE_OFFSET_BITS=64 -march=x86-64-v3 -O3 -Wshadow -I ../melder -I ../stat -I ../sys -I ../fon -I ../external/gsl -I ../external/num -I ../external/clapack -I ../kar -I ../dwtools  -c -o SVD.o SVD.cpp
PermutationInversionCounter.cpp:164:19: warning: declaration shadows a field of 'structPermutationInversionCounter' [-Wshadow]
  164 |         constPermutation otherInverse, constINTVEC const& sortedSelectedInversionIndices, INTVEC const& out_inversions)
      |                          ^
./PermutationInversionCounter.h:35:9: note: previous declaration is here
   35 |         INTVEC otherInverse;            // link to potherInverse -> p.get() supplied by user
      |                ^
PermutationInversionCounter.cpp:164:52: warning: declaration shadows a field of 'structPermutationInversionCounter' [-Wshadow]
  164 |         constPermutation otherInverse, constINTVEC const& sortedSelectedInversionIndices, INTVEC const& out_inversions)
      |                                                           ^
./PermutationInversionCounter.h:37:14: note: previous declaration is here
   37 |         constINTVEC sortedSelectedInversionIndices; // link to storage supplied by caller
      |                     ^
PermutationInversionCounter.cpp:168:16: warning: declaration shadows a field of 'structPermutationInversionCounter' [-Wshadow]
  168 |         const integer numberOfElements = p -> p.size;
      |                       ^
./PermutationInversionCounter.h:27:10: note: previous declaration is here
   27 |         integer numberOfElements;
      |                 ^
PermutationInversionCounter.cpp:181:21: warning: declaration shadows a field of 'structPermutationInversionCounter' [-Wshadow]
  181 |         constINTVEC const& sortedSelectedInversionIndices, INTVEC const& out_inversions)
      |                            ^
./PermutationInversionCounter.h:37:14: note: previous declaration is here
   37 |         constINTVEC sortedSelectedInversionIndices; // link to storage supplied by caller
      |                     ^
PermutationInversionCounter.cpp:195:14: warning: declaration shadows a field of 'structPermutationInversionCounter' [-Wshadow]
  195 |                 autoINTVEC sortedSelectedInversionIndices = to_INTVEC (out_inversions.size / 2);
      |                            ^
./PermutationInversionCounter.h:37:14: note: previous declaration is here
   37 |         constINTVEC sortedSelectedInversionIndices; // link to storage supplied by caller
      |                     ^
clang -std=gnu++17 -municode -D_FILE_OFFSET_BITS=64 -march=x86-64-v3 -O3 -Wshadow -I ../melder -I ../stat -I ../sys -I ../fon -I ../external/gsl -I ../external/num -I ../external/clapack -I ../kar -I ../dwtools  -c -o WorkvectorPool.o WorkvectorPool.cpp
5 warnings generated.
SlopeSelector.cpp:350:96: warning: declaration shadows a field of 'structSlopeSelector' [-Wshadow]
  350 | double structSlopeSelector :: slopeQuantile_orderNSquaredWithBuffer (double factor, VEC const& buffer) {
      |                                                                                                ^
./SlopeSelector.h:106:10: note: previous declaration is here
  106 |         autoVEC buffer; // for buffering and final quantile calculations
      |                 ^
SlopeSelector.cpp:487:18: warning: declaration shadows a local variable [-Wshadow]
  487 |                                 const double slope = NUMrandomUniform (0.1, 10.0);
      |                                              ^
SlopeSelector.cpp:463:11: note: previous declaration is here
  463 |                         double slope = 1.0, b = 4.0, stddev = 0.1, factor = 0.5;
      |                                ^
SlopeSelector.cpp:488:18: warning: declaration shadows a local variable [-Wshadow]
  488 |                                 for (integer i = 1; i <= n; i ++)
      |                                              ^
SlopeSelector.cpp:486:17: note: previous declaration is here
  486 |                         for (integer i = 1; i <= 5; i ++) {
      |                                      ^
3 warnings generated.
1 warning generated.
touch libdwsys.a
rm libdwsys.a
ar cq libdwsys.a ChebyshevSeries.o Collection_extensions.o Command.o DoublyLinkedList.o Eigen.o ExtendedReal.o FileInMemory.o FunctionSeries.o Graphics_extensions.o Index.o LegendreSeries.o MAT_numerics.o NMF.o NUM2.o NUMhuber.o NUMmachar.o NUMcomplex.o NUMFourier.o NUMsorting.o NUMmathlib.o NUMstring.o NUMselect.o Permutation.o PermutationInversionCounter.o Permutation_and_Index.o Polynomial.o Roots.o SlopeSelector.o Spline.o SVD.o WorkvectorPool.o
ranlib libdwsys.a
make[1]: Leaving directory '/d/Praat-work/稳定早期版/dwsys'
make -C stat
make[1]: Entering directory '/d/Praat-work/稳定早期版/stat'
clang -std=gnu++17 -municode -D_FILE_OFFSET_BITS=64 -march=x86-64-v3 -O3 -Wshadow -I ../kar -I ../melder -I ../sys -I ../dwsys -I ../dwtools -I ../fon -I ../foned -I ../stat  -c -o Table.o Table.cpp
clang -std=gnu++17 -municode -D_FILE_OFFSET_BITS=64 -march=x86-64-v3 -O3 -Wshadow -I ../kar -I ../melder -I ../sys -I ../dwsys -I ../dwtools -I ../fon -I ../foned -I ../stat  -c -o TableEditor.o TableEditor.cpp
clang -std=gnu++17 -municode -D_FILE_OFFSET_BITS=64 -march=x86-64-v3 -O3 -Wshadow -I ../kar -I ../melder -I ../sys -I ../dwsys -I ../dwtools -I ../fon -I ../foned -I ../stat  -c -o Regression.o Regression.cpp
clang -std=gnu++17 -municode -D_FILE_OFFSET_BITS=64 -march=x86-64-v3 -O3 -Wshadow -I ../kar -I ../melder -I ../sys -I ../dwsys -I ../dwtools -I ../fon -I ../foned -I ../stat  -c -o manual_statistics.o manual_statistics.cpp
clang -std=gnu++17 -municode -D_FILE_OFFSET_BITS=64 -march=x86-64-v3 -O3 -Wshadow -I ../kar -I ../melder -I ../sys -I ../dwsys -I ../dwtools -I ../fon -I ../foned -I ../stat  -c -o praat_TableOfReal.o praat_TableOfReal.cpp
clang -std=gnu++17 -municode -D_FILE_OFFSET_BITS=64 -march=x86-64-v3 -O3 -Wshadow -I ../kar -I ../melder -I ../sys -I ../dwsys -I ../dwtools -I ../fon -I ../foned -I ../stat  -c -o praat_Stat.o praat_Stat.cpp
clang -std=gnu++17 -municode -D_FILE_OFFSET_BITS=64 -march=x86-64-v3 -O3 -Wshadow -I ../kar -I ../melder -I ../sys -I ../dwsys -I ../dwtools -I ../fon -I ../foned -I ../stat  -c -o TableOfReal.o TableOfReal.cpp
clang -std=gnu++17 -municode -D_FILE_OFFSET_BITS=64 -march=x86-64-v3 -O3 -Wshadow -I ../kar -I ../melder -I ../sys -I ../dwsys -I ../dwtools -I ../fon -I ../foned -I ../stat  -c -o Distributions.o Distributions.cpp
clang -std=gnu++17 -municode -D_FILE_OFFSET_BITS=64 -march=x86-64-v3 -O3 -Wshadow -I ../kar -I ../melder -I ../sys -I ../dwsys -I ../dwtools -I ../fon -I ../foned -I ../stat  -c -o Distributions_and_Strings.o Distributions_and_Strings.cpp
clang -std=gnu++17 -municode -D_FILE_OFFSET_BITS=64 -march=x86-64-v3 -O3 -Wshadow -I ../kar -I ../melder -I ../sys -I ../dwsys -I ../dwtools -I ../fon -I ../foned -I ../stat  -c -o PairDistribution.o PairDistribution.cpp
clang -std=gnu++17 -municode -D_FILE_OFFSET_BITS=64 -march=x86-64-v3 -O3 -Wshadow -I ../kar -I ../melder -I ../sys -I ../dwsys -I ../dwtools -I ../fon -I ../foned -I ../stat  -c -o LogisticRegression.o LogisticRegression.cpp
In file included from Table.cpp:22:
In file included from ../dwtools/SSCP.h:22:
In file included from ../dwtools/TableOfReal_extensions.h:23:
../dwsys/Graphics_extensions.h:87:37: warning: declaration shadows a field of 'structLineSegmentClipper' [-Wshadow]
   87 |         int getCohenSutherlandCode (HPoint p) {
      |                                            ^
../dwsys/Graphics_extensions.h:82:32: note: previous declaration is here
   82 |         struct structHPoint from, to, p; // working storage
      |                                       ^
../dwsys/Graphics_extensions.h:100:41: warning: declaration shadows a field of 'structLineSegmentClipper' [-Wshadow]
  100 |         void cross (HPoint a, HPoint b, HPoint p) {  // p = a x b
      |                                                ^
../dwsys/Graphics_extensions.h:82:32: note: previous declaration is here
   82 |         struct structHPoint from, to, p; // working storage
      |                                       ^
2 warnings generated.
touch libstat.a
rm libstat.a
ar cq libstat.a Table.o TableEditor.o Regression.o manual_statistics.o praat_TableOfReal.o praat_Stat.o TableOfReal.o Distributions.o Distributions_and_Strings.o PairDistribution.o LogisticRegression.o
ranlib libstat.a
make[1]: Leaving directory '/d/Praat-work/稳定早期版/stat'
make -C fon
make[1]: Entering directory '/d/Praat-work/稳定早期版/fon'
clang -std=gnu++17 -municode -D_FILE_OFFSET_BITS=64 -march=x86-64-v3 -O3 -Wshadow -I ../kar -I ../melder -I ../sys -I ../dwsys -I ../stat -I ../dwtools -I ../LPC -I ../foned -I ../fon -I ../external/portaudio -I ../external/flac -I ../external/mp3 -I ../external/espeak -I ../external/whispercpp  -c -o Transition.o Transition.cpp
clang -std=gnu++17 -municode -D_FILE_OFFSET_BITS=64 -march=x86-64-v3 -O3 -Wshadow -I ../kar -I ../melder -I ../sys -I ../dwsys -I ../stat -I ../dwtools -I ../LPC -I ../foned -I ../fon -I ../external/portaudio -I ../external/flac -I ../external/mp3 -I ../external/espeak -I ../external/whispercpp  -c -o Distributions_and_Transition.o Distributions_and_Transition.cpp
clang -std=gnu++17 -municode -D_FILE_OFFSET_BITS=64 -march=x86-64-v3 -O3 -Wshadow -I ../kar -I ../melder -I ../sys -I ../dwsys -I ../stat -I ../dwtools -I ../LPC -I ../foned -I ../fon -I ../external/portaudio -I ../external/flac -I ../external/mp3 -I ../external/espeak -I ../external/whispercpp  -c -o Function.o Function.cpp
clang -std=gnu++17 -municode -D_FILE_OFFSET_BITS=64 -march=x86-64-v3 -O3 -Wshadow -I ../kar -I ../melder -I ../sys -I ../dwsys -I ../stat -I ../dwtools -I ../LPC -I ../foned -I ../fon -I ../external/portaudio -I ../external/flac -I ../external/mp3 -I ../external/espeak -I ../external/whispercpp  -c -o Sampled.o Sampled.cpp
clang -std=gnu++17 -municode -D_FILE_OFFSET_BITS=64 -march=x86-64-v3 -O3 -Wshadow -I ../kar -I ../melder -I ../sys -I ../dwsys -I ../stat -I ../dwtools -I ../LPC -I ../foned -I ../fon -I ../external/portaudio -I ../external/flac -I ../external/mp3 -I ../external/espeak -I ../external/whispercpp  -c -o SampledXY.o SampledXY.cpp
clang -std=gnu++17 -municode -D_FILE_OFFSET_BITS=64 -march=x86-64-v3 -O3 -Wshadow -I ../kar -I ../melder -I ../sys -I ../dwsys -I ../stat -I ../dwtools -I ../LPC -I ../foned -I ../fon -I ../external/portaudio -I ../external/flac -I ../external/mp3 -I ../external/espeak -I ../external/whispercpp  -c -o Matrix.o Matrix.cpp
clang -std=gnu++17 -municode -D_FILE_OFFSET_BITS=64 -march=x86-64-v3 -O3 -Wshadow -I ../kar -I ../melder -I ../sys -I ../dwsys -I ../stat -I ../dwtools -I ../LPC -I ../foned -I ../fon -I ../external/portaudio -I ../external/flac -I ../external/mp3 -I ../external/espeak -I ../external/whispercpp  -c -o Vector.o Vector.cpp
clang -std=gnu++17 -municode -D_FILE_OFFSET_BITS=64 -march=x86-64-v3 -O3 -Wshadow -I ../kar -I ../melder -I ../sys -I ../dwsys -I ../stat -I ../dwtools -I ../LPC -I ../foned -I ../fon -I ../external/portaudio -I ../external/flac -I ../external/mp3 -I ../external/espeak -I ../external/whispercpp  -c -o Polygon.o Polygon.cpp
clang -std=gnu++17 -municode -D_FILE_OFFSET_BITS=64 -march=x86-64-v3 -O3 -Wshadow -I ../kar -I ../melder -I ../sys -I ../dwsys -I ../stat -I ../dwtools -I ../LPC -I ../foned -I ../fon -I ../external/portaudio -I ../external/flac -I ../external/mp3 -I ../external/espeak -I ../external/whispercpp  -c -o PointProcess.o PointProcess.cpp
clang -std=gnu++17 -municode -D_FILE_OFFSET_BITS=64 -march=x86-64-v3 -O3 -Wshadow -I ../kar -I ../melder -I ../sys -I ../dwsys -I ../stat -I ../dwtools -I ../LPC -I ../foned -I ../fon -I ../external/portaudio -I ../external/flac -I ../external/mp3 -I ../external/espeak -I ../external/whispercpp  -c -o Matrix_and_PointProcess.o Matrix_and_PointProcess.cpp
clang -std=gnu++17 -municode -D_FILE_OFFSET_BITS=64 -march=x86-64-v3 -O3 -Wshadow -I ../kar -I ../melder -I ../sys -I ../dwsys -I ../stat -I ../dwtools -I ../LPC -I ../foned -I ../fon -I ../external/portaudio -I ../external/flac -I ../external/mp3 -I ../external/espeak -I ../external/whispercpp  -c -o Matrix_and_Polygon.o Matrix_and_Polygon.cpp
clang -std=gnu++17 -municode -D_FILE_OFFSET_BITS=64 -march=x86-64-v3 -O3 -Wshadow -I ../kar -I ../melder -I ../sys -I ../dwsys -I ../stat -I ../dwtools -I ../LPC -I ../foned -I ../fon -I ../external/portaudio -I ../external/flac -I ../external/mp3 -I ../external/espeak -I ../external/whispercpp  -c -o AnyTier.o AnyTier.cpp
clang -std=gnu++17 -municode -D_FILE_OFFSET_BITS=64 -march=x86-64-v3 -O3 -Wshadow -I ../kar -I ../melder -I ../sys -I ../dwsys -I ../stat -I ../dwtools -I ../LPC -I ../foned -I ../fon -I ../external/portaudio -I ../external/flac -I ../external/mp3 -I ../external/espeak -I ../external/whispercpp  -c -o RealTier.o RealTier.cpp
clang -std=gnu++17 -municode -D_FILE_OFFSET_BITS=64 -march=x86-64-v3 -O3 -Wshadow -I ../kar -I ../melder -I ../sys -I ../dwsys -I ../stat -I ../dwtools -I ../LPC -I ../foned -I ../fon -I ../external/portaudio -I ../external/flac -I ../external/mp3 -I ../external/espeak -I ../external/whispercpp  -c -o Sound.o Sound.cpp
clang -std=gnu++17 -municode -D_FILE_OFFSET_BITS=64 -march=x86-64-v3 -O3 -Wshadow -I ../kar -I ../melder -I ../sys -I ../dwsys -I ../stat -I ../dwtools -I ../LPC -I ../foned -I ../fon -I ../external/portaudio -I ../external/flac -I ../external/mp3 -I ../external/espeak -I ../external/whispercpp  -c -o LongSound.o LongSound.cpp
clang -std=gnu++17 -municode -D_FILE_OFFSET_BITS=64 -march=x86-64-v3 -O3 -Wshadow -I ../kar -I ../melder -I ../sys -I ../dwsys -I ../stat -I ../dwtools -I ../LPC -I ../foned -I ../fon -I ../external/portaudio -I ../external/flac -I ../external/mp3 -I ../external/espeak -I ../external/whispercpp  -c -o SoundSet.o SoundSet.cpp
clang -std=gnu++17 -municode -D_FILE_OFFSET_BITS=64 -march=x86-64-v3 -O3 -Wshadow -I ../kar -I ../melder -I ../sys -I ../dwsys -I ../stat -I ../dwtools -I ../LPC -I ../foned -I ../fon -I ../external/portaudio -I ../external/flac -I ../external/mp3 -I ../external/espeak -I ../external/whispercpp  -c -o Sound_files.o Sound_files.cpp
clang -std=gnu++17 -municode -D_FILE_OFFSET_BITS=64 -march=x86-64-v3 -O3 -Wshadow -I ../kar -I ../melder -I ../sys -I ../dwsys -I ../stat -I ../dwtools -I ../LPC -I ../foned -I ../fon -I ../external/portaudio -I ../external/flac -I ../external/mp3 -I ../external/espeak -I ../external/whispercpp  -c -o Sound_audio.o Sound_audio.cpp
clang -std=gnu++17 -municode -D_FILE_OFFSET_BITS=64 -march=x86-64-v3 -O3 -Wshadow -I ../kar -I ../melder -I ../sys -I ../dwsys -I ../stat -I ../dwtools -I ../LPC -I ../foned -I ../fon -I ../external/portaudio -I ../external/flac -I ../external/mp3 -I ../external/espeak -I ../external/whispercpp  -c -o PointProcess_and_Sound.o PointProcess_and_Sound.cpp
clang -std=gnu++17 -municode -D_FILE_OFFSET_BITS=64 -march=x86-64-v3 -O3 -Wshadow -I ../kar -I ../melder -I ../sys -I ../dwsys -I ../stat -I ../dwtools -I ../LPC -I ../foned -I ../fon -I ../external/portaudio -I ../external/flac -I ../external/mp3 -I ../external/espeak -I ../external/whispercpp  -c -o Sound_PointProcess.o Sound_PointProcess.cpp
clang -std=gnu++17 -municode -D_FILE_OFFSET_BITS=64 -march=x86-64-v3 -O3 -Wshadow -I ../kar -I ../melder -I ../sys -I ../dwsys -I ../stat -I ../dwtools -I ../LPC -I ../foned -I ../fon -I ../external/portaudio -I ../external/flac -I ../external/mp3 -I ../external/espeak -I ../external/whispercpp  -c -o ParamCurve.o ParamCurve.cpp
clang -std=gnu++17 -municode -D_FILE_OFFSET_BITS=64 -march=x86-64-v3 -O3 -Wshadow -I ../kar -I ../melder -I ../sys -I ../dwsys -I ../stat -I ../dwtools -I ../LPC -I ../foned -I ../fon -I ../external/portaudio -I ../external/flac -I ../external/mp3 -I ../external/espeak -I ../external/whispercpp  -c -o Pitch.o Pitch.cpp
clang -std=gnu++17 -municode -D_FILE_OFFSET_BITS=64 -march=x86-64-v3 -O3 -Wshadow -I ../kar -I ../melder -I ../sys -I ../dwsys -I ../stat -I ../dwtools -I ../LPC -I ../foned -I ../fon -I ../external/portaudio -I ../external/flac -I ../external/mp3 -I ../external/espeak -I ../external/whispercpp  -c -o Harmonicity.o Harmonicity.cpp
clang -std=gnu++17 -municode -D_FILE_OFFSET_BITS=64 -march=x86-64-v3 -O3 -Wshadow -I ../kar -I ../melder -I ../sys -I ../dwsys -I ../stat -I ../dwtools -I ../LPC -I ../foned -I ../fon -I ../external/portaudio -I ../external/flac -I ../external/mp3 -I ../external/espeak -I ../external/whispercpp  -c -o Intensity.o Intensity.cpp
LongSound.cpp:426:2: warning: declaration shadows a variable in the global namespace [-Wshadow]
  426 |         TRACE
      |         ^
../melder/melder_debug.h:54:31: note: expanded from macro 'TRACE'
   54 | #define TRACE  constexpr bool Melder_isTracingLocally = true;   // intentionally shadow a global variable; meant for temporary tracing of a function (to stderr)
      |                               ^
../melder/melder_debug.h:26:13: note: previous declaration is here
   26 | inline bool Melder_isTracingLocally = false;
      |             ^
clang -std=gnu++17 -municode -D_FILE_OFFSET_BITS=64 -march=x86-64-v3 -O3 -Wshadow -I ../kar -I ../melder -I ../sys -I ../dwsys -I ../stat -I ../dwtools -I ../LPC -I ../foned -I ../fon -I ../external/portaudio -I ../external/flac -I ../external/mp3 -I ../external/espeak -I ../external/whispercpp  -c -o Matrix_and_Pitch.o Matrix_and_Pitch.cpp
clang -std=gnu++17 -municode -D_FILE_OFFSET_BITS=64 -march=x86-64-v3 -O3 -Wshadow -I ../kar -I ../melder -I ../sys -I ../dwsys -I ../stat -I ../dwtools -I ../LPC -I ../foned -I ../fon -I ../external/portaudio -I ../external/flac -I ../external/mp3 -I ../external/espeak -I ../external/whispercpp  -c -o Sound_to_Pitch.o Sound_to_Pitch.cpp
clang -std=gnu++17 -municode -D_FILE_OFFSET_BITS=64 -march=x86-64-v3 -O3 -Wshadow -I ../kar -I ../melder -I ../sys -I ../dwsys -I ../stat -I ../dwtools -I ../LPC -I ../foned -I ../fon -I ../external/portaudio -I ../external/flac -I ../external/mp3 -I ../external/espeak -I ../external/whispercpp  -c -o Sound_to_Intensity.o Sound_to_Intensity.cpp
clang -std=gnu++17 -municode -D_FILE_OFFSET_BITS=64 -march=x86-64-v3 -O3 -Wshadow -I ../kar -I ../melder -I ../sys -I ../dwsys -I ../stat -I ../dwtools -I ../LPC -I ../foned -I ../fon -I ../external/portaudio -I ../external/flac -I ../external/mp3 -I ../external/espeak -I ../external/whispercpp  -c -o Sound_to_Harmonicity.o Sound_to_Harmonicity.cpp
clang -std=gnu++17 -municode -D_FILE_OFFSET_BITS=64 -march=x86-64-v3 -O3 -Wshadow -I ../kar -I ../melder -I ../sys -I ../dwsys -I ../stat -I ../dwtools -I ../LPC -I ../foned -I ../fon -I ../external/portaudio -I ../external/flac -I ../external/mp3 -I ../external/espeak -I ../external/whispercpp  -c -o Sound_to_Harmonicity_GNE.o Sound_to_Harmonicity_GNE.cpp
clang -std=gnu++17 -municode -D_FILE_OFFSET_BITS=64 -march=x86-64-v3 -O3 -Wshadow -I ../kar -I ../melder -I ../sys -I ../dwsys -I ../stat -I ../dwtools -I ../LPC -I ../foned -I ../fon -I ../external/portaudio -I ../external/flac -I ../external/mp3 -I ../external/espeak -I ../external/whispercpp  -c -o Sound_to_PointProcess.o Sound_to_PointProcess.cpp
1 warning generated.
clang -std=gnu++17 -municode -D_FILE_OFFSET_BITS=64 -march=x86-64-v3 -O3 -Wshadow -I ../kar -I ../melder -I ../sys -I ../dwsys -I ../stat -I ../dwtools -I ../LPC -I ../foned -I ../fon -I ../external/portaudio -I ../external/flac -I ../external/mp3 -I ../external/espeak -I ../external/whispercpp  -c -o Pitch_to_PointProcess.o Pitch_to_PointProcess.cpp
clang -std=gnu++17 -municode -D_FILE_OFFSET_BITS=64 -march=x86-64-v3 -O3 -Wshadow -I ../kar -I ../melder -I ../sys -I ../dwsys -I ../stat -I ../dwtools -I ../LPC -I ../foned -I ../fon -I ../external/portaudio -I ../external/flac -I ../external/mp3 -I ../external/espeak -I ../external/whispercpp  -c -o Pitch_to_Sound.o Pitch_to_Sound.cpp
clang -std=gnu++17 -municode -D_FILE_OFFSET_BITS=64 -march=x86-64-v3 -O3 -Wshadow -I ../kar -I ../melder -I ../sys -I ../dwsys -I ../stat -I ../dwtools -I ../LPC -I ../foned -I ../fon -I ../external/portaudio -I ../external/flac -I ../external/mp3 -I ../external/espeak -I ../external/whispercpp  -c -o Pitch_Intensity.o Pitch_Intensity.cpp
Sound_audio.cpp:173:13: warning: declaration shadows a local variable [-Wshadow]
  173 |                                 PaError err = Pa_Initialize ();
      |                                         ^
Sound_audio.cpp:121:13: note: previous declaration is here
  121 |                         MMRESULT err;
      |                                  ^
Sound_audio.cpp:348:12: warning: declaration shadows a local variable [-Wshadow]
  348 |                         PaError err = Pa_OpenStream (& portaudioStream, & streamParameters, nullptr,
      |                                 ^
Sound_audio.cpp:121:13: note: previous declaration is here
  121 |                         MMRESULT err;
      |                                  ^
clang -std=gnu++17 -municode -D_FILE_OFFSET_BITS=64 -march=x86-64-v3 -O3 -Wshadow -I ../kar -I ../melder -I ../sys -I ../dwsys -I ../stat -I ../dwtools -I ../LPC -I ../foned -I ../fon -I ../external/portaudio -I ../external/flac -I ../external/mp3 -I ../external/espeak -I ../external/whispercpp  -c -o PitchTier.o PitchTier.cpp
2 warnings generated.
clang -std=gnu++17 -municode -D_FILE_OFFSET_BITS=64 -march=x86-64-v3 -O3 -Wshadow -I ../kar -I ../melder -I ../sys -I ../dwsys -I ../stat -I ../dwtools -I ../LPC -I ../foned -I ../fon -I ../external/portaudio -I ../external/flac -I ../external/mp3 -I ../external/espeak -I ../external/whispercpp  -c -o Pitch_to_PitchTier.o Pitch_to_PitchTier.cpp
clang -std=gnu++17 -municode -D_FILE_OFFSET_BITS=64 -march=x86-64-v3 -O3 -Wshadow -I ../kar -I ../melder -I ../sys -I ../dwsys -I ../stat -I ../dwtools -I ../LPC -I ../foned -I ../fon -I ../external/portaudio -I ../external/flac -I ../external/mp3 -I ../external/espeak -I ../external/whispercpp  -c -o PitchTier_to_PointProcess.o PitchTier_to_PointProcess.cpp
clang -std=gnu++17 -municode -D_FILE_OFFSET_BITS=64 -march=x86-64-v3 -O3 -Wshadow -I ../kar -I ../melder -I ../sys -I ../dwsys -I ../stat -I ../dwtools -I ../LPC -I ../foned -I ../fon -I ../external/portaudio -I ../external/flac -I ../external/mp3 -I ../external/espeak -I ../external/whispercpp  -c -o PitchTier_to_Sound.o PitchTier_to_Sound.cpp
clang -std=gnu++17 -municode -D_FILE_OFFSET_BITS=64 -march=x86-64-v3 -O3 -Wshadow -I ../kar -I ../melder -I ../sys -I ../dwsys -I ../stat -I ../dwtools -I ../LPC -I ../foned -I ../fon -I ../external/portaudio -I ../external/flac -I ../external/mp3 -I ../external/espeak -I ../external/whispercpp  -c -o Manipulation.o Manipulation.cpp
clang -std=gnu++17 -municode -D_FILE_OFFSET_BITS=64 -march=x86-64-v3 -O3 -Wshadow -I ../kar -I ../melder -I ../sys -I ../dwsys -I ../stat -I ../dwtools -I ../LPC -I ../foned -I ../fon -I ../external/portaudio -I ../external/flac -I ../external/mp3 -I ../external/espeak -I ../external/whispercpp  -c -o Pitch_AnyTier_to_PitchTier.o Pitch_AnyTier_to_PitchTier.cpp
clang -std=gnu++17 -municode -D_FILE_OFFSET_BITS=64 -march=x86-64-v3 -O3 -Wshadow -I ../kar -I ../melder -I ../sys -I ../dwsys -I ../stat -I ../dwtools -I ../LPC -I ../foned -I ../fon -I ../external/portaudio -I ../external/flac -I ../external/mp3 -I ../external/espeak -I ../external/whispercpp  -c -o IntensityTier.o IntensityTier.cpp
clang -std=gnu++17 -municode -D_FILE_OFFSET_BITS=64 -march=x86-64-v3 -O3 -Wshadow -I ../kar -I ../melder -I ../sys -I ../dwsys -I ../stat -I ../dwtools -I ../LPC -I ../foned -I ../fon -I ../external/portaudio -I ../external/flac -I ../external/mp3 -I ../external/espeak -I ../external/whispercpp  -c -o DurationTier.o DurationTier.cpp
clang -std=gnu++17 -municode -D_FILE_OFFSET_BITS=64 -march=x86-64-v3 -O3 -Wshadow -I ../kar -I ../melder -I ../sys -I ../dwsys -I ../stat -I ../dwtools -I ../LPC -I ../foned -I ../fon -I ../external/portaudio -I ../external/flac -I ../external/mp3 -I ../external/espeak -I ../external/whispercpp  -c -o AmplitudeTier.o AmplitudeTier.cpp
PitchTier.cpp:116:12: warning: 5 enumeration values not handled in switch: 'UNDEFINED', 'HERTZ_LOGARITHMIC', 'SEMITONES_100'... [-Wswitch]
  116 |                         switch (unit) {
      |                                 ^~~~
clang -std=gnu++17 -municode -D_FILE_OFFSET_BITS=64 -march=x86-64-v3 -O3 -Wshadow -I ../kar -I ../melder -I ../sys -I ../dwsys -I ../stat -I ../dwtools -I ../LPC -I ../foned -I ../fon -I ../external/portaudio -I ../external/flac -I ../external/mp3 -I ../external/espeak -I ../external/whispercpp  -c -o Spectrum.o Spectrum.cpp
clang -std=gnu++17 -municode -D_FILE_OFFSET_BITS=64 -march=x86-64-v3 -O3 -Wshadow -I ../kar -I ../melder -I ../sys -I ../dwsys -I ../stat -I ../dwtools -I ../LPC -I ../foned -I ../fon -I ../external/portaudio -I ../external/flac -I ../external/mp3 -I ../external/espeak -I ../external/whispercpp  -c -o Ltas.o Ltas.cpp
clang -std=gnu++17 -municode -D_FILE_OFFSET_BITS=64 -march=x86-64-v3 -O3 -Wshadow -I ../kar -I ../melder -I ../sys -I ../dwsys -I ../stat -I ../dwtools -I ../LPC -I ../foned -I ../fon -I ../external/portaudio -I ../external/flac -I ../external/mp3 -I ../external/espeak -I ../external/whispercpp  -c -o Spectrogram.o Spectrogram.cpp
1 warning generated.
clang -std=gnu++17 -municode -D_FILE_OFFSET_BITS=64 -march=x86-64-v3 -O3 -Wshadow -I ../kar -I ../melder -I ../sys -I ../dwsys -I ../stat -I ../dwtools -I ../LPC -I ../foned -I ../fon -I ../external/portaudio -I ../external/flac -I ../external/mp3 -I ../external/espeak -I ../external/whispercpp  -c -o SpectrumTier.o SpectrumTier.cpp
clang -std=gnu++17 -municode -D_FILE_OFFSET_BITS=64 -march=x86-64-v3 -O3 -Wshadow -I ../kar -I ../melder -I ../sys -I ../dwsys -I ../stat -I ../dwtools -I ../LPC -I ../foned -I ../fon -I ../external/portaudio -I ../external/flac -I ../external/mp3 -I ../external/espeak -I ../external/whispercpp  -c -o Ltas_to_SpectrumTier.o Ltas_to_SpectrumTier.cpp
clang -std=gnu++17 -municode -D_FILE_OFFSET_BITS=64 -march=x86-64-v3 -O3 -Wshadow -I ../kar -I ../melder -I ../sys -I ../dwsys -I ../stat -I ../dwtools -I ../LPC -I ../foned -I ../fon -I ../external/portaudio -I ../external/flac -I ../external/mp3 -I ../external/espeak -I ../external/whispercpp  -c -o Formant.o Formant.cpp
clang -std=gnu++17 -municode -D_FILE_OFFSET_BITS=64 -march=x86-64-v3 -O3 -Wshadow -I ../kar -I ../melder -I ../sys -I ../dwsys -I ../stat -I ../dwtools -I ../LPC -I ../foned -I ../fon -I ../external/portaudio -I ../external/flac -I ../external/mp3 -I ../external/espeak -I ../external/whispercpp  -c -o Image.o Image.cpp
clang -std=gnu++17 -municode -D_FILE_OFFSET_BITS=64 -march=x86-64-v3 -O3 -Wshadow -I ../kar -I ../melder -I ../sys -I ../dwsys -I ../stat -I ../dwtools -I ../LPC -I ../foned -I ../fon -I ../external/portaudio -I ../external/flac -I ../external/mp3 -I ../external/espeak -I ../external/whispercpp  -c -o Sound_to_Formant.o Sound_to_Formant.cpp
clang -std=gnu++17 -municode -D_FILE_OFFSET_BITS=64 -march=x86-64-v3 -O3 -Wshadow -I ../kar -I ../melder -I ../sys -I ../dwsys -I ../stat -I ../dwtools -I ../LPC -I ../foned -I ../fon -I ../external/portaudio -I ../external/flac -I ../external/mp3 -I ../external/espeak -I ../external/whispercpp  -c -o Sound_and_Spectrogram.o Sound_and_Spectrogram.cpp
clang -std=gnu++17 -municode -D_FILE_OFFSET_BITS=64 -march=x86-64-v3 -O3 -Wshadow -I ../kar -I ../melder -I ../sys -I ../dwsys -I ../stat -I ../dwtools -I ../LPC -I ../foned -I ../fon -I ../external/portaudio -I ../external/flac -I ../external/mp3 -I ../external/espeak -I ../external/whispercpp  -c -o Sound_and_Spectrum.o Sound_and_Spectrum.cpp
clang -std=gnu++17 -municode -D_FILE_OFFSET_BITS=64 -march=x86-64-v3 -O3 -Wshadow -I ../kar -I ../melder -I ../sys -I ../dwsys -I ../stat -I ../dwtools -I ../LPC -I ../foned -I ../fon -I ../external/portaudio -I ../external/flac -I ../external/mp3 -I ../external/espeak -I ../external/whispercpp  -c -o Spectrum_and_Spectrogram.o Spectrum_and_Spectrogram.cpp
clang -std=gnu++17 -municode -D_FILE_OFFSET_BITS=64 -march=x86-64-v3 -O3 -Wshadow -I ../kar -I ../melder -I ../sys -I ../dwsys -I ../stat -I ../dwtools -I ../LPC -I ../foned -I ../fon -I ../external/portaudio -I ../external/flac -I ../external/mp3 -I ../external/espeak -I ../external/whispercpp  -c -o Spectrum_to_Formant.o Spectrum_to_Formant.cpp
clang -std=gnu++17 -municode -D_FILE_OFFSET_BITS=64 -march=x86-64-v3 -O3 -Wshadow -I ../kar -I ../melder -I ../sys -I ../dwsys -I ../stat -I ../dwtools -I ../LPC -I ../foned -I ../fon -I ../external/portaudio -I ../external/flac -I ../external/mp3 -I ../external/espeak -I ../external/whispercpp  -c -o FormantTier.o FormantTier.cpp
clang -std=gnu++17 -municode -D_FILE_OFFSET_BITS=64 -march=x86-64-v3 -O3 -Wshadow -I ../kar -I ../melder -I ../sys -I ../dwsys -I ../stat -I ../dwtools -I ../LPC -I ../foned -I ../fon -I ../external/portaudio -I ../external/flac -I ../external/mp3 -I ../external/espeak -I ../external/whispercpp  -c -o TextGrid.o TextGrid.cpp
clang -std=gnu++17 -municode -D_FILE_OFFSET_BITS=64 -march=x86-64-v3 -O3 -Wshadow -I ../kar -I ../melder -I ../sys -I ../dwsys -I ../stat -I ../dwtools -I ../LPC -I ../foned -I ../fon -I ../external/portaudio -I ../external/flac -I ../external/mp3 -I ../external/espeak -I ../external/whispercpp  -c -o TextGrid_files.o TextGrid_files.cpp
clang -std=gnu++17 -municode -D_FILE_OFFSET_BITS=64 -march=x86-64-v3 -O3 -Wshadow -I ../kar -I ../melder -I ../sys -I ../dwsys -I ../stat -I ../dwtools -I ../LPC -I ../foned -I ../fon -I ../external/portaudio -I ../external/flac -I ../external/mp3 -I ../external/espeak -I ../external/whispercpp  -c -o TextGrid_Sound.o TextGrid_Sound.cpp
clang -std=gnu++17 -municode -D_FILE_OFFSET_BITS=64 -march=x86-64-v3 -O3 -Wshadow -I ../kar -I ../melder -I ../sys -I ../dwsys -I ../stat -I ../dwtools -I ../LPC -I ../foned -I ../fon -I ../external/portaudio -I ../external/flac -I ../external/mp3 -I ../external/espeak -I ../external/whispercpp  -c -o Label.o Label.cpp
clang -std=gnu++17 -municode -D_FILE_OFFSET_BITS=64 -march=x86-64-v3 -O3 -Wshadow -I ../kar -I ../melder -I ../sys -I ../dwsys -I ../stat -I ../dwtools -I ../LPC -I ../foned -I ../fon -I ../external/portaudio -I ../external/flac -I ../external/mp3 -I ../external/espeak -I ../external/whispercpp  -c -o FormantGrid.o FormantGrid.cpp
clang -std=gnu++17 -municode -D_FILE_OFFSET_BITS=64 -march=x86-64-v3 -O3 -Wshadow -I ../kar -I ../melder -I ../sys -I ../dwsys -I ../stat -I ../dwtools -I ../LPC -I ../foned -I ../fon -I ../external/portaudio -I ../external/flac -I ../external/mp3 -I ../external/espeak -I ../external/whispercpp  -c -o Excitation.o Excitation.cpp
clang -std=gnu++17 -municode -D_FILE_OFFSET_BITS=64 -march=x86-64-v3 -O3 -Wshadow -I ../kar -I ../melder -I ../sys -I ../dwsys -I ../stat -I ../dwtools -I ../LPC -I ../foned -I ../fon -I ../external/portaudio -I ../external/flac -I ../external/mp3 -I ../external/espeak -I ../external/whispercpp  -c -o Cochleagram.o Cochleagram.cpp
clang -std=gnu++17 -municode -D_FILE_OFFSET_BITS=64 -march=x86-64-v3 -O3 -Wshadow -I ../kar -I ../melder -I ../sys -I ../dwsys -I ../stat -I ../dwtools -I ../LPC -I ../foned -I ../fon -I ../external/portaudio -I ../external/flac -I ../external/mp3 -I ../external/espeak -I ../external/whispercpp  -c -o Cochleagram_and_Excitation.o Cochleagram_and_Excitation.cpp
clang -std=gnu++17 -municode -D_FILE_OFFSET_BITS=64 -march=x86-64-v3 -O3 -Wshadow -I ../kar -I ../melder -I ../sys -I ../dwsys -I ../stat -I ../dwtools -I ../LPC -I ../foned -I ../fon -I ../external/portaudio -I ../external/flac -I ../external/mp3 -I ../external/espeak -I ../external/whispercpp  -c -o Excitation_to_Formant.o Excitation_to_Formant.cpp
clang -std=gnu++17 -municode -D_FILE_OFFSET_BITS=64 -march=x86-64-v3 -O3 -Wshadow -I ../kar -I ../melder -I ../sys -I ../dwsys -I ../stat -I ../dwtools -I ../LPC -I ../foned -I ../fon -I ../external/portaudio -I ../external/flac -I ../external/mp3 -I ../external/espeak -I ../external/whispercpp  -c -o Sound_to_Cochleagram.o Sound_to_Cochleagram.cpp
clang -std=gnu++17 -municode -D_FILE_OFFSET_BITS=64 -march=x86-64-v3 -O3 -Wshadow -I ../kar -I ../melder -I ../sys -I ../dwsys -I ../stat -I ../dwtools -I ../LPC -I ../foned -I ../fon -I ../external/portaudio -I ../external/flac -I ../external/mp3 -I ../external/espeak -I ../external/whispercpp  -c -o Spectrum_to_Excitation.o Spectrum_to_Excitation.cpp
clang -std=gnu++17 -municode -D_FILE_OFFSET_BITS=64 -march=x86-64-v3 -O3 -Wshadow -I ../kar -I ../melder -I ../sys -I ../dwsys -I ../stat -I ../dwtools -I ../LPC -I ../foned -I ../fon -I ../external/portaudio -I ../external/flac -I ../external/mp3 -I ../external/espeak -I ../external/whispercpp  -c -o VocalTract.o VocalTract.cpp
clang -std=gnu++17 -municode -D_FILE_OFFSET_BITS=64 -march=x86-64-v3 -O3 -Wshadow -I ../kar -I ../melder -I ../sys -I ../dwsys -I ../stat -I ../dwtools -I ../LPC -I ../foned -I ../fon -I ../external/portaudio -I ../external/flac -I ../external/mp3 -I ../external/espeak -I ../external/whispercpp  -c -o VocalTract_to_Spectrum.o VocalTract_to_Spectrum.cpp
clang -std=gnu++17 -municode -D_FILE_OFFSET_BITS=64 -march=x86-64-v3 -O3 -Wshadow -I ../kar -I ../melder -I ../sys -I ../dwsys -I ../stat -I ../dwtools -I ../LPC -I ../foned -I ../fon -I ../external/portaudio -I ../external/flac -I ../external/mp3 -I ../external/espeak -I ../external/whispercpp  -c -o Sound_enhance.o Sound_enhance.cpp
clang -std=gnu++17 -municode -D_FILE_OFFSET_BITS=64 -march=x86-64-v3 -O3 -Wshadow -I ../kar -I ../melder -I ../sys -I ../dwsys -I ../stat -I ../dwtools -I ../LPC -I ../foned -I ../fon -I ../external/portaudio -I ../external/flac -I ../external/mp3 -I ../external/espeak -I ../external/whispercpp  -c -o VoiceAnalysis.o VoiceAnalysis.cpp
clang -std=gnu++17 -municode -D_FILE_OFFSET_BITS=64 -march=x86-64-v3 -O3 -Wshadow -I ../kar -I ../melder -I ../sys -I ../dwsys -I ../stat -I ../dwtools -I ../LPC -I ../foned -I ../fon -I ../external/portaudio -I ../external/flac -I ../external/mp3 -I ../external/espeak -I ../external/whispercpp  -c -o H1minusH2Tier.o H1minusH2Tier.cpp
clang -std=gnu++17 -municode -D_FILE_OFFSET_BITS=64 -march=x86-64-v3 -O3 -Wshadow -I ../kar -I ../melder -I ../sys -I ../dwsys -I ../stat -I ../dwtools -I ../LPC -I ../foned -I ../fon -I ../external/portaudio -I ../external/flac -I ../external/mp3 -I ../external/espeak -I ../external/whispercpp  -c -o SpeechRecognizer.o SpeechRecognizer.cpp
clang -std=gnu++17 -municode -D_FILE_OFFSET_BITS=64 -march=x86-64-v3 -O3 -Wshadow -I ../kar -I ../melder -I ../sys -I ../dwsys -I ../stat -I ../dwtools -I ../LPC -I ../foned -I ../fon -I ../external/portaudio -I ../external/flac -I ../external/mp3 -I ../external/espeak -I ../external/whispercpp  -c -o WordList.o WordList.cpp
clang -std=gnu++17 -municode -D_FILE_OFFSET_BITS=64 -march=x86-64-v3 -O3 -Wshadow -I ../kar -I ../melder -I ../sys -I ../dwsys -I ../stat -I ../dwtools -I ../LPC -I ../foned -I ../fon -I ../external/portaudio -I ../external/flac -I ../external/mp3 -I ../external/espeak -I ../external/whispercpp  -c -o SpellingChecker.o SpellingChecker.cpp
clang -std=gnu++17 -municode -D_FILE_OFFSET_BITS=64 -march=x86-64-v3 -O3 -Wshadow -I ../kar -I ../melder -I ../sys -I ../dwsys -I ../stat -I ../dwtools -I ../LPC -I ../foned -I ../fon -I ../external/portaudio -I ../external/flac -I ../external/mp3 -I ../external/espeak -I ../external/whispercpp  -c -o FujisakiPitch.o FujisakiPitch.cpp
clang -std=gnu++17 -municode -D_FILE_OFFSET_BITS=64 -march=x86-64-v3 -O3 -Wshadow -I ../kar -I ../melder -I ../sys -I ../dwsys -I ../stat -I ../dwtools -I ../LPC -I ../foned -I ../fon -I ../external/portaudio -I ../external/flac -I ../external/mp3 -I ../external/espeak -I ../external/whispercpp  -c -o ExperimentMFC.o ExperimentMFC.cpp
clang -std=gnu++17 -municode -D_FILE_OFFSET_BITS=64 -march=x86-64-v3 -O3 -Wshadow -I ../kar -I ../melder -I ../sys -I ../dwsys -I ../stat -I ../dwtools -I ../LPC -I ../foned -I ../fon -I ../external/portaudio -I ../external/flac -I ../external/mp3 -I ../external/espeak -I ../external/whispercpp  -c -o manual_ExperimentMFC.o manual_ExperimentMFC.cpp
clang -std=gnu++17 -municode -D_FILE_OFFSET_BITS=64 -march=x86-64-v3 -O3 -Wshadow -I ../kar -I ../melder -I ../sys -I ../dwsys -I ../stat -I ../dwtools -I ../LPC -I ../foned -I ../fon -I ../external/portaudio -I ../external/flac -I ../external/mp3 -I ../external/espeak -I ../external/whispercpp  -c -o praat_ExperimentMFC.o praat_ExperimentMFC.cpp
clang -std=gnu++17 -municode -D_FILE_OFFSET_BITS=64 -march=x86-64-v3 -O3 -Wshadow -I ../kar -I ../melder -I ../sys -I ../dwsys -I ../stat -I ../dwtools -I ../LPC -I ../foned -I ../fon -I ../external/portaudio -I ../external/flac -I ../external/mp3 -I ../external/espeak -I ../external/whispercpp  -c -o Photo.o Photo.cpp
clang -std=gnu++17 -municode -D_FILE_OFFSET_BITS=64 -march=x86-64-v3 -O3 -Wshadow -I ../kar -I ../melder -I ../sys -I ../dwsys -I ../stat -I ../dwtools -I ../LPC -I ../foned -I ../fon -I ../external/portaudio -I ../external/flac -I ../external/mp3 -I ../external/espeak -I ../external/whispercpp  -c -o Movie.o Movie.cpp
clang -std=gnu++17 -municode -D_FILE_OFFSET_BITS=64 -march=x86-64-v3 -O3 -Wshadow -I ../kar -I ../melder -I ../sys -I ../dwsys -I ../stat -I ../dwtools -I ../LPC -I ../foned -I ../fon -I ../external/portaudio -I ../external/flac -I ../external/mp3 -I ../external/espeak -I ../external/whispercpp  -c -o Corpus.o Corpus.cpp
clang -std=gnu++17 -municode -D_FILE_OFFSET_BITS=64 -march=x86-64-v3 -O3 -Wshadow -I ../kar -I ../melder -I ../sys -I ../dwsys -I ../stat -I ../dwtools -I ../LPC -I ../foned -I ../fon -I ../external/portaudio -I ../external/flac -I ../external/mp3 -I ../external/espeak -I ../external/whispercpp  -c -o manual_Picture.o manual_Picture.cpp
clang -std=gnu++17 -municode -D_FILE_OFFSET_BITS=64 -march=x86-64-v3 -O3 -Wshadow -I ../kar -I ../melder -I ../sys -I ../dwsys -I ../stat -I ../dwtools -I ../LPC -I ../foned -I ../fon -I ../external/portaudio -I ../external/flac -I ../external/mp3 -I ../external/espeak -I ../external/whispercpp  -c -o manual_Manual.o manual_Manual.cpp
clang -std=gnu++17 -municode -D_FILE_OFFSET_BITS=64 -march=x86-64-v3 -O3 -Wshadow -I ../kar -I ../melder -I ../sys -I ../dwsys -I ../stat -I ../dwtools -I ../LPC -I ../foned -I ../fon -I ../external/portaudio -I ../external/flac -I ../external/mp3 -I ../external/espeak -I ../external/whispercpp  -c -o manual_commands.o manual_commands.cpp
clang -std=gnu++17 -municode -D_FILE_OFFSET_BITS=64 -march=x86-64-v3 -O3 -Wshadow -I ../kar -I ../melder -I ../sys -I ../dwsys -I ../stat -I ../dwtools -I ../LPC -I ../foned -I ../fon -I ../external/portaudio -I ../external/flac -I ../external/mp3 -I ../external/espeak -I ../external/whispercpp  -c -o manual_formulas.o manual_formulas.cpp
clang -std=gnu++17 -municode -D_FILE_OFFSET_BITS=64 -march=x86-64-v3 -O3 -Wshadow -I ../kar -I ../melder -I ../sys -I ../dwsys -I ../stat -I ../dwtools -I ../LPC -I ../foned -I ../fon -I ../external/portaudio -I ../external/flac -I ../external/mp3 -I ../external/espeak -I ../external/whispercpp  -c -o manual_functions.o manual_functions.cpp
clang -std=gnu++17 -municode -D_FILE_OFFSET_BITS=64 -march=x86-64-v3 -O3 -Wshadow -I ../kar -I ../melder -I ../sys -I ../dwsys -I ../stat -I ../dwtools -I ../LPC -I ../foned -I ../fon -I ../external/portaudio -I ../external/flac -I ../external/mp3 -I ../external/espeak -I ../external/whispercpp  -c -o manual_scripting.o manual_scripting.cpp
SpeechRecognizer.cpp:315:3: warning: declaration shadows a variable in the global namespace [-Wshadow]
  315 |                 TRACE
      |                 ^
../melder/melder_debug.h:54:31: note: expanded from macro 'TRACE'
clang -std=gnu++17 -municode -D_FILE_OFFSET_BITS=64 -march=x86-64-v3 -O3 -Wshadow -I ../kar -I ../melder -I ../sys -I ../dwsys -I ../stat -I ../dwtools -I ../LPC -I ../foned -I ../fon -I ../external/portaudio -I ../external/flac -I ../external/mp3 -I ../external/espeak -I ../external/whispercpp  -c -o manual_demoWindow.o manual_demoWindow.cpp
   54 | #define TRACE  constexpr bool Melder_isTracingLocally = true;   // intentionally shadow a global variable; meant for temporary tracing of a function (to stderr)
      |                               ^
../melder/melder_debug.h:26:13: note: previous declaration is here
   26 | inline bool Melder_isTracingLocally = false;
      |             ^
clang -std=gnu++17 -municode -D_FILE_OFFSET_BITS=64 -march=x86-64-v3 -O3 -Wshadow -I ../kar -I ../melder -I ../sys -I ../dwsys -I ../stat -I ../dwtools -I ../LPC -I ../foned -I ../fon -I ../external/portaudio -I ../external/flac -I ../external/mp3 -I ../external/espeak -I ../external/whispercpp  -c -o manual_whatsnew.o manual_whatsnew.cpp
clang -std=gnu++17 -municode -D_FILE_OFFSET_BITS=64 -march=x86-64-v3 -O3 -Wshadow -I ../kar -I ../melder -I ../sys -I ../dwsys -I ../stat -I ../dwtools -I ../LPC -I ../foned -I ../fon -I ../external/portaudio -I ../external/flac -I ../external/mp3 -I ../external/espeak -I ../external/whispercpp  -c -o manual_soundFiles.o manual_soundFiles.cpp
clang -std=gnu++17 -municode -D_FILE_OFFSET_BITS=64 -march=x86-64-v3 -O3 -Wshadow -I ../kar -I ../melder -I ../sys -I ../dwsys -I ../stat -I ../dwtools -I ../LPC -I ../foned -I ../fon -I ../external/portaudio -I ../external/flac -I ../external/mp3 -I ../external/espeak -I ../external/whispercpp  -c -o manual_licenses.o manual_licenses.cpp
clang -std=gnu++17 -municode -D_FILE_OFFSET_BITS=64 -march=x86-64-v3 -O3 -Wshadow -I ../kar -I ../melder -I ../sys -I ../dwsys -I ../stat -I ../dwtools -I ../LPC -I ../foned -I ../fon -I ../external/portaudio -I ../external/flac -I ../external/mp3 -I ../external/espeak -I ../external/whispercpp  -c -o manual_tutorials.o manual_tutorials.cpp
clang -std=gnu++17 -municode -D_FILE_OFFSET_BITS=64 -march=x86-64-v3 -O3 -Wshadow -I ../kar -I ../melder -I ../sys -I ../dwsys -I ../stat -I ../dwtools -I ../LPC -I ../foned -I ../fon -I ../external/portaudio -I ../external/flac -I ../external/mp3 -I ../external/espeak -I ../external/whispercpp  -c -o manual_references.o manual_references.cpp
clang -std=gnu++17 -municode -D_FILE_OFFSET_BITS=64 -march=x86-64-v3 -O3 -Wshadow -I ../kar -I ../melder -I ../sys -I ../dwsys -I ../stat -I ../dwtools -I ../LPC -I ../foned -I ../fon -I ../external/portaudio -I ../external/flac -I ../external/mp3 -I ../external/espeak -I ../external/whispercpp  -c -o manual_programming.o manual_programming.cpp
clang -std=gnu++17 -municode -D_FILE_OFFSET_BITS=64 -march=x86-64-v3 -O3 -Wshadow -I ../kar -I ../melder -I ../sys -I ../dwsys -I ../stat -I ../dwtools -I ../LPC -I ../foned -I ../fon -I ../external/portaudio -I ../external/flac -I ../external/mp3 -I ../external/espeak -I ../external/whispercpp  -c -o manual_Fon.o manual_Fon.cpp
1 warning generated.
clang -std=gnu++17 -municode -D_FILE_OFFSET_BITS=64 -march=x86-64-v3 -O3 -Wshadow -I ../kar -I ../melder -I ../sys -I ../dwsys -I ../stat -I ../dwtools -I ../LPC -I ../foned -I ../fon -I ../external/portaudio -I ../external/flac -I ../external/mp3 -I ../external/espeak -I ../external/whispercpp  -c -o manual_voice.o manual_voice.cpp
clang -std=gnu++17 -municode -D_FILE_OFFSET_BITS=64 -march=x86-64-v3 -O3 -Wshadow -I ../kar -I ../melder -I ../sys -I ../dwsys -I ../stat -I ../dwtools -I ../LPC -I ../foned -I ../fon -I ../external/portaudio -I ../external/flac -I ../external/mp3 -I ../external/espeak -I ../external/whispercpp  -c -o Praat_tests.o Praat_tests.cpp
clang -std=gnu++17 -municode -D_FILE_OFFSET_BITS=64 -march=x86-64-v3 -O3 -Wshadow -I ../kar -I ../melder -I ../sys -I ../dwsys -I ../stat -I ../dwtools -I ../LPC -I ../foned -I ../fon -I ../external/portaudio -I ../external/flac -I ../external/mp3 -I ../external/espeak -I ../external/whispercpp  -c -o manual_glossary.o manual_glossary.cpp
clang -std=gnu++17 -municode -D_FILE_OFFSET_BITS=64 -march=x86-64-v3 -O3 -Wshadow -I ../kar -I ../melder -I ../sys -I ../dwsys -I ../stat -I ../dwtools -I ../LPC -I ../foned -I ../fon -I ../external/portaudio -I ../external/flac -I ../external/mp3 -I ../external/espeak -I ../external/whispercpp  -c -o manual_Sampling.o manual_Sampling.cpp
clang -std=gnu++17 -municode -D_FILE_OFFSET_BITS=64 -march=x86-64-v3 -O3 -Wshadow -I ../kar -I ../melder -I ../sys -I ../dwsys -I ../stat -I ../dwtools -I ../LPC -I ../foned -I ../fon -I ../external/portaudio -I ../external/flac -I ../external/mp3 -I ../external/espeak -I ../external/whispercpp  -c -o manual_exampleSound.o manual_exampleSound.cpp
clang -std=gnu++17 -municode -D_FILE_OFFSET_BITS=64 -march=x86-64-v3 -O3 -Wshadow -I ../kar -I ../melder -I ../sys -I ../dwsys -I ../stat -I ../dwtools -I ../LPC -I ../foned -I ../fon -I ../external/portaudio -I ../external/flac -I ../external/mp3 -I ../external/espeak -I ../external/whispercpp  -c -o manual_sound.o manual_sound.cpp
clang -std=gnu++17 -municode -D_FILE_OFFSET_BITS=64 -march=x86-64-v3 -O3 -Wshadow -I ../kar -I ../melder -I ../sys -I ../dwsys -I ../stat -I ../dwtools -I ../LPC -I ../foned -I ../fon -I ../external/portaudio -I ../external/flac -I ../external/mp3 -I ../external/espeak -I ../external/whispercpp  -c -o manual_pitch.o manual_pitch.cpp
clang -std=gnu++17 -municode -D_FILE_OFFSET_BITS=64 -march=x86-64-v3 -O3 -Wshadow -I ../kar -I ../melder -I ../sys -I ../dwsys -I ../stat -I ../dwtools -I ../LPC -I ../foned -I ../fon -I ../external/portaudio -I ../external/flac -I ../external/mp3 -I ../external/espeak -I ../external/whispercpp  -c -o manual_spectrum.o manual_spectrum.cpp
clang -std=gnu++17 -municode -D_FILE_OFFSET_BITS=64 -march=x86-64-v3 -O3 -Wshadow -I ../kar -I ../melder -I ../sys -I ../dwsys -I ../stat -I ../dwtools -I ../LPC -I ../foned -I ../fon -I ../external/portaudio -I ../external/flac -I ../external/mp3 -I ../external/espeak -I ../external/whispercpp  -c -o manual_formant.o manual_formant.cpp
clang -std=gnu++17 -municode -D_FILE_OFFSET_BITS=64 -march=x86-64-v3 -O3 -Wshadow -I ../kar -I ../melder -I ../sys -I ../dwsys -I ../stat -I ../dwtools -I ../LPC -I ../foned -I ../fon -I ../external/portaudio -I ../external/flac -I ../external/mp3 -I ../external/espeak -I ../external/whispercpp  -c -o manual_pointProcess.o manual_pointProcess.cpp
clang -std=gnu++17 -municode -D_FILE_OFFSET_BITS=64 -march=x86-64-v3 -O3 -Wshadow -I ../kar -I ../melder -I ../sys -I ../dwsys -I ../stat -I ../dwtools -I ../LPC -I ../foned -I ../fon -I ../external/portaudio -I ../external/flac -I ../external/mp3 -I ../external/espeak -I ../external/whispercpp  -c -o manual_annotation.o manual_annotation.cpp
clang -std=gnu++17 -municode -D_FILE_OFFSET_BITS=64 -march=x86-64-v3 -O3 -Wshadow -I ../kar -I ../melder -I ../sys -I ../dwsys -I ../stat -I ../dwtools -I ../LPC -I ../foned -I ../fon -I ../external/portaudio -I ../external/flac -I ../external/mp3 -I ../external/espeak -I ../external/whispercpp  -c -o manual_SpeechRecognizer.o manual_SpeechRecognizer.cpp
clang -std=gnu++17 -municode -D_FILE_OFFSET_BITS=64 -march=x86-64-v3 -O3 -Wshadow -I ../kar -I ../melder -I ../sys -I ../dwsys -I ../stat -I ../dwtools -I ../LPC -I ../foned -I ../fon -I ../external/portaudio -I ../external/flac -I ../external/mp3 -I ../external/espeak -I ../external/whispercpp  -c -o praat_TimeFunction.o praat_TimeFunction.cpp
clang -std=gnu++17 -municode -D_FILE_OFFSET_BITS=64 -march=x86-64-v3 -O3 -Wshadow -I ../kar -I ../melder -I ../sys -I ../dwsys -I ../stat -I ../dwtools -I ../LPC -I ../foned -I ../fon -I ../external/portaudio -I ../external/flac -I ../external/mp3 -I ../external/espeak -I ../external/whispercpp  -c -o praat_TimeTier.o praat_TimeTier.cpp
clang -std=gnu++17 -municode -D_FILE_OFFSET_BITS=64 -march=x86-64-v3 -O3 -Wshadow -I ../kar -I ../melder -I ../sys -I ../dwsys -I ../stat -I ../dwtools -I ../LPC -I ../foned -I ../fon -I ../external/portaudio -I ../external/flac -I ../external/mp3 -I ../external/espeak -I ../external/whispercpp  -c -o praat_TimeFrameSampled.o praat_TimeFrameSampled.cpp
clang -std=gnu++17 -municode -D_FILE_OFFSET_BITS=64 -march=x86-64-v3 -O3 -Wshadow -I ../kar -I ../melder -I ../sys -I ../dwsys -I ../stat -I ../dwtools -I ../LPC -I ../foned -I ../fon -I ../external/portaudio -I ../external/flac -I ../external/mp3 -I ../external/espeak -I ../external/whispercpp  -c -o praat_Sound.o praat_Sound.cpp
clang -std=gnu++17 -municode -D_FILE_OFFSET_BITS=64 -march=x86-64-v3 -O3 -Wshadow -I ../kar -I ../melder -I ../sys -I ../dwsys -I ../stat -I ../dwtools -I ../LPC -I ../foned -I ../fon -I ../external/portaudio -I ../external/flac -I ../external/mp3 -I ../external/espeak -I ../external/whispercpp  -c -o praat_Matrix.o praat_Matrix.cpp
clang -std=gnu++17 -municode -D_FILE_OFFSET_BITS=64 -march=x86-64-v3 -O3 -Wshadow -I ../kar -I ../melder -I ../sys -I ../dwsys -I ../stat -I ../dwtools -I ../LPC -I ../foned -I ../fon -I ../external/portaudio -I ../external/flac -I ../external/mp3 -I ../external/espeak -I ../external/whispercpp  -c -o praat_Tiers.o praat_Tiers.cpp
clang -std=gnu++17 -municode -D_FILE_OFFSET_BITS=64 -march=x86-64-v3 -O3 -Wshadow -I ../kar -I ../melder -I ../sys -I ../dwsys -I ../stat -I ../dwtools -I ../LPC -I ../foned -I ../fon -I ../external/portaudio -I ../external/flac -I ../external/mp3 -I ../external/espeak -I ../external/whispercpp  -c -o praat_TextGrid_init.o praat_TextGrid_init.cpp
clang -std=gnu++17 -municode -D_FILE_OFFSET_BITS=64 -march=x86-64-v3 -O3 -Wshadow -I ../kar -I ../melder -I ../sys -I ../dwsys -I ../stat -I ../dwtools -I ../LPC -I ../foned -I ../fon -I ../external/portaudio -I ../external/flac -I ../external/mp3 -I ../external/espeak -I ../external/whispercpp  -c -o praat_uvafon_init.o praat_uvafon_init.cpp
Praat_tests.cpp:600:13: warning: declaration shadows a local variable [-Wshadow]
  600 |                                         double x [3], *px = & x [0];
      |                                                ^
Praat_tests.cpp:572:28: note: previous declaration is here
  572 |                                 autoMelderAsynchronous x;
      |                                                        ^
Praat_tests.cpp:605:13: warning: declaration shadows a local variable [-Wshadow]
  605 |                                         double a = c_vx [1];
      |                                                ^
Praat_tests.cpp:577:13: note: previous declaration is here
  577 |                                 autoVEC a;
      |                                         ^
Praat_tests.cpp:606:19: warning: declaration shadows a local variable [-Wshadow]
  606 |                                         const double b = c_vx [2];
      |                                                      ^
Praat_tests.cpp:578:13: note: previous declaration is here
  578 |                                 autoVEC b = a.move();
      |                                         ^
Praat_tests.cpp:607:19: warning: declaration shadows a local variable [-Wshadow]
  607 |                                         const double y = 0.0, *py = & y;
      |                                                      ^
Praat_tests.cpp:574:28: note: previous declaration is here
  574 |                                 autoMelderAsynchronous y = x.move();   // defined move constructor
      |                                                        ^
Praat_tests.cpp:612:13: warning: declaration shadows a local variable [-Wshadow]
  612 |                                         double c = c_vy [1];
      |                                                ^
Praat_tests.cpp:579:19: note: previous declaration is here
  579 |                                 const autoVEC c;
      |                                               ^
Praat_tests.cpp:613:19: warning: declaration shadows a local variable [-Wshadow]
  613 |                                         const double d = c_vy [2];
      |                                                      ^
Praat_tests.cpp:580:19: note: previous declaration is here
  580 |                                 const autoVEC d { };
      |                                               ^
clang -std=gnu++17 -municode -D_FILE_OFFSET_BITS=64 -march=x86-64-v3 -O3 -Wshadow -I ../kar -I ../melder -I ../sys -I ../dwsys -I ../stat -I ../dwtools -I ../LPC -I ../foned -I ../fon -I ../external/portaudio -I ../external/flac -I ../external/mp3 -I ../external/espeak -I ../external/whispercpp  -c -o praat_SpeechRecognizer.o praat_SpeechRecognizer.cpp
6 warnings generated.
In file included from praat_uvafon_init.cpp:30:
In file included from ../dwtools/Matrix_extensions.h:29:
../dwsys/Graphics_extensions.h:87:37: warning: declaration shadows a field of 'structLineSegmentClipper' [-Wshadow]
   87 |         int getCohenSutherlandCode (HPoint p) {
      |                                            ^
../dwsys/Graphics_extensions.h:82:32: note: previous declaration is here
   82 |         struct structHPoint from, to, p; // working storage
      |                                       ^
../dwsys/Graphics_extensions.h:100:41: warning: declaration shadows a field of 'structLineSegmentClipper' [-Wshadow]
  100 |         void cross (HPoint a, HPoint b, HPoint p) {  // p = a x b
      |                                                ^
../dwsys/Graphics_extensions.h:82:32: note: previous declaration is here
   82 |         struct structHPoint from, to, p; // working storage
      |                                       ^
2 warnings generated.
touch libfon.a
rm libfon.a
ar cq libfon.a Transition.o Distributions_and_Transition.o Function.o Sampled.o SampledXY.o Matrix.o Vector.o Polygon.o PointProcess.o Matrix_and_PointProcess.o Matrix_and_Polygon.o AnyTier.o RealTier.o Sound.o LongSound.o SoundSet.o Sound_files.o Sound_audio.o PointProcess_and_Sound.o Sound_PointProcess.o ParamCurve.o Pitch.o Harmonicity.o Intensity.o Matrix_and_Pitch.o Sound_to_Pitch.o Sound_to_Intensity.o Sound_to_Harmonicity.o Sound_to_Harmonicity_GNE.o Sound_to_PointProcess.o Pitch_to_PointProcess.o Pitch_to_Sound.o Pitch_Intensity.o PitchTier.o Pitch_to_PitchTier.o PitchTier_to_PointProcess.o PitchTier_to_Sound.o Manipulation.o Pitch_AnyTier_to_PitchTier.o IntensityTier.o DurationTier.o AmplitudeTier.o Spectrum.o Ltas.o Spectrogram.o SpectrumTier.o Ltas_to_SpectrumTier.o Formant.o Image.o Sound_to_Formant.o Sound_and_Spectrogram.o Sound_and_Spectrum.o Spectrum_and_Spectrogram.o Spectrum_to_Formant.o FormantTier.o TextGrid.o TextGrid_files.o TextGrid_Sound.o Label.o FormantGrid.o Excitation.o Cochleagram.o Cochleagram_and_Excitation.o Excitation_to_Formant.o Sound_to_Cochleagram.o Spectrum_to_Excitation.o VocalTract.o VocalTract_to_Spectrum.o Sound_enhance.o VoiceAnalysis.o H1minusH2Tier.o SpeechRecognizer.o WordList.o SpellingChecker.o FujisakiPitch.o ExperimentMFC.o manual_ExperimentMFC.o praat_ExperimentMFC.o Photo.o Movie.o Corpus.o manual_Picture.o manual_Manual.o manual_commands.o manual_formulas.o manual_functions.o manual_scripting.o manual_demoWindow.o manual_whatsnew.o manual_soundFiles.o manual_licenses.o manual_tutorials.o manual_references.o manual_programming.o manual_Fon.o manual_voice.o Praat_tests.o manual_glossary.o manual_Sampling.o manual_exampleSound.o manual_sound.o manual_pitch.o manual_spectrum.o manual_formant.o manual_pointProcess.o manual_annotation.o manual_SpeechRecognizer.o praat_TimeFunction.o praat_TimeTier.o praat_TimeFrameSampled.o praat_Sound.o praat_Matrix.o praat_Tiers.o praat_TextGrid_init.o praat_uvafon_init.o praat_SpeechRecognizer.o
ranlib libfon.a
make[1]: Leaving directory '/d/Praat-work/稳定早期版/fon'
make -C foned
make[1]: Entering directory '/d/Praat-work/稳定早期版/foned'
clang -std=gnu++17 -municode -D_FILE_OFFSET_BITS=64 -march=x86-64-v3 -O3 -Wshadow -I ../kar -I ../melder -I ../sys -I ../dwsys -I ../stat -I ../dwtools -I ../LPC -I ../fon -I ../external/portaudio -I ../external/flac -I ../external/mp3 -I ../external/espeak  -c -o SoundRecorder.o SoundRecorder.cpp
clang -std=gnu++17 -municode -D_FILE_OFFSET_BITS=64 -march=x86-64-v3 -O3 -Wshadow -I ../kar -I ../melder -I ../sys -I ../dwsys -I ../stat -I ../dwtools -I ../LPC -I ../fon -I ../external/portaudio -I ../external/flac -I ../external/mp3 -I ../external/espeak  -c -o FunctionArea.o FunctionArea.cpp
clang -std=gnu++17 -municode -D_FILE_OFFSET_BITS=64 -march=x86-64-v3 -O3 -Wshadow -I ../kar -I ../melder -I ../sys -I ../dwsys -I ../stat -I ../dwtools -I ../LPC -I ../fon -I ../external/portaudio -I ../external/flac -I ../external/mp3 -I ../external/espeak  -c -o SoundArea.o SoundArea.cpp
clang -std=gnu++17 -municode -D_FILE_OFFSET_BITS=64 -march=x86-64-v3 -O3 -Wshadow -I ../kar -I ../melder -I ../sys -I ../dwsys -I ../stat -I ../dwtools -I ../LPC -I ../fon -I ../external/portaudio -I ../external/flac -I ../external/mp3 -I ../external/espeak  -c -o SoundAnalysisArea.o SoundAnalysisArea.cpp
clang -std=gnu++17 -municode -D_FILE_OFFSET_BITS=64 -march=x86-64-v3 -O3 -Wshadow -I ../kar -I ../melder -I ../sys -I ../dwsys -I ../stat -I ../dwtools -I ../LPC -I ../fon -I ../external/portaudio -I ../external/flac -I ../external/mp3 -I ../external/espeak  -c -o TextGridArea.o TextGridArea.cpp
clang -std=gnu++17 -municode -D_FILE_OFFSET_BITS=64 -march=x86-64-v3 -O3 -Wshadow -I ../kar -I ../melder -I ../sys -I ../dwsys -I ../stat -I ../dwtools -I ../LPC -I ../fon -I ../external/portaudio -I ../external/flac -I ../external/mp3 -I ../external/espeak  -c -o SpectrumArea.o SpectrumArea.cpp
clang -std=gnu++17 -municode -D_FILE_OFFSET_BITS=64 -march=x86-64-v3 -O3 -Wshadow -I ../kar -I ../melder -I ../sys -I ../dwsys -I ../stat -I ../dwtools -I ../LPC -I ../fon -I ../external/portaudio -I ../external/flac -I ../external/mp3 -I ../external/espeak  -c -o PointArea.o PointArea.cpp
clang -std=gnu++17 -municode -D_FILE_OFFSET_BITS=64 -march=x86-64-v3 -O3 -Wshadow -I ../kar -I ../melder -I ../sys -I ../dwsys -I ../stat -I ../dwtools -I ../LPC -I ../fon -I ../external/portaudio -I ../external/flac -I ../external/mp3 -I ../external/espeak  -c -o PitchArea.o PitchArea.cpp
clang -std=gnu++17 -municode -D_FILE_OFFSET_BITS=64 -march=x86-64-v3 -O3 -Wshadow -I ../kar -I ../melder -I ../sys -I ../dwsys -I ../stat -I ../dwtools -I ../LPC -I ../fon -I ../external/portaudio -I ../external/flac -I ../external/mp3 -I ../external/espeak  -c -o SpectrogramArea.o SpectrogramArea.cpp
clang -std=gnu++17 -municode -D_FILE_OFFSET_BITS=64 -march=x86-64-v3 -O3 -Wshadow -I ../kar -I ../melder -I ../sys -I ../dwsys -I ../stat -I ../dwtools -I ../LPC -I ../fon -I ../external/portaudio -I ../external/flac -I ../external/mp3 -I ../external/espeak  -c -o RealTierArea.o RealTierArea.cpp
clang -std=gnu++17 -municode -D_FILE_OFFSET_BITS=64 -march=x86-64-v3 -O3 -Wshadow -I ../kar -I ../melder -I ../sys -I ../dwsys -I ../stat -I ../dwtools -I ../LPC -I ../fon -I ../external/portaudio -I ../external/flac -I ../external/mp3 -I ../external/espeak  -c -o PitchTierArea.o PitchTierArea.cpp
clang -std=gnu++17 -municode -D_FILE_OFFSET_BITS=64 -march=x86-64-v3 -O3 -Wshadow -I ../kar -I ../melder -I ../sys -I ../dwsys -I ../stat -I ../dwtools -I ../LPC -I ../fon -I ../external/portaudio -I ../external/flac -I ../external/mp3 -I ../external/espeak  -c -o IntensityTierArea.o IntensityTierArea.cpp
clang -std=gnu++17 -municode -D_FILE_OFFSET_BITS=64 -march=x86-64-v3 -O3 -Wshadow -I ../kar -I ../melder -I ../sys -I ../dwsys -I ../stat -I ../dwtools -I ../LPC -I ../fon -I ../external/portaudio -I ../external/flac -I ../external/mp3 -I ../external/espeak  -c -o DurationTierArea.o DurationTierArea.cpp
clang -std=gnu++17 -municode -D_FILE_OFFSET_BITS=64 -march=x86-64-v3 -O3 -Wshadow -I ../kar -I ../melder -I ../sys -I ../dwsys -I ../stat -I ../dwtools -I ../LPC -I ../fon -I ../external/portaudio -I ../external/flac -I ../external/mp3 -I ../external/espeak  -c -o AmplitudeTierArea.o AmplitudeTierArea.cpp
clang -std=gnu++17 -municode -D_FILE_OFFSET_BITS=64 -march=x86-64-v3 -O3 -Wshadow -I ../kar -I ../melder -I ../sys -I ../dwsys -I ../stat -I ../dwtools -I ../LPC -I ../fon -I ../external/portaudio -I ../external/flac -I ../external/mp3 -I ../external/espeak  -c -o FormantGridArea.o FormantGridArea.cpp
clang -std=gnu++17 -municode -D_FILE_OFFSET_BITS=64 -march=x86-64-v3 -O3 -Wshadow -I ../kar -I ../melder -I ../sys -I ../dwsys -I ../stat -I ../dwtools -I ../LPC -I ../fon -I ../external/portaudio -I ../external/flac -I ../external/mp3 -I ../external/espeak  -c -o MovieArea.o MovieArea.cpp
clang -std=gnu++17 -municode -D_FILE_OFFSET_BITS=64 -march=x86-64-v3 -O3 -Wshadow -I ../kar -I ../melder -I ../sys -I ../dwsys -I ../stat -I ../dwtools -I ../LPC -I ../fon -I ../external/portaudio -I ../external/flac -I ../external/mp3 -I ../external/espeak  -c -o FunctionEditor.o FunctionEditor.cpp
clang -std=gnu++17 -municode -D_FILE_OFFSET_BITS=64 -march=x86-64-v3 -O3 -Wshadow -I ../kar -I ../melder -I ../sys -I ../dwsys -I ../stat -I ../dwtools -I ../LPC -I ../fon -I ../external/portaudio -I ../external/flac -I ../external/mp3 -I ../external/espeak  -c -o PitchEditor.o PitchEditor.cpp
clang -std=gnu++17 -municode -D_FILE_OFFSET_BITS=64 -march=x86-64-v3 -O3 -Wshadow -I ../kar -I ../melder -I ../sys -I ../dwsys -I ../stat -I ../dwtools -I ../LPC -I ../fon -I ../external/portaudio -I ../external/flac -I ../external/mp3 -I ../external/espeak  -c -o SoundEditor.o SoundEditor.cpp
clang -std=gnu++17 -municode -D_FILE_OFFSET_BITS=64 -march=x86-64-v3 -O3 -Wshadow -I ../kar -I ../melder -I ../sys -I ../dwsys -I ../stat -I ../dwtools -I ../LPC -I ../fon -I ../external/portaudio -I ../external/flac -I ../external/mp3 -I ../external/espeak  -c -o SpectrumEditor.o SpectrumEditor.cpp
clang -std=gnu++17 -municode -D_FILE_OFFSET_BITS=64 -march=x86-64-v3 -O3 -Wshadow -I ../kar -I ../melder -I ../sys -I ../dwsys -I ../stat -I ../dwtools -I ../LPC -I ../fon -I ../external/portaudio -I ../external/flac -I ../external/mp3 -I ../external/espeak  -c -o SpectrogramEditor.o SpectrogramEditor.cpp
clang -std=gnu++17 -municode -D_FILE_OFFSET_BITS=64 -march=x86-64-v3 -O3 -Wshadow -I ../kar -I ../melder -I ../sys -I ../dwsys -I ../stat -I ../dwtools -I ../LPC -I ../fon -I ../external/portaudio -I ../external/flac -I ../external/mp3 -I ../external/espeak  -c -o PointEditor.o PointEditor.cpp
clang -std=gnu++17 -municode -D_FILE_OFFSET_BITS=64 -march=x86-64-v3 -O3 -Wshadow -I ../kar -I ../melder -I ../sys -I ../dwsys -I ../stat -I ../dwtools -I ../LPC -I ../fon -I ../external/portaudio -I ../external/flac -I ../external/mp3 -I ../external/espeak  -c -o RealTierEditor.o RealTierEditor.cpp
clang -std=gnu++17 -municode -D_FILE_OFFSET_BITS=64 -march=x86-64-v3 -O3 -Wshadow -I ../kar -I ../melder -I ../sys -I ../dwsys -I ../stat -I ../dwtools -I ../LPC -I ../fon -I ../external/portaudio -I ../external/flac -I ../external/mp3 -I ../external/espeak  -c -o PitchTierEditor.o PitchTierEditor.cpp
clang -std=gnu++17 -municode -D_FILE_OFFSET_BITS=64 -march=x86-64-v3 -O3 -Wshadow -I ../kar -I ../melder -I ../sys -I ../dwsys -I ../stat -I ../dwtools -I ../LPC -I ../fon -I ../external/portaudio -I ../external/flac -I ../external/mp3 -I ../external/espeak  -c -o IntensityTierEditor.o IntensityTierEditor.cpp
clang -std=gnu++17 -municode -D_FILE_OFFSET_BITS=64 -march=x86-64-v3 -O3 -Wshadow -I ../kar -I ../melder -I ../sys -I ../dwsys -I ../stat -I ../dwtools -I ../LPC -I ../fon -I ../external/portaudio -I ../external/flac -I ../external/mp3 -I ../external/espeak  -c -o DurationTierEditor.o DurationTierEditor.cpp
clang -std=gnu++17 -municode -D_FILE_OFFSET_BITS=64 -march=x86-64-v3 -O3 -Wshadow -I ../kar -I ../melder -I ../sys -I ../dwsys -I ../stat -I ../dwtools -I ../LPC -I ../fon -I ../external/portaudio -I ../external/flac -I ../external/mp3 -I ../external/espeak  -c -o AmplitudeTierEditor.o AmplitudeTierEditor.cpp
clang -std=gnu++17 -municode -D_FILE_OFFSET_BITS=64 -march=x86-64-v3 -O3 -Wshadow -I ../kar -I ../melder -I ../sys -I ../dwsys -I ../stat -I ../dwtools -I ../LPC -I ../fon -I ../external/portaudio -I ../external/flac -I ../external/mp3 -I ../external/espeak  -c -o ManipulationEditor.o ManipulationEditor.cpp
clang -std=gnu++17 -municode -D_FILE_OFFSET_BITS=64 -march=x86-64-v3 -O3 -Wshadow -I ../kar -I ../melder -I ../sys -I ../dwsys -I ../stat -I ../dwtools -I ../LPC -I ../fon -I ../external/portaudio -I ../external/flac -I ../external/mp3 -I ../external/espeak  -c -o TextGridEditor.o TextGridEditor.cpp
clang -std=gnu++17 -municode -D_FILE_OFFSET_BITS=64 -march=x86-64-v3 -O3 -Wshadow -I ../kar -I ../melder -I ../sys -I ../dwsys -I ../stat -I ../dwtools -I ../LPC -I ../fon -I ../external/portaudio -I ../external/flac -I ../external/mp3 -I ../external/espeak  -c -o FormantGridEditor.o FormantGridEditor.cpp
clang -std=gnu++17 -municode -D_FILE_OFFSET_BITS=64 -march=x86-64-v3 -O3 -Wshadow -I ../kar -I ../melder -I ../sys -I ../dwsys -I ../stat -I ../dwtools -I ../LPC -I ../fon -I ../external/portaudio -I ../external/flac -I ../external/mp3 -I ../external/espeak  -c -o RunnerMFC.o RunnerMFC.cpp
clang -std=gnu++17 -municode -D_FILE_OFFSET_BITS=64 -march=x86-64-v3 -O3 -Wshadow -I ../kar -I ../melder -I ../sys -I ../dwsys -I ../stat -I ../dwtools -I ../LPC -I ../fon -I ../external/portaudio -I ../external/flac -I ../external/mp3 -I ../external/espeak  -c -o MovieWindow.o MovieWindow.cpp
clang -std=gnu++17 -municode -D_FILE_OFFSET_BITS=64 -march=x86-64-v3 -O3 -Wshadow -I ../kar -I ../melder -I ../sys -I ../dwsys -I ../stat -I ../dwtools -I ../LPC -I ../fon -I ../external/portaudio -I ../external/flac -I ../external/mp3 -I ../external/espeak  -c -o CorpusEditor.o CorpusEditor.cpp
touch libfoned.a
rm libfoned.a
ar cq libfoned.a SoundRecorder.o FunctionArea.o SoundArea.o SoundAnalysisArea.o TextGridArea.o SpectrumArea.o PointArea.o PitchArea.o SpectrogramArea.o RealTierArea.o PitchTierArea.o IntensityTierArea.o DurationTierArea.o AmplitudeTierArea.o FormantGridArea.o MovieArea.o FunctionEditor.o PitchEditor.o SoundEditor.o SpectrumEditor.o SpectrogramEditor.o PointEditor.o RealTierEditor.o PitchTierEditor.o IntensityTierEditor.o DurationTierEditor.o AmplitudeTierEditor.o ManipulationEditor.o TextGridEditor.o FormantGridEditor.o RunnerMFC.o MovieWindow.o CorpusEditor.o
ranlib libfoned.a
make[1]: Leaving directory '/d/Praat-work/稳定早期版/foned'
make -C dwtools
make[1]: Entering directory '/d/Praat-work/稳定早期版/dwtools'
clang -std=gnu++17 -municode -D_FILE_OFFSET_BITS=64 -march=x86-64-v3 -O3 -Wshadow -I . -I ../kar -I ../melder -I ../sys -I ../dwsys -I ../stat -I ../fon -I ../LPC -I ../foned -I ../EEG -I ../external/clapack -I ../external/vorbis -I ../external/opusfile -I ../external/portaudio -I ../external/espeak -I ..external/num  -c -o ActivationList.o ActivationList.cpp
clang -std=gnu++17 -municode -D_FILE_OFFSET_BITS=64 -march=x86-64-v3 -O3 -Wshadow -I . -I ../kar -I ../melder -I ../sys -I ../dwsys -I ../stat -I ../fon -I ../LPC -I ../foned -I ../EEG -I ../external/clapack -I ../external/vorbis -I ../external/opusfile -I ../external/portaudio -I ../external/espeak -I ..external/num  -c -o AffineTransform.o AffineTransform.cpp
clang -std=gnu++17 -municode -D_FILE_OFFSET_BITS=64 -march=x86-64-v3 -O3 -Wshadow -I . -I ../kar -I ../melder -I ../sys -I ../dwsys -I ../stat -I ../fon -I ../LPC -I ../foned -I ../EEG -I ../external/clapack -I ../external/vorbis -I ../external/opusfile -I ../external/portaudio -I ../external/espeak -I ..external/num  -c -o AnalyticSound.o AnalyticSound.cpp
clang -std=gnu++17 -municode -D_FILE_OFFSET_BITS=64 -march=x86-64-v3 -O3 -Wshadow -I . -I ../kar -I ../melder -I ../sys -I ../dwsys -I ../stat -I ../fon -I ../LPC -I ../foned -I ../EEG -I ../external/clapack -I ../external/vorbis -I ../external/opusfile -I ../external/portaudio -I ../external/espeak -I ..external/num  -c -o Categories.o Categories.cpp
clang -std=gnu++17 -municode -D_FILE_OFFSET_BITS=64 -march=x86-64-v3 -O3 -Wshadow -I . -I ../kar -I ../melder -I ../sys -I ../dwsys -I ../stat -I ../fon -I ../LPC -I ../foned -I ../EEG -I ../external/clapack -I ../external/vorbis -I ../external/opusfile -I ../external/portaudio -I ../external/espeak -I ..external/num  -c -o CategoriesEditor.o CategoriesEditor.cpp
clang -std=gnu++17 -municode -D_FILE_OFFSET_BITS=64 -march=x86-64-v3 -O3 -Wshadow -I . -I ../kar -I ../melder -I ../sys -I ../dwsys -I ../stat -I ../fon -I ../LPC -I ../foned -I ../EEG -I ../external/clapack -I ../external/vorbis -I ../external/opusfile -I ../external/portaudio -I ../external/espeak -I ..external/num  -c -o Categories_and_Strings.o Categories_and_Strings.cpp
clang -std=gnu++17 -municode -D_FILE_OFFSET_BITS=64 -march=x86-64-v3 -O3 -Wshadow -I . -I ../kar -I ../melder -I ../sys -I ../dwsys -I ../stat -I ../fon -I ../LPC -I ../foned -I ../EEG -I ../external/clapack -I ../external/vorbis -I ../external/opusfile -I ../external/portaudio -I ../external/espeak -I ..external/num  -c -o CCA.o CCA.cpp
clang -std=gnu++17 -municode -D_FILE_OFFSET_BITS=64 -march=x86-64-v3 -O3 -Wshadow -I . -I ../kar -I ../melder -I ../sys -I ../dwsys -I ../stat -I ../fon -I ../LPC -I ../foned -I ../EEG -I ../external/clapack -I ../external/vorbis -I ../external/opusfile -I ../external/portaudio -I ../external/espeak -I ..external/num  -c -o CCA_and_Correlation.o CCA_and_Correlation.cpp
clang -std=gnu++17 -municode -D_FILE_OFFSET_BITS=64 -march=x86-64-v3 -O3 -Wshadow -I . -I ../kar -I ../melder -I ../sys -I ../dwsys -I ../stat -I ../fon -I ../LPC -I ../foned -I ../EEG -I ../external/clapack -I ../external/vorbis -I ../external/opusfile -I ../external/portaudio -I ../external/espeak -I ..external/num  -c -o Correlation.o Correlation.cpp
clang -std=gnu++17 -municode -D_FILE_OFFSET_BITS=64 -march=x86-64-v3 -O3 -Wshadow -I . -I ../kar -I ../melder -I ../sys -I ../dwsys -I ../stat -I ../fon -I ../LPC -I ../foned -I ../EEG -I ../external/clapack -I ../external/vorbis -I ../external/opusfile -I ../external/portaudio -I ../external/espeak -I ..external/num  -c -o Covariance.o Covariance.cpp
clang -std=gnu++17 -municode -D_FILE_OFFSET_BITS=64 -march=x86-64-v3 -O3 -Wshadow -I . -I ../kar -I ../melder -I ../sys -I ../dwsys -I ../stat -I ../fon -I ../LPC -I ../foned -I ../EEG -I ../external/clapack -I ../external/vorbis -I ../external/opusfile -I ../external/portaudio -I ../external/espeak -I ..external/num  -c -o CC.o CC.cpp
clang -std=gnu++17 -municode -D_FILE_OFFSET_BITS=64 -march=x86-64-v3 -O3 -Wshadow -I . -I ../kar -I ../melder -I ../sys -I ../dwsys -I ../stat -I ../fon -I ../LPC -I ../foned -I ../EEG -I ../external/clapack -I ../external/vorbis -I ../external/opusfile -I ../external/portaudio -I ../external/espeak -I ..external/num  -c -o CCs_to_DTW.o CCs_to_DTW.cpp
In file included from Correlation.cpp:19:
In file included from ./Correlation.h:21:
In file included from ./SSCP.h:22:
In file included from ./TableOfReal_extensions.h:23:
../dwsys/Graphics_extensions.h:87:37: warning: declaration shadows a field of 'structLineSegmentClipper' [-Wshadow]
   87 |         int getCohenSutherlandCode (HPoint p) {
      |                                            ^
../dwsys/Graphics_extensions.h:82:32: note: previous declaration is here
   82 |         struct structHPoint from, to, p; // working storage
      |                                       ^
../dwsys/Graphics_extensions.h:100:41: warning: declaration shadows a field of 'structLineSegmentClipper' [-Wshadow]
  100 |         void cross (HPoint a, HPoint b, HPoint p) {  // p = a x b
      |                                                ^
../dwsys/Graphics_extensions.h:82:32: note: previous declaration is here
   82 |         struct structHPoint from, to, p; // working storage
      |                                       ^
In file included from CCA.cpp:31:
In file included from ./CCA_and_Correlation.h:27:
In file included from ./CCA.h:28:
In file included from ./SSCP.h:22:
In file included from ./TableOfReal_extensions.h:23:
../dwsys/Graphics_extensions.h:87:37: warning: declaration shadows a field of 'structLineSegmentClipper' [-Wshadow]
   87 |         int getCohenSutherlandCode (HPoint p) {
      |                                            ^
../dwsys/Graphics_extensions.h:82:32: note: previous declaration is here
   82 |         struct structHPoint from, to, p; // working storage
      |                                       ^
../dwsys/Graphics_extensions.h:100:41: warning: declaration shadows a field of 'structLineSegmentClipper' [-Wshadow]
  100 |         void cross (HPoint a, HPoint b, HPoint p) {  // p = a x b
      |                                                ^
../dwsys/Graphics_extensions.h:82:32: note: previous declaration is here
   82 |         struct structHPoint from, to, p; // working storage
      |                                       ^
In file included from CCA_and_Correlation.cpp:26:
In file included from ./CCA_and_Correlation.h:27:
In file included from ./CCA.h:28:
In file included from ./SSCP.h:22:
In file included from ./TableOfReal_extensions.h:23:
../dwsys/Graphics_extensions.h:87:37: warning: declaration shadows a field of 'structLineSegmentClipper' [-Wshadow]
   87 |         int getCohenSutherlandCode (HPoint p) {
      |                                            ^
../dwsys/Graphics_extensions.h:82:32: note: previous declaration is here
   82 |         struct structHPoint from, to, p; // working storage
      |                                       ^
../dwsys/Graphics_extensions.h:100:41: warning: declaration shadows a field of 'structLineSegmentClipper' [-Wshadow]
  100 |         void cross (HPoint a, HPoint b, HPoint p) {  // p = a x b
      |                                                ^
../dwsys/Graphics_extensions.h:82:32: note: previous declaration is here
   82 |         struct structHPoint from, to, p; // working storage
      |                                       ^
In file included from Covariance.cpp:19:
In file included from ./Covariance.h:21:
In file included from ./CCA.h:28:
In file included from ./SSCP.h:22:
In file included from ./TableOfReal_extensions.h:23:
../dwsys/Graphics_extensions.h:87:37: warning: declaration shadows a field of 'structLineSegmentClipper' [-Wshadow]
   87 |         int getCohenSutherlandCode (HPoint p) {
      |                                            ^
../dwsys/Graphics_extensions.h:82:32: note: previous declaration is here
   82 |         struct structHPoint from, to, p; // working storage
      |                                       ^
../dwsys/Graphics_extensions.h:100:41: warning: declaration shadows a field of 'structLineSegmentClipper' [-Wshadow]
  100 |         void cross (HPoint a, HPoint b, HPoint p) {  // p = a x b
      |                                                ^
../dwsys/Graphics_extensions.h:82:32: note: previous declaration is here
   82 |         struct structHPoint from, to, p; // working storage
      |                                       ^
clang -std=gnu++17 -municode -D_FILE_OFFSET_BITS=64 -march=x86-64-v3 -O3 -Wshadow -I . -I ../kar -I ../melder -I ../sys -I ../dwsys -I ../stat -I ../fon -I ../LPC -I ../foned -I ../EEG -I ../external/clapack -I ../external/vorbis -I ../external/opusfile -I ../external/portaudio -I ../external/espeak -I ..external/num  -c -o ClassificationTable.o ClassificationTable.cpp
clang -std=gnu++17 -municode -D_FILE_OFFSET_BITS=64 -march=x86-64-v3 -O3 -Wshadow -I . -I ../kar -I ../melder -I ../sys -I ../dwsys -I ../stat -I ../fon -I ../LPC -I ../foned -I ../EEG -I ../external/clapack -I ../external/vorbis -I ../external/opusfile -I ../external/portaudio -I ../external/espeak -I ..external/num  -c -o Confusion.o Confusion.cpp
clang -std=gnu++17 -municode -D_FILE_OFFSET_BITS=64 -march=x86-64-v3 -O3 -Wshadow -I . -I ../kar -I ../melder -I ../sys -I ../dwsys -I ../stat -I ../fon -I ../LPC -I ../foned -I ../EEG -I ../external/clapack -I ../external/vorbis -I ../external/opusfile -I ../external/portaudio -I ../external/espeak -I ..external/num  -c -o ComplexSpectrogram.o ComplexSpectrogram.cpp
clang -std=gnu++17 -municode -D_FILE_OFFSET_BITS=64 -march=x86-64-v3 -O3 -Wshadow -I . -I ../kar -I ../melder -I ../sys -I ../dwsys -I ../stat -I ../fon -I ../LPC -I ../foned -I ../EEG -I ../external/clapack -I ../external/vorbis -I ../external/opusfile -I ../external/portaudio -I ../external/espeak -I ..external/num  -c -o Configuration.o Configuration.cpp
2 warnings generated.
clang -std=gnu++17 -municode -D_FILE_OFFSET_BITS=64 -march=x86-64-v3 -O3 -Wshadow -I . -I ../kar -I ../melder -I ../sys -I ../dwsys -I ../stat -I ../fon -I ../LPC -I ../foned -I ../EEG -I ../external/clapack -I ../external/vorbis -I ../external/opusfile -I ../external/portaudio -I ../external/espeak -I ..external/num  -c -o ContingencyTable.o ContingencyTable.cpp
clang -std=gnu++17 -municode -D_FILE_OFFSET_BITS=64 -march=x86-64-v3 -O3 -Wshadow -I . -I ../kar -I ../melder -I ../sys -I ../dwsys -I ../stat -I ../fon -I ../LPC -I ../foned -I ../EEG -I ../external/clapack -I ../external/vorbis -I ../external/opusfile -I ../external/portaudio -I ../external/espeak -I ..external/num  -c -o Configuration_AffineTransform.o Configuration_AffineTransform.cpp
clang -std=gnu++17 -municode -D_FILE_OFFSET_BITS=64 -march=x86-64-v3 -O3 -Wshadow -I . -I ../kar -I ../melder -I ../sys -I ../dwsys -I ../stat -I ../fon -I ../LPC -I ../foned -I ../EEG -I ../external/clapack -I ../external/vorbis -I ../external/opusfile -I ../external/portaudio -I ../external/espeak -I ..external/num  -c -o Configuration_and_Procrustes.o Configuration_and_Procrustes.cpp
2 warnings generated.
clang -std=gnu++17 -municode -D_FILE_OFFSET_BITS=64 -march=x86-64-v3 -O3 -Wshadow -I . -I ../kar -I ../melder -I ../sys -I ../dwsys -I ../stat -I ../fon -I ../LPC -I ../foned -I ../EEG -I ../external/clapack -I ../external/vorbis -I ../external/opusfile -I ../external/portaudio -I ../external/espeak -I ..external/num  -c -o ConstantQSpectrograms.o ConstantQSpectrograms.cpp
clang -std=gnu++17 -municode -D_FILE_OFFSET_BITS=64 -march=x86-64-v3 -O3 -Wshadow -I . -I ../kar -I ../melder -I ../sys -I ../dwsys -I ../stat -I ../fon -I ../LPC -I ../foned -I ../EEG -I ../external/clapack -I ../external/vorbis -I ../external/opusfile -I ../external/portaudio -I ../external/espeak -I ..external/num  -c -o DataModeler.o DataModeler.cpp
2 warnings generated.
clang -std=gnu++17 -municode -D_FILE_OFFSET_BITS=64 -march=x86-64-v3 -O3 -Wshadow -I . -I ../kar -I ../melder -I ../sys -I ../dwsys -I ../stat -I ../fon -I ../LPC -I ../foned -I ../EEG -I ../external/clapack -I ../external/vorbis -I ../external/opusfile -I ../external/portaudio -I ../external/espeak -I ..external/num  -c -o Distance.o Distance.cpp
2 warnings generated.
clang -std=gnu++17 -municode -D_FILE_OFFSET_BITS=64 -march=x86-64-v3 -O3 -Wshadow -I . -I ../kar -I ../melder -I ../sys -I ../dwsys -I ../stat -I ../fon -I ../LPC -I ../foned -I ../EEG -I ../external/clapack -I ../external/vorbis -I ../external/opusfile -I ../external/portaudio -I ../external/espeak -I ..external/num  -c -o DTW.o DTW.cpp
In file included from ClassificationTable.cpp:29:
In file included from ./ClassificationTable.h:22:
In file included from ./SSCP.h:22:
In file included from ./TableOfReal_extensions.h:23:
../dwsys/Graphics_extensions.h:87:37: warning: declaration shadows a field of 'structLineSegmentClipper' [-Wshadow]
   87 |         int getCohenSutherlandCode (HPoint p) {
      |                                            ^
../dwsys/Graphics_extensions.h:82:32: note: previous declaration is here
   82 |         struct structHPoint from, to, p; // working storage
      |                                       ^
../dwsys/Graphics_extensions.h:100:41: warning: declaration shadows a field of 'structLineSegmentClipper' [-Wshadow]
  100 |         void cross (HPoint a, HPoint b, HPoint p) {  // p = a x b
      |                                                ^
../dwsys/Graphics_extensions.h:82:32: note: previous declaration is here
   82 |         struct structHPoint from, to, p; // working storage
      |                                       ^
In file included from Confusion.cpp:31:
In file included from ./Matrix_extensions.h:29:
../dwsys/Graphics_extensions.h:87:37: warning: declaration shadows a field of 'structLineSegmentClipper' [-Wshadow]
   87 |         int getCohenSutherlandCode (HPoint p) {
      |                                            ^
../dwsys/Graphics_extensions.h:82:32: note: previous declaration is here
   82 |         struct structHPoint from, to, p; // working storage
      |                                       ^
../dwsys/Graphics_extensions.h:100:41: warning: declaration shadows a field of 'structLineSegmentClipper' [-Wshadow]
  100 |         void cross (HPoint a, HPoint b, HPoint p) {  // p = a x b
      |                                                ^
../dwsys/Graphics_extensions.h:82:32: note: previous declaration is here
   82 |         struct structHPoint from, to, p; // working storage
      |                                       ^
In file included from ContingencyTable.cpp:20:
In file included from ./TableOfReal_extensions.h:23:
../dwsys/Graphics_extensions.h:87:37: warning: declaration shadows a field of 'structLineSegmentClipper' [-Wshadow]
   87 |         int getCohenSutherlandCode (HPoint p) {
      |                                            ^
../dwsys/Graphics_extensions.h:82:32: note: previous declaration is here
   82 |         struct structHPoint from, to, p; // working storage
      |                                       ^
../dwsys/Graphics_extensions.h:100:41: warning: declaration shadows a field of 'structLineSegmentClipper' [-Wshadow]
  100 |         void cross (HPoint a, HPoint b, HPoint p) {  // p = a x b
      |                                                ^
../dwsys/Graphics_extensions.h:82:32: note: previous declaration is here
   82 |         struct structHPoint from, to, p; // working storage
      |                                       ^
In file included from Configuration.cpp:38:
In file included from ./TableOfReal_extensions.h:23:
../dwsys/Graphics_extensions.h:87:37: warning: declaration shadows a field of 'structLineSegmentClipper' [-Wshadow]
   87 |         int getCohenSutherlandCode (HPoint p) {
      |                                            ^
../dwsys/Graphics_extensions.h:82:32: note: previous declaration is here
   82 |         struct structHPoint from, to, p; // working storage
      |                                       ^
../dwsys/Graphics_extensions.h:100:41: warning: declaration shadows a field of 'structLineSegmentClipper' [-Wshadow]
  100 |         void cross (HPoint a, HPoint b, HPoint p) {  // p = a x b
      |                                                ^
../dwsys/Graphics_extensions.h:82:32: note: previous declaration is here
   82 |         struct structHPoint from, to, p; // working storage
      |                                       ^
clang -std=gnu++17 -municode -D_FILE_OFFSET_BITS=64 -march=x86-64-v3 -O3 -Wshadow -I . -I ../kar -I ../melder -I ../sys -I ../dwsys -I ../stat -I ../fon -I ../LPC -I ../foned -I ../EEG -I ../external/clapack -I ../external/vorbis -I ../external/opusfile -I ../external/portaudio -I ../external/espeak -I ..external/num  -c -o DTW_and_TextGrid.o DTW_and_TextGrid.cpp
2 warnings generated.
clang -std=gnu++17 -municode -D_FILE_OFFSET_BITS=64 -march=x86-64-v3 -O3 -Wshadow -I . -I ../kar -I ../melder -I ../sys -I ../dwsys -I ../stat -I ../fon -I ../LPC -I ../foned -I ../EEG -I ../external/clapack -I ../external/vorbis -I ../external/opusfile -I ../external/portaudio -I ../external/espeak -I ..external/num  -c -o Discriminant.o Discriminant.cpp
clang -std=gnu++17 -municode -D_FILE_OFFSET_BITS=64 -march=x86-64-v3 -O3 -Wshadow -I . -I ../kar -I ../melder -I ../sys -I ../dwsys -I ../stat -I ../fon -I ../LPC -I ../foned -I ../EEG -I ../external/clapack -I ../external/vorbis -I ../external/opusfile -I ../external/portaudio -I ../external/espeak -I ..external/num  -c -o Discriminant_PatternList_Categories.o Discriminant_PatternList_Categories.cpp
clang -std=gnu++17 -municode -D_FILE_OFFSET_BITS=64 -march=x86-64-v3 -O3 -Wshadow -I . -I ../kar -I ../melder -I ../sys -I ../dwsys -I ../stat -I ../fon -I ../LPC -I ../foned -I ../EEG -I ../external/clapack -I ../external/vorbis -I ../external/opusfile -I ../external/portaudio -I ../external/espeak -I ..external/num  -c -o EditDistanceTable.o EditDistanceTable.cpp
2 warnings generated.
In file included from DataModeler.cpp:19:
In file included from ./DataModeler.h:26:
In file included from ./Covariance.h:21:
In file included from ./CCA.h:28:
In file included from ./SSCP.h:22:
In file included from ./TableOfReal_extensions.h:23:
../dwsys/Graphics_extensions.h:87:37: warning: declaration shadows a field of 'structLineSegmentClipper' [-Wshadow]
   87 |         int getCohenSutherlandCode (HPoint p) {
      |                                            ^
../dwsys/Graphics_extensions.h:82:32: note: previous declaration is here
   82 |         struct structHPoint from, to, p; // working storage
      |                                       ^
../dwsys/Graphics_extensions.h:100:41: warning: declaration shadows a field of 'structLineSegmentClipper' [-Wshadow]
  100 |         void cross (HPoint a, HPoint b, HPoint p) {  // p = a x b
      |                                                ^
../dwsys/Graphics_extensions.h:82:32: note: previous declaration is here
   82 |         struct structHPoint from, to, p; // working storage
      |                                       ^
clang -std=gnu++17 -municode -D_FILE_OFFSET_BITS=64 -march=x86-64-v3 -O3 -Wshadow -I . -I ../kar -I ../melder -I ../sys -I ../dwsys -I ../stat -I ../fon -I ../LPC -I ../foned -I ../EEG -I ../external/clapack -I ../external/vorbis -I ../external/opusfile -I ../external/portaudio -I ../external/espeak -I ..external/num  -c -o EEG_extensions.o EEG_extensions.cpp
In file included from Distance.cpp:26:
In file included from ./TableOfReal_extensions.h:23:
../dwsys/Graphics_extensions.h:87:37: warning: declaration shadows a field of 'structLineSegmentClipper' [-Wshadow]
   87 |         int getCohenSutherlandCode (HPoint p) {
      |                                            ^
../dwsys/Graphics_extensions.h:82:32: note: previous declaration is here
   82 |         struct structHPoint from, to, p; // working storage
      |                                       ^
../dwsys/Graphics_extensions.h:100:41: warning: declaration shadows a field of 'structLineSegmentClipper' [-Wshadow]
  100 |         void cross (HPoint a, HPoint b, HPoint p) {  // p = a x b
      |                                                ^
../dwsys/Graphics_extensions.h:82:32: note: previous declaration is here
   82 |         struct structHPoint from, to, p; // working storage
      |                                       ^
clang -std=gnu++17 -municode -D_FILE_OFFSET_BITS=64 -march=x86-64-v3 -O3 -Wshadow -I . -I ../kar -I ../melder -I ../sys -I ../dwsys -I ../stat -I ../fon -I ../LPC -I ../foned -I ../EEG -I ../external/clapack -I ../external/vorbis -I ../external/opusfile -I ../external/portaudio -I ../external/espeak -I ..external/num  -c -o Eigen_and_Matrix.o Eigen_and_Matrix.cpp
2 warnings generated.
clang -std=gnu++17 -municode -D_FILE_OFFSET_BITS=64 -march=x86-64-v3 -O3 -Wshadow -I . -I ../kar -I ../melder -I ../sys -I ../dwsys -I ../stat -I ../fon -I ../LPC -I ../foned -I ../EEG -I ../external/clapack -I ../external/vorbis -I ../external/opusfile -I ../external/portaudio -I ../external/espeak -I ..external/num  -c -o Eigen_and_Procrustes.o Eigen_and_Procrustes.cpp
clang -std=gnu++17 -municode -D_FILE_OFFSET_BITS=64 -march=x86-64-v3 -O3 -Wshadow -I . -I ../kar -I ../melder -I ../sys -I ../dwsys -I ../stat -I ../fon -I ../LPC -I ../foned -I ../EEG -I ../external/clapack -I ../external/vorbis -I ../external/opusfile -I ../external/portaudio -I ../external/espeak -I ..external/num  -c -o Eigen_and_TableOfReal.o Eigen_and_TableOfReal.cpp
2 warnings generated.
2 warnings generated.
clang -std=gnu++17 -municode -D_FILE_OFFSET_BITS=64 -march=x86-64-v3 -O3 -Wshadow -I . -I ../kar -I ../melder -I ../sys -I ../dwsys -I ../stat -I ../fon -I ../LPC -I ../foned -I ../EEG -I ../external/clapack -I ../external/vorbis -I ../external/opusfile -I ../external/portaudio -I ../external/espeak -I ..external/num  -c -o Eigen_and_SSCP.o Eigen_and_SSCP.cpp
In file included from DTW.cpp:41:
../dwsys/Graphics_extensions.h:87:37: warning: declaration shadows a field of 'structLineSegmentClipper' [-Wshadow]
   87 |         int getCohenSutherlandCode (HPoint p) {
      |                                            ^
../dwsys/Graphics_extensions.h:82:32: note: previous declaration is here
   82 |         struct structHPoint from, to, p; // working storage
      |                                       ^
../dwsys/Graphics_extensions.h:100:41: warning: declaration shadows a field of 'structLineSegmentClipper' [-Wshadow]
  100 |         void cross (HPoint a, HPoint b, HPoint p) {  // p = a x b
      |                                                ^
../dwsys/Graphics_extensions.h:82:32: note: previous declaration is here
   82 |         struct structHPoint from, to, p; // working storage
      |                                       ^
clang -std=gnu++17 -municode -D_FILE_OFFSET_BITS=64 -march=x86-64-v3 -O3 -Wshadow -I . -I ../kar -I ../melder -I ../sys -I ../dwsys -I ../stat -I ../fon -I ../LPC -I ../foned -I ../EEG -I ../external/clapack -I ../external/vorbis -I ../external/opusfile -I ../external/portaudio -I ../external/espeak -I ..external/num  -c -o Excitations.o Excitations.cpp
In file included from Discriminant.cpp:38:
In file included from ./Discriminant.h:23:
In file included from ./SSCP.h:22:
In file included from ./TableOfReal_extensions.h:23:
../dwsys/Graphics_extensions.h:87:37: warning: declaration shadows a field of 'structLineSegmentClipper' [-Wshadow]
   87 |         int getCohenSutherlandCode (HPoint p) {
      |                                            ^
../dwsys/Graphics_extensions.h:82:32: note: previous declaration is here
   82 |         struct structHPoint from, to, p; // working storage
      |                                       ^
../dwsys/Graphics_extensions.h:100:41: warning: declaration shadows a field of 'structLineSegmentClipper' [-Wshadow]
  100 |         void cross (HPoint a, HPoint b, HPoint p) {  // p = a x b
      |                                                ^
../dwsys/Graphics_extensions.h:82:32: note: previous declaration is here
   82 |         struct structHPoint from, to, p; // working storage
      |                                       ^
In file included from Discriminant_PatternList_Categories.cpp:23:
In file included from ./Discriminant_PatternList_Categories.h:27:
In file included from ./Discriminant.h:23:
In file included from ./SSCP.h:22:
In file included from ./TableOfReal_extensions.h:23:
../dwsys/Graphics_extensions.h:87:37: warning: declaration shadows a field of 'structLineSegmentClipper' [-Wshadow]
   87 |         int getCohenSutherlandCode (HPoint p) {
      |                                            ^
../dwsys/Graphics_extensions.h:82:32: note: previous declaration is here
   82 |         struct structHPoint from, to, p; // working storage
      |                                       ^
../dwsys/Graphics_extensions.h:100:41: warning: declaration shadows a field of 'structLineSegmentClipper' [-Wshadow]
  100 |         void cross (HPoint a, HPoint b, HPoint p) {  // p = a x b
      |                                                ^
../dwsys/Graphics_extensions.h:82:32: note: previous declaration is here
   82 |         struct structHPoint from, to, p; // working storage
      |                                       ^
In file included from EEG_extensions.cpp:19:
In file included from ./Correlation.h:21:
In file included from ./SSCP.h:22:
In file included from ./TableOfReal_extensions.h:23:
../dwsys/Graphics_extensions.h:87:37: warning: declaration shadows a field of 'structLineSegmentClipper' [-Wshadow]
   87 |         int getCohenSutherlandCode (HPoint p) {
      |                                            ^
../dwsys/Graphics_extensions.h:82:32: note: previous declaration is here
   82 |         struct structHPoint from, to, p; // working storage
      |                                       ^
../dwsys/Graphics_extensions.h:100:41: warning: declaration shadows a field of 'structLineSegmentClipper' [-Wshadow]
  100 |         void cross (HPoint a, HPoint b, HPoint p) {  // p = a x b
      |                                                ^
../dwsys/Graphics_extensions.h:82:32: note: previous declaration is here
   82 |         struct structHPoint from, to, p; // working storage
      |                                       ^
In file included from Eigen_and_Matrix.cpp:25:
In file included from ./Matrix_extensions.h:29:
../dwsys/Graphics_extensions.h:87:37: warning: declaration shadows a field of 'structLineSegmentClipper' [-Wshadow]
   87 |         int getCohenSutherlandCode (HPoint p) {
      |                                            ^
../dwsys/Graphics_extensions.h:82:32: note: previous declaration is here
   82 |         struct structHPoint from, to, p; // working storage
      |                                       ^
../dwsys/Graphics_extensions.h:100:41: warning: declaration shadows a field of 'structLineSegmentClipper' [-Wshadow]
  100 |         void cross (HPoint a, HPoint b, HPoint p) {  // p = a x b
      |                                                ^
../dwsys/Graphics_extensions.h:82:32: note: previous declaration is here
   82 |         struct structHPoint from, to, p; // working storage
      |                                       ^
clang -std=gnu++17 -municode -D_FILE_OFFSET_BITS=64 -march=x86-64-v3 -O3 -Wshadow -I . -I ../kar -I ../melder -I ../sys -I ../dwsys -I ../stat -I ../fon -I ../LPC -I ../foned -I ../EEG -I ../external/clapack -I ../external/vorbis -I ../external/opusfile -I ../external/portaudio -I ../external/espeak -I ..external/num  -c -o FilterBank.o FilterBank.cpp
2 warnings generated.
clang -std=gnu++17 -municode -D_FILE_OFFSET_BITS=64 -march=x86-64-v3 -O3 -Wshadow -I . -I ../kar -I ../melder -I ../sys -I ../dwsys -I ../stat -I ../fon -I ../LPC -I ../foned -I ../EEG -I ../external/clapack -I ../external/vorbis -I ../external/opusfile -I ../external/portaudio -I ../external/espeak -I ..external/num  -c -o FormantGrid_extensions.o FormantGrid_extensions.cpp
2 warnings generated.
clang -std=gnu++17 -municode -D_FILE_OFFSET_BITS=64 -march=x86-64-v3 -O3 -Wshadow -I . -I ../kar -I ../melder -I ../sys -I ../dwsys -I ../stat -I ../fon -I ../LPC -I ../foned -I ../EEG -I ../external/clapack -I ../external/vorbis -I ../external/opusfile -I ../external/portaudio -I ../external/espeak -I ..external/num  -c -o GaussianMixture.o GaussianMixture.cpp
2 warnings generated.
2 warnings generated.
clang -std=gnu++17 -municode -D_FILE_OFFSET_BITS=64 -march=x86-64-v3 -O3 -Wshadow -I . -I ../kar -I ../melder -I ../sys -I ../dwsys -I ../stat -I ../fon -I ../LPC -I ../foned -I ../EEG -I ../external/clapack -I ../external/vorbis -I ../external/opusfile -I ../external/portaudio -I ../external/espeak -I ..external/num  -c -o HMM.o HMM.cpp
In file included from Eigen_and_SSCP.cpp:25:
In file included from ./Eigen_and_SSCP.h:27:
In file included from ./Covariance.h:21:
In file included from ./CCA.h:28:
In file included from ./SSCP.h:22:
In file included from ./TableOfReal_extensions.h:23:
../dwsys/Graphics_extensions.h:87:37: warning: declaration shadows a field of 'structLineSegmentClipper' [-Wshadow]
   87 |         int getCohenSutherlandCode (HPoint p) {
      |                                            ^
../dwsys/Graphics_extensions.h:82:32: note: previous declaration is here
   82 |         struct structHPoint from, to, p; // working storage
      |                                       ^
../dwsys/Graphics_extensions.h:100:41: warning: declaration shadows a field of 'structLineSegmentClipper' [-Wshadow]
  100 |         void cross (HPoint a, HPoint b, HPoint p) {  // p = a x b
      |                                                ^
../dwsys/Graphics_extensions.h:82:32: note: previous declaration is here
   82 |         struct structHPoint from, to, p; // working storage
      |                                       ^
2 warnings generated.
clang -std=gnu++17 -municode -D_FILE_OFFSET_BITS=64 -march=x86-64-v3 -O3 -Wshadow -I . -I ../kar -I ../melder -I ../sys -I ../dwsys -I ../stat -I ../fon -I ../LPC -I ../foned -I ../EEG -I ../external/clapack -I ../external/vorbis -I ../external/opusfile -I ../external/portaudio -I ../external/espeak -I ..external/num  -c -o ICA.o ICA.cpp
clang -std=gnu++17 -municode -D_FILE_OFFSET_BITS=64 -march=x86-64-v3 -O3 -Wshadow -I . -I ../kar -I ../melder -I ../sys -I ../dwsys -I ../stat -I ../fon -I ../LPC -I ../foned -I ../EEG -I ../external/clapack -I ../external/vorbis -I ../external/opusfile -I ../external/portaudio -I ../external/espeak -I ..external/num  -c -o Intensity_extensions.o Intensity_extensions.cpp
clang -std=gnu++17 -municode -D_FILE_OFFSET_BITS=64 -march=x86-64-v3 -O3 -Wshadow -I . -I ../kar -I ../melder -I ../sys -I ../dwsys -I ../stat -I ../fon -I ../LPC -I ../foned -I ../EEG -I ../external/clapack -I ../external/vorbis -I ../external/opusfile -I ../external/portaudio -I ../external/espeak -I ..external/num  -c -o LFCC.o LFCC.cpp
clang -std=gnu++17 -municode -D_FILE_OFFSET_BITS=64 -march=x86-64-v3 -O3 -Wshadow -I . -I ../kar -I ../melder -I ../sys -I ../dwsys -I ../stat -I ../fon -I ../LPC -I ../foned -I ../EEG -I ../external/clapack -I ../external/vorbis -I ../external/opusfile -I ../external/portaudio -I ../external/espeak -I ..external/num  -c -o LongSound_extensions.o LongSound_extensions.cpp
2 warnings generated.
clang -std=gnu++17 -municode -D_FILE_OFFSET_BITS=64 -march=x86-64-v3 -O3 -Wshadow -I . -I ../kar -I ../melder -I ../sys -I ../dwsys -I ../stat -I ../fon -I ../LPC -I ../foned -I ../EEG -I ../external/clapack -I ../external/vorbis -I ../external/opusfile -I ../external/portaudio -I ../external/espeak -I ..external/num  -c -o KlattGrid.o KlattGrid.cpp
2 warnings generated.
clang -std=gnu++17 -municode -D_FILE_OFFSET_BITS=64 -march=x86-64-v3 -O3 -Wshadow -I . -I ../kar -I ../melder -I ../sys -I ../dwsys -I ../stat -I ../fon -I ../LPC -I ../foned -I ../EEG -I ../external/clapack -I ../external/vorbis -I ../external/opusfile -I ../external/portaudio -I ../external/espeak -I ..external/num  -c -o KlattGridAreas.o KlattGridAreas.cpp
clang -std=gnu++17 -municode -D_FILE_OFFSET_BITS=64 -march=x86-64-v3 -O3 -Wshadow -I . -I ../kar -I ../melder -I ../sys -I ../dwsys -I ../stat -I ../fon -I ../LPC -I ../foned -I ../EEG -I ../external/clapack -I ../external/vorbis -I ../external/opusfile -I ../external/portaudio -I ../external/espeak -I ..external/num  -c -o KlattGridEditors.o KlattGridEditors.cpp
clang -std=gnu++17 -municode -D_FILE_OFFSET_BITS=64 -march=x86-64-v3 -O3 -Wshadow -I . -I ../kar -I ../melder -I ../sys -I ../dwsys -I ../stat -I ../fon -I ../LPC -I ../foned -I ../EEG -I ../external/clapack -I ../external/vorbis -I ../external/opusfile -I ../external/portaudio -I ../external/espeak -I ..external/num  -c -o KlattTable.o KlattTable.cpp
In file included from FilterBank.cpp:32:
In file included from ./Matrix_extensions.h:29:
../dwsys/Graphics_extensions.h:87:37: warning: declaration shadows a field of 'structLineSegmentClipper' [-Wshadow]
   87 |         int getCohenSutherlandCode (HPoint p) {
      |                                            ^
../dwsys/Graphics_extensions.h:82:32: note: previous declaration is here
   82 |         struct structHPoint from, to, p; // working storage
      |                                       ^
../dwsys/Graphics_extensions.h:100:41: warning: declaration shadows a field of 'structLineSegmentClipper' [-Wshadow]
  100 |         void cross (HPoint a, HPoint b, HPoint p) {  // p = a x b
      |                                                ^
../dwsys/Graphics_extensions.h:82:32: note: previous declaration is here
   82 |         struct structHPoint from, to, p; // working storage
      |                                       ^
In file included from GaussianMixture.cpp:23:
In file included from ./GaussianMixture.h:26:
In file included from ./ClassificationTable.h:22:
In file included from ./SSCP.h:22:
In file included from ./TableOfReal_extensions.h:23:
../dwsys/Graphics_extensions.h:87:37: warning: declaration shadows a field of 'structLineSegmentClipper' [-Wshadow]
   87 |         int getCohenSutherlandCode (HPoint p) {
      |                                            ^
../dwsys/Graphics_extensions.h:82:32: note: previous declaration is here
   82 |         struct structHPoint from, to, p; // working storage
      |                                       ^
../dwsys/Graphics_extensions.h:100:41: warning: declaration shadows a field of 'structLineSegmentClipper' [-Wshadow]
  100 |         void cross (HPoint a, HPoint b, HPoint p) {  // p = a x b
      |                                                ^
../dwsys/Graphics_extensions.h:82:32: note: previous declaration is here
   82 |         struct structHPoint from, to, p; // working storage
      |                                       ^
In file included from HMM.cpp:23:
In file included from ./HMM.h:24:
In file included from ./GaussianMixture.h:26:
In file included from ./ClassificationTable.h:22:
In file included from ./SSCP.h:22:
In file included from ./TableOfReal_extensions.h:23:
../dwsys/Graphics_extensions.h:87:37: warning: declaration shadows a field of 'structLineSegmentClipper' [-Wshadow]
   87 |         int getCohenSutherlandCode (HPoint p) {
      |                                            ^
../dwsys/Graphics_extensions.h:82:32: note: previous declaration is here
   82 |         struct structHPoint from, to, p; // working storage
      |                                       ^
../dwsys/Graphics_extensions.h:100:41: warning: declaration shadows a field of 'structLineSegmentClipper' [-Wshadow]
  100 |         void cross (HPoint a, HPoint b, HPoint p) {  // p = a x b
      |                                                ^
../dwsys/Graphics_extensions.h:82:32: note: previous declaration is here
   82 |         struct structHPoint from, to, p; // working storage
      |                                       ^
In file included from ICA.cpp:24:
In file included from ./ICA.h:26:
In file included from ./Covariance.h:21:
In file included from ./CCA.h:28:
In file included from ./SSCP.h:22:
In file included from ./TableOfReal_extensions.h:23:
../dwsys/Graphics_extensions.h:87:37: warning: declaration shadows a field of 'structLineSegmentClipper' [-Wshadow]
   87 |         int getCohenSutherlandCode (HPoint p) {
      |                                            ^
../dwsys/Graphics_extensions.h:82:32: note: previous declaration is here
   82 |         struct structHPoint from, to, p; // working storage
      |                                       ^
../dwsys/Graphics_extensions.h:100:41: warning: declaration shadows a field of 'structLineSegmentClipper' [-Wshadow]
  100 |         void cross (HPoint a, HPoint b, HPoint p) {  // p = a x b
      |                                                ^
../dwsys/Graphics_extensions.h:82:32: note: previous declaration is here
   82 |         struct structHPoint from, to, p; // working storage
      |                                       ^
clang -std=gnu++17 -municode -D_FILE_OFFSET_BITS=64 -march=x86-64-v3 -O3 -Wshadow -I . -I ../kar -I ../melder -I ../sys -I ../dwsys -I ../stat -I ../fon -I ../LPC -I ../foned -I ../EEG -I ../external/clapack -I ../external/vorbis -I ../external/opusfile -I ../external/portaudio -I ../external/espeak -I ..external/num  -c -o Ltas_extensions.o Ltas_extensions.cpp
In file included from KlattGrid.cpp:35:
../dwsys/Graphics_extensions.h:87:37: warning: declaration shadows a field of 'structLineSegmentClipper' [-Wshadow]
   87 |         int getCohenSutherlandCode (HPoint p) {
      |                                            ^
../dwsys/Graphics_extensions.h:82:32: note: previous declaration is here
   82 |         struct structHPoint from, to, p; // working storage
      |                                       ^
../dwsys/Graphics_extensions.h:100:41: warning: declaration shadows a field of 'structLineSegmentClipper' [-Wshadow]
  100 |         void cross (HPoint a, HPoint b, HPoint p) {  // p = a x b
      |                                                ^
../dwsys/Graphics_extensions.h:82:32: note: previous declaration is here
   82 |         struct structHPoint from, to, p; // working storage
      |                                       ^
clang -std=gnu++17 -municode -D_FILE_OFFSET_BITS=64 -march=x86-64-v3 -O3 -Wshadow -I . -I ../kar -I ../melder -I ../sys -I ../dwsys -I ../stat -I ../fon -I ../LPC -I ../foned -I ../EEG -I ../external/clapack -I ../external/vorbis -I ../external/opusfile -I ../external/portaudio -I ../external/espeak -I ..external/num  -c -o MDSVec.o MDSVec.cpp
clang -std=gnu++17 -municode -D_FILE_OFFSET_BITS=64 -march=x86-64-v3 -O3 -Wshadow -I . -I ../kar -I ../melder -I ../sys -I ../dwsys -I ../stat -I ../fon -I ../LPC -I ../foned -I ../EEG -I ../external/clapack -I ../external/vorbis -I ../external/opusfile -I ../external/portaudio -I ../external/espeak -I ..external/num  -c -o MFCC.o MFCC.cpp
2 warnings generated.
clang -std=gnu++17 -municode -D_FILE_OFFSET_BITS=64 -march=x86-64-v3 -O3 -Wshadow -I . -I ../kar -I ../melder -I ../sys -I ../dwsys -I ../stat -I ../fon -I ../LPC -I ../foned -I ../EEG -I ../external/clapack -I ../external/vorbis -I ../external/opusfile -I ../external/portaudio -I ../external/espeak -I ..external/num  -c -o manual_DataModeler.o manual_DataModeler.cpp
clang -std=gnu++17 -municode -D_FILE_OFFSET_BITS=64 -march=x86-64-v3 -O3 -Wshadow -I . -I ../kar -I ../melder -I ../sys -I ../dwsys -I ../stat -I ../fon -I ../LPC -I ../foned -I ../EEG -I ../external/clapack -I ../external/vorbis -I ../external/opusfile -I ../external/portaudio -I ../external/espeak -I ..external/num  -c -o manual_dwtools.o manual_dwtools.cpp
clang -std=gnu++17 -municode -D_FILE_OFFSET_BITS=64 -march=x86-64-v3 -O3 -Wshadow -I . -I ../kar -I ../melder -I ../sys -I ../dwsys -I ../stat -I ../fon -I ../LPC -I ../foned -I ../EEG -I ../external/clapack -I ../external/vorbis -I ../external/opusfile -I ../external/portaudio -I ../external/espeak -I ..external/num  -c -o manual_BSS.o manual_BSS.cpp
clang -std=gnu++17 -municode -D_FILE_OFFSET_BITS=64 -march=x86-64-v3 -O3 -Wshadow -I . -I ../kar -I ../melder -I ../sys -I ../dwsys -I ../stat -I ../fon -I ../LPC -I ../foned -I ../EEG -I ../external/clapack -I ../external/vorbis -I ../external/opusfile -I ../external/portaudio -I ../external/espeak -I ..external/num  -c -o manual_HMM.o manual_HMM.cpp
2 warnings generated.
clang -std=gnu++17 -municode -D_FILE_OFFSET_BITS=64 -march=x86-64-v3 -O3 -Wshadow -I . -I ../kar -I ../melder -I ../sys -I ../dwsys -I ../stat -I ../fon -I ../LPC -I ../foned -I ../EEG -I ../external/clapack -I ../external/vorbis -I ../external/opusfile -I ../external/portaudio -I ../external/espeak -I ..external/num  -c -o manual_KlattGrid.o manual_KlattGrid.cpp
clang -std=gnu++17 -municode -D_FILE_OFFSET_BITS=64 -march=x86-64-v3 -O3 -Wshadow -I . -I ../kar -I ../melder -I ../sys -I ../dwsys -I ../stat -I ../fon -I ../LPC -I ../foned -I ../EEG -I ../external/clapack -I ../external/vorbis -I ../external/opusfile -I ../external/portaudio -I ../external/espeak -I ..external/num  -c -o manual_MDS.o manual_MDS.cpp
2 warnings generated.
clang -std=gnu++17 -municode -D_FILE_OFFSET_BITS=64 -march=x86-64-v3 -O3 -Wshadow -I . -I ../kar -I ../melder -I ../sys -I ../dwsys -I ../stat -I ../fon -I ../LPC -I ../foned -I ../EEG -I ../external/clapack -I ../external/vorbis -I ../external/opusfile -I ../external/portaudio -I ../external/espeak -I ..external/num  -c -o manual_Permutation.o manual_Permutation.cpp
clang -std=gnu++17 -municode -D_FILE_OFFSET_BITS=64 -march=x86-64-v3 -O3 -Wshadow -I . -I ../kar -I ../melder -I ../sys -I ../dwsys -I ../stat -I ../fon -I ../LPC -I ../foned -I ../EEG -I ../external/clapack -I ../external/vorbis -I ../external/opusfile -I ../external/portaudio -I ../external/espeak -I ..external/num  -c -o Minimizers.o Minimizers.cpp
clang -std=gnu++17 -municode -D_FILE_OFFSET_BITS=64 -march=x86-64-v3 -O3 -Wshadow -I . -I ../kar -I ../melder -I ../sys -I ../dwsys -I ../stat -I ../fon -I ../LPC -I ../foned -I ../EEG -I ../external/clapack -I ../external/vorbis -I ../external/opusfile -I ../external/portaudio -I ../external/espeak -I ..external/num  -c -o MixingMatrix.o MixingMatrix.cpp
clang -std=gnu++17 -municode -D_FILE_OFFSET_BITS=64 -march=x86-64-v3 -O3 -Wshadow -I . -I ../kar -I ../melder -I ../sys -I ../dwsys -I ../stat -I ../fon -I ../LPC -I ../foned -I ../EEG -I ../external/clapack -I ../external/vorbis -I ../external/opusfile -I ../external/portaudio -I ../external/espeak -I ..external/num  -c -o Matrix_and_NMF.o Matrix_and_NMF.cpp
clang -std=gnu++17 -municode -D_FILE_OFFSET_BITS=64 -march=x86-64-v3 -O3 -Wshadow -I . -I ../kar -I ../melder -I ../sys -I ../dwsys -I ../stat -I ../fon -I ../LPC -I ../foned -I ../EEG -I ../external/clapack -I ../external/vorbis -I ../external/opusfile -I ../external/portaudio -I ../external/espeak -I ..external/num  -c -o Matrix_extensions.o Matrix_extensions.cpp
2 warnings generated.
clang -std=gnu++17 -municode -D_FILE_OFFSET_BITS=64 -march=x86-64-v3 -O3 -Wshadow -I . -I ../kar -I ../melder -I ../sys -I ../dwsys -I ../stat -I ../fon -I ../LPC -I ../foned -I ../EEG -I ../external/clapack -I ../external/vorbis -I ../external/opusfile -I ../external/portaudio -I ../external/espeak -I ..external/num  -c -o Matrix_Categories.o Matrix_Categories.cpp
2 warnings generated.
clang -std=gnu++17 -municode -D_FILE_OFFSET_BITS=64 -march=x86-64-v3 -O3 -Wshadow -I . -I ../kar -I ../melder -I ../sys -I ../dwsys -I ../stat -I ../fon -I ../LPC -I ../foned -I ../EEG -I ../external/clapack -I ../external/vorbis -I ../external/opusfile -I ../external/portaudio -I ../external/espeak -I ..external/num  -c -o MDS.o MDS.cpp
In file included from manual_dwtools.cpp:21:
In file included from ./TableOfReal_extensions.h:23:
../dwsys/Graphics_extensions.h:87:37: warning: declaration shadows a field of 'structLineSegmentClipper' [-Wshadow]
   87 |         int getCohenSutherlandCode (HPoint p) {
      |                                            ^
../dwsys/Graphics_extensions.h:82:32: note: previous declaration is here
   82 |         struct structHPoint from, to, p; // working storage
      |                                       ^
../dwsys/Graphics_extensions.h:100:41: warning: declaration shadows a field of 'structLineSegmentClipper' [-Wshadow]
  100 |         void cross (HPoint a, HPoint b, HPoint p) {  // p = a x b
      |                                                ^
../dwsys/Graphics_extensions.h:82:32: note: previous declaration is here
   82 |         struct structHPoint from, to, p; // working storage
      |                                       ^
clang -std=gnu++17 -municode -D_FILE_OFFSET_BITS=64 -march=x86-64-v3 -O3 -Wshadow -I . -I ../kar -I ../melder -I ../sys -I ../dwsys -I ../stat -I ../fon -I ../LPC -I ../foned -I ../EEG -I ../external/clapack -I ../external/vorbis -I ../external/opusfile -I ../external/portaudio -I ../external/espeak -I ..external/num  -c -o MultiSampledSpectrogram.o MultiSampledSpectrogram.cpp
In file included from manual_MDS.cpp:31:
In file included from ./MDS.h:28:
In file included from ./Covariance.h:21:
In file included from ./CCA.h:28:
In file included from ./SSCP.h:22:
In file included from ./TableOfReal_extensions.h:23:
../dwsys/Graphics_extensions.h:87:37: warning: declaration shadows a field of 'structLineSegmentClipper' [-Wshadow]
   87 |         int getCohenSutherlandCode (HPoint p) {
      |                                            ^
../dwsys/Graphics_extensions.h:82:32: note: previous declaration is here
   82 |         struct structHPoint from, to, p; // working storage
      |                                       ^
../dwsys/Graphics_extensions.h:100:41: warning: declaration shadows a field of 'structLineSegmentClipper' [-Wshadow]
  100 |         void cross (HPoint a, HPoint b, HPoint p) {  // p = a x b
      |                                                ^
../dwsys/Graphics_extensions.h:82:32: note: previous declaration is here
   82 |         struct structHPoint from, to, p; // working storage
      |                                       ^
clang -std=gnu++17 -municode -D_FILE_OFFSET_BITS=64 -march=x86-64-v3 -O3 -Wshadow -I . -I ../kar -I ../melder -I ../sys -I ../dwsys -I ../stat -I ../fon -I ../LPC -I ../foned -I ../EEG -I ../external/clapack -I ../external/vorbis -I ../external/opusfile -I ../external/portaudio -I ../external/espeak -I ..external/num  -c -o NavigationContext.o NavigationContext.cpp
clang -std=gnu++17 -municode -D_FILE_OFFSET_BITS=64 -march=x86-64-v3 -O3 -Wshadow -I . -I ../kar -I ../melder -I ../sys -I ../dwsys -I ../stat -I ../fon -I ../LPC -I ../foned -I ../EEG -I ../external/clapack -I ../external/vorbis -I ../external/opusfile -I ../external/portaudio -I ../external/espeak -I ..external/num  -c -o OptimalCeilingTier.o OptimalCeilingTier.cpp
In file included from Matrix_extensions.cpp:28:
In file included from ./Matrix_extensions.h:29:
../dwsys/Graphics_extensions.h:87:37: warning: declaration shadows a field of 'structLineSegmentClipper' [-Wshadow]
   87 |         int getCohenSutherlandCode (HPoint p) {
      |                                            ^
../dwsys/Graphics_extensions.h:82:32: note: previous declaration is here
   82 |         struct structHPoint from, to, p; // working storage
      |                                       ^
../dwsys/Graphics_extensions.h:100:41: warning: declaration shadows a field of 'structLineSegmentClipper' [-Wshadow]
  100 |         void cross (HPoint a, HPoint b, HPoint p) {  // p = a x b
      |                                                ^
../dwsys/Graphics_extensions.h:82:32: note: previous declaration is here
   82 |         struct structHPoint from, to, p; // working storage
      |                                       ^
clang -std=gnu++17 -municode -D_FILE_OFFSET_BITS=64 -march=x86-64-v3 -O3 -Wshadow -I . -I ../kar -I ../melder -I ../sys -I ../dwsys -I ../stat -I ../fon -I ../LPC -I ../foned -I ../EEG -I ../external/clapack -I ../external/vorbis -I ../external/opusfile -I ../external/portaudio -I ../external/espeak -I ..external/num  -c -o OptimalCeilingTierArea.o OptimalCeilingTierArea.cpp
In file included from Matrix_Categories.cpp:20:
In file included from ./TableOfReal_extensions.h:23:
../dwsys/Graphics_extensions.h:87:37: warning: declaration shadows a field of 'structLineSegmentClipper' [-Wshadow]
   87 |         int getCohenSutherlandCode (HPoint p) {
      |                                            ^
../dwsys/Graphics_extensions.h:82:32: note: previous declaration is here
   82 |         struct structHPoint from, to, p; // working storage
      |                                       ^
../dwsys/Graphics_extensions.h:100:41: warning: declaration shadows a field of 'structLineSegmentClipper' [-Wshadow]
  100 |         void cross (HPoint a, HPoint b, HPoint p) {  // p = a x b
      |                                                ^
../dwsys/Graphics_extensions.h:82:32: note: previous declaration is here
   82 |         struct structHPoint from, to, p; // working storage
      |                                       ^
clang -std=gnu++17 -municode -D_FILE_OFFSET_BITS=64 -march=x86-64-v3 -O3 -Wshadow -I . -I ../kar -I ../melder -I ../sys -I ../dwsys -I ../stat -I ../fon -I ../LPC -I ../foned -I ../EEG -I ../external/clapack -I ../external/vorbis -I ../external/opusfile -I ../external/portaudio -I ../external/espeak -I ..external/num  -c -o OptimalCeilingTierEditor.o OptimalCeilingTierEditor.cpp
In file included from MDS.cpp:33:
In file included from ./Matrix_extensions.h:29:
../dwsys/Graphics_extensions.h:87:37: warning: declaration shadows a field of 'structLineSegmentClipper' [-Wshadow]
   87 |         int getCohenSutherlandCode (HPoint p) {
      |                                            ^
../dwsys/Graphics_extensions.h:82:32: note: previous declaration is here
   82 |         struct structHPoint from, to, p; // working storage
      |                                       ^
../dwsys/Graphics_extensions.h:100:41: warning: declaration shadows a field of 'structLineSegmentClipper' [-Wshadow]
  100 |         void cross (HPoint a, HPoint b, HPoint p) {  // p = a x b
      |                                                ^
../dwsys/Graphics_extensions.h:82:32: note: previous declaration is here
   82 |         struct structHPoint from, to, p; // working storage
      |                                       ^
clang -std=gnu++17 -municode -D_FILE_OFFSET_BITS=64 -march=x86-64-v3 -O3 -Wshadow -I . -I ../kar -I ../melder -I ../sys -I ../dwsys -I ../stat -I ../fon -I ../LPC -I ../foned -I ../EEG -I ../external/clapack -I ../external/vorbis -I ../external/opusfile -I ../external/portaudio -I ../external/espeak -I ..external/num  -c -o PatternList.o PatternList.cpp
2 warnings generated.
clang -std=gnu++17 -municode -D_FILE_OFFSET_BITS=64 -march=x86-64-v3 -O3 -Wshadow -I . -I ../kar -I ../melder -I ../sys -I ../dwsys -I ../stat -I ../fon -I ../LPC -I ../foned -I ../EEG -I ../external/clapack -I ../external/vorbis -I ../external/opusfile -I ../external/portaudio -I ../external/espeak -I ..external/num  -c -o PCA.o PCA.cpp
2 warnings generated.
clang -std=gnu++17 -municode -D_FILE_OFFSET_BITS=64 -march=x86-64-v3 -O3 -Wshadow -I . -I ../kar -I ../melder -I ../sys -I ../dwsys -I ../stat -I ../fon -I ../LPC -I ../foned -I ../EEG -I ../external/clapack -I ../external/vorbis -I ../external/opusfile -I ../external/portaudio -I ../external/espeak -I ..external/num  -c -o Pitch_extensions.o Pitch_extensions.cpp
2 warnings generated.
clang -std=gnu++17 -municode -D_FILE_OFFSET_BITS=64 -march=x86-64-v3 -O3 -Wshadow -I . -I ../kar -I ../melder -I ../sys -I ../dwsys -I ../stat -I ../fon -I ../LPC -I ../foned -I ../EEG -I ../external/clapack -I ../external/vorbis -I ../external/opusfile -I ../external/portaudio -I ../external/espeak -I ..external/num  -c -o Polynomial_to_Spectrum.o Polynomial_to_Spectrum.cpp
clang -std=gnu++17 -municode -D_FILE_OFFSET_BITS=64 -march=x86-64-v3 -O3 -Wshadow -I . -I ../kar -I ../melder -I ../sys -I ../dwsys -I ../stat -I ../fon -I ../LPC -I ../foned -I ../EEG -I ../external/clapack -I ../external/vorbis -I ../external/opusfile -I ../external/portaudio -I ../external/espeak -I ..external/num  -c -o Polygon_extensions.o Polygon_extensions.cpp
clang -std=gnu++17 -municode -D_FILE_OFFSET_BITS=64 -march=x86-64-v3 -O3 -Wshadow -I . -I ../kar -I ../melder -I ../sys -I ../dwsys -I ../stat -I ../fon -I ../LPC -I ../foned -I ../EEG -I ../external/clapack -I ../external/vorbis -I ../external/opusfile -I ../external/portaudio -I ../external/espeak -I ..external/num  -c -o Procrustes.o Procrustes.cpp
clang -std=gnu++17 -municode -D_FILE_OFFSET_BITS=64 -march=x86-64-v3 -O3 -Wshadow -I . -I ../kar -I ../melder -I ../sys -I ../dwsys -I ../stat -I ../fon -I ../LPC -I ../foned -I ../EEG -I ../external/clapack -I ../external/vorbis -I ../external/opusfile -I ../external/portaudio -I ../external/espeak -I ..external/num  -c -o Proximity.o Proximity.cpp
clang -std=gnu++17 -municode -D_FILE_OFFSET_BITS=64 -march=x86-64-v3 -O3 -Wshadow -I . -I ../kar -I ../melder -I ../sys -I ../dwsys -I ../stat -I ../fon -I ../LPC -I ../foned -I ../EEG -I ../external/clapack -I ../external/vorbis -I ../external/opusfile -I ../external/portaudio -I ../external/espeak -I ..external/num  -c -o Proximity_and_Distance.o Proximity_and_Distance.cpp
In file included from PCA.cpp:36:
In file included from ./Eigen_and_SSCP.h:27:
In file included from ./Covariance.h:21:
In file included from ./CCA.h:28:
In file included from ./SSCP.h:22:
In file included from ./TableOfReal_extensions.h:23:
../dwsys/Graphics_extensions.h:87:37: warning: declaration shadows a field of 'structLineSegmentClipper' [-Wshadow]
   87 |         int getCohenSutherlandCode (HPoint p) {
      |                                            ^
../dwsys/Graphics_extensions.h:82:32: note: previous declaration is here
   82 |         struct structHPoint from, to, p; // working storage
      |                                       ^
../dwsys/Graphics_extensions.h:100:41: warning: declaration shadows a field of 'structLineSegmentClipper' [-Wshadow]
  100 |         void cross (HPoint a, HPoint b, HPoint p) {  // p = a x b
      |                                                ^
../dwsys/Graphics_extensions.h:82:32: note: previous declaration is here
   82 |         struct structHPoint from, to, p; // working storage
      |                                       ^
clang -std=gnu++17 -municode -D_FILE_OFFSET_BITS=64 -march=x86-64-v3 -O3 -Wshadow -I . -I ../kar -I ../melder -I ../sys -I ../dwsys -I ../stat -I ../fon -I ../LPC -I ../foned -I ../EEG -I ../external/clapack -I ../external/vorbis -I ../external/opusfile -I ../external/portaudio -I ../external/espeak -I ..external/num  -c -o Resonator.o Resonator.cpp
clang -std=gnu++17 -municode -D_FILE_OFFSET_BITS=64 -march=x86-64-v3 -O3 -Wshadow -I . -I ../kar -I ../melder -I ../sys -I ../dwsys -I ../stat -I ../fon -I ../LPC -I ../foned -I ../EEG -I ../external/clapack -I ../external/vorbis -I ../external/opusfile -I ../external/portaudio -I ../external/espeak -I ..external/num  -c -o Roots_to_Spectrum.o Roots_to_Spectrum.cpp
clang -std=gnu++17 -municode -D_FILE_OFFSET_BITS=64 -march=x86-64-v3 -O3 -Wshadow -I . -I ../kar -I ../melder -I ../sys -I ../dwsys -I ../stat -I ../fon -I ../LPC -I ../foned -I ../EEG -I ../external/clapack -I ../external/vorbis -I ../external/opusfile -I ../external/portaudio -I ../external/espeak -I ..external/num  -c -o SoundFrames.o SoundFrames.cpp
2 warnings generated.
clang -std=gnu++17 -municode -D_FILE_OFFSET_BITS=64 -march=x86-64-v3 -O3 -Wshadow -I . -I ../kar -I ../melder -I ../sys -I ../dwsys -I ../stat -I ../fon -I ../LPC -I ../foned -I ../EEG -I ../external/clapack -I ../external/vorbis -I ../external/opusfile -I ../external/portaudio -I ../external/espeak -I ..external/num  -c -o Sound_and_MultiSampledSpectrogram.o Sound_and_MultiSampledSpectrogram.cpp
2 warnings generated.
clang -std=gnu++17 -municode -D_FILE_OFFSET_BITS=64 -march=x86-64-v3 -O3 -Wshadow -I . -I ../kar -I ../melder -I ../sys -I ../dwsys -I ../stat -I ../fon -I ../LPC -I ../foned -I ../EEG -I ../external/clapack -I ../external/vorbis -I ../external/opusfile -I ../external/portaudio -I ../external/espeak -I ..external/num  -c -o Sound_and_MixingMatrix.o Sound_and_MixingMatrix.cpp
In file included from Proximity.cpp:27:
In file included from ./TableOfReal_extensions.h:23:
../dwsys/Graphics_extensions.h:87:37: warning: declaration shadows a field of 'structLineSegmentClipper' [-Wshadow]
   87 |         int getCohenSutherlandCode (HPoint p) {
      |                                            ^
../dwsys/Graphics_extensions.h:82:32: note: previous declaration is here
   82 |         struct structHPoint from, to, p; // working storage
      |                                       ^
../dwsys/Graphics_extensions.h:100:41: warning: declaration shadows a field of 'structLineSegmentClipper' [-Wshadow]
  100 |         void cross (HPoint a, HPoint b, HPoint p) {  // p = a x b
      |                                                ^
../dwsys/Graphics_extensions.h:82:32: note: previous declaration is here
   82 |         struct structHPoint from, to, p; // working storage
      |                                       ^
clang -std=gnu++17 -municode -D_FILE_OFFSET_BITS=64 -march=x86-64-v3 -O3 -Wshadow -I . -I ../kar -I ../melder -I ../sys -I ../dwsys -I ../stat -I ../fon -I ../LPC -I ../foned -I ../EEG -I ../external/clapack -I ../external/vorbis -I ../external/opusfile -I ../external/portaudio -I ../external/espeak -I ..external/num  -c -o Sound_and_Spectrum_dft.o Sound_and_Spectrum_dft.cpp
2 warnings generated.
In file included from Proximity_and_Distance.cpp:20:
In file included from ./TableOfReal_extensions.h:23:
../dwsys/Graphics_extensions.h:87:37: warning: declaration shadows a field of 'structLineSegmentClipper' [-Wshadow]
   87 |         int getCohenSutherlandCode (HPoint p) {
      |                                            ^
../dwsys/Graphics_extensions.h:82:32: note: previous declaration is here
   82 |         struct structHPoint from, to, p; // working storage
      |                                       ^
../dwsys/Graphics_extensions.h:100:41: warning: declaration shadows a field of 'structLineSegmentClipper' [-Wshadow]
  100 |         void cross (HPoint a, HPoint b, HPoint p) {  // p = a x b
      |                                                ^
../dwsys/Graphics_extensions.h:82:32: note: previous declaration is here
   82 |         struct structHPoint from, to, p; // working storage
      |                                       ^
clang -std=gnu++17 -municode -D_FILE_OFFSET_BITS=64 -march=x86-64-v3 -O3 -Wshadow -I . -I ../kar -I ../melder -I ../sys -I ../dwsys -I ../stat -I ../fon -I ../LPC -I ../foned -I ../EEG -I ../external/clapack -I ../external/vorbis -I ../external/opusfile -I ../external/portaudio -I ../external/espeak -I ..external/num  -c -o Sound_and_Spectrogram_extensions.o Sound_and_Spectrogram_extensions.cpp
clang -std=gnu++17 -municode -D_FILE_OFFSET_BITS=64 -march=x86-64-v3 -O3 -Wshadow -I . -I ../kar -I ../melder -I ../sys -I ../dwsys -I ../stat -I ../fon -I ../LPC -I ../foned -I ../EEG -I ../external/clapack -I ../external/vorbis -I ../external/opusfile -I ../external/portaudio -I ../external/espeak -I ..external/num  -c -o Sound_and_PCA.o Sound_and_PCA.cpp
clang -std=gnu++17 -municode -D_FILE_OFFSET_BITS=64 -march=x86-64-v3 -O3 -Wshadow -I . -I ../kar -I ../melder -I ../sys -I ../dwsys -I ../stat -I ../fon -I ../LPC -I ../foned -I ../EEG -I ../external/clapack -I ../external/vorbis -I ../external/opusfile -I ../external/portaudio -I ../external/espeak -I ..external/num  -c -o Sound_and_TextGrid_extensions.o Sound_and_TextGrid_extensions.cpp
2 warnings generated.
clang -std=gnu++17 -municode -D_FILE_OFFSET_BITS=64 -march=x86-64-v3 -O3 -Wshadow -I . -I ../kar -I ../melder -I ../sys -I ../dwsys -I ../stat -I ../fon -I ../LPC -I ../foned -I ../EEG -I ../external/clapack -I ../external/vorbis -I ../external/opusfile -I ../external/portaudio -I ../external/espeak -I ..external/num  -c -o Sound_extensions.o Sound_extensions.cpp
2 warnings generated.
clang -std=gnu++17 -municode -D_FILE_OFFSET_BITS=64 -march=x86-64-v3 -O3 -Wshadow -I . -I ../kar -I ../melder -I ../sys -I ../dwsys -I ../stat -I ../fon -I ../LPC -I ../foned -I ../EEG -I ../external/clapack -I ../external/vorbis -I ../external/opusfile -I ../external/portaudio -I ../external/espeak -I ..external/num  -c -o Sound_to_MFCC.o Sound_to_MFCC.cpp
clang -std=gnu++17 -municode -D_FILE_OFFSET_BITS=64 -march=x86-64-v3 -O3 -Wshadow -I . -I ../kar -I ../melder -I ../sys -I ../dwsys -I ../stat -I ../fon -I ../LPC -I ../foned -I ../EEG -I ../external/clapack -I ../external/vorbis -I ../external/opusfile -I ../external/portaudio -I ../external/espeak -I ..external/num  -c -o Sounds_to_DTW.o Sounds_to_DTW.cpp
clang -std=gnu++17 -municode -D_FILE_OFFSET_BITS=64 -march=x86-64-v3 -O3 -Wshadow -I . -I ../kar -I ../melder -I ../sys -I ../dwsys -I ../stat -I ../fon -I ../LPC -I ../foned -I ../EEG -I ../external/clapack -I ../external/vorbis -I ../external/opusfile -I ../external/portaudio -I ../external/espeak -I ..external/num  -c -o Sound_to_Pitch2.o Sound_to_Pitch2.cpp
clang -std=gnu++17 -municode -D_FILE_OFFSET_BITS=64 -march=x86-64-v3 -O3 -Wshadow -I . -I ../kar -I ../melder -I ../sys -I ../dwsys -I ../stat -I ../fon -I ../LPC -I ../foned -I ../EEG -I ../external/clapack -I ../external/vorbis -I ../external/opusfile -I ../external/portaudio -I ../external/espeak -I ..external/num  -c -o Sound_to_SPINET.o Sound_to_SPINET.cpp
SoundFrames.cpp:24:21: warning: declaration shadows a field of 'structSoundFrames' [-Wshadow]
   24 |         kSound_windowShape windowShape, bool subtractChannelMean)
      |                            ^
./SoundFrames.h:56:21: note: previous declaration is here
   56 |         kSound_windowShape windowShape;                 // Type: Rectangular, triangular, hamming, etc..
      |                            ^
SoundFrames.cpp:24:39: warning: declaration shadows a field of 'structSoundFrames' [-Wshadow]
   24 |         kSound_windowShape windowShape, bool subtractChannelMean)
      |                                              ^
./SoundFrames.h:57:7: note: previous declaration is here
   57 |         bool subtractChannelMean = true;                // if true, the frame mean of each channel will be subtracted before windowing
      |              ^
SoundFrames.cpp:36:80: warning: declaration shadows a field of 'structSoundFrames' [-Wshadow]
   36 | void structSoundFrames :: initForIntoSampled (constSound input, mutableSampled output, double effectiveAnalysisWidth,
      |                                                                                ^
./SoundFrames.h:50:17: note: previous declaration is here
   50 |         mutableSampled output;
      |                        ^
SoundFrames.cpp:37:21: warning: declaration shadows a field of 'structSoundFrames' [-Wshadow]
   37 |         kSound_windowShape windowShape, bool subtractChannelMean)
      |                            ^
./SoundFrames.h:56:21: note: previous declaration is here
   56 |         kSound_windowShape windowShape;                 // Type: Rectangular, triangular, hamming, etc..
      |                            ^
SoundFrames.cpp:37:39: warning: declaration shadows a field of 'structSoundFrames' [-Wshadow]
   37 |         kSound_windowShape windowShape, bool subtractChannelMean)
      |                                              ^
./SoundFrames.h:57:7: note: previous declaration is here
   57 |         bool subtractChannelMean = true;                // if true, the frame mean of each channel will be subtracted before windowing
      |              ^
SoundFrames.cpp:46:58: warning: declaration shadows a field of 'structSoundFrames' [-Wshadow]
   46 | void structSoundFrames :: initCommon (kSound_windowShape windowShape, bool subtractChannelMean)
      |                                                          ^
./SoundFrames.h:56:21: note: previous declaration is here
   56 |         kSound_windowShape windowShape;                 // Type: Rectangular, triangular, hamming, etc..
      |                            ^
SoundFrames.cpp:46:76: warning: declaration shadows a field of 'structSoundFrames' [-Wshadow]
   46 | void structSoundFrames :: initCommon (kSound_windowShape windowShape, bool subtractChannelMean)
      |                                                                            ^
./SoundFrames.h:57:7: note: previous declaration is here
   57 |         bool subtractChannelMean = true;                // if true, the frame mean of each channel will be subtracted before windowing
      |              ^
7 warnings generated.
clang -std=gnu++17 -municode -D_FILE_OFFSET_BITS=64 -march=x86-64-v3 -O3 -Wshadow -I . -I ../kar -I ../melder -I ../sys -I ../dwsys -I ../stat -I ../fon -I ../LPC -I ../foned -I ../EEG -I ../external/clapack -I ../external/vorbis -I ../external/opusfile -I ../external/portaudio -I ../external/espeak -I ..external/num  -c -o SPINET.o SPINET.cpp
clang -std=gnu++17 -municode -D_FILE_OFFSET_BITS=64 -march=x86-64-v3 -O3 -Wshadow -I . -I ../kar -I ../melder -I ../sys -I ../dwsys -I ../stat -I ../fon -I ../LPC -I ../foned -I ../EEG -I ../external/clapack -I ../external/vorbis -I ../external/opusfile -I ../external/portaudio -I ../external/espeak -I ..external/num  -c -o SPINET_to_Pitch.o SPINET_to_Pitch.cpp
In file included from Sound_and_PCA.cpp:23:
In file included from ./ICA.h:26:
In file included from ./Covariance.h:21:
In file included from ./CCA.h:28:
In file included from ./SSCP.h:22:
In file included from ./TableOfReal_extensions.h:23:
../dwsys/Graphics_extensions.h:87:37: warning: declaration shadows a field of 'structLineSegmentClipper' [-Wshadow]
   87 |         int getCohenSutherlandCode (HPoint p) {
      |                                            ^
../dwsys/Graphics_extensions.h:82:32: note: previous declaration is here
   82 |         struct structHPoint from, to, p; // working storage
      |                                       ^
../dwsys/Graphics_extensions.h:100:41: warning: declaration shadows a field of 'structLineSegmentClipper' [-Wshadow]
  100 |         void cross (HPoint a, HPoint b, HPoint p) {  // p = a x b
      |                                                ^
../dwsys/Graphics_extensions.h:82:32: note: previous declaration is here
   82 |         struct structHPoint from, to, p; // working storage
      |                                       ^
clang -std=gnu++17 -municode -D_FILE_OFFSET_BITS=64 -march=x86-64-v3 -O3 -Wshadow -I . -I ../kar -I ../melder -I ../sys -I ../dwsys -I ../stat -I ../fon -I ../LPC -I ../foned -I ../EEG -I ../external/clapack -I ../external/vorbis -I ../external/opusfile -I ../external/portaudio -I ../external/espeak -I ..external/num  -c -o Spectrogram_extensions.o Spectrogram_extensions.cpp
2 warnings generated.
clang -std=gnu++17 -municode -D_FILE_OFFSET_BITS=64 -march=x86-64-v3 -O3 -Wshadow -I . -I ../kar -I ../melder -I ../sys -I ../dwsys -I ../stat -I ../fon -I ../LPC -I ../foned -I ../EEG -I ../external/clapack -I ../external/vorbis -I ../external/opusfile -I ../external/portaudio -I ../external/espeak -I ..external/num  -c -o Spectrum_extensions.o Spectrum_extensions.cpp
clang -std=gnu++17 -municode -D_FILE_OFFSET_BITS=64 -march=x86-64-v3 -O3 -Wshadow -I . -I ../kar -I ../melder -I ../sys -I ../dwsys -I ../stat -I ../fon -I ../LPC -I ../foned -I ../EEG -I ../external/clapack -I ../external/vorbis -I ../external/opusfile -I ../external/portaudio -I ../external/espeak -I ..external/num  -c -o Spectrum_and_AnalyticSound.o Spectrum_and_AnalyticSound.cpp
clang -std=gnu++17 -municode -D_FILE_OFFSET_BITS=64 -march=x86-64-v3 -O3 -Wshadow -I . -I ../kar -I ../melder -I ../sys -I ../dwsys -I ../stat -I ../fon -I ../LPC -I ../foned -I ../EEG -I ../external/clapack -I ../external/vorbis -I ../external/opusfile -I ../external/portaudio -I ../external/espeak -I ..external/num  -c -o Spectrum_and_MultiSampledSpectrogram.o Spectrum_and_MultiSampledSpectrogram.cpp
clang -std=gnu++17 -municode -D_FILE_OFFSET_BITS=64 -march=x86-64-v3 -O3 -Wshadow -I . -I ../kar -I ../melder -I ../sys -I ../dwsys -I ../stat -I ../fon -I ../LPC -I ../foned -I ../EEG -I ../external/clapack -I ../external/vorbis -I ../external/opusfile -I ../external/portaudio -I ../external/espeak -I ..external/num  -c -o SSCP.o SSCP.cpp
clang -std=gnu++17 -municode -D_FILE_OFFSET_BITS=64 -march=x86-64-v3 -O3 -Wshadow -I . -I ../kar -I ../melder -I ../sys -I ../dwsys -I ../stat -I ../fon -I ../LPC -I ../foned -I ../EEG -I ../external/clapack -I ../external/vorbis -I ../external/opusfile -I ../external/portaudio -I ../external/espeak -I ..external/num  -c -o Strings_extensions.o Strings_extensions.cpp
clang -std=gnu++17 -municode -D_FILE_OFFSET_BITS=64 -march=x86-64-v3 -O3 -Wshadow -I . -I ../kar -I ../melder -I ../sys -I ../dwsys -I ../stat -I ../fon -I ../LPC -I ../foned -I ../EEG -I ../external/clapack -I ../external/vorbis -I ../external/opusfile -I ../external/portaudio -I ../external/espeak -I ..external/num  -c -o SpeechSynthesizer.o SpeechSynthesizer.cpp
clang -std=gnu++17 -municode -D_FILE_OFFSET_BITS=64 -march=x86-64-v3 -O3 -Wshadow -I . -I ../kar -I ../melder -I ../sys -I ../dwsys -I ../stat -I ../fon -I ../LPC -I ../foned -I ../EEG -I ../external/clapack -I ../external/vorbis -I ../external/opusfile -I ../external/portaudio -I ../external/espeak -I ..external/num  -c -o SpeechSynthesizer_and_TextGrid.o SpeechSynthesizer_and_TextGrid.cpp
clang -std=gnu++17 -municode -D_FILE_OFFSET_BITS=64 -march=x86-64-v3 -O3 -Wshadow -I . -I ../kar -I ../melder -I ../sys -I ../dwsys -I ../stat -I ../fon -I ../LPC -I ../foned -I ../EEG -I ../external/clapack -I ../external/vorbis -I ../external/opusfile -I ../external/portaudio -I ../external/espeak -I ..external/num  -c -o Table_extensions.o Table_extensions.cpp
In file included from Spectrogram_extensions.cpp:25:
In file included from ./Matrix_extensions.h:29:
../dwsys/Graphics_extensions.h:87:37: warning: declaration shadows a field of 'structLineSegmentClipper' [-Wshadow]
   87 |         int getCohenSutherlandCode (HPoint p) {
      |                                            ^
../dwsys/Graphics_extensions.h:82:32: note: previous declaration is here
   82 |         struct structHPoint from, to, p; // working storage
      |                                       ^
../dwsys/Graphics_extensions.h:100:41: warning: declaration shadows a field of 'structLineSegmentClipper' [-Wshadow]
  100 |         void cross (HPoint a, HPoint b, HPoint p) {  // p = a x b
      |                                                ^
../dwsys/Graphics_extensions.h:82:32: note: previous declaration is here
   82 |         struct structHPoint from, to, p; // working storage
      |                                       ^
clang -std=gnu++17 -municode -D_FILE_OFFSET_BITS=64 -march=x86-64-v3 -O3 -Wshadow -I . -I ../kar -I ../melder -I ../sys -I ../dwsys -I ../stat -I ../fon -I ../LPC -I ../foned -I ../EEG -I ../external/clapack -I ../external/vorbis -I ../external/opusfile -I ../external/portaudio -I ../external/espeak -I ..external/num  -c -o Table_dataSets.o Table_dataSets.cpp
clang -std=gnu++17 -municode -D_FILE_OFFSET_BITS=64 -march=x86-64-v3 -O3 -Wshadow -I . -I ../kar -I ../melder -I ../sys -I ../dwsys -I ../stat -I ../fon -I ../LPC -I ../foned -I ../EEG -I ../external/clapack -I ../external/vorbis -I ../external/opusfile -I ../external/portaudio -I ../external/espeak -I ..external/num  -c -o TableOfReal_and_SVD.o TableOfReal_and_SVD.cpp
clang -std=gnu++17 -municode -D_FILE_OFFSET_BITS=64 -march=x86-64-v3 -O3 -Wshadow -I . -I ../kar -I ../melder -I ../sys -I ../dwsys -I ../stat -I ../fon -I ../LPC -I ../foned -I ../EEG -I ../external/clapack -I ../external/vorbis -I ../external/opusfile -I ../external/portaudio -I ../external/espeak -I ..external/num  -c -o TableOfReal_extensions.o TableOfReal_extensions.cpp
In file included from SSCP.cpp:59:
In file included from ./Covariance.h:21:
In file included from ./CCA.h:28:
In file included from ./SSCP.h:22:
In file included from ./TableOfReal_extensions.h:23:
../dwsys/Graphics_extensions.h:87:37: warning: declaration shadows a field of 'structLineSegmentClipper' [-Wshadow]
   87 |         int getCohenSutherlandCode (HPoint p) {
      |                                            ^
../dwsys/Graphics_extensions.h:82:32: note: previous declaration is here
   82 |         struct structHPoint from, to, p; // working storage
      |                                       ^
../dwsys/Graphics_extensions.h:100:41: warning: declaration shadows a field of 'structLineSegmentClipper' [-Wshadow]
  100 |         void cross (HPoint a, HPoint b, HPoint p) {  // p = a x b
      |                                                ^
../dwsys/Graphics_extensions.h:82:32: note: previous declaration is here
   82 |         struct structHPoint from, to, p; // working storage
      |                                       ^
clang -std=gnu++17 -municode -D_FILE_OFFSET_BITS=64 -march=x86-64-v3 -O3 -Wshadow -I . -I ../kar -I ../melder -I ../sys -I ../dwsys -I ../stat -I ../fon -I ../LPC -I ../foned -I ../EEG -I ../external/clapack -I ../external/vorbis -I ../external/opusfile -I ../external/portaudio -I ../external/espeak -I ..external/num  -c -o TableOfReal_and_Discriminant.o TableOfReal_and_Discriminant.cpp
2 warnings generated.
clang -std=gnu++17 -municode -D_FILE_OFFSET_BITS=64 -march=x86-64-v3 -O3 -Wshadow -I . -I ../kar -I ../melder -I ../sys -I ../dwsys -I ../stat -I ../fon -I ../LPC -I ../foned -I ../EEG -I ../external/clapack -I ../external/vorbis -I ../external/opusfile -I ../external/portaudio -I ../external/espeak -I ..external/num  -c -o TableOfReal_and_Permutation.o TableOfReal_and_Permutation.cpp
clang -std=gnu++17 -municode -D_FILE_OFFSET_BITS=64 -march=x86-64-v3 -O3 -Wshadow -I . -I ../kar -I ../melder -I ../sys -I ../dwsys -I ../stat -I ../fon -I ../LPC -I ../foned -I ../EEG -I ../external/clapack -I ../external/vorbis -I ../external/opusfile -I ../external/portaudio -I ../external/espeak -I ..external/num  -c -o TextGrid_and_DurationTier.o TextGrid_and_DurationTier.cpp
clang -std=gnu++17 -municode -D_FILE_OFFSET_BITS=64 -march=x86-64-v3 -O3 -Wshadow -I . -I ../kar -I ../melder -I ../sys -I ../dwsys -I ../stat -I ../fon -I ../LPC -I ../foned -I ../EEG -I ../external/clapack -I ../external/vorbis -I ../external/opusfile -I ../external/portaudio -I ../external/espeak -I ..external/num  -c -o TextGrid_and_PitchTier.o TextGrid_and_PitchTier.cpp
In file included from Table_extensions.cpp:33:
In file included from ./Discriminant.h:23:
In file included from ./SSCP.h:22:
In file included from ./TableOfReal_extensions.h:23:
../dwsys/Graphics_extensions.h:87:37: warning: declaration shadows a field of 'structLineSegmentClipper' [-Wshadow]
   87 |         int getCohenSutherlandCode (HPoint p) {
      |                                            ^
../dwsys/Graphics_extensions.h:82:32: note: previous declaration is here
   82 |         struct structHPoint from, to, p; // working storage
      |                                       ^
../dwsys/Graphics_extensions.h:100:41: warning: declaration shadows a field of 'structLineSegmentClipper' [-Wshadow]
  100 |         void cross (HPoint a, HPoint b, HPoint p) {  // p = a x b
      |                                                ^
../dwsys/Graphics_extensions.h:82:32: note: previous declaration is here
   82 |         struct structHPoint from, to, p; // working storage
      |                                       ^
clang -std=gnu++17 -municode -D_FILE_OFFSET_BITS=64 -march=x86-64-v3 -O3 -Wshadow -I . -I ../kar -I ../melder -I ../sys -I ../dwsys -I ../stat -I ../fon -I ../LPC -I ../foned -I ../EEG -I ../external/clapack -I ../external/vorbis -I ../external/opusfile -I ../external/portaudio -I ../external/espeak -I ..external/num  -c -o TextGrid_extensions.o TextGrid_extensions.cpp
2 warnings generated.
clang -std=gnu++17 -municode -D_FILE_OFFSET_BITS=64 -march=x86-64-v3 -O3 -Wshadow -I . -I ../kar -I ../melder -I ../sys -I ../dwsys -I ../stat -I ../fon -I ../LPC -I ../foned -I ../EEG -I ../external/clapack -I ../external/vorbis -I ../external/opusfile -I ../external/portaudio -I ../external/espeak -I ..external/num  -c -o TextGridTierNavigator.o TextGridTierNavigator.cpp
In file included from Table_dataSets.cpp:24:
In file included from ./Table_extensions.h:34:
In file included from ./SSCP.h:22:
In file included from ./TableOfReal_extensions.h:23:
../dwsys/Graphics_extensions.h:87:37: warning: declaration shadows a field of 'structLineSegmentClipper' [-Wshadow]
   87 |         int getCohenSutherlandCode (HPoint p) {
      |                                            ^
../dwsys/Graphics_extensions.h:82:32: note: previous declaration is here
   82 |         struct structHPoint from, to, p; // working storage
      |                                       ^
../dwsys/Graphics_extensions.h:100:41: warning: declaration shadows a field of 'structLineSegmentClipper' [-Wshadow]
  100 |         void cross (HPoint a, HPoint b, HPoint p) {  // p = a x b
      |                                                ^
../dwsys/Graphics_extensions.h:82:32: note: previous declaration is here
   82 |         struct structHPoint from, to, p; // working storage
      |                                       ^
In file included from TableOfReal_extensions.cpp:51:
In file included from ./Correlation.h:21:
In file included from ./SSCP.h:22:
In file included from ./TableOfReal_extensions.h:23:
../dwsys/Graphics_extensions.h:87:37: warning: declaration shadows a field of 'structLineSegmentClipper' [-Wshadow]
   87 |         int getCohenSutherlandCode (HPoint p) {
      |                                            ^
../dwsys/Graphics_extensions.h:82:32: note: previous declaration is here
   82 |         struct structHPoint from, to, p; // working storage
      |                                       ^
../dwsys/Graphics_extensions.h:100:41: warning: declaration shadows a field of 'structLineSegmentClipper' [-Wshadow]
  100 |         void cross (HPoint a, HPoint b, HPoint p) {  // p = a x b
      |                                                ^
../dwsys/Graphics_extensions.h:82:32: note: previous declaration is here
   82 |         struct structHPoint from, to, p; // working storage
      |                                       ^
In file included from TableOfReal_and_Discriminant.cpp:19:
In file included from ./TableOfReal_and_Discriminant.h:21:
In file included from ./ClassificationTable.h:22:
In file included from ./SSCP.h:22:
In file included from ./TableOfReal_extensions.h:23:
../dwsys/Graphics_extensions.h:87:37: warning: declaration shadows a field of 'structLineSegmentClipper' [-Wshadow]
   87 |         int getCohenSutherlandCode (HPoint p) {
      |                                            ^
../dwsys/Graphics_extensions.h:82:32: note: previous declaration is here
   82 |         struct structHPoint from, to, p; // working storage
      |                                       ^
../dwsys/Graphics_extensions.h:100:41: warning: declaration shadows a field of 'structLineSegmentClipper' [-Wshadow]
  100 |         void cross (HPoint a, HPoint b, HPoint p) {  // p = a x b
      |                                                ^
../dwsys/Graphics_extensions.h:82:32: note: previous declaration is here
   82 |         struct structHPoint from, to, p; // working storage
      |                                       ^
clang -std=gnu++17 -municode -D_FILE_OFFSET_BITS=64 -march=x86-64-v3 -O3 -Wshadow -I . -I ../kar -I ../melder -I ../sys -I ../dwsys -I ../stat -I ../fon -I ../LPC -I ../foned -I ../EEG -I ../external/clapack -I ../external/vorbis -I ../external/opusfile -I ../external/portaudio -I ../external/espeak -I ..external/num  -c -o TextGridNavigator.o TextGridNavigator.cpp
clang -std=gnu++17 -municode -D_FILE_OFFSET_BITS=64 -march=x86-64-v3 -O3 -Wshadow -I . -I ../kar -I ../melder -I ../sys -I ../dwsys -I ../stat -I ../fon -I ../LPC -I ../foned -I ../EEG -I ../external/clapack -I ../external/vorbis -I ../external/opusfile -I ../external/portaudio -I ../external/espeak -I ..external/num  -c -o Vector_extensions.o Vector_extensions.cpp
clang -std=gnu++17 -municode -D_FILE_OFFSET_BITS=64 -march=x86-64-v3 -O3 -Wshadow -I . -I ../kar -I ../melder -I ../sys -I ../dwsys -I ../stat -I ../fon -I ../LPC -I ../foned -I ../EEG -I ../external/clapack -I ../external/vorbis -I ../external/opusfile -I ../external/portaudio -I ../external/espeak -I ..external/num  -c -o VowelEditor.o VowelEditor.cpp
2 warnings generated.
clang -std=gnu++17 -municode -D_FILE_OFFSET_BITS=64 -march=x86-64-v3 -O3 -Wshadow -I . -I ../kar -I ../melder -I ../sys -I ../dwsys -I ../stat -I ../fon -I ../LPC -I ../foned -I ../EEG -I ../external/clapack -I ../external/vorbis -I ../external/opusfile -I ../external/portaudio -I ../external/espeak -I ..external/num  -c -o praat_MDS_init.o praat_MDS_init.cpp
In file included from TableOfReal_and_Permutation.cpp:25:
In file included from ./TableOfReal_extensions.h:23:
../dwsys/Graphics_extensions.h:87:37: warning: declaration shadows a field of 'structLineSegmentClipper' [-Wshadow]
   87 |         int getCohenSutherlandCode (HPoint p) {
      |                                            ^
../dwsys/Graphics_extensions.h:82:32: note: previous declaration is here
   82 |         struct structHPoint from, to, p; // working storage
      |                                       ^
../dwsys/Graphics_extensions.h:100:41: warning: declaration shadows a field of 'structLineSegmentClipper' [-Wshadow]
  100 |         void cross (HPoint a, HPoint b, HPoint p) {  // p = a x b
      |                                                ^
../dwsys/Graphics_extensions.h:82:32: note: previous declaration is here
   82 |         struct structHPoint from, to, p; // working storage
      |                                       ^
clang -std=gnu++17 -municode -D_FILE_OFFSET_BITS=64 -march=x86-64-v3 -O3 -Wshadow -I . -I ../kar -I ../melder -I ../sys -I ../dwsys -I ../stat -I ../fon -I ../LPC -I ../foned -I ../EEG -I ../external/clapack -I ../external/vorbis -I ../external/opusfile -I ../external/portaudio -I ../external/espeak -I ..external/num  -c -o praat_BSS_init.o praat_BSS_init.cpp
2 warnings generated.
clang -std=gnu++17 -municode -D_FILE_OFFSET_BITS=64 -march=x86-64-v3 -O3 -Wshadow -I . -I ../kar -I ../melder -I ../sys -I ../dwsys -I ../stat -I ../fon -I ../LPC -I ../foned -I ../EEG -I ../external/clapack -I ../external/vorbis -I ../external/opusfile -I ../external/portaudio -I ../external/espeak -I ..external/num  -c -o praat_HMM_init.o praat_HMM_init.cpp
2 warnings generated.
clang -std=gnu++17 -municode -D_FILE_OFFSET_BITS=64 -march=x86-64-v3 -O3 -Wshadow -I . -I ../kar -I ../melder -I ../sys -I ../dwsys -I ../stat -I ../fon -I ../LPC -I ../foned -I ../EEG -I ../external/clapack -I ../external/vorbis -I ../external/opusfile -I ../external/portaudio -I ../external/espeak -I ..external/num  -c -o praat_KlattGrid_init.o praat_KlattGrid_init.cpp
clang -std=gnu++17 -municode -D_FILE_OFFSET_BITS=64 -march=x86-64-v3 -O3 -Wshadow -I . -I ../kar -I ../melder -I ../sys -I ../dwsys -I ../stat -I ../fon -I ../LPC -I ../foned -I ../EEG -I ../external/clapack -I ../external/vorbis -I ../external/opusfile -I ../external/portaudio -I ../external/espeak -I ..external/num  -c -o praat_MultiSampledSpectrogram.o praat_MultiSampledSpectrogram.cpp
clang -std=gnu++17 -municode -D_FILE_OFFSET_BITS=64 -march=x86-64-v3 -O3 -Wshadow -I . -I ../kar -I ../melder -I ../sys -I ../dwsys -I ../stat -I ../fon -I ../LPC -I ../foned -I ../EEG -I ../external/clapack -I ../external/vorbis -I ../external/opusfile -I ../external/portaudio -I ../external/espeak -I ..external/num  -c -o praat_DataModeler_init.o praat_DataModeler_init.cpp
In file included from VowelEditor.cpp:51:
In file included from ./TableOfReal_extensions.h:23:
../dwsys/Graphics_extensions.h:87:37: warning: declaration shadows a field of 'structLineSegmentClipper' [-Wshadow]
   87 |         int getCohenSutherlandCode (HPoint p) {
      |                                            ^
../dwsys/Graphics_extensions.h:82:32: note: previous declaration is here
   82 |         struct structHPoint from, to, p; // working storage
      |                                       ^
../dwsys/Graphics_extensions.h:100:41: warning: declaration shadows a field of 'structLineSegmentClipper' [-Wshadow]
  100 |         void cross (HPoint a, HPoint b, HPoint p) {  // p = a x b
      |                                                ^
../dwsys/Graphics_extensions.h:82:32: note: previous declaration is here
   82 |         struct structHPoint from, to, p; // working storage
      |                                       ^
2 warnings generated.
clang -std=gnu++17 -municode -D_FILE_OFFSET_BITS=64 -march=x86-64-v3 -O3 -Wshadow -I . -I ../kar -I ../melder -I ../sys -I ../dwsys -I ../stat -I ../fon -I ../LPC -I ../foned -I ../EEG -I ../external/clapack -I ../external/vorbis -I ../external/opusfile -I ../external/portaudio -I ../external/espeak -I ..external/num  -c -o praat_David_init.o praat_David_init.cpp
In file included from praat_MDS_init.cpp:36:
In file included from ./MDS.h:28:
In file included from ./Covariance.h:21:
In file included from ./CCA.h:28:
In file included from ./SSCP.h:22:
In file included from ./TableOfReal_extensions.h:23:
../dwsys/Graphics_extensions.h:87:37: warning: declaration shadows a field of 'structLineSegmentClipper' [-Wshadow]
   87 |         int getCohenSutherlandCode (HPoint p) {
      |                                            ^
../dwsys/Graphics_extensions.h:82:32: note: previous declaration is here
   82 |         struct structHPoint from, to, p; // working storage
      |                                       ^
../dwsys/Graphics_extensions.h:100:41: warning: declaration shadows a field of 'structLineSegmentClipper' [-Wshadow]
  100 |         void cross (HPoint a, HPoint b, HPoint p) {  // p = a x b
      |                                                ^
../dwsys/Graphics_extensions.h:82:32: note: previous declaration is here
   82 |         struct structHPoint from, to, p; // working storage
      |                                       ^
2 warnings generated.
In file included from praat_BSS_init.cpp:21:
In file included from ./EEG_extensions.h:21:
In file included from ./Covariance.h:21:
In file included from ./CCA.h:28:
In file included from ./SSCP.h:22:
In file included from ./TableOfReal_extensions.h:23:
../dwsys/Graphics_extensions.h:87:37: warning: declaration shadows a field of 'structLineSegmentClipper' [-Wshadow]
   87 |         int getCohenSutherlandCode (HPoint p) {
      |                                            ^
../dwsys/Graphics_extensions.h:82:32: note: previous declaration is here
   82 |         struct structHPoint from, to, p; // working storage
      |                                       ^
../dwsys/Graphics_extensions.h:100:41: warning: declaration shadows a field of 'structLineSegmentClipper' [-Wshadow]
  100 |         void cross (HPoint a, HPoint b, HPoint p) {  // p = a x b
      |                                                ^
../dwsys/Graphics_extensions.h:82:32: note: previous declaration is here
   82 |         struct structHPoint from, to, p; // working storage
      |                                       ^
In file included from praat_HMM_init.cpp:20:
In file included from ./GaussianMixture.h:26:
In file included from ./ClassificationTable.h:22:
In file included from ./SSCP.h:22:
In file included from ./TableOfReal_extensions.h:23:
../dwsys/Graphics_extensions.h:87:37: warning: declaration shadows a field of 'structLineSegmentClipper' [-Wshadow]
   87 |         int getCohenSutherlandCode (HPoint p) {
      |                                            ^
../dwsys/Graphics_extensions.h:82:32: note: previous declaration is here
   82 |         struct structHPoint from, to, p; // working storage
      |                                       ^
../dwsys/Graphics_extensions.h:100:41: warning: declaration shadows a field of 'structLineSegmentClipper' [-Wshadow]
  100 |         void cross (HPoint a, HPoint b, HPoint p) {  // p = a x b
      |                                                ^
../dwsys/Graphics_extensions.h:82:32: note: previous declaration is here
   82 |         struct structHPoint from, to, p; // working storage
      |                                       ^
2 warnings generated.
In file included from praat_DataModeler_init.cpp:20:
In file included from ./DataModeler.h:26:
In file included from ./Covariance.h:21:
In file included from ./CCA.h:28:
In file included from ./SSCP.h:22:
In file included from ./TableOfReal_extensions.h:23:
../dwsys/Graphics_extensions.h:87:37: warning: declaration shadows a field of 'structLineSegmentClipper' [-Wshadow]
   87 |         int getCohenSutherlandCode (HPoint p) {
      |                                            ^
../dwsys/Graphics_extensions.h:82:32: note: previous declaration is here
   82 |         struct structHPoint from, to, p; // working storage
      |                                       ^
../dwsys/Graphics_extensions.h:100:41: warning: declaration shadows a field of 'structLineSegmentClipper' [-Wshadow]
  100 |         void cross (HPoint a, HPoint b, HPoint p) {  // p = a x b
      |                                                ^
../dwsys/Graphics_extensions.h:82:32: note: previous declaration is here
   82 |         struct structHPoint from, to, p; // working storage
      |                                       ^
2 warnings generated.
In file included from praat_David_init.cpp:74:
In file included from ./ClassificationTable.h:22:
In file included from ./SSCP.h:22:
In file included from ./TableOfReal_extensions.h:23:
../dwsys/Graphics_extensions.h:87:37: warning: declaration shadows a field of 'structLineSegmentClipper' [-Wshadow]
   87 |         int getCohenSutherlandCode (HPoint p) {
      |                                            ^
../dwsys/Graphics_extensions.h:82:32: note: previous declaration is here
   82 |         struct structHPoint from, to, p; // working storage
      |                                       ^
../dwsys/Graphics_extensions.h:100:41: warning: declaration shadows a field of 'structLineSegmentClipper' [-Wshadow]
  100 |         void cross (HPoint a, HPoint b, HPoint p) {  // p = a x b
      |                                                ^
../dwsys/Graphics_extensions.h:82:32: note: previous declaration is here
   82 |         struct structHPoint from, to, p; // working storage
      |                                       ^
2 warnings generated.
2 warnings generated.
2 warnings generated.
2 warnings generated.
touch libdwtools.a
rm libdwtools.a
ar cq libdwtools.a ActivationList.o AffineTransform.o AnalyticSound.o Categories.o CategoriesEditor.o Categories_and_Strings.o CCA.o CCA_and_Correlation.o Correlation.o Covariance.o CC.o CCs_to_DTW.o ClassificationTable.o Confusion.o ComplexSpectrogram.o Configuration.o ContingencyTable.o Configuration_AffineTransform.o Configuration_and_Procrustes.o ConstantQSpectrograms.o DataModeler.o Distance.o DTW.o DTW_and_TextGrid.o Discriminant.o  Discriminant_PatternList_Categories.o EditDistanceTable.o EEG_extensions.o Eigen_and_Matrix.o Eigen_and_Procrustes.o Eigen_and_TableOfReal.o Eigen_and_SSCP.o Excitations.o FilterBank.o FormantGrid_extensions.o GaussianMixture.o HMM.o ICA.o Intensity_extensions.o LFCC.o LongSound_extensions.o KlattGrid.o KlattGridAreas.o KlattGridEditors.o KlattTable.o Ltas_extensions.o MDSVec.o MFCC.o manual_DataModeler.o manual_dwtools.o manual_BSS.o manual_HMM.o manual_KlattGrid.o manual_MDS.o manual_Permutation.o Minimizers.o MixingMatrix.o Matrix_and_NMF.o Matrix_extensions.o Matrix_Categories.o MDS.o MultiSampledSpectrogram.o NavigationContext.o OptimalCeilingTier.o OptimalCeilingTierArea.o OptimalCeilingTierEditor.o PatternList.o PCA.o Pitch_extensions.o Polynomial_to_Spectrum.o Polygon_extensions.o Procrustes.o Proximity.o Proximity_and_Distance.o Resonator.o Roots_to_Spectrum.o SoundFrames.o Sound_and_MultiSampledSpectrogram.o Sound_and_MixingMatrix.o Sound_and_Spectrum_dft.o Sound_and_Spectrogram_extensions.o Sound_and_PCA.o Sound_and_TextGrid_extensions.o Sound_extensions.o Sound_to_MFCC.o Sounds_to_DTW.o Sound_to_Pitch2.o Sound_to_SPINET.o SPINET.o SPINET_to_Pitch.o Spectrogram_extensions.o Spectrum_extensions.o Spectrum_and_AnalyticSound.o Spectrum_and_MultiSampledSpectrogram.o SSCP.o Strings_extensions.o SpeechSynthesizer.o SpeechSynthesizer_and_TextGrid.o Table_extensions.o Table_dataSets.o TableOfReal_and_SVD.o TableOfReal_extensions.o TableOfReal_and_Discriminant.o TableOfReal_and_Permutation.o TextGrid_and_DurationTier.o TextGrid_and_PitchTier.o TextGrid_extensions.o TextGridTierNavigator.o TextGridNavigator.o Vector_extensions.o VowelEditor.o praat_MDS_init.o praat_BSS_init.o praat_HMM_init.o praat_KlattGrid_init.o praat_MultiSampledSpectrogram.o praat_DataModeler_init.o praat_David_init.o
ranlib libdwtools.a
make[1]: Leaving directory '/d/Praat-work/稳定早期版/dwtools'
make -C LPC
make[1]: Entering directory '/d/Praat-work/稳定早期版/LPC'
clang -std=gnu++17 -municode -D_FILE_OFFSET_BITS=64 -march=x86-64-v3 -O3 -Wshadow -I . -I ../kar -I ../melder -I ../fon -I ../foned -I ../dwtools -I ../sys -I ../dwsys -I ../stat -I ..external/num  -c -o Cepstrum.o Cepstrum.cpp
clang -std=gnu++17 -municode -D_FILE_OFFSET_BITS=64 -march=x86-64-v3 -O3 -Wshadow -I . -I ../kar -I ../melder -I ../fon -I ../foned -I ../dwtools -I ../sys -I ../dwsys -I ../stat -I ..external/num  -c -o Cepstrumc.o Cepstrumc.cpp
clang -std=gnu++17 -municode -D_FILE_OFFSET_BITS=64 -march=x86-64-v3 -O3 -Wshadow -I . -I ../kar -I ../melder -I ../fon -I ../foned -I ../dwtools -I ../sys -I ../dwsys -I ../stat -I ..external/num  -c -o Cepstrum_and_Spectrum.o Cepstrum_and_Spectrum.cpp
clang -std=gnu++17 -municode -D_FILE_OFFSET_BITS=64 -march=x86-64-v3 -O3 -Wshadow -I . -I ../kar -I ../melder -I ../fon -I ../foned -I ../dwtools -I ../sys -I ../dwsys -I ../stat -I ..external/num  -c -o Cepstrogram.o Cepstrogram.cpp
clang -std=gnu++17 -municode -D_FILE_OFFSET_BITS=64 -march=x86-64-v3 -O3 -Wshadow -I . -I ../kar -I ../melder -I ../fon -I ../foned -I ../dwtools -I ../sys -I ../dwsys -I ../stat -I ..external/num  -c -o CPP.o CPP.cpp
clang -std=gnu++17 -municode -D_FILE_OFFSET_BITS=64 -march=x86-64-v3 -O3 -Wshadow -I . -I ../kar -I ../melder -I ../fon -I ../foned -I ../dwtools -I ../sys -I ../dwsys -I ../stat -I ..external/num  -c -o Formant_extensions.o Formant_extensions.cpp
clang -std=gnu++17 -municode -D_FILE_OFFSET_BITS=64 -march=x86-64-v3 -O3 -Wshadow -I . -I ../kar -I ../melder -I ../fon -I ../foned -I ../dwtools -I ../sys -I ../dwsys -I ../stat -I ..external/num  -c -o FormantModeler.o FormantModeler.cpp
clang -std=gnu++17 -municode -D_FILE_OFFSET_BITS=64 -march=x86-64-v3 -O3 -Wshadow -I . -I ../kar -I ../melder -I ../fon -I ../foned -I ../dwtools -I ../sys -I ../dwsys -I ../stat -I ..external/num  -c -o FormantModelerList.o FormantModelerList.cpp
clang -std=gnu++17 -municode -D_FILE_OFFSET_BITS=64 -march=x86-64-v3 -O3 -Wshadow -I . -I ../kar -I ../melder -I ../fon -I ../foned -I ../dwtools -I ../sys -I ../dwsys -I ../stat -I ..external/num  -c -o FormantPath.o FormantPath.cpp
clang -std=gnu++17 -municode -D_FILE_OFFSET_BITS=64 -march=x86-64-v3 -O3 -Wshadow -I . -I ../kar -I ../melder -I ../fon -I ../foned -I ../dwtools -I ../sys -I ../dwsys -I ../stat -I ..external/num  -c -o FormantPath_to_IntervalTier.o FormantPath_to_IntervalTier.cpp
clang -std=gnu++17 -municode -D_FILE_OFFSET_BITS=64 -march=x86-64-v3 -O3 -Wshadow -I . -I ../kar -I ../melder -I ../fon -I ../foned -I ../dwtools -I ../sys -I ../dwsys -I ../stat -I ..external/num  -c -o FormantPathArea.o FormantPathArea.cpp
clang -std=gnu++17 -municode -D_FILE_OFFSET_BITS=64 -march=x86-64-v3 -O3 -Wshadow -I . -I ../kar -I ../melder -I ../fon -I ../foned -I ../dwtools -I ../sys -I ../dwsys -I ../stat -I ..external/num  -c -o FormantPathEditor.o FormantPathEditor.cpp
In file included from FormantModelerList.cpp:19:
In file included from ./FormantModelerList.h:23:
In file included from ./FormantModeler.h:22:
In file included from ../dwtools/Covariance.h:21:
In file included from ../dwtools/CCA.h:28:
In file included from ../dwtools/SSCP.h:22:
In file included from ../dwtools/TableOfReal_extensions.h:23:
../dwsys/Graphics_extensions.h:87:37: warning: declaration shadows a field of 'structLineSegmentClipper' [-Wshadow]
   87 |         int getCohenSutherlandCode (HPoint p) {
      |                                            ^
../dwsys/Graphics_extensions.h:82:32: note: previous declaration is here
   82 |         struct structHPoint from, to, p; // working storage
      |                                       ^
../dwsys/Graphics_extensions.h:100:41: warning: declaration shadows a field of 'structLineSegmentClipper' [-Wshadow]
  100 |         void cross (HPoint a, HPoint b, HPoint p) {  // p = a x b
      |                                                ^
../dwsys/Graphics_extensions.h:82:32: note: previous declaration is here
   82 |         struct structHPoint from, to, p; // working storage
      |                                       ^
In file included from Formant_extensions.cpp:19:
In file included from ../dwtools/DataModeler.h:26:
In file included from ../dwtools/Covariance.h:21:
In file included from ../dwtools/CCA.h:28:
In file included from ../dwtools/SSCP.h:22:
In file included from ../dwtools/TableOfReal_extensions.h:23:
../dwsys/Graphics_extensions.h:87:37: warning: declaration shadows a field of 'structLineSegmentClipper' [-Wshadow]
   87 |         int getCohenSutherlandCode (HPoint p) {
      |                                            ^
../dwsys/Graphics_extensions.h:82:32: note: previous declaration is here
   82 |         struct structHPoint from, to, p; // working storage
      |                                       ^
../dwsys/Graphics_extensions.h:100:41: warning: declaration shadows a field of 'structLineSegmentClipper' [-Wshadow]
  100 |         void cross (HPoint a, HPoint b, HPoint p) {  // p = a x b
      |                                                ^
../dwsys/Graphics_extensions.h:82:32: note: previous declaration is here
   82 |         struct structHPoint from, to, p; // working storage
      |                                       ^
In file included from FormantModeler.cpp:19:
In file included from ../dwtools/DataModeler.h:26:
In file included from ../dwtools/Covariance.h:21:
In file included from ../dwtools/CCA.h:28:
In file included from ../dwtools/SSCP.h:22:
In file included from ../dwtools/TableOfReal_extensions.h:23:
../dwsys/Graphics_extensions.h:87:37: warning: declaration shadows a field of 'structLineSegmentClipper' [-Wshadow]
   87 |         int getCohenSutherlandCode (HPoint p) {
      |                                            ^
../dwsys/Graphics_extensions.h:82:32: note: previous declaration is here
   82 |         struct structHPoint from, to, p; // working storage
      |                                       ^
../dwsys/Graphics_extensions.h:100:41: warning: declaration shadows a field of 'structLineSegmentClipper' [-Wshadow]
  100 |         void cross (HPoint a, HPoint b, HPoint p) {  // p = a x b
      |                                                ^
../dwsys/Graphics_extensions.h:82:32: note: previous declaration is here
   82 |         struct structHPoint from, to, p; // working storage
      |                                       ^
In file included from FormantPath.cpp:20:
In file included from ./FormantModeler.h:22:
In file included from ../dwtools/Covariance.h:21:
In file included from ../dwtools/CCA.h:28:
In file included from ../dwtools/SSCP.h:22:
In file included from ../dwtools/TableOfReal_extensions.h:23:
../dwsys/Graphics_extensions.h:87:37: warning: declaration shadows a field of 'structLineSegmentClipper' [-Wshadow]
   87 |         int getCohenSutherlandCode (HPoint p) {
      |                                            ^
../dwsys/Graphics_extensions.h:82:32: note: previous declaration is here
   82 |         struct structHPoint from, to, p; // working storage
      |                                       ^
../dwsys/Graphics_extensions.h:100:41: warning: declaration shadows a field of 'structLineSegmentClipper' [-Wshadow]
  100 |         void cross (HPoint a, HPoint b, HPoint p) {  // p = a x b
      |                                                ^
../dwsys/Graphics_extensions.h:82:32: note: previous declaration is here
   82 |         struct structHPoint from, to, p; // working storage
      |                                       ^
clang -std=gnu++17 -municode -D_FILE_OFFSET_BITS=64 -march=x86-64-v3 -O3 -Wshadow -I . -I ../kar -I ../melder -I ../fon -I ../foned -I ../dwtools -I ../sys -I ../dwsys -I ../stat -I ..external/num  -c -o LineSpectralFrequencies.o LineSpectralFrequencies.cpp
clang -std=gnu++17 -municode -D_FILE_OFFSET_BITS=64 -march=x86-64-v3 -O3 -Wshadow -I . -I ../kar -I ../melder -I ../fon -I ../foned -I ../dwtools -I ../sys -I ../dwsys -I ../stat -I ..external/num  -c -o LPC.o LPC.cpp
clang -std=gnu++17 -municode -D_FILE_OFFSET_BITS=64 -march=x86-64-v3 -O3 -Wshadow -I . -I ../kar -I ../melder -I ../fon -I ../foned -I ../dwtools -I ../sys -I ../dwsys -I ../stat -I ..external/num  -c -o LPC_and_Formant.o LPC_and_Formant.cpp
clang -std=gnu++17 -municode -D_FILE_OFFSET_BITS=64 -march=x86-64-v3 -O3 -Wshadow -I . -I ../kar -I ../melder -I ../fon -I ../foned -I ../dwtools -I ../sys -I ../dwsys -I ../stat -I ..external/num  -c -o LPC_and_Cepstrumc.o LPC_and_Cepstrumc.cpp
2 warnings generated.
clang -std=gnu++17 -municode -D_FILE_OFFSET_BITS=64 -march=x86-64-v3 -O3 -Wshadow -I . -I ../kar -I ../melder -I ../fon -I ../foned -I ../dwtools -I ../sys -I ../dwsys -I ../stat -I ..external/num  -c -o LPC_and_LFCC.o LPC_and_LFCC.cpp
clang -std=gnu++17 -municode -D_FILE_OFFSET_BITS=64 -march=x86-64-v3 -O3 -Wshadow -I . -I ../kar -I ../melder -I ../fon -I ../foned -I ../dwtools -I ../sys -I ../dwsys -I ../stat -I ..external/num  -c -o LPC_and_LineSpectralFrequencies.o LPC_and_LineSpectralFrequencies.cpp
clang -std=gnu++17 -municode -D_FILE_OFFSET_BITS=64 -march=x86-64-v3 -O3 -Wshadow -I . -I ../kar -I ../melder -I ../fon -I ../foned -I ../dwtools -I ../sys -I ../dwsys -I ../stat -I ..external/num  -c -o LPC_and_Polynomial.o LPC_and_Polynomial.cpp
2 warnings generated.
clang -std=gnu++17 -municode -D_FILE_OFFSET_BITS=64 -march=x86-64-v3 -O3 -Wshadow -I . -I ../kar -I ../melder -I ../fon -I ../foned -I ../dwtools -I ../sys -I ../dwsys -I ../stat -I ..external/num  -c -o LPC_to_Spectrum.o LPC_to_Spectrum.cpp
2 warnings generated.
2 warnings generated.
clang -std=gnu++17 -municode -D_FILE_OFFSET_BITS=64 -march=x86-64-v3 -O3 -Wshadow -I . -I ../kar -I ../melder -I ../fon -I ../foned -I ../dwtools -I ../sys -I ../dwsys -I ../stat -I ..external/num  -c -o LPC_to_Spectrogram.o LPC_to_Spectrogram.cpp
clang -std=gnu++17 -municode -D_FILE_OFFSET_BITS=64 -march=x86-64-v3 -O3 -Wshadow -I . -I ../kar -I ../melder -I ../fon -I ../foned -I ../dwtools -I ../sys -I ../dwsys -I ../stat -I ..external/num  -c -o LPC_and_Tube.o LPC_and_Tube.cpp
In file included from FormantPathEditor.cpp:21:
../dwsys/Graphics_extensions.h:87:37: warning: declaration shadows a field of 'structLineSegmentClipper' [-Wshadow]
   87 |         int getCohenSutherlandCode (HPoint p) {
      |                                            ^
../dwsys/Graphics_extensions.h:82:32: note: previous declaration is here
   82 |         struct structHPoint from, to, p; // working storage
      |                                       ^
../dwsys/Graphics_extensions.h:100:41: warning: declaration shadows a field of 'structLineSegmentClipper' [-Wshadow]
  100 |         void cross (HPoint a, HPoint b, HPoint p) {  // p = a x b
      |                                                ^
../dwsys/Graphics_extensions.h:82:32: note: previous declaration is here
   82 |         struct structHPoint from, to, p; // working storage
      |                                       ^
clang -std=gnu++17 -municode -D_FILE_OFFSET_BITS=64 -march=x86-64-v3 -O3 -Wshadow -I . -I ../kar -I ../melder -I ../fon -I ../foned -I ../dwtools -I ../sys -I ../dwsys -I ../stat -I ..external/num  -c -o PowerCepstrum.o PowerCepstrum.cpp
2 warnings generated.
clang -std=gnu++17 -municode -D_FILE_OFFSET_BITS=64 -march=x86-64-v3 -O3 -Wshadow -I . -I ../kar -I ../melder -I ../fon -I ../foned -I ../dwtools -I ../sys -I ../dwsys -I ../stat -I ..external/num  -c -o PowerCepstrogram.o PowerCepstrogram.cpp
clang -std=gnu++17 -municode -D_FILE_OFFSET_BITS=64 -march=x86-64-v3 -O3 -Wshadow -I . -I ../kar -I ../melder -I ../fon -I ../foned -I ../dwtools -I ../sys -I ../dwsys -I ../stat -I ..external/num  -c -o Roots_and_Formant.o Roots_and_Formant.cpp
clang -std=gnu++17 -municode -D_FILE_OFFSET_BITS=64 -march=x86-64-v3 -O3 -Wshadow -I . -I ../kar -I ../melder -I ../fon -I ../foned -I ../dwtools -I ../sys -I ../dwsys -I ../stat -I ..external/num  -c -o Sound_and_LPC.o Sound_and_LPC.cpp
clang -std=gnu++17 -municode -D_FILE_OFFSET_BITS=64 -march=x86-64-v3 -O3 -Wshadow -I . -I ../kar -I ../melder -I ../fon -I ../foned -I ../dwtools -I ../sys -I ../dwsys -I ../stat -I ..external/num  -c -o Sound_to_CPP.o Sound_to_CPP.cpp
clang -std=gnu++17 -municode -D_FILE_OFFSET_BITS=64 -march=x86-64-v3 -O3 -Wshadow -I . -I ../kar -I ../melder -I ../fon -I ../foned -I ../dwtools -I ../sys -I ../dwsys -I ../stat -I ..external/num  -c -o Sound_to_PowerCepstrogram.o Sound_to_PowerCepstrogram.cpp
clang -std=gnu++17 -municode -D_FILE_OFFSET_BITS=64 -march=x86-64-v3 -O3 -Wshadow -I . -I ../kar -I ../melder -I ../fon -I ../foned -I ../dwtools -I ../sys -I ../dwsys -I ../stat -I ..external/num  -c -o Sound_to_Formant_mt.o Sound_to_Formant_mt.cpp
clang -std=gnu++17 -municode -D_FILE_OFFSET_BITS=64 -march=x86-64-v3 -O3 -Wshadow -I . -I ../kar -I ../melder -I ../fon -I ../foned -I ../dwtools -I ../sys -I ../dwsys -I ../stat -I ..external/num  -c -o Sound_and_Cepstrum.o Sound_and_Cepstrum.cpp
clang -std=gnu++17 -municode -D_FILE_OFFSET_BITS=64 -march=x86-64-v3 -O3 -Wshadow -I . -I ../kar -I ../melder -I ../fon -I ../foned -I ../dwtools -I ../sys -I ../dwsys -I ../stat -I ..external/num  -c -o Tube.o Tube.cpp
clang -std=gnu++17 -municode -D_FILE_OFFSET_BITS=64 -march=x86-64-v3 -O3 -Wshadow -I . -I ../kar -I ../melder -I ../fon -I ../foned -I ../dwtools -I ../sys -I ../dwsys -I ../stat -I ..external/num  -c -o VocalTractTier.o VocalTractTier.cpp
LPC_and_Tube.cpp:86:11: warning: first argument in call to 'memset' is a pointer to non-trivially copyable type 'struct structLPC_Frame' [-Wnontrivial-memcall]
   86 |                 memset (& lpc_struct, 0, sizeof (lpc_struct));
      |                         ^
LPC_and_Tube.cpp:86:11: note: explicitly cast the pointer to silence this warning
   86 |                 memset (& lpc_struct, 0, sizeof (lpc_struct));
      |                         ^
      |                         (void*)
LPC_and_Tube.cpp:87:11: warning: first argument in call to 'memset' is a pointer to non-trivially copyable type 'struct structFormant_Frame' [-Wnontrivial-memcall]
   87 |                 memset (& f_struct, 0, sizeof (f_struct));
      |                         ^
LPC_and_Tube.cpp:87:11: note: explicitly cast the pointer to silence this warning
   87 |                 memset (& f_struct, 0, sizeof (f_struct));
      |                         ^
      |                         (void*)
LPC_and_Tube.cpp:88:11: warning: first argument in call to 'memset' is a pointer to non-trivially copyable type 'struct structTube_Frame' [-Wnontrivial-memcall]
   88 |                 memset (& rc_struct, 0, sizeof (rc_struct));
      |                         ^
LPC_and_Tube.cpp:88:11: note: explicitly cast the pointer to silence this warning
   88 |                 memset (& rc_struct, 0, sizeof (rc_struct));
      |                         ^
      |                         (void*)
LPC_and_Tube.cpp:89:11: warning: first argument in call to 'memset' is a pointer to non-trivially copyable type 'struct structTube_Frame' [-Wnontrivial-memcall]
   89 |                 memset (& af_struct, 0, sizeof (af_struct));
      |                         ^
LPC_and_Tube.cpp:89:11: note: explicitly cast the pointer to silence this warning
   89 |                 memset (& af_struct, 0, sizeof (af_struct));
      |                         ^
      |                         (void*)
clang -std=gnu++17 -municode -D_FILE_OFFSET_BITS=64 -march=x86-64-v3 -O3 -Wshadow -I . -I ../kar -I ../melder -I ../fon -I ../foned -I ../dwtools -I ../sys -I ../dwsys -I ../stat -I ..external/num  -c -o praat_LPC_init.o praat_LPC_init.cpp
4 warnings generated.
clang -std=gnu++17 -municode -D_FILE_OFFSET_BITS=64 -march=x86-64-v3 -O3 -Wshadow -I . -I ../kar -I ../melder -I ../fon -I ../foned -I ../dwtools -I ../sys -I ../dwsys -I ../stat -I ..external/num  -c -o manual_LPC.o manual_LPC.cpp
PowerCepstrum.cpp:180:75: warning: declaration shadows a field of 'structPowerCepstrumWorkspace' [-Wshadow]
  180 | void structPowerCepstrumWorkspace :: setMaximumNumberOfRhamonics (integer maximumNumberOfRhamonics) {
      |                                                                           ^
./PowerCepstrumWorkspace.h:44:10: note: previous declaration is here
   44 |         integer maximumNumberOfRhamonics, numberOfRhamonics;
      |                 ^
PowerCepstrum.cpp:186:11: warning: declaration shadows a field of 'structPowerCepstrumWorkspace' [-Wshadow]
  186 |                 integer numberOfRhamonics = 2;
      |                         ^
./PowerCepstrumWorkspace.h:44:36: note: previous declaration is here
   44 |         integer maximumNumberOfRhamonics, numberOfRhamonics;
      |                                           ^
PowerCepstrum.cpp:259:22: warning: declaration shadows a field of 'structPowerCepstrumWorkspace' [-Wshadow]
  259 |         kCepstrum_trendType trendLineType, kCepstrum_trendFit method) 
      |                             ^
./PowerCepstrumWorkspace.h:37:22: note: previous declaration is here
   37 |         kCepstrum_trendType trendLineType;
      |                             ^
PowerCepstrum.cpp:259:56: warning: declaration shadows a field of 'structPowerCepstrumWorkspace' [-Wshadow]
  259 |         kCepstrum_trendType trendLineType, kCepstrum_trendFit method) 
      |                                                               ^
./PowerCepstrumWorkspace.h:36:24: note: previous declaration is here
   36 |         kSlopeSelector_method method;
      |                               ^
PowerCepstrum.cpp:283:65: warning: declaration shadows a field of 'structPowerCepstrumWorkspace' [-Wshadow]
  283 | void structPowerCepstrumWorkspace :: initPeakSearchPart (double qminPeakSearch, double qmaxPeakSearch,
      |                                                                 ^
./PowerCepstrumWorkspace.h:39:9: note: previous declaration is here
   39 |         double qminPeakSearch, qmaxPeakSearch; // peak in [pitchFloor, pitchCeiling]
      |                ^
PowerCepstrum.cpp:283:88: warning: declaration shadows a field of 'structPowerCepstrumWorkspace' [-Wshadow]
  283 | void structPowerCepstrumWorkspace :: initPeakSearchPart (double qminPeakSearch, double qmaxPeakSearch,
      |                                                                                        ^
./PowerCepstrumWorkspace.h:39:25: note: previous declaration is here
   39 |         double qminPeakSearch, qmaxPeakSearch; // peak in [pitchFloor, pitchCeiling]
      |                                ^
PowerCepstrum.cpp:284:28: warning: declaration shadows a field of 'structPowerCepstrumWorkspace' [-Wshadow]
  284 |         kVector_peakInterpolation peakInterpolationType)
      |                                   ^
./PowerCepstrumWorkspace.h:38:28: note: previous declaration is here
   38 |         kVector_peakInterpolation peakInterpolationType = kVector_peakInterpolation :: PARABOLIC;
      |                                   ^
In file included from PowerCepstrogram.cpp:21:
In file included from ../dwtools/Matrix_extensions.h:29:
../dwsys/Graphics_extensions.h:87:37: warning: declaration shadows a field of 'structLineSegmentClipper' [-Wshadow]
   87 |         int getCohenSutherlandCode (HPoint p) {
      |                                            ^
../dwsys/Graphics_extensions.h:82:32: note: previous declaration is here
   82 |         struct structHPoint from, to, p; // working storage
      |                                       ^
../dwsys/Graphics_extensions.h:100:41: warning: declaration shadows a field of 'structLineSegmentClipper' [-Wshadow]
  100 |         void cross (HPoint a, HPoint b, HPoint p) {  // p = a x b
      |                                                ^
../dwsys/Graphics_extensions.h:82:32: note: previous declaration is here
   82 |         struct structHPoint from, to, p; // working storage
      |                                       ^
Sound_and_LPC.cpp:581:49: warning: declaration shadows a field of 'structRobustLPCWorkspace' [-Wshadow]
  581 | void structRobustLPCWorkspace :: init (constLPC inputLPC, constSound inputSound, mutableLPC outputLPC,
      |                                                 ^
./Sound_and_LPC.h:91:11: note: previous declaration is here
   91 |         constLPC inputLPC;
      |                  ^
Sound_and_LPC.cpp:581:93: warning: declaration shadows a field of 'structRobustLPCWorkspace' [-Wshadow]
  581 | void structRobustLPCWorkspace :: init (constLPC inputLPC, constSound inputSound, mutableLPC outputLPC,
      |                                                                                             ^
./Sound_and_LPC.h:92:13: note: previous declaration is here
   92 |         mutableLPC outputLPC;
      |                    ^
Sound_and_LPC.cpp:583:9: warning: declaration shadows a field of 'structRobustLPCWorkspace' [-Wshadow]
  583 |         double k_stdev, integer itermax, double tol, bool wantLocation)
      |                ^
./Sound_and_LPC.h:95:9: note: previous declaration is here
   95 |         double k_stdev;
      |                ^
Sound_and_LPC.cpp:583:26: warning: declaration shadows a field of 'structRobustLPCWorkspace' [-Wshadow]
  583 |         double k_stdev, integer itermax, double tol, bool wantLocation)
      |                                 ^
./Sound_and_LPC.h:97:10: note: previous declaration is here
   97 |         integer itermax;
      |                 ^
Sound_and_LPC.cpp:583:52: warning: declaration shadows a field of 'structRobustLPCWorkspace' [-Wshadow]
  583 |         double k_stdev, integer itermax, double tol, bool wantLocation)
      |                                                           ^
./Sound_and_LPC.h:99:7: note: previous declaration is here
   99 |         bool wantLocation = true;       //
      |              ^
Sound_and_LPC.cpp:655:116: warning: declaration shadows a field of 'structRobustLPCWorkspace' [-Wshadow]
  655 | void structRobustLPCWorkspace :: inputFrameIntoOutputFrame (LPC_Frame inputLPCFrame, LPC_Frame outputLPCFrame, VEC soundFrame, integer& info) {
      |                                                                                                                    ^
./Sound_and_LPC.h:93:6: note: previous declaration is here
   93 |         VEC soundFrame;
      |             ^
7 warnings generated.
2 warnings generated.
6 warnings generated.
touch libLPC.a
rm libLPC.a
ar cq libLPC.a Cepstrum.o Cepstrumc.o Cepstrum_and_Spectrum.o Cepstrogram.o CPP.o Formant_extensions.o FormantModeler.o FormantModelerList.o FormantPath.o FormantPath_to_IntervalTier.o FormantPathArea.o FormantPathEditor.o LineSpectralFrequencies.o LPC.o LPC_and_Formant.o LPC_and_Cepstrumc.o LPC_and_LFCC.o LPC_and_LineSpectralFrequencies.o LPC_and_Polynomial.o LPC_to_Spectrum.o LPC_to_Spectrogram.o LPC_and_Tube.o PowerCepstrum.o PowerCepstrogram.o Roots_and_Formant.o Sound_and_LPC.o  Sound_to_CPP.o Sound_to_PowerCepstrogram.o Sound_to_Formant_mt.o Sound_and_Cepstrum.o Tube.o VocalTractTier.o praat_LPC_init.o manual_LPC.o
ranlib libLPC.a
make[1]: Leaving directory '/d/Praat-work/稳定早期版/LPC'
make -C EEG
make[1]: Entering directory '/d/Praat-work/稳定早期版/EEG'
clang -std=gnu++17 -municode -D_FILE_OFFSET_BITS=64 -march=x86-64-v3 -O3 -Wshadow -I ../kar -I ../melder -I ../sys -I ../dwsys -I ../stat -I ../dwtools -I ../fon -I ../foned  -c -o EEG.o EEG.cpp
clang -std=gnu++17 -municode -D_FILE_OFFSET_BITS=64 -march=x86-64-v3 -O3 -Wshadow -I ../kar -I ../melder -I ../sys -I ../dwsys -I ../stat -I ../dwtools -I ../fon -I ../foned  -c -o EEGArea.o EEGArea.cpp
clang -std=gnu++17 -municode -D_FILE_OFFSET_BITS=64 -march=x86-64-v3 -O3 -Wshadow -I ../kar -I ../melder -I ../sys -I ../dwsys -I ../stat -I ../dwtools -I ../fon -I ../foned  -c -o EEGAnalysisArea.o EEGAnalysisArea.cpp
clang -std=gnu++17 -municode -D_FILE_OFFSET_BITS=64 -march=x86-64-v3 -O3 -Wshadow -I ../kar -I ../melder -I ../sys -I ../dwsys -I ../stat -I ../dwtools -I ../fon -I ../foned  -c -o EEGWindow.o EEGWindow.cpp
clang -std=gnu++17 -municode -D_FILE_OFFSET_BITS=64 -march=x86-64-v3 -O3 -Wshadow -I ../kar -I ../melder -I ../sys -I ../dwsys -I ../stat -I ../dwtools -I ../fon -I ../foned  -c -o ERPTier.o ERPTier.cpp
clang -std=gnu++17 -municode -D_FILE_OFFSET_BITS=64 -march=x86-64-v3 -O3 -Wshadow -I ../kar -I ../melder -I ../sys -I ../dwsys -I ../stat -I ../dwtools -I ../fon -I ../foned  -c -o ERP.o ERP.cpp
clang -std=gnu++17 -municode -D_FILE_OFFSET_BITS=64 -march=x86-64-v3 -O3 -Wshadow -I ../kar -I ../melder -I ../sys -I ../dwsys -I ../stat -I ../dwtools -I ../fon -I ../foned  -c -o ERPArea.o ERPArea.cpp
clang -std=gnu++17 -municode -D_FILE_OFFSET_BITS=64 -march=x86-64-v3 -O3 -Wshadow -I ../kar -I ../melder -I ../sys -I ../dwsys -I ../stat -I ../dwtools -I ../fon -I ../foned  -c -o ERPWindow.o ERPWindow.cpp
clang -std=gnu++17 -municode -D_FILE_OFFSET_BITS=64 -march=x86-64-v3 -O3 -Wshadow -I ../kar -I ../melder -I ../sys -I ../dwsys -I ../stat -I ../dwtools -I ../fon -I ../foned  -c -o praat_EEG.o praat_EEG.cpp
clang -std=gnu++17 -municode -D_FILE_OFFSET_BITS=64 -march=x86-64-v3 -O3 -Wshadow -I ../kar -I ../melder -I ../sys -I ../dwsys -I ../stat -I ../dwtools -I ../fon -I ../foned  -c -o manual_EEG.o manual_EEG.cpp
In file included from EEG.cpp:19:
In file included from ./EEG.h:23:
In file included from ../dwtools/ICA.h:26:
In file included from ../dwtools/Covariance.h:21:
In file included from ../dwtools/CCA.h:28:
In file included from ../dwtools/SSCP.h:22:
In file included from ../dwtools/TableOfReal_extensions.h:23:
../dwsys/Graphics_extensions.h:87:37: warning: declaration shadows a field of 'structLineSegmentClipper' [-Wshadow]
   87 |         int getCohenSutherlandCode (HPoint p) {
      |                                            ^
../dwsys/Graphics_extensions.h:82:32: note: previous declaration is here
   82 |         struct structHPoint from, to, p; // working storage
      |                                       ^
../dwsys/Graphics_extensions.h:100:41: warning: declaration shadows a field of 'structLineSegmentClipper' [-Wshadow]
  100 |         void cross (HPoint a, HPoint b, HPoint p) {  // p = a x b
      |                                                ^
../dwsys/Graphics_extensions.h:82:32: note: previous declaration is here
   82 |         struct structHPoint from, to, p; // working storage
      |                                       ^
In file included from ERPTier.cpp:19:
In file included from ./ERPTier.h:21:
In file included from ./EEG.h:23:
In file included from ../dwtools/ICA.h:26:
In file included from ../dwtools/Covariance.h:21:
In file included from ../dwtools/CCA.h:28:
In file included from ../dwtools/SSCP.h:22:
In file included from ../dwtools/TableOfReal_extensions.h:23:
../dwsys/Graphics_extensions.h:87:37: warning: declaration shadows a field of 'structLineSegmentClipper' [-Wshadow]
   87 |         int getCohenSutherlandCode (HPoint p) {
      |                                            ^
../dwsys/Graphics_extensions.h:82:32: note: previous declaration is here
   82 |         struct structHPoint from, to, p; // working storage
      |                                       ^
../dwsys/Graphics_extensions.h:100:41: warning: declaration shadows a field of 'structLineSegmentClipper' [-Wshadow]
  100 |         void cross (HPoint a, HPoint b, HPoint p) {  // p = a x b
      |                                                ^
../dwsys/Graphics_extensions.h:82:32: note: previous declaration is here
   82 |         struct structHPoint from, to, p; // working storage
      |                                       ^
2 warnings generated.
In file included from EEGArea.cpp:19:
In file included from ./EEGArea.h:22:
In file included from ./EEG.h:23:
In file included from ../dwtools/ICA.h:26:
In file included from ../dwtools/Covariance.h:21:
In file included from ../dwtools/CCA.h:28:
In file included from ../dwtools/SSCP.h:22:
In file included from ../dwtools/TableOfReal_extensions.h:23:
../dwsys/Graphics_extensions.h:87:37: warning: declaration shadows a field of 'structLineSegmentClipper' [-Wshadow]
   87 |         int getCohenSutherlandCode (HPoint p) {
      |                                            ^
../dwsys/Graphics_extensions.h:82:32: note: previous declaration is here
   82 |         struct structHPoint from, to, p; // working storage
      |                                       ^
../dwsys/Graphics_extensions.h:100:41: warning: declaration shadows a field of 'structLineSegmentClipper' [-Wshadow]
  100 |         void cross (HPoint a, HPoint b, HPoint p) {  // p = a x b
      |                                                ^
../dwsys/Graphics_extensions.h:82:32: note: previous declaration is here
   82 |         struct structHPoint from, to, p; // working storage
      |                                       ^
In file included from EEGWindow.cpp:19:
In file included from ./EEGWindow.h:22:
In file included from ./EEGArea.h:22:
In file included from ./EEG.h:23:
In file included from ../dwtools/ICA.h:26:
In file included from ../dwtools/Covariance.h:21:
In file included from ../dwtools/CCA.h:28:
In file included from ../dwtools/SSCP.h:22:
In file included from ../dwtools/TableOfReal_extensions.h:23:
../dwsys/Graphics_extensions.h:87:37: warning: declaration shadows a field of 'structLineSegmentClipper' [-Wshadow]
   87 |         int getCohenSutherlandCode (HPoint p) {
      |                                            ^
../dwsys/Graphics_extensions.h:82:32: note: previous declaration is here
   82 |         struct structHPoint from, to, p; // working storage
      |                                       ^
../dwsys/Graphics_extensions.h:100:41: warning: declaration shadows a field of 'structLineSegmentClipper' [-Wshadow]
  100 |         void cross (HPoint a, HPoint b, HPoint p) {  // p = a x b
      |                                                ^
../dwsys/Graphics_extensions.h:82:32: note: previous declaration is here
   82 |         struct structHPoint from, to, p; // working storage
      |                                       ^
In file included from praat_EEG.cpp:19:
In file included from ./EEGWindow.h:22:
In file included from ./EEGArea.h:22:
In file included from ./EEG.h:23:
In file included from ../dwtools/ICA.h:26:
In file included from ../dwtools/Covariance.h:21:
In file included from ../dwtools/CCA.h:28:
In file included from ../dwtools/SSCP.h:22:
In file included from ../dwtools/TableOfReal_extensions.h:23:
../dwsys/Graphics_extensions.h:87:37: warning: declaration shadows a field of 'structLineSegmentClipper' [-Wshadow]
   87 |         int getCohenSutherlandCode (HPoint p) {
      |                                            ^
../dwsys/Graphics_extensions.h:82:32: note: previous declaration is here
   82 |         struct structHPoint from, to, p; // working storage
      |                                       ^
../dwsys/Graphics_extensions.h:100:41: warning: declaration shadows a field of 'structLineSegmentClipper' [-Wshadow]
  100 |         void cross (HPoint a, HPoint b, HPoint p) {  // p = a x b
      |                                                ^
../dwsys/Graphics_extensions.h:82:32: note: previous declaration is here
   82 |         struct structHPoint from, to, p; // working storage
      |                                       ^
In file included from EEGAnalysisArea.cpp:19:
In file included from ./EEGAnalysisArea.h:22:
In file included from ./EEG.h:23:
In file included from ../dwtools/ICA.h:26:
In file included from ../dwtools/Covariance.h:21:
In file included from ../dwtools/CCA.h:28:
In file included from ../dwtools/SSCP.h:22:
In file included from ../dwtools/TableOfReal_extensions.h:23:
../dwsys/Graphics_extensions.h:87:37: warning: declaration shadows a field of 'structLineSegmentClipper' [-Wshadow]
   87 |         int getCohenSutherlandCode (HPoint p) {
      |                                            ^
../dwsys/Graphics_extensions.h:82:32: note: previous declaration is here
   82 |         struct structHPoint from, to, p; // working storage
      |                                       ^
../dwsys/Graphics_extensions.h:100:41: warning: declaration shadows a field of 'structLineSegmentClipper' [-Wshadow]
  100 |         void cross (HPoint a, HPoint b, HPoint p) {  // p = a x b
      |                                                ^
../dwsys/Graphics_extensions.h:82:32: note: previous declaration is here
   82 |         struct structHPoint from, to, p; // working storage
      |                                       ^
2 warnings generated.
2 warnings generated.
2 warnings generated.
2 warnings generated.
2 warnings generated.
touch libEEG.a
rm libEEG.a
ar cq libEEG.a EEG.o EEGArea.o EEGAnalysisArea.o EEGWindow.o ERPTier.o ERP.o ERPArea.o ERPWindow.o praat_EEG.o manual_EEG.o
ranlib libEEG.a
make[1]: Leaving directory '/d/Praat-work/稳定早期版/EEG'
make -C sensors
make[1]: Entering directory '/d/Praat-work/稳定早期版/sensors'
clang -std=gnu++17 -municode -D_FILE_OFFSET_BITS=64 -march=x86-64-v3 -O3 -Wshadow -I ../melder -I ../stat -I ../sys -I ../fon -I ../external/gsl -I ../external/clapack -I ../kar -I ../dwtools  -c -o Electroglottogram.o Electroglottogram.cpp
clang -std=gnu++17 -municode -D_FILE_OFFSET_BITS=64 -march=x86-64-v3 -O3 -Wshadow -I ../melder -I ../stat -I ../sys -I ../fon -I ../external/gsl -I ../external/clapack -I ../kar -I ../dwtools  -c -o EMA.o EMA.cpp
clang -std=gnu++17 -municode -D_FILE_OFFSET_BITS=64 -march=x86-64-v3 -O3 -Wshadow -I ../melder -I ../stat -I ../sys -I ../fon -I ../external/gsl -I ../external/clapack -I ../kar -I ../dwtools  -c -o EMArawData.o EMArawData.cpp
clang -std=gnu++17 -municode -D_FILE_OFFSET_BITS=64 -march=x86-64-v3 -O3 -Wshadow -I ../melder -I ../stat -I ../sys -I ../fon -I ../external/gsl -I ../external/clapack -I ../kar -I ../dwtools  -c -o praat_sensors_init.o praat_sensors_init.cpp
touch libsensors.a
rm libsensors.a
ar cq libsensors.a Electroglottogram.o EMA.o EMArawData.o praat_sensors_init.o
ranlib libsensors.a
make[1]: Leaving directory '/d/Praat-work/稳定早期版/sensors'
make -C gram
make[1]: Entering directory '/d/Praat-work/稳定早期版/gram'
clang -std=gnu++17 -municode -D_FILE_OFFSET_BITS=64 -march=x86-64-v3 -O3 -Wshadow -I ../kar -I ../melder -I ../sys -I ../dwsys -I ../stat -I ../dwtools -I ../fon -I ../foned  -c -o Network.o Network.cpp
clang -std=gnu++17 -municode -D_FILE_OFFSET_BITS=64 -march=x86-64-v3 -O3 -Wshadow -I ../kar -I ../melder -I ../sys -I ../dwsys -I ../stat -I ../dwtools -I ../fon -I ../foned  -c -o OTGrammar.o OTGrammar.cpp
clang -std=gnu++17 -municode -D_FILE_OFFSET_BITS=64 -march=x86-64-v3 -O3 -Wshadow -I ../kar -I ../melder -I ../sys -I ../dwsys -I ../stat -I ../dwtools -I ../fon -I ../foned  -c -o OTGrammarEditor.o OTGrammarEditor.cpp
clang -std=gnu++17 -municode -D_FILE_OFFSET_BITS=64 -march=x86-64-v3 -O3 -Wshadow -I ../kar -I ../melder -I ../sys -I ../dwsys -I ../stat -I ../dwtools -I ../fon -I ../foned  -c -o manual_gram.o manual_gram.cpp
clang -std=gnu++17 -municode -D_FILE_OFFSET_BITS=64 -march=x86-64-v3 -O3 -Wshadow -I ../kar -I ../melder -I ../sys -I ../dwsys -I ../stat -I ../dwtools -I ../fon -I ../foned  -c -o praat_gram.o praat_gram.cpp
clang -std=gnu++17 -municode -D_FILE_OFFSET_BITS=64 -march=x86-64-v3 -O3 -Wshadow -I ../kar -I ../melder -I ../sys -I ../dwsys -I ../stat -I ../dwtools -I ../fon -I ../foned  -c -o OTMulti.o OTMulti.cpp
clang -std=gnu++17 -municode -D_FILE_OFFSET_BITS=64 -march=x86-64-v3 -O3 -Wshadow -I ../kar -I ../melder -I ../sys -I ../dwsys -I ../stat -I ../dwtools -I ../fon -I ../foned  -c -o OTMultiEditor.o OTMultiEditor.cpp
clang -std=gnu++17 -municode -D_FILE_OFFSET_BITS=64 -march=x86-64-v3 -O3 -Wshadow -I ../kar -I ../melder -I ../sys -I ../dwsys -I ../stat -I ../dwtools -I ../fon -I ../foned  -c -o OTGrammar_ex_metrics.o OTGrammar_ex_metrics.cpp
clang -std=gnu++17 -municode -D_FILE_OFFSET_BITS=64 -march=x86-64-v3 -O3 -Wshadow -I ../kar -I ../melder -I ../sys -I ../dwsys -I ../stat -I ../dwtools -I ../fon -I ../foned  -c -o OTGrammar_ex_NoCoda.o OTGrammar_ex_NoCoda.cpp
clang -std=gnu++17 -municode -D_FILE_OFFSET_BITS=64 -march=x86-64-v3 -O3 -Wshadow -I ../kar -I ../melder -I ../sys -I ../dwsys -I ../stat -I ../dwtools -I ../fon -I ../foned  -c -o OTGrammar_ex_NPA.o OTGrammar_ex_NPA.cpp
clang -std=gnu++17 -municode -D_FILE_OFFSET_BITS=64 -march=x86-64-v3 -O3 -Wshadow -I ../kar -I ../melder -I ../sys -I ../dwsys -I ../stat -I ../dwtools -I ../fon -I ../foned  -c -o OTGrammar_ex_tongueRoot.o OTGrammar_ex_tongueRoot.cpp
clang -std=gnu++17 -municode -D_FILE_OFFSET_BITS=64 -march=x86-64-v3 -O3 -Wshadow -I ../kar -I ../melder -I ../sys -I ../dwsys -I ../stat -I ../dwtools -I ../fon -I ../foned  -c -o OTMulti_ex_metrics.o OTMulti_ex_metrics.cpp
clang -std=gnu++17 -municode -D_FILE_OFFSET_BITS=64 -march=x86-64-v3 -O3 -Wshadow -I ../kar -I ../melder -I ../sys -I ../dwsys -I ../stat -I ../dwtools -I ../fon -I ../foned  -c -o Layer.o Layer.cpp
clang -std=gnu++17 -municode -D_FILE_OFFSET_BITS=64 -march=x86-64-v3 -O3 -Wshadow -I ../kar -I ../melder -I ../sys -I ../dwsys -I ../stat -I ../dwtools -I ../fon -I ../foned  -c -o Net.o Net.cpp
clang -std=gnu++17 -municode -D_FILE_OFFSET_BITS=64 -march=x86-64-v3 -O3 -Wshadow -I ../kar -I ../melder -I ../sys -I ../dwsys -I ../stat -I ../dwtools -I ../fon -I ../foned  -c -o NoulliGrid.o NoulliGrid.cpp
clang -std=gnu++17 -municode -D_FILE_OFFSET_BITS=64 -march=x86-64-v3 -O3 -Wshadow -I ../kar -I ../melder -I ../sys -I ../dwsys -I ../stat -I ../dwtools -I ../fon -I ../foned  -c -o NoulliGridArea.o NoulliGridArea.cpp
clang -std=gnu++17 -municode -D_FILE_OFFSET_BITS=64 -march=x86-64-v3 -O3 -Wshadow -I ../kar -I ../melder -I ../sys -I ../dwsys -I ../stat -I ../dwtools -I ../fon -I ../foned  -c -o NoulliGridEditor.o NoulliGridEditor.cpp
clang -std=gnu++17 -municode -D_FILE_OFFSET_BITS=64 -march=x86-64-v3 -O3 -Wshadow -I ../kar -I ../melder -I ../sys -I ../dwsys -I ../stat -I ../dwtools -I ../fon -I ../foned  -c -o CubeGrid.o CubeGrid.cpp
clang -std=gnu++17 -municode -D_FILE_OFFSET_BITS=64 -march=x86-64-v3 -O3 -Wshadow -I ../kar -I ../melder -I ../sys -I ../dwsys -I ../stat -I ../dwtools -I ../fon -I ../foned  -c -o CubeGridArea.o CubeGridArea.cpp
clang -std=gnu++17 -municode -D_FILE_OFFSET_BITS=64 -march=x86-64-v3 -O3 -Wshadow -I ../kar -I ../melder -I ../sys -I ../dwsys -I ../stat -I ../dwtools -I ../fon -I ../foned  -c -o CubeGridEditor.o CubeGridEditor.cpp
touch libgram.a
rm libgram.a
ar cq libgram.a Network.o OTGrammar.o OTGrammarEditor.o manual_gram.o praat_gram.o OTMulti.o OTMultiEditor.o OTGrammar_ex_metrics.o OTGrammar_ex_NoCoda.o OTGrammar_ex_NPA.o OTGrammar_ex_tongueRoot.o OTMulti_ex_metrics.o Layer.o Net.o NoulliGrid.o NoulliGridArea.o NoulliGridEditor.o CubeGrid.o CubeGridArea.o CubeGridEditor.o
ranlib libgram.a
make[1]: Leaving directory '/d/Praat-work/稳定早期版/gram'
make -C FFNet
make[1]: Entering directory '/d/Praat-work/稳定早期版/FFNet'
clang -std=gnu++17 -municode -D_FILE_OFFSET_BITS=64 -march=x86-64-v3 -O3 -Wshadow -I ../kar -I ../melder -I ../sys -I ../dwtools -I ../fon -I ../dwsys -I ../stat -I ../gram  -c -o FFNet.o FFNet.cpp
clang -std=gnu++17 -municode -D_FILE_OFFSET_BITS=64 -march=x86-64-v3 -O3 -Wshadow -I ../kar -I ../melder -I ../sys -I ../dwtools -I ../fon -I ../dwsys -I ../stat -I ../gram  -c -o FFNet_Eigen.o FFNet_Eigen.cpp
clang -std=gnu++17 -municode -D_FILE_OFFSET_BITS=64 -march=x86-64-v3 -O3 -Wshadow -I ../kar -I ../melder -I ../sys -I ../dwtools -I ../fon -I ../dwsys -I ../stat -I ../gram  -c -o FFNet_Matrix.o FFNet_Matrix.cpp
clang -std=gnu++17 -municode -D_FILE_OFFSET_BITS=64 -march=x86-64-v3 -O3 -Wshadow -I ../kar -I ../melder -I ../sys -I ../dwtools -I ../fon -I ../dwsys -I ../stat -I ../gram  -c -o FFNet_PatternList.o FFNet_PatternList.cpp
clang -std=gnu++17 -municode -D_FILE_OFFSET_BITS=64 -march=x86-64-v3 -O3 -Wshadow -I ../kar -I ../melder -I ../sys -I ../dwtools -I ../fon -I ../dwsys -I ../stat -I ../gram  -c -o FFNet_ActivationList_Categories.o FFNet_ActivationList_Categories.cpp
clang -std=gnu++17 -municode -D_FILE_OFFSET_BITS=64 -march=x86-64-v3 -O3 -Wshadow -I ../kar -I ../melder -I ../sys -I ../dwtools -I ../fon -I ../dwsys -I ../stat -I ../gram  -c -o FFNet_PatternList_ActivationList.o FFNet_PatternList_ActivationList.cpp
clang -std=gnu++17 -municode -D_FILE_OFFSET_BITS=64 -march=x86-64-v3 -O3 -Wshadow -I ../kar -I ../melder -I ../sys -I ../dwtools -I ../fon -I ../dwsys -I ../stat -I ../gram  -c -o FFNet_PatternList_Categories.o FFNet_PatternList_Categories.cpp
clang -std=gnu++17 -municode -D_FILE_OFFSET_BITS=64 -march=x86-64-v3 -O3 -Wshadow -I ../kar -I ../melder -I ../sys -I ../dwtools -I ../fon -I ../dwsys -I ../stat -I ../gram  -c -o praat_FFNet_init.o praat_FFNet_init.cpp
clang -std=gnu++17 -municode -D_FILE_OFFSET_BITS=64 -march=x86-64-v3 -O3 -Wshadow -I ../kar -I ../melder -I ../sys -I ../dwtools -I ../fon -I ../dwsys -I ../stat -I ../gram  -c -o manual_FFNet.o manual_FFNet.cpp
In file included from FFNet.cpp:37:
In file included from ../dwtools/Matrix_extensions.h:29:
../dwsys/Graphics_extensions.h:87:37: warning: declaration shadows a field of 'structLineSegmentClipper' [-Wshadow]
   87 |         int getCohenSutherlandCode (HPoint p) {
      |                                            ^
../dwsys/Graphics_extensions.h:82:32: note: previous declaration is here
   82 |         struct structHPoint from, to, p; // working storage
      |                                       ^
../dwsys/Graphics_extensions.h:100:41: warning: declaration shadows a field of 'structLineSegmentClipper' [-Wshadow]
  100 |         void cross (HPoint a, HPoint b, HPoint p) {  // p = a x b
      |                                                ^
../dwsys/Graphics_extensions.h:82:32: note: previous declaration is here
   82 |         struct structHPoint from, to, p; // working storage
      |                                       ^
In file included from praat_FFNet_init.cpp:32:
In file included from ../dwtools/Discriminant.h:23:
In file included from ../dwtools/SSCP.h:22:
In file included from ../dwtools/TableOfReal_extensions.h:23:
../dwsys/Graphics_extensions.h:87:37: warning: declaration shadows a field of 'structLineSegmentClipper' [-Wshadow]
   87 |         int getCohenSutherlandCode (HPoint p) {
      |                                            ^
../dwsys/Graphics_extensions.h:82:32: note: previous declaration is here
   82 |         struct structHPoint from, to, p; // working storage
      |                                       ^
../dwsys/Graphics_extensions.h:100:41: warning: declaration shadows a field of 'structLineSegmentClipper' [-Wshadow]
  100 |         void cross (HPoint a, HPoint b, HPoint p) {  // p = a x b
      |                                                ^
../dwsys/Graphics_extensions.h:82:32: note: previous declaration is here
   82 |         struct structHPoint from, to, p; // working storage
      |                                       ^
2 warnings generated.
2 warnings generated.
touch libFFNet.a
rm libFFNet.a
ar cq libFFNet.a FFNet.o FFNet_Eigen.o FFNet_Matrix.o FFNet_PatternList.o FFNet_ActivationList_Categories.o FFNet_PatternList_ActivationList.o FFNet_PatternList_Categories.o praat_FFNet_init.o manual_FFNet.o
ranlib libFFNet.a
make[1]: Leaving directory '/d/Praat-work/稳定早期版/FFNet'
make -C artsynth
make[1]: Entering directory '/d/Praat-work/稳定早期版/artsynth'
clang -std=gnu++17 -municode -D_FILE_OFFSET_BITS=64 -march=x86-64-v3 -O3 -Wshadow -I ../kar -I ../melder -I ../sys -I ../fon -I ../stat  -c -o Speaker.o Speaker.cpp
clang -std=gnu++17 -municode -D_FILE_OFFSET_BITS=64 -march=x86-64-v3 -O3 -Wshadow -I ../kar -I ../melder -I ../sys -I ../fon -I ../stat  -c -o Articulation.o Articulation.cpp
clang -std=gnu++17 -municode -D_FILE_OFFSET_BITS=64 -march=x86-64-v3 -O3 -Wshadow -I ../kar -I ../melder -I ../sys -I ../fon -I ../stat  -c -o Artword.o Artword.cpp
clang -std=gnu++17 -municode -D_FILE_OFFSET_BITS=64 -march=x86-64-v3 -O3 -Wshadow -I ../kar -I ../melder -I ../sys -I ../fon -I ../stat  -c -o Art_Speaker.o Art_Speaker.cpp
clang -std=gnu++17 -municode -D_FILE_OFFSET_BITS=64 -march=x86-64-v3 -O3 -Wshadow -I ../kar -I ../melder -I ../sys -I ../fon -I ../stat  -c -o Art_Speaker_to_VocalTract.o Art_Speaker_to_VocalTract.cpp
clang -std=gnu++17 -municode -D_FILE_OFFSET_BITS=64 -march=x86-64-v3 -O3 -Wshadow -I ../kar -I ../melder -I ../sys -I ../fon -I ../stat  -c -o Artword_Speaker.o Artword_Speaker.cpp
clang -std=gnu++17 -municode -D_FILE_OFFSET_BITS=64 -march=x86-64-v3 -O3 -Wshadow -I ../kar -I ../melder -I ../sys -I ../fon -I ../stat  -c -o Artword_Speaker_Sound.o Artword_Speaker_Sound.cpp
clang -std=gnu++17 -municode -D_FILE_OFFSET_BITS=64 -march=x86-64-v3 -O3 -Wshadow -I ../kar -I ../melder -I ../sys -I ../fon -I ../stat  -c -o Artword_Speaker_to_Sound.o Artword_Speaker_to_Sound.cpp
clang -std=gnu++17 -municode -D_FILE_OFFSET_BITS=64 -march=x86-64-v3 -O3 -Wshadow -I ../kar -I ../melder -I ../sys -I ../fon -I ../stat  -c -o Artword_to_Art.o Artword_to_Art.cpp
clang -std=gnu++17 -municode -D_FILE_OFFSET_BITS=64 -march=x86-64-v3 -O3 -Wshadow -I ../kar -I ../melder -I ../sys -I ../fon -I ../stat  -c -o Delta.o Delta.cpp
clang -std=gnu++17 -municode -D_FILE_OFFSET_BITS=64 -march=x86-64-v3 -O3 -Wshadow -I ../kar -I ../melder -I ../sys -I ../fon -I ../stat  -c -o Speaker_to_Delta.o Speaker_to_Delta.cpp
clang -std=gnu++17 -municode -D_FILE_OFFSET_BITS=64 -march=x86-64-v3 -O3 -Wshadow -I ../kar -I ../melder -I ../sys -I ../fon -I ../stat  -c -o Art_Speaker_Delta.o Art_Speaker_Delta.cpp
clang -std=gnu++17 -municode -D_FILE_OFFSET_BITS=64 -march=x86-64-v3 -O3 -Wshadow -I ../kar -I ../melder -I ../sys -I ../fon -I ../stat  -c -o ArtwordEditor.o ArtwordEditor.cpp
clang -std=gnu++17 -municode -D_FILE_OFFSET_BITS=64 -march=x86-64-v3 -O3 -Wshadow -I ../kar -I ../melder -I ../sys -I ../fon -I ../stat  -c -o praat_Artsynth.o praat_Artsynth.cpp
clang -std=gnu++17 -municode -D_FILE_OFFSET_BITS=64 -march=x86-64-v3 -O3 -Wshadow -I ../kar -I ../melder -I ../sys -I ../fon -I ../stat  -c -o manual_Artsynth.o manual_Artsynth.cpp
touch libartsynth.a
rm libartsynth.a
ar cq libartsynth.a Speaker.o Articulation.o Artword.o Art_Speaker.o Art_Speaker_to_VocalTract.o Artword_Speaker.o Artword_Speaker_Sound.o Artword_Speaker_to_Sound.o Artword_to_Art.o Delta.o Speaker_to_Delta.o Art_Speaker_Delta.o ArtwordEditor.o praat_Artsynth.o manual_Artsynth.o
ranlib libartsynth.a
make[1]: Leaving directory '/d/Praat-work/稳定早期版/artsynth'
make -C main main_Praat.o praat_win.o
make[1]: Entering directory '/d/Praat-work/稳定早期版/main'
make[1]: 'main_Praat.o' is up to date.
make[1]: 'praat_win.o' is up to date.
make[1]: Leaving directory '/d/Praat-work/稳定早期版/main'
clang -o Praat-fixed.exe main/main_Praat.o main/praat_win.o fon/libfon.a \
	artsynth/libartsynth.a FFNet/libFFNet.a \
	gram/libgram.a EEG/libEEG.a \
	LPC/libLPC.a dwtools/libdwtools.a sensors/libsensors.a \
	foned/libfoned.a fon/libfon.a stat/libstat.a \
	dwsys/libdwsys.a sys/libsys.a melder/libmelder.a kar/libkar.a \
	external/espeak/libespeak.a \
	external/portaudio/libportaudio.a \
	external/flac/libflac.a external/lame/liblame.a external/mp3/libmp3.a \
	external/glpk/libglpk.a \
	external/clapack/libclapack.a \
	external/gsl/libgsl.a \
	external/num/libnum.a \
	external/vorbis/libvorbis.a \
	external/opusfile/libopusfile.a \
	external/whispercpp/libwhisper.a \
	external/blake3/libblake3.a \
	external/zlib/libzlib.a \
               -lwinmm -lwsock32 -lcomctl32 -lole32 -lgdi32 -lgdiplus -lcomdlg32 -lwinspool -lshell32 -luxtheme -ldwmapi -static -lc++ -lc++abi -mwindows 
