Running all tests...
### executing D:/Praat-work/稳定早期版/test/LPC/Sound_to_LPC.praat:
Sound_to_LPC:
1 0.016162777187620436 0.0032543230661922578   success
2 0.007928425215183008 0.006890285922737294   failure
3 0.0023670959384544093 0.004897586089879771   failure
4 0.008245320841754495 0.0048521746888718145   failure
5 0.016266875447664992 0.004712135137643833   success
6 0.005005611537878587 0.008551447933179582   failure
7 0.011722395634966578 0.009632947003372666   failure
8 0.007239178215955697 0.002248340065357868   success
9 0.004561248032701659 0.007535838208937292   failure
10 0.01317524273836679 0.0053542316302061885   success
11 0.005785036387048219 0.004660500114173731   failure
12 0.002661291217448264 0.0055658580852471   failure
13 0.0036952286376331395 0.008334724080912457   failure
14 0.009436962795152966 0.0019423392110248894   success
15 0.01781472027831751 0.0036741911190583763   success
16 0.015649168660189824 0.00966413520048753   failure
17 0.015501253000285993 0.006595930221007578   success
18 0.008388589442341816 0.00138678852455856   success
19 0.011991643930259229 0.0030757382219330012   success
20 0.0031581855994724196 0.005521622463763571   failure
21 0.01846370770461344 0.007347722850384599   success
22 0.007754051989697664 0.0024411840296544862   success
23 0.008436405336668588 0.008726656712853945   failure
24 0.018155914779491272 0.002428548711028263   success
25 0.010592584090813588 0.0035970683486969287   success
26 0.00898580480044573 0.009869422443757431   failure
27 0.008060204806387875 0.00813847132754714   failure
28 0.004596642893022736 0.008378750405018344   failure
29 0.014611293852635513 0.009922291046311482   failure
30 0.010379197302717873 0.002269851512723845   success
16 failures
OK
### executing D:/Praat-work/稳定早期版/test/dwsys/FileInMemory.praat:
Testing file "threeLinesWithFinalNewline.txt" with 3 lines and 14 bytes.
Testing fopen...
	Trying to open file-in-memory via full path:
		"D:\Praat-work\稳定早期版\test\dwsys\examples\FileInMemory\threeLinesWithFinalNewline.txt"...
			... not opened
	Trying to open file-in-memory via raw file name:
		"threeLinesWithFinalNewline.txt"...
			... not opened
	Trying to open file-in-memory via relative path:
		"examples/FileInMemory/threeLinesWithFinalNewline.txt"...
			... opened
Testing fseek, ftell, feof...
Testing fgets, rewind, ftell, feof...
Testing rewind, ftell, feof...
Testing fread, ftell, feof...
	Read 14 and 14 elements of size 1.
Read 0 and 0 elements of size 1.
Read 14 and 14 bytes
Read 2 and 2 elements of size 7.
Testing fgetc...
Testing fseek, ftell...
File "threeLinesWithFinalNewline.txt" was handled correctly

Testing file "threeLinesWithoutFinalNewline.txt" with 3 lines and 17 bytes.
Testing fopen...
	Trying to open file-in-memory via full path:
		"D:\Praat-work\稳定早期版\test\dwsys\examples\FileInMemory\threeLinesWithoutFinalNewline.txt"...
			... not opened
	Trying to open file-in-memory via raw file name:
		"threeLinesWithoutFinalNewline.txt"...
			... not opened
	Trying to open file-in-memory via relative path:
		"examples/FileInMemory/threeLinesWithoutFinalNewline.txt"...
			... opened
Testing fseek, ftell, feof...
Testing fgets, rewind, ftell, feof...
Testing rewind, ftell, feof...
Testing fread, ftell, feof...
	Read 14 and 14 elements of size 1.
Read 3 and 3 elements of size 1.
Read 17 and 17 bytes
Read 2 and 2 elements of size 7.
Testing fgetc...
Testing fseek, ftell...
File "threeLinesWithoutFinalNewline.txt" was handled correctly

Testing file "threeLinesWithThreeNulls.txt" with 3 lines and 17 bytes.
Testing fopen...
	Trying to open file-in-memory via full path:
		"D:\Praat-work\稳定早期版\test\dwsys\examples\FileInMemory\threeLinesWithThreeNulls.txt"...
			... not opened
	Trying to open file-in-memory via raw file name:
		"threeLinesWithThreeNulls.txt"...
			... not opened
	Trying to open file-in-memory via relative path:
		"examples/FileInMemory/threeLinesWithThreeNulls.txt"...
			... opened
Testing fseek, ftell, feof...
Testing fgets, rewind, ftell, feof...
Testing rewind, ftell, feof...
Testing fread, ftell, feof...
	Read 14 and 14 elements of size 1.
Read 3 and 3 elements of size 1.
Read 17 and 17 bytes
Read 2 and 2 elements of size 7.
Testing fgetc...
Testing fseek, ftell...
File "threeLinesWithThreeNulls.txt" was handled correctly

Testing file "threeEmptyLines.txt" with 3 lines and 3 bytes.
Testing fopen...
	Trying to open file-in-memory via full path:
		"D:\Praat-work\稳定早期版\test\dwsys\examples\FileInMemory\threeEmptyLines.txt"...
			... not opened
	Trying to open file-in-memory via raw file name:
		"threeEmptyLines.txt"...
			... not opened
	Trying to open file-in-memory via relative path:
		"examples/FileInMemory/threeEmptyLines.txt"...
			... opened
Testing fseek, ftell, feof...
Testing fgets, rewind, ftell, feof...
Testing rewind, ftell, feof...
Testing fread, ftell, feof...
	Read 3 and 3 elements of size 1.
Read 0 and 0 elements of size 1.
Read 3 and 3 bytes
Read 0 and 0 elements of size 7.
Testing fgetc...
Testing fseek, ftell...
File "threeEmptyLines.txt" was handled correctly

Testing file "oneLineWithFinalNewline.txt" with 1 lines and 12 bytes.
Testing fopen...
	Trying to open file-in-memory via full path:
		"D:\Praat-work\稳定早期版\test\dwsys\examples\FileInMemory\oneLineWithFinalNewline.txt"...
			... not opened
	Trying to open file-in-memory via raw file name:
		"oneLineWithFinalNewline.txt"...
			... not opened
	Trying to open file-in-memory via relative path:
		"examples/FileInMemory/oneLineWithFinalNewline.txt"...
			... opened
Testing fseek, ftell, feof...
Testing fgets, rewind, ftell, feof...
Testing rewind, ftell, feof...
Testing fread, ftell, feof...
	Read 12 and 12 elements of size 1.
Read 0 and 0 elements of size 1.
Read 12 and 12 bytes
Read 1 and 1 elements of size 7.
Testing fgetc...
Testing fseek, ftell...
File "oneLineWithFinalNewline.txt" was handled correctly

Testing file "oneLineWithoutFinalNewline.txt" with 1 lines and 11 bytes.
Testing fopen...
	Trying to open file-in-memory via full path:
		"D:\Praat-work\稳定早期版\test\dwsys\examples\FileInMemory\oneLineWithoutFinalNewline.txt"...
			... not opened
	Trying to open file-in-memory via raw file name:
		"oneLineWithoutFinalNewline.txt"...
			... not opened
	Trying to open file-in-memory via relative path:
		"examples/FileInMemory/oneLineWithoutFinalNewline.txt"...
			... opened
Testing fseek, ftell, feof...
Testing fgets, rewind, ftell, feof...
Testing rewind, ftell, feof...
Testing fread, ftell, feof...
	Read 11 and 11 elements of size 1.
Read 0 and 0 elements of size 1.
Read 11 and 11 bytes
Read 1 and 1 elements of size 7.
Testing fgetc...
Testing fseek, ftell...
File "oneLineWithoutFinalNewline.txt" was handled correctly

Testing file "oneEmptyLine.txt" with 1 lines and 1 bytes.
Testing fopen...
	Trying to open file-in-memory via full path:
		"D:\Praat-work\稳定早期版\test\dwsys\examples\FileInMemory\oneEmptyLine.txt"...
			... not opened
	Trying to open file-in-memory via raw file name:
		"oneEmptyLine.txt"...
			... not opened
	Trying to open file-in-memory via relative path:
		"examples/FileInMemory/oneEmptyLine.txt"...
			... opened
Testing fseek, ftell, feof...
Testing fgets, rewind, ftell, feof...
Testing rewind, ftell, feof...
Testing fread, ftell, feof...
	Read 1 and 1 elements of size 1.
Read 0 and 0 elements of size 1.
Read 1 and 1 bytes
Read 0 and 0 elements of size 7.
Testing fgetc...
Testing fseek, ftell...
File "oneEmptyLine.txt" was handled correctly

Testing file "emptyFile.txt" with 0 lines and 0 bytes.
Testing fopen...
	Trying to open file-in-memory via full path:
		"D:\Praat-work\稳定早期版\test\dwsys\examples\FileInMemory\emptyFile.txt"...
			... not opened
	Trying to open file-in-memory via raw file name:
		"emptyFile.txt"...
			... not opened
	Trying to open file-in-memory via relative path:
		"examples/FileInMemory/emptyFile.txt"...
			... opened
Testing fseek, ftell, feof...
Testing fgets, rewind, ftell, feof...
Testing rewind, ftell, feof...
Testing fread, ftell, feof...
	Read 0 and 0 elements of size 1.
Read 0 and 0 elements of size 1.
Read 0 and 0 bytes
Read 0 and 0 elements of size 7.
Testing fgetc...
Testing fseek, ftell...
File "emptyFile.txt" was handled correctly

test_FileInMemory_io: OK
--undefined-- nanoseconds per iteration
OK
### executing D:/Praat-work/稳定早期版/test/dwsys/regex.praat:
### executing D:/Praat-work/稳定早期版/test/dwtools/CPPS.praat:
CPPS
cpps = 28.629674748723474 dB
WARNING: should have been 29.06952 dB
4.077457931963018
3.782957934290605
4.149996763211321
3.922815675941424
4.170866238005697
4.032515972183544
4.313268324554351
4.131296023715321
3.869407464396718
4.084336453478207
CPPS OK
### executing D:/Praat-work/稳定早期版/test/dwtools/Discriminant.praat:
test discriminant analysis
OK
### executing D:/Praat-work/稳定早期版/test/dwtools/Discriminant2.praat:
Discriminant2
Computed correct: 0.74
Old format correct: 0.74
New format correct: 0.74
Computed correct: 0.74
Old format correct: 0.74
New format correct: 0.74
New format correct: 0.74
Old format correct: 0.74
Computed correct: 0.74
New format correct: 0.74
Old format correct: 0.74
Computed correct: 0.74
Discriminant2 OK
### executing D:/Praat-work/稳定早期版/test/dwtools/Discriminant3.praat:
Discriminant3
***** before lower Cholesky inverse: 
0.002755729645122918 0.0004085953302678135 0.00017904957182782104
0.0004085953302678135 0.0015343525607554673 0.0005605650325854304
0.00017904957182782104 0.0005605650325854304 0.0011899574103556908
***** after lower Cholesky inverse: 
19.04941731067442 0.0004085953302678135 0.00017904957182782104
-3.8622642787495702 26.048648581649953 0.0005605650325854304
-0.3584175453721313 -11.546391421886282 31.865496316449242
***** before normalizing priors: 
0.08333333333333333
0.08333333333333333
0.08333333333333333
0.08333333333333333
0.08333333333333333
0.08333333333333333
0.08333333333333333
0.08333333333333333
0.08333333333333333
0.08333333333333333
0.08333333333333333
0.08333333333333333

***** after normalizing priors: 
0.08333333333333333
0.08333333333333333
0.08333333333333333
0.08333333333333333
0.08333333333333333
0.08333333333333333
0.08333333333333333
0.08333333333333333
0.08333333333333333
0.08333333333333333
0.08333333333333333
0.08333333333333333

***** Mahalanobis distance (squared): 1 1 63.9544815593552
***** Mahalanobis distance (squared): 1 2 24.687434443493235
***** Mahalanobis distance (squared): 1 3 163.408124714786
***** Mahalanobis distance (squared): 1 4 197.94545441697983
***** Mahalanobis distance (squared): 1 5 129.58976161562026
***** Mahalanobis distance (squared): 1 6 122.6188335240489
***** Mahalanobis distance (squared): 1 7 114.20975094604084
***** Mahalanobis distance (squared): 1 8 201.037358620854
***** Mahalanobis distance (squared): 1 9 232.65947385366866
***** Mahalanobis distance (squared): 1 10 29.143417541247715
***** Mahalanobis distance (squared): 1 11 14.367680509935125
***** Mahalanobis distance (squared): 1 12 183.22240013660263
***** Mahalanobis distance (squared): 2 1 10.073069638829569
***** Mahalanobis distance (squared): 2 2 37.98793597236673
***** Mahalanobis distance (squared): 2 3 21.168104882158026
***** Mahalanobis distance (squared): 2 4 72.76217610602916
***** Mahalanobis distance (squared): 2 5 31.966967833411267
***** Mahalanobis distance (squared): 2 6 31.20856569582912
***** Mahalanobis distance (squared): 2 7 0.3137993750245398
***** Mahalanobis distance (squared): 2 8 68.6812421468486
***** Mahalanobis distance (squared): 2 9 124.97642745181443
***** Mahalanobis distance (squared): 2 10 30.040678632909643
***** Mahalanobis distance (squared): 2 11 67.33490189211322
***** Mahalanobis distance (squared): 2 12 92.56703446765808
***** Mahalanobis distance (squared): 3 1 6.881359655042272
***** Mahalanobis distance (squared): 3 2 4.663884208697568
***** Mahalanobis distance (squared): 3 3 52.60404766937112
***** Mahalanobis distance (squared): 3 4 93.50921802045058
***** Mahalanobis distance (squared): 3 5 41.45408744461313
***** Mahalanobis distance (squared): 3 6 38.355075279517514
***** Mahalanobis distance (squared): 3 7 23.33838239798665
***** Mahalanobis distance (squared): 3 8 92.81719635203136
***** Mahalanobis distance (squared): 3 9 136.4336327868407
***** Mahalanobis distance (squared): 3 10 0.4222395278270686
***** Mahalanobis distance (squared): 3 11 11.984445295713472
***** Mahalanobis distance (squared): 3 12 95.25468196571357
***** Mahalanobis distance (squared): 4 1 1.5771244661793014
***** Mahalanobis distance (squared): 4 2 16.75702569841213
***** Mahalanobis distance (squared): 4 3 41.788734406010114
***** Mahalanobis distance (squared): 4 4 99.44576134800465
***** Mahalanobis distance (squared): 4 5 45.420842002082566
***** Mahalanobis distance (squared): 4 6 43.636885881858554
***** Mahalanobis distance (squared): 4 7 5.1485583143258475
***** Mahalanobis distance (squared): 4 8 96.13748726322387
***** Mahalanobis distance (squared): 4 9 154.5725891525564
***** Mahalanobis distance (squared): 4 10 13.223072454266148
***** Mahalanobis distance (squared): 4 11 43.77739590152081
***** Mahalanobis distance (squared): 4 12 113.36005461759429
***** Mahalanobis distance (squared): 5 1 59.15260571417766
***** Mahalanobis distance (squared): 5 2 82.93048443136927
***** Mahalanobis distance (squared): 5 3 6.8106660586745695
***** Mahalanobis distance (squared): 5 4 9.204016569338128
***** Mahalanobis distance (squared): 5 5 0.5702987543619108
***** Mahalanobis distance (squared): 5 6 1.128924257177137
***** Mahalanobis distance (squared): 5 7 42.652277498674785
***** Mahalanobis distance (squared): 5 8 8.504304882771086
***** Mahalanobis distance (squared): 5 9 31.062508431835997
***** Mahalanobis distance (squared): 5 10 59.12577769912109
***** Mahalanobis distance (squared): 5 11 70.20068463889847
***** Mahalanobis distance (squared): 5 12 11.651352510380415
***** Mahalanobis distance (squared): 6 1 169.30491471344348
***** Mahalanobis distance (squared): 6 2 192.41776249164894
***** Mahalanobis distance (squared): 6 3 56.7938079571146
***** Mahalanobis distance (squared): 6 4 11.679920285822188
***** Mahalanobis distance (squared): 6 5 46.589131958549316
***** Mahalanobis distance (squared): 6 6 45.31409384533338
***** Mahalanobis distance (squared): 6 7 143.57240878128286
***** Mahalanobis distance (squared): 6 8 14.080945427490681
***** Mahalanobis distance (squared): 6 9 0.4417507287478218
***** Mahalanobis distance (squared): 6 10 160.61755979727934
***** Mahalanobis distance (squared): 6 11 157.96303415516363
***** Mahalanobis distance (squared): 6 12 15.202078896234061
***** Mahalanobis distance (squared): 7 1 106.80079919348844
***** Mahalanobis distance (squared): 7 2 127.10389559262853
***** Mahalanobis distance (squared): 7 3 27.70594126365419
***** Mahalanobis distance (squared): 7 4 7.598433633660318
***** Mahalanobis distance (squared): 7 5 12.113134727602036
***** Mahalanobis distance (squared): 7 6 13.31890389008631
***** Mahalanobis distance (squared): 7 7 88.69274553633028
***** Mahalanobis distance (squared): 7 8 8.581171792471608
***** Mahalanobis distance (squared): 7 9 15.653334427883593
***** Mahalanobis distance (squared): 7 10 95.98759064022407
***** Mahalanobis distance (squared): 7 11 93.47559363335141
***** Mahalanobis distance (squared): 7 12 0.44358198749088135
***** Mahalanobis distance (squared): 8 1 91.05069228503389
***** Mahalanobis distance (squared): 8 2 121.10361403730595
***** Mahalanobis distance (squared): 8 3 12.23655001230172
***** Mahalanobis distance (squared): 8 4 0.6188816631865465
***** Mahalanobis distance (squared): 8 5 12.004564220212563
***** Mahalanobis distance (squared): 8 6 11.577488517195992
***** Mahalanobis distance (squared): 8 7 65.82962401507214
***** Mahalanobis distance (squared): 8 8 0.28775089899294903
***** Mahalanobis distance (squared): 8 9 12.07912288780411
***** Mahalanobis distance (squared): 8 10 95.80909617555558
***** Mahalanobis distance (squared): 8 11 110.07533929651144
***** Mahalanobis distance (squared): 8 12 11.432210313193913
***** Mahalanobis distance (squared): 9 1 51.92308151740527
***** Mahalanobis distance (squared): 9 2 71.62924968115405
***** Mahalanobis distance (squared): 9 3 7.602674135339384
***** Mahalanobis distance (squared): 9 4 10.071672716417854
***** Mahalanobis distance (squared): 9 5 0.6905083282317561
***** Mahalanobis distance (squared): 9 6 0.27649093336164915
***** Mahalanobis distance (squared): 9 7 39.370809314756194
***** Mahalanobis distance (squared): 9 8 9.76156933302087
***** Mahalanobis distance (squared): 9 9 30.874568719068296
***** Mahalanobis distance (squared): 9 10 50.28933928873353
***** Mahalanobis distance (squared): 9 11 60.260967699002386
***** Mahalanobis distance (squared): 9 12 13.42874996795387
***** Mahalanobis distance (squared): 10 1 38.77479539423038
***** Mahalanobis distance (squared): 10 2 70.27554615425659
***** Mahalanobis distance (squared): 10 3 1.6945373706702853
***** Mahalanobis distance (squared): 10 4 21.3502174890903
***** Mahalanobis distance (squared): 10 5 10.69507201859341
***** Mahalanobis distance (squared): 10 6 9.60607569124468
***** Mahalanobis distance (squared): 10 7 18.922010562262514
***** Mahalanobis distance (squared): 10 8 18.96576424356119
***** Mahalanobis distance (squared): 10 9 52.334763741407464
***** Mahalanobis distance (squared): 10 10 54.67749050294406
***** Mahalanobis distance (squared): 10 11 84.03037437929918
***** Mahalanobis distance (squared): 10 12 41.27922412295017
***** Mahalanobis distance (squared): 11 1 4.697162159801816
***** Mahalanobis distance (squared): 11 2 5.424309308359049
***** Mahalanobis distance (squared): 11 3 45.413197591470805
***** Mahalanobis distance (squared): 11 4 85.55605137996878
***** Mahalanobis distance (squared): 11 5 37.389598153661936
***** Mahalanobis distance (squared): 11 6 34.08672884327638
***** Mahalanobis distance (squared): 11 7 18.26323655285848
***** Mahalanobis distance (squared): 11 8 84.6633130554714
***** Mahalanobis distance (squared): 11 9 127.69292297434798
***** Mahalanobis distance (squared): 11 10 1.3822236531274124
***** Mahalanobis distance (squared): 11 11 15.95216120627923
***** Mahalanobis distance (squared): 11 12 90.85775779838443
***** Mahalanobis distance (squared): 12 1 113.66790178980102
***** Mahalanobis distance (squared): 12 2 139.74429141797856
***** Mahalanobis distance (squared): 12 3 24.132009245340384
***** Mahalanobis distance (squared): 12 4 0.6993985907240382
***** Mahalanobis distance (squared): 12 5 17.270989259162175
***** Mahalanobis distance (squared): 12 6 17.112986896061095
***** Mahalanobis distance (squared): 12 7 89.62482225717368
***** Mahalanobis distance (squared): 12 8 1.4421178591964243
***** Mahalanobis distance (squared): 12 9 4.8605582733554575
***** Mahalanobis distance (squared): 12 10 110.8440642717299
***** Mahalanobis distance (squared): 12 11 116.16591675251361
***** Mahalanobis distance (squared): 12 12 4.835142472157648
***** Mahalanobis distance (squared): 13 1 21.50921726795388
***** Mahalanobis distance (squared): 13 2 2.67588162673267
***** Mahalanobis distance (squared): 13 3 99.58809732912256
***** Mahalanobis distance (squared): 13 4 142.81889636678642
***** Mahalanobis distance (squared): 13 5 81.14649675103773
***** Mahalanobis distance (squared): 13 6 75.69098604507879
***** Mahalanobis distance (squared): 13 7 54.30220352779874
***** Mahalanobis distance (squared): 13 8 143.5253007844923
***** Mahalanobis distance (squared): 13 9 184.68625221973352
***** Mahalanobis distance (squared): 13 10 5.1674933447342015
***** Mahalanobis distance (squared): 13 11 8.588988050097958
***** Mahalanobis distance (squared): 13 12 140.89870960311234
***** Mahalanobis distance (squared): 14 1 11.185798642349269
***** Mahalanobis distance (squared): 14 2 40.001199472910656
***** Mahalanobis distance (squared): 14 3 40.7555610256816
***** Mahalanobis distance (squared): 14 4 104.71310449737089
***** Mahalanobis distance (squared): 14 5 59.384058828500464
***** Mahalanobis distance (squared): 14 6 57.09352900195116
***** Mahalanobis distance (squared): 14 7 3.4020941781215774
***** Mahalanobis distance (squared): 14 8 99.84339571893841
***** Mahalanobis distance (squared): 14 9 163.1135743923422
***** Mahalanobis distance (squared): 14 10 38.911479429929294
***** Mahalanobis distance (squared): 14 11 85.94793929932905
***** Mahalanobis distance (squared): 14 12 134.47053083651798
***** Mahalanobis distance (squared): 15 1 22.88830647132009
***** Mahalanobis distance (squared): 15 2 3.6136372125747824
***** Mahalanobis distance (squared): 15 3 118.14397018379024
***** Mahalanobis distance (squared): 15 4 172.59442305863078
***** Mahalanobis distance (squared): 15 5 103.38266246627278
***** Mahalanobis distance (squared): 15 6 97.28687394996913
***** Mahalanobis distance (squared): 15 7 58.55688003805737
***** Mahalanobis distance (squared): 15 8 172.66425817821408
***** Mahalanobis distance (squared): 15 9 220.9973146276685
***** Mahalanobis distance (squared): 15 10 10.574768834031742
***** Mahalanobis distance (squared): 15 11 19.615300806827946
***** Mahalanobis distance (squared): 15 12 174.98161844820598
***** Mahalanobis distance (squared): 16 1 2.910714317594509
***** Mahalanobis distance (squared): 16 2 17.181815305212982
***** Mahalanobis distance (squared): 16 3 59.13906767389433
***** Mahalanobis distance (squared): 16 4 126.84154847012866
***** Mahalanobis distance (squared): 16 5 65.40965081807111
***** Mahalanobis distance (squared): 16 6 63.116170188154356
***** Mahalanobis distance (squared): 16 7 9.529293991778475
***** Mahalanobis distance (squared): 16 8 123.00550278053693
***** Mahalanobis distance (squared): 16 9 187.90468999763058
***** Mahalanobis distance (squared): 16 10 17.512809085995844
***** Mahalanobis distance (squared): 16 11 52.44568264553795
***** Mahalanobis distance (squared): 16 12 143.83819543988767
***** Mahalanobis distance (squared): 17 1 44.513381520040724
***** Mahalanobis distance (squared): 17 2 66.8502325570679
***** Mahalanobis distance (squared): 17 3 5.01897514607283
***** Mahalanobis distance (squared): 17 4 14.656596170617181
***** Mahalanobis distance (squared): 17 5 0.18476928961233663
***** Mahalanobis distance (squared): 17 6 0.3073820184532651
***** Mahalanobis distance (squared): 17 7 30.954160999757626
***** Mahalanobis distance (squared): 17 8 13.647535172099776
***** Mahalanobis distance (squared): 17 9 40.72605987673478
***** Mahalanobis distance (squared): 17 10 46.02006944116974
***** Mahalanobis distance (squared): 17 11 59.70857370612722
***** Mahalanobis distance (squared): 17 12 18.933136419925855
***** Mahalanobis distance (squared): 18 1 154.94594001919543
***** Mahalanobis distance (squared): 18 2 180.91667612387698
***** Mahalanobis distance (squared): 18 3 48.78819379535183
***** Mahalanobis distance (squared): 18 4 10.183083323485123
***** Mahalanobis distance (squared): 18 5 45.10022073169467
***** Mahalanobis distance (squared): 18 6 42.936207371533044
***** Mahalanobis distance (squared): 18 7 128.03371404408716
***** Mahalanobis distance (squared): 18 8 11.964452840051893
***** Mahalanobis distance (squared): 18 9 2.0648999431266306
***** Mahalanobis distance (squared): 18 10 152.85182171217483
***** Mahalanobis distance (squared): 18 11 157.77052070489336
***** Mahalanobis distance (squared): 18 12 21.52178982115765
***** Mahalanobis distance (squared): 19 1 96.40037216623553
***** Mahalanobis distance (squared): 19 2 117.55345264868147
***** Mahalanobis distance (squared): 19 3 23.855287527314808
***** Mahalanobis distance (squared): 19 4 10.180715790791835
***** Mahalanobis distance (squared): 19 5 8.738277491732962
***** Mahalanobis distance (squared): 19 6 10.435702968664252
***** Mahalanobis distance (squared): 19 7 78.80078613879664
***** Mahalanobis distance (squared): 19 8 10.66747682201588
***** Mahalanobis distance (squared): 19 9 22.997746581395447
***** Mahalanobis distance (squared): 19 10 86.91581711708169
***** Mahalanobis distance (squared): 19 11 86.3052205318158
***** Mahalanobis distance (squared): 19 12 2.4182819582699926
***** Mahalanobis distance (squared): 20 1 111.8243997286307
***** Mahalanobis distance (squared): 20 2 146.5592229519918
***** Mahalanobis distance (squared): 20 3 18.280145835535006
***** Mahalanobis distance (squared): 20 4 1.4475265866434641
***** Mahalanobis distance (squared): 20 5 20.184330857317033
***** Mahalanobis distance (squared): 20 6 20.11291143557445
***** Mahalanobis distance (squared): 20 7 81.07119570009971
***** Mahalanobis distance (squared): 20 8 1.0197699962586098
***** Mahalanobis distance (squared): 20 9 9.86895368700303
***** Mahalanobis distance (squared): 20 10 118.91421993922343
***** Mahalanobis distance (squared): 20 11 134.5777394563568
***** Mahalanobis distance (squared): 20 12 14.085458089407188
***** Mahalanobis distance (squared): 21 1 23.80146978910302
***** Mahalanobis distance (squared): 21 2 45.748611406752495
***** Mahalanobis distance (squared): 21 3 6.406163862581692
***** Mahalanobis distance (squared): 21 4 31.345997092958704
***** Mahalanobis distance (squared): 21 5 5.183191752898553
***** Mahalanobis distance (squared): 21 6 4.955477843214679
***** Mahalanobis distance (squared): 21 7 13.899675700950455
***** Mahalanobis distance (squared): 21 8 29.42901103760269
***** Mahalanobis distance (squared): 21 9 66.95439351091225
***** Mahalanobis distance (squared): 21 10 29.75909983418063
***** Mahalanobis distance (squared): 21 11 49.87953084535449
***** Mahalanobis distance (squared): 21 12 39.202312153989645
***** Mahalanobis distance (squared): 22 1 31.851573356951075
***** Mahalanobis distance (squared): 22 2 69.99019455569483
***** Mahalanobis distance (squared): 22 3 6.5223039281572515
***** Mahalanobis distance (squared): 22 4 43.16229573298921
***** Mahalanobis distance (squared): 22 5 22.257447971519177
***** Mahalanobis distance (squared): 22 6 21.966567804500084
***** Mahalanobis distance (squared): 22 7 9.293791402002544
***** Mahalanobis distance (squared): 22 8 39.10574136133929
***** Mahalanobis distance (squared): 22 9 86.04931804444358
***** Mahalanobis distance (squared): 22 10 56.718013304955726
***** Mahalanobis distance (squared): 22 11 96.54791420910247
***** Mahalanobis distance (squared): 22 12 67.89420738200057
***** Mahalanobis distance (squared): 23 1 15.29370369356578
***** Mahalanobis distance (squared): 23 2 2.210368188630909
***** Mahalanobis distance (squared): 23 3 105.42565431114205
***** Mahalanobis distance (squared): 23 4 162.96386760816776
***** Mahalanobis distance (squared): 23 5 96.56853601869243
***** Mahalanobis distance (squared): 23 6 90.55274467814235
***** Mahalanobis distance (squared): 23 7 45.81542963453599
***** Mahalanobis distance (squared): 23 8 162.29795227449765
***** Mahalanobis distance (squared): 23 9 213.37349103956655
***** Mahalanobis distance (squared): 23 10 9.600180219683917
***** Mahalanobis distance (squared): 23 11 25.363821711726125
***** Mahalanobis distance (squared): 23 12 171.1026151179696
***** Mahalanobis distance (squared): 24 1 90.86569454664394
***** Mahalanobis distance (squared): 24 2 121.84228502343258
***** Mahalanobis distance (squared): 24 3 11.894004745434014
***** Mahalanobis distance (squared): 24 4 1.0141021665624086
***** Mahalanobis distance (squared): 24 5 12.957140205782105
***** Mahalanobis distance (squared): 24 6 12.423627812236292
***** Mahalanobis distance (squared): 24 7 64.95054716382285
***** Mahalanobis distance (squared): 24 8 0.5606977948414151
***** Mahalanobis distance (squared): 24 9 12.811681975096986
***** Mahalanobis distance (squared): 24 10 96.96670807521632
***** Mahalanobis distance (squared): 24 11 112.66519936376336
***** Mahalanobis distance (squared): 24 12 13.290097850633542
***** Mahalanobis distance (squared): 25 1 59.509695602752686
***** Mahalanobis distance (squared): 25 2 31.40812995601234
***** Mahalanobis distance (squared): 25 3 111.6264904429033
***** Mahalanobis distance (squared): 25 4 128.17506232365034
***** Mahalanobis distance (squared): 25 5 74.52345754826524
***** Mahalanobis distance (squared): 25 6 70.7980128508075
***** Mahalanobis distance (squared): 25 7 95.090662372534
***** Mahalanobis distance (squared): 25 8 131.28611153341993
***** Mahalanobis distance (squared): 25 9 154.91240062387587
***** Mahalanobis distance (squared): 25 10 23.084960087447886
***** Mahalanobis distance (squared): 25 11 2.9711404570497946
***** Mahalanobis distance (squared): 25 12 105.56747245539019
***** Mahalanobis distance (squared): 26 1 21.48742065403395
***** Mahalanobis distance (squared): 26 2 58.188834057385854
***** Mahalanobis distance (squared): 26 3 17.0900179437617
***** Mahalanobis distance (squared): 26 4 67.21348334151526
***** Mahalanobis distance (squared): 26 5 34.76911865275205
***** Mahalanobis distance (squared): 26 6 34.252879539840585
***** Mahalanobis distance (squared): 26 7 3.165165845188104
***** Mahalanobis distance (squared): 26 8 62.44885812571457
***** Mahalanobis distance (squared): 26 9 118.62317650739158
***** Mahalanobis distance (squared): 26 10 49.01580216802308
***** Mahalanobis distance (squared): 26 11 93.26710172043401
***** Mahalanobis distance (squared): 26 12 93.70049227474081
***** Mahalanobis distance (squared): 27 1 13.116302465672527
***** Mahalanobis distance (squared): 27 2 4.627773803892268
***** Mahalanobis distance (squared): 27 3 74.40152197017945
***** Mahalanobis distance (squared): 27 4 120.02003777329675
***** Mahalanobis distance (squared): 27 5 58.268033975638865
***** Mahalanobis distance (squared): 27 6 55.24638960578718
***** Mahalanobis distance (squared): 27 7 36.43106013144357
***** Mahalanobis distance (squared): 27 8 119.57689826554116
***** Mahalanobis distance (squared): 27 9 166.20268045747085
***** Mahalanobis distance (squared): 27 10 1.6193219304800708
***** Mahalanobis distance (squared): 27 11 8.929904671828652
***** Mahalanobis distance (squared): 27 12 116.34858016560854
***** Mahalanobis distance (squared): 28 1 0.5981896248487293
***** Mahalanobis distance (squared): 28 2 11.36644689305775
***** Mahalanobis distance (squared): 28 3 46.4128082297831
***** Mahalanobis distance (squared): 28 4 102.58006123462305
***** Mahalanobis distance (squared): 28 5 47.52535213255661
***** Mahalanobis distance (squared): 28 6 45.17640849706586
***** Mahalanobis distance (squared): 28 7 8.051931307315161
***** Mahalanobis distance (squared): 28 8 99.77228165776499
***** Mahalanobis distance (squared): 28 9 156.12844019042547
***** Mahalanobis distance (squared): 28 10 8.925532990099946
***** Mahalanobis distance (squared): 28 11 36.34874102577764
***** Mahalanobis distance (squared): 28 12 114.91972714626138
***** Mahalanobis distance (squared): 29 1 79.04902874821673
***** Mahalanobis distance (squared): 29 2 98.60416895602236
***** Mahalanobis distance (squared): 29 3 18.56180687750352
***** Mahalanobis distance (squared): 29 4 11.425708570591253
***** Mahalanobis distance (squared): 29 5 4.480596433377689
***** Mahalanobis distance (squared): 29 6 5.773403077689987
***** Mahalanobis distance (squared): 29 7 64.38354885187597
***** Mahalanobis distance (squared): 29 8 11.659620211189003
***** Mahalanobis distance (squared): 29 9 28.034821732925593
***** Mahalanobis distance (squared): 29 10 70.68667276260963
***** Mahalanobis distance (squared): 29 11 72.1885520038741
***** Mahalanobis distance (squared): 29 12 5.094547968375315
***** Mahalanobis distance (squared): 30 1 143.6520529254703
***** Mahalanobis distance (squared): 30 2 158.13972698223458
***** Mahalanobis distance (squared): 30 3 52.13278914604185
***** Mahalanobis distance (squared): 30 4 11.392380505858233
***** Mahalanobis distance (squared): 30 5 38.55700740090115
***** Mahalanobis distance (squared): 30 6 36.11894358935823
***** Mahalanobis distance (squared): 30 7 127.06402266146648
***** Mahalanobis distance (squared): 30 8 14.319040203648322
***** Mahalanobis distance (squared): 30 9 1.737501475748174
***** Mahalanobis distance (squared): 30 10 130.51697576493882
***** Mahalanobis distance (squared): 30 11 124.67988712931324
***** Mahalanobis distance (squared): 30 12 13.194596292209065
***** Mahalanobis distance (squared): 31 1 133.1977291594879
***** Mahalanobis distance (squared): 31 2 151.4436718000215
***** Mahalanobis distance (squared): 31 3 46.092243656403554
***** Mahalanobis distance (squared): 31 4 19.72180446998988
***** Mahalanobis distance (squared): 31 5 23.47792422213814
***** Mahalanobis distance (squared): 31 6 25.988350988317446
***** Mahalanobis distance (squared): 31 7 115.52001569458247
***** Mahalanobis distance (squared): 31 8 21.222178209695354
***** Mahalanobis distance (squared): 31 9 25.303670663207015
***** Mahalanobis distance (squared): 31 10 115.6394050644772
***** Mahalanobis distance (squared): 31 11 105.25725464146925
***** Mahalanobis distance (squared): 31 12 3.5418673200898696
***** Mahalanobis distance (squared): 32 1 95.67299955508255
***** Mahalanobis distance (squared): 32 2 121.6772801735867
***** Mahalanobis distance (squared): 32 3 16.55551613644533
***** Mahalanobis distance (squared): 32 4 0.15049359095948664
***** Mahalanobis distance (squared): 32 5 12.123833915215668
***** Mahalanobis distance (squared): 32 6 11.58425658988928
***** Mahalanobis distance (squared): 32 7 73.23747080774326
***** Mahalanobis distance (squared): 32 8 0.47589119297080307
***** Mahalanobis distance (squared): 32 9 8.425452292357257
***** Mahalanobis distance (squared): 32 10 95.52396345380417
***** Mahalanobis distance (squared): 32 11 104.50237739885478
***** Mahalanobis distance (squared): 32 12 7.078798556416816
***** Mahalanobis distance (squared): 33 1 66.54453415413991
***** Mahalanobis distance (squared): 33 2 88.5298539598523
***** Mahalanobis distance (squared): 33 3 11.940240221680382
***** Mahalanobis distance (squared): 33 4 11.620439964089973
***** Mahalanobis distance (squared): 33 5 1.6462155488212475
***** Mahalanobis distance (squared): 33 6 2.8359608143279416
***** Mahalanobis distance (squared): 33 7 51.065600285551625
***** Mahalanobis distance (squared): 33 8 11.220850927764824
***** Mahalanobis distance (squared): 33 9 32.50111834049774
***** Mahalanobis distance (squared): 33 10 62.56388922132642
***** Mahalanobis distance (squared): 33 11 69.2100212703458
***** Mahalanobis distance (squared): 33 12 9.018026728228115
***** Mahalanobis distance (squared): 34 1 58.00926563958343
***** Mahalanobis distance (squared): 34 2 93.7131578521416
***** Mahalanobis distance (squared): 34 3 0.7788935791001919
***** Mahalanobis distance (squared): 34 4 12.067849455875404
***** Mahalanobis distance (squared): 34 5 7.992278217746123
***** Mahalanobis distance (squared): 34 6 8.20657462160325
***** Mahalanobis distance (squared): 34 7 32.28356468950313
***** Mahalanobis distance (squared): 34 8 9.786952106035038
***** Mahalanobis distance (squared): 34 9 39.11015135937274
***** Mahalanobis distance (squared): 34 10 72.693590467122
***** Mahalanobis distance (squared): 34 11 99.20563713146547
***** Mahalanobis distance (squared): 34 12 28.40399092068244
***** Mahalanobis distance (squared): 35 1 11.857701095747304
***** Mahalanobis distance (squared): 35 2 0.7482555815973604
***** Mahalanobis distance (squared): 35 3 83.85598883830312
***** Mahalanobis distance (squared): 35 4 132.42146476653036
***** Mahalanobis distance (squared): 35 5 70.36522209184322
***** Mahalanobis distance (squared): 35 6 65.89083787226322
***** Mahalanobis distance (squared): 35 7 38.43337995731059
***** Mahalanobis distance (squared): 35 8 132.08158250224466
***** Mahalanobis distance (squared): 35 9 178.81616515588232
***** Mahalanobis distance (squared): 35 10 2.0567151486487236
***** Mahalanobis distance (squared): 35 11 12.022173066128628
***** Mahalanobis distance (squared): 35 12 133.70076151640833
***** Mahalanobis distance (squared): 36 1 108.77321019987174
***** Mahalanobis distance (squared): 36 2 132.7718510563306
***** Mahalanobis distance (squared): 36 3 24.1561113945432
***** Mahalanobis distance (squared): 36 4 0.90195800025341
***** Mahalanobis distance (squared): 36 5 17.980603692695027
***** Mahalanobis distance (squared): 36 6 16.99861015732317
***** Mahalanobis distance (squared): 36 7 86.81581312659968
***** Mahalanobis distance (squared): 36 8 1.8480536180779372
***** Mahalanobis distance (squared): 36 9 4.221539747494923
***** Mahalanobis distance (squared): 36 10 105.94838004444195
***** Mahalanobis distance (squared): 36 11 111.65617353626673
***** Mahalanobis distance (squared): 36 12 7.082531793087915
***** Mahalanobis distance (squared): 37 1 30.79647995646967
***** Mahalanobis distance (squared): 37 2 14.698590298859184
***** Mahalanobis distance (squared): 37 3 78.324133374944
***** Mahalanobis distance (squared): 37 4 105.41470403267965
***** Mahalanobis distance (squared): 37 5 52.171215855822844
***** Mahalanobis distance (squared): 37 6 49.04476096546914
***** Mahalanobis distance (squared): 37 7 57.30992180842645
***** Mahalanobis distance (squared): 37 8 106.79663419177648
***** Mahalanobis distance (squared): 37 9 139.5395750943793
***** Mahalanobis distance (squared): 37 10 7.334972398319726
***** Mahalanobis distance (squared): 37 11 0.7803033178064888
***** Mahalanobis distance (squared): 37 12 92.52050936253993
***** Mahalanobis distance (squared): 38 1 16.650808028815955
***** Mahalanobis distance (squared): 38 2 49.70993682530016
***** Mahalanobis distance (squared): 38 3 23.751998584487414
***** Mahalanobis distance (squared): 38 4 79.84545914991725
***** Mahalanobis distance (squared): 38 5 36.08138506223962
***** Mahalanobis distance (squared): 38 6 36.61271438179782
***** Mahalanobis distance (squared): 38 7 2.8713240144601935
***** Mahalanobis distance (squared): 38 8 74.98271473773544
***** Mahalanobis distance (squared): 38 9 136.45552017853313
***** Mahalanobis distance (squared): 38 10 39.70204487182044
***** Mahalanobis distance (squared): 38 11 79.97657018840793
***** Mahalanobis distance (squared): 38 12 98.89251290179318
***** Mahalanobis distance (squared): 39 1 8.31185822948232
***** Mahalanobis distance (squared): 39 2 5.380369312490203
***** Mahalanobis distance (squared): 39 3 57.38851147636739
***** Mahalanobis distance (squared): 39 4 100.55085109651289
***** Mahalanobis distance (squared): 39 5 44.79473417386216
***** Mahalanobis distance (squared): 39 6 42.097427715610024
***** Mahalanobis distance (squared): 39 7 25.865382290201282
***** Mahalanobis distance (squared): 39 8 99.76371570066375
***** Mahalanobis distance (squared): 39 9 145.43773018027107
***** Mahalanobis distance (squared): 39 10 0.7897126628986785
***** Mahalanobis distance (squared): 39 11 11.450259554901141
***** Mahalanobis distance (squared): 39 12 100.06427768909795
***** Mahalanobis distance (squared): 40 1 0.5340093324809353
***** Mahalanobis distance (squared): 40 2 9.927433763086045
***** Mahalanobis distance (squared): 40 3 50.360961516440064
***** Mahalanobis distance (squared): 40 4 107.64626048495474
***** Mahalanobis distance (squared): 40 5 51.16232845567678
***** Mahalanobis distance (squared): 40 6 48.58003650401441
***** Mahalanobis distance (squared): 40 7 9.540772585544856
***** Mahalanobis distance (squared): 40 8 104.8979129761872
***** Mahalanobis distance (squared): 40 9 161.6631580755355
***** Mahalanobis distance (squared): 40 10 8.376761475957503
***** Mahalanobis distance (squared): 40 11 35.58434176936694
***** Mahalanobis distance (squared): 40 12 120.00253045129737
***** Mahalanobis distance (squared): 41 1 42.870003740456546
***** Mahalanobis distance (squared): 41 2 61.24136353339918
***** Mahalanobis distance (squared): 41 3 12.744691082274537
***** Mahalanobis distance (squared): 41 4 26.214166769837597
***** Mahalanobis distance (squared): 41 5 2.345809898986903
***** Mahalanobis distance (squared): 41 6 3.359195786247489
***** Mahalanobis distance (squared): 41 7 33.72178869614063
***** Mahalanobis distance (squared): 41 8 25.275114259846912
***** Mahalanobis distance (squared): 41 9 55.90979057001408
***** Mahalanobis distance (squared): 41 10 39.402658710289224
***** Mahalanobis distance (squared): 41 11 48.42643809145088
***** Mahalanobis distance (squared): 41 12 23.18389155587808
***** Mahalanobis distance (squared): 42 1 172.86046926920088
***** Mahalanobis distance (squared): 42 2 188.29658525834054
***** Mahalanobis distance (squared): 42 3 65.71464566268797
***** Mahalanobis distance (squared): 42 4 16.54681326638335
***** Mahalanobis distance (squared): 42 5 47.07268859053925
***** Mahalanobis distance (squared): 42 6 46.04970433981288
***** Mahalanobis distance (squared): 42 7 153.41745453921678
***** Mahalanobis distance (squared): 42 8 19.85992996158459
***** Mahalanobis distance (squared): 42 9 3.0960978719271233
***** Mahalanobis distance (squared): 42 10 155.06722722683205
***** Mahalanobis distance (squared): 42 11 143.0306018644964
***** Mahalanobis distance (squared): 42 12 11.23198958620051
***** Mahalanobis distance (squared): 43 1 106.53956489564102
***** Mahalanobis distance (squared): 43 2 122.4496691921718
***** Mahalanobis distance (squared): 43 3 34.04571391414097
***** Mahalanobis distance (squared): 43 4 14.406107750771508
***** Mahalanobis distance (squared): 43 5 13.730941438588921
***** Mahalanobis distance (squared): 43 6 15.218407185463604
***** Mahalanobis distance (squared): 43 7 92.60515145338432
***** Mahalanobis distance (squared): 43 8 15.731023364771762
***** Mahalanobis distance (squared): 43 9 23.173533806450525
***** Mahalanobis distance (squared): 43 10 90.91457994589574
***** Mahalanobis distance (squared): 43 11 83.72141067503735
***** Mahalanobis distance (squared): 43 12 1.953331415030371
***** Mahalanobis distance (squared): 44 1 80.85890346608663
***** Mahalanobis distance (squared): 44 2 113.87099810840766
***** Mahalanobis distance (squared): 44 3 6.648019390993644
***** Mahalanobis distance (squared): 44 4 2.903194421554595
***** Mahalanobis distance (squared): 44 5 7.825444845884375
***** Mahalanobis distance (squared): 44 6 8.293712861463913
***** Mahalanobis distance (squared): 44 7 54.42781397001817
***** Mahalanobis distance (squared): 44 8 1.7859146539679804
***** Mahalanobis distance (squared): 44 9 20.514112471348845
***** Mahalanobis distance (squared): 44 10 88.40343053560638
***** Mahalanobis distance (squared): 44 11 105.98054092509017
***** Mahalanobis distance (squared): 44 12 13.333803192555353
***** Mahalanobis distance (squared): 45 1 30.285671418081364
***** Mahalanobis distance (squared): 45 2 48.74174237607697
***** Mahalanobis distance (squared): 45 3 9.569385372176885
***** Mahalanobis distance (squared): 45 4 28.833162216125675
***** Mahalanobis distance (squared): 45 5 2.9323346166705333
***** Mahalanobis distance (squared): 45 6 3.0982886838395274
***** Mahalanobis distance (squared): 45 7 22.39524867228712
***** Mahalanobis distance (squared): 45 8 27.559091361444708
***** Mahalanobis distance (squared): 45 9 61.277843979850914
***** Mahalanobis distance (squared): 45 10 30.436018962850383
***** Mahalanobis distance (squared): 45 11 44.065205070207085
***** Mahalanobis distance (squared): 45 12 30.774035279635708
***** Mahalanobis distance (squared): 46 1 42.29229517435161
***** Mahalanobis distance (squared): 46 2 80.24562627166495
***** Mahalanobis distance (squared): 46 3 1.8209022393214047
***** Mahalanobis distance (squared): 46 4 29.070241560661152
***** Mahalanobis distance (squared): 46 5 11.472502889628252
***** Mahalanobis distance (squared): 46 6 12.536620226700634
***** Mahalanobis distance (squared): 46 7 17.74327669638656
***** Mahalanobis distance (squared): 46 8 25.561572199028546
***** Mahalanobis distance (squared): 46 9 67.48057518596583
***** Mahalanobis distance (squared): 46 10 61.29305401324016
***** Mahalanobis distance (squared): 46 11 93.66474072494435
***** Mahalanobis distance (squared): 46 12 45.789209037260335
***** Mahalanobis distance (squared): 47 1 13.406597596941658
***** Mahalanobis distance (squared): 47 2 0.9708294324006673
***** Mahalanobis distance (squared): 47 3 89.48945630686514
***** Mahalanobis distance (squared): 47 4 139.41573846582648
***** Mahalanobis distance (squared): 47 5 75.48265675100095
***** Mahalanobis distance (squared): 47 6 70.8711771025143
***** Mahalanobis distance (squared): 47 7 41.529307523396895
***** Mahalanobis distance (squared): 47 8 139.11198497792336
***** Mahalanobis distance (squared): 47 9 186.55181094093098
***** Mahalanobis distance (squared): 47 10 3.001542687708764
***** Mahalanobis distance (squared): 47 11 12.626054578459128
***** Mahalanobis distance (squared): 47 12 140.33388062990778
***** Mahalanobis distance (squared): 48 1 88.09037348612634
***** Mahalanobis distance (squared): 48 2 121.03883407841202
***** Mahalanobis distance (squared): 48 3 9.12086527042285
***** Mahalanobis distance (squared): 48 4 2.417636819701566
***** Mahalanobis distance (squared): 48 5 8.38318968061512
***** Mahalanobis distance (squared): 48 6 9.27631441105944
***** Mahalanobis distance (squared): 48 7 61.03714701062977
***** Mahalanobis distance (squared): 48 8 1.4735015209001672
***** Mahalanobis distance (squared): 48 9 18.615889773098914
***** Mahalanobis distance (squared): 48 10 93.78670939715771
***** Mahalanobis distance (squared): 48 11 109.01482324899888
***** Mahalanobis distance (squared): 48 12 10.328655063140289
***** Mahalanobis distance (squared): 49 1 14.747872360075602
***** Mahalanobis distance (squared): 49 2 7.105352179593595
***** Mahalanobis distance (squared): 49 3 61.71905602803804
***** Mahalanobis distance (squared): 49 4 97.89739648136032
***** Mahalanobis distance (squared): 49 5 44.24391013524749
***** Mahalanobis distance (squared): 49 6 41.326610629005934
***** Mahalanobis distance (squared): 49 7 35.25385130395153
***** Mahalanobis distance (squared): 49 8 97.96613083646005
***** Mahalanobis distance (squared): 49 9 138.05136653253695
***** Mahalanobis distance (squared): 49 10 1.3593881397189889
***** Mahalanobis distance (squared): 49 11 5.57131115510762
***** Mahalanobis distance (squared): 49 12 93.10467972556623
***** Mahalanobis distance (squared): 50 1 28.862693541102892
***** Mahalanobis distance (squared): 50 2 67.66463580530436
***** Mahalanobis distance (squared): 50 3 16.329336942555667
***** Mahalanobis distance (squared): 50 4 65.86435740857638
***** Mahalanobis distance (squared): 50 5 29.124280592604862
***** Mahalanobis distance (squared): 50 6 30.78652237734958
***** Mahalanobis distance (squared): 50 7 8.175504135023626
***** Mahalanobis distance (squared): 50 8 60.86499980963804
***** Mahalanobis distance (squared): 50 9 119.47685002544007
***** Mahalanobis distance (squared): 50 10 53.072460506140935
***** Mahalanobis distance (squared): 50 11 93.10047438628061
***** Mahalanobis distance (squared): 50 12 83.81847212882015
***** Mahalanobis distance (squared): 51 1 3.894773722921647
***** Mahalanobis distance (squared): 51 2 4.487979390838274
***** Mahalanobis distance (squared): 51 3 50.65770276111968
***** Mahalanobis distance (squared): 51 4 95.38980256471879
***** Mahalanobis distance (squared): 51 5 42.74553172654935
***** Mahalanobis distance (squared): 51 6 39.650333093825495
***** Mahalanobis distance (squared): 51 7 18.534243079654296
***** Mahalanobis distance (squared): 51 8 94.21356203448018
***** Mahalanobis distance (squared): 51 9 140.76369021590352
***** Mahalanobis distance (squared): 51 10 1.1512888490445508
***** Mahalanobis distance (squared): 51 11 16.779535964338756
***** Mahalanobis distance (squared): 51 12 100.26066653372082
***** Mahalanobis distance (squared): 52 1 1.5479842070779137
***** Mahalanobis distance (squared): 52 2 15.055540720497875
***** Mahalanobis distance (squared): 52 3 55.28733136937778
***** Mahalanobis distance (squared): 52 4 119.38679481569457
***** Mahalanobis distance (squared): 52 5 62.22181522878966
***** Mahalanobis distance (squared): 52 6 59.264176163038606
***** Mahalanobis distance (squared): 52 7 8.1997799928143
***** Mahalanobis distance (squared): 52 8 115.86937754606049
***** Mahalanobis distance (squared): 52 9 177.31989589375988
***** Mahalanobis distance (squared): 52 10 16.05555290666236
***** Mahalanobis distance (squared): 52 11 50.71849374299681
***** Mahalanobis distance (squared): 52 12 138.31111097755314
***** Mahalanobis distance (squared): 53 1 46.39451622371785
***** Mahalanobis distance (squared): 53 2 77.37069296199712
***** Mahalanobis distance (squared): 53 3 3.1491226667923886
***** Mahalanobis distance (squared): 53 4 21.406802678791564
***** Mahalanobis distance (squared): 53 5 3.464635623417141
***** Mahalanobis distance (squared): 53 6 4.975401636719682
***** Mahalanobis distance (squared): 53 7 26.40768078178852
***** Mahalanobis distance (squared): 53 8 19.04987436309696
***** Mahalanobis distance (squared): 53 9 54.61552370799847
***** Mahalanobis distance (squared): 53 10 55.21500066259221
***** Mahalanobis distance (squared): 53 11 76.44044503451154
***** Mahalanobis distance (squared): 53 12 28.27135947130593
***** Mahalanobis distance (squared): 54 1 155.87792226856322
***** Mahalanobis distance (squared): 54 2 179.43744952886
***** Mahalanobis distance (squared): 54 3 49.928959811678155
***** Mahalanobis distance (squared): 54 4 9.376880740620617
***** Mahalanobis distance (squared): 54 5 42.58189418940251
***** Mahalanobis distance (squared): 54 6 40.785418108648614
***** Mahalanobis distance (squared): 54 7 130.76178265098824
***** Mahalanobis distance (squared): 54 8 11.475116228886948
***** Mahalanobis distance (squared): 54 9 0.4722063644310745
***** Mahalanobis distance (squared): 54 10 150.0592815775534
***** Mahalanobis distance (squared): 54 11 150.98597108075018
***** Mahalanobis distance (squared): 54 12 16.46725370698281
***** Mahalanobis distance (squared): 55 1 110.71230901663797
***** Mahalanobis distance (squared): 55 2 138.95489253694532
***** Mahalanobis distance (squared): 55 3 21.93581895742369
***** Mahalanobis distance (squared): 55 4 3.8600387934354745
***** Mahalanobis distance (squared): 55 5 12.784413370995862
***** Mahalanobis distance (squared): 55 6 14.34318716124303
***** Mahalanobis distance (squared): 55 7 85.56328879143561
***** Mahalanobis distance (squared): 55 8 4.0095748875151305
***** Mahalanobis distance (squared): 55 9 13.535258715274518
***** Mahalanobis distance (squared): 55 10 107.28728598567986
***** Mahalanobis distance (squared): 55 11 111.97683098856461
***** Mahalanobis distance (squared): 55 12 2.6026876075507737
***** Mahalanobis distance (squared): 56 1 79.63541886522816
***** Mahalanobis distance (squared): 56 2 118.3836168660328
***** Mahalanobis distance (squared): 56 3 4.5964765063159545
***** Mahalanobis distance (squared): 56 4 7.492420309588892
***** Mahalanobis distance (squared): 56 5 10.017645243002308
***** Mahalanobis distance (squared): 56 6 11.194587513759831
***** Mahalanobis distance (squared): 56 7 49.15834611552325
***** Mahalanobis distance (squared): 56 8 5.431542811911325
***** Mahalanobis distance (squared): 56 9 30.18421589060336
***** Mahalanobis distance (squared): 56 10 92.7839868647527
***** Mahalanobis distance (squared): 56 11 116.29740847031327
***** Mahalanobis distance (squared): 56 12 20.79137355296717
***** Mahalanobis distance (squared): 57 1 29.652731811316293
***** Mahalanobis distance (squared): 57 2 56.03638489283808
***** Mahalanobis distance (squared): 57 3 3.8645676038360985
***** Mahalanobis distance (squared): 57 4 28.331844920431163
***** Mahalanobis distance (squared): 57 5 4.686370642794192
***** Mahalanobis distance (squared): 57 6 5.0650112188533
***** Mahalanobis distance (squared): 57 7 15.423546532843302
***** Mahalanobis distance (squared): 57 8 26.033127763124607
***** Mahalanobis distance (squared): 57 9 64.29155336130296
***** Mahalanobis distance (squared): 57 10 38.34232860074148
***** Mahalanobis distance (squared): 57 11 60.75540661425563
***** Mahalanobis distance (squared): 57 12 37.2976505288441
***** Mahalanobis distance (squared): 58 1 49.072945430077915
***** Mahalanobis distance (squared): 58 2 91.36202297215338
***** Mahalanobis distance (squared): 58 3 3.4772180542706317
***** Mahalanobis distance (squared): 58 4 32.48445387651423
***** Mahalanobis distance (squared): 58 5 15.632387292513164
***** Mahalanobis distance (squared): 58 6 17.26097304182683
***** Mahalanobis distance (squared): 58 7 20.769612227242472
***** Mahalanobis distance (squared): 58 8 28.46517275129113
***** Mahalanobis distance (squared): 58 9 72.64822397582178
***** Mahalanobis distance (squared): 58 10 71.38988215553027
***** Mahalanobis distance (squared): 58 11 106.92572374073303
***** Mahalanobis distance (squared): 58 12 50.750718645919704
***** Mahalanobis distance (squared): 59 1 11.920073693239933
***** Mahalanobis distance (squared): 59 2 3.375520976790517
***** Mahalanobis distance (squared): 59 3 95.28032566267404
***** Mahalanobis distance (squared): 59 4 152.2160542594069
***** Mahalanobis distance (squared): 59 5 91.61158084828693
***** Mahalanobis distance (squared): 59 6 85.19610635670239
***** Mahalanobis distance (squared): 59 7 38.11808044356227
***** Mahalanobis distance (squared): 59 8 151.20845467872692
***** Mahalanobis distance (squared): 59 9 201.68146503299656
***** Mahalanobis distance (squared): 59 10 11.426398990530513
***** Mahalanobis distance (squared): 59 11 32.27808679944793
***** Mahalanobis distance (squared): 59 12 166.32807266186097
***** Mahalanobis distance (squared): 60 1 71.33700101324638
***** Mahalanobis distance (squared): 60 2 111.20186897820706
***** Mahalanobis distance (squared): 60 3 2.6278464491565017
***** Mahalanobis distance (squared): 60 4 11.410308751003116
***** Mahalanobis distance (squared): 60 5 10.112048206526186
***** Mahalanobis distance (squared): 60 6 11.306207278450254
***** Mahalanobis distance (squared): 60 7 41.06275706034749
***** Mahalanobis distance (squared): 60 8 8.883614224645491
***** Mahalanobis distance (squared): 60 9 37.93423735039702
***** Mahalanobis distance (squared): 60 10 87.06338084924863
***** Mahalanobis distance (squared): 60 11 113.81480169752176
***** Mahalanobis distance (squared): 60 12 26.523677014633126
***** Mahalanobis distance (squared): 61 1 74.30669960744758
***** Mahalanobis distance (squared): 61 2 34.61744965163286
***** Mahalanobis distance (squared): 61 3 147.79724868465752
***** Mahalanobis distance (squared): 61 4 163.20593394571057
***** Mahalanobis distance (squared): 61 5 109.1434689125885
***** Mahalanobis distance (squared): 61 6 102.4481648859385
***** Mahalanobis distance (squared): 61 7 120.86120471338523
***** Mahalanobis distance (squared): 61 8 167.51863640291617
***** Mahalanobis distance (squared): 61 9 185.81502017863107
***** Mahalanobis distance (squared): 61 10 33.43724808777661
***** Mahalanobis distance (squared): 61 11 10.218269224985184
***** Mahalanobis distance (squared): 61 12 143.9471666205065
***** Mahalanobis distance (squared): 62 1 15.275247466063519
***** Mahalanobis distance (squared): 62 2 46.503700820902026
***** Mahalanobis distance (squared): 62 3 19.608340337675685
***** Mahalanobis distance (squared): 62 4 68.39107686930377
***** Mahalanobis distance (squared): 62 5 35.97485216835507
***** Mahalanobis distance (squared): 62 6 34.196094634555365
***** Mahalanobis distance (squared): 62 7 1.94786287403226
***** Mahalanobis distance (squared): 62 8 64.23844441896159
***** Mahalanobis distance (squared): 62 9 117.497546406354
***** Mahalanobis distance (squared): 62 10 40.160270116065114
***** Mahalanobis distance (squared): 62 11 82.25578915326233
***** Mahalanobis distance (squared): 62 12 95.67348662241889
***** Mahalanobis distance (squared): 63 1 12.287947951033422
***** Mahalanobis distance (squared): 63 2 3.942561894390265
***** Mahalanobis distance (squared): 63 3 62.54522750810767
***** Mahalanobis distance (squared): 63 4 99.14753974328478
***** Mahalanobis distance (squared): 63 5 47.14868327056725
***** Mahalanobis distance (squared): 63 6 43.37115898604478
***** Mahalanobis distance (squared): 63 7 33.65003656964551
***** Mahalanobis distance (squared): 63 8 99.28596034374924
***** Mahalanobis distance (squared): 63 9 138.55431922096471
***** Mahalanobis distance (squared): 63 10 0.3826658708208785
***** Mahalanobis distance (squared): 63 11 6.453184306152622
***** Mahalanobis distance (squared): 63 12 97.86866391395603
***** Mahalanobis distance (squared): 64 1 0.18350346867862885
***** Mahalanobis distance (squared): 64 2 11.888138796431576
***** Mahalanobis distance (squared): 64 3 44.796025805523655
***** Mahalanobis distance (squared): 64 4 99.92933293685701
***** Mahalanobis distance (squared): 64 5 49.069635592629474
***** Mahalanobis distance (squared): 64 6 45.89831290961914
***** Mahalanobis distance (squared): 64 7 6.6454774513891515
***** Mahalanobis distance (squared): 64 8 97.13793666891944
***** Mahalanobis distance (squared): 64 9 151.8017159044548
***** Mahalanobis distance (squared): 64 10 11.11333332144245
***** Mahalanobis distance (squared): 64 11 41.26163072459869
***** Mahalanobis distance (squared): 64 12 116.88887801935151
***** Mahalanobis distance (squared): 65 1 69.99756704758481
***** Mahalanobis distance (squared): 65 2 100.61436567945648
***** Mahalanobis distance (squared): 65 3 5.004060927973527
***** Mahalanobis distance (squared): 65 4 6.146460767918431
***** Mahalanobis distance (squared): 65 5 3.3913371278045736
***** Mahalanobis distance (squared): 65 6 4.369807190081721
***** Mahalanobis distance (squared): 65 7 46.780563678516636
***** Mahalanobis distance (squared): 65 8 4.911855573932652
***** Mahalanobis distance (squared): 65 9 27.587697687362343
***** Mahalanobis distance (squared): 65 10 75.2753278284509
***** Mahalanobis distance (squared): 65 11 91.09228495000308
***** Mahalanobis distance (squared): 65 12 12.677611570060845
***** Mahalanobis distance (squared): 66 1 212.41132361177566
***** Mahalanobis distance (squared): 66 2 232.44955118655875
***** Mahalanobis distance (squared): 66 3 86.96453718690069
***** Mahalanobis distance (squared): 66 4 27.6260922475657
***** Mahalanobis distance (squared): 66 5 74.28043251892878
***** Mahalanobis distance (squared): 66 6 72.03368723244063
***** Mahalanobis distance (squared): 66 7 186.65802237007114
***** Mahalanobis distance (squared): 66 8 31.223294403744877
***** Mahalanobis distance (squared): 66 9 6.0155612039474455
***** Mahalanobis distance (squared): 66 10 199.35108274733903
***** Mahalanobis distance (squared): 66 11 191.0640000003849
***** Mahalanobis distance (squared): 66 12 30.846785408727424
***** Mahalanobis distance (squared): 67 1 167.55753067908535
***** Mahalanobis distance (squared): 67 2 187.63940909385366
***** Mahalanobis distance (squared): 67 3 57.51768472793644
***** Mahalanobis distance (squared): 67 4 12.316647468807389
***** Mahalanobis distance (squared): 67 5 41.57192252125925
***** Mahalanobis distance (squared): 67 6 41.277999354614
***** Mahalanobis distance (squared): 67 7 144.51834501922434
***** Mahalanobis distance (squared): 67 8 14.947436634971227
***** Mahalanobis distance (squared): 67 9 2.249185876713756
***** Mahalanobis distance (squared): 67 10 153.564399349878
***** Mahalanobis distance (squared): 67 11 145.37327875966648
***** Mahalanobis distance (squared): 67 12 8.377264640213044
***** Mahalanobis distance (squared): 68 1 159.07370664634612
***** Mahalanobis distance (squared): 68 2 183.63203192800506
***** Mahalanobis distance (squared): 68 3 50.42898660979958
***** Mahalanobis distance (squared): 68 4 9.35391980883824
***** Mahalanobis distance (squared): 68 5 43.086760985795806
***** Mahalanobis distance (squared): 68 6 41.5500269816498
***** Mahalanobis distance (squared): 68 7 132.87934314052328
***** Mahalanobis distance (squared): 68 8 11.387242792926825
***** Mahalanobis distance (squared): 68 9 0.4054849651408383
***** Mahalanobis distance (squared): 68 10 153.4671279005847
***** Mahalanobis distance (squared): 68 11 154.41422173704512
***** Mahalanobis distance (squared): 68 12 16.045637578063598
***** Mahalanobis distance (squared): 69 1 55.40447146198331
***** Mahalanobis distance (squared): 69 2 77.54189447588244
***** Mahalanobis distance (squared): 69 3 6.684481326995316
***** Mahalanobis distance (squared): 69 4 7.0550704600654734
***** Mahalanobis distance (squared): 69 5 4.813768159430093
***** Mahalanobis distance (squared): 69 6 3.3361289305236905
***** Mahalanobis distance (squared): 69 7 40.26635953668496
***** Mahalanobis distance (squared): 69 8 6.707375311037888
***** Mahalanobis distance (squared): 69 9 25.175886018152898
***** Mahalanobis distance (squared): 69 10 58.12162629539911
***** Mahalanobis distance (squared): 69 11 72.463343504136
***** Mahalanobis distance (squared): 69 12 17.392716353790632
***** Mahalanobis distance (squared): 70 1 72.70830396583378
***** Mahalanobis distance (squared): 70 2 110.4035766202518
***** Mahalanobis distance (squared): 70 3 6.0731406154827265
***** Mahalanobis distance (squared): 70 4 11.000077974980142
***** Mahalanobis distance (squared): 70 5 17.364400976409343
***** Mahalanobis distance (squared): 70 6 16.4375126659206
***** Mahalanobis distance (squared): 70 7 43.91291576066579
***** Mahalanobis distance (squared): 70 8 8.989470732700438
***** Mahalanobis distance (squared): 70 9 32.500594262340634
***** Mahalanobis distance (squared): 70 10 90.38972205946419
***** Mahalanobis distance (squared): 70 11 119.44794767634706
***** Mahalanobis distance (squared): 70 12 33.6506175659011
***** Mahalanobis distance (squared): 71 1 6.82627536663237
***** Mahalanobis distance (squared): 71 2 0.3611004024539517
***** Mahalanobis distance (squared): 71 3 74.7945520270049
***** Mahalanobis distance (squared): 71 4 124.6153075142222
***** Mahalanobis distance (squared): 71 5 67.51787827630334
***** Mahalanobis distance (squared): 71 6 62.454131434163756
***** Mahalanobis distance (squared): 71 7 29.39787899558479
***** Mahalanobis distance (squared): 71 8 123.81617156973968
***** Mahalanobis distance (squared): 71 9 171.04455932825707
***** Mahalanobis distance (squared): 71 10 3.265131123167915
***** Mahalanobis distance (squared): 71 11 19.64394691320535
***** Mahalanobis distance (squared): 71 12 133.14303141358255
***** Mahalanobis distance (squared): 72 1 141.16569219997373
***** Mahalanobis distance (squared): 72 2 168.10505028003493
***** Mahalanobis distance (squared): 72 3 40.37886526971469
***** Mahalanobis distance (squared): 72 4 7.011230756868156
***** Mahalanobis distance (squared): 72 5 38.03404710485303
***** Mahalanobis distance (squared): 72 6 36.039061698236765
***** Mahalanobis distance (squared): 72 7 114.43785564506298
***** Mahalanobis distance (squared): 72 8 8.374075972674099
***** Mahalanobis distance (squared): 72 9 2.4878260314143246
***** Mahalanobis distance (squared): 72 10 140.973898901832
***** Mahalanobis distance (squared): 72 11 148.3302477002057
***** Mahalanobis distance (squared): 72 12 19.209707343133008
***** Mahalanobis distance (squared): 73 1 53.64976011561042
***** Mahalanobis distance (squared): 73 2 30.54439275157868
***** Mahalanobis distance (squared): 73 3 88.1892931508482
***** Mahalanobis distance (squared): 73 4 96.72002841767419
***** Mahalanobis distance (squared): 73 5 55.24175043919783
***** Mahalanobis distance (squared): 73 6 51.13082415831566
***** Mahalanobis distance (squared): 73 7 82.90301597458038
***** Mahalanobis distance (squared): 73 8 99.9122779002204
***** Mahalanobis distance (squared): 73 9 117.69939047205986
***** Mahalanobis distance (squared): 73 10 20.899991255458584
***** Mahalanobis distance (squared): 73 11 3.432568499294074
***** Mahalanobis distance (squared): 73 12 79.33769515275117
***** Mahalanobis distance (squared): 74 1 9.934172597724844
***** Mahalanobis distance (squared): 74 2 38.19913588914294
***** Mahalanobis distance (squared): 74 3 22.41241215830328
***** Mahalanobis distance (squared): 74 4 74.89355286360615
***** Mahalanobis distance (squared): 74 5 34.788112885205926
***** Mahalanobis distance (squared): 74 6 33.671743527363795
***** Mahalanobis distance (squared): 74 7 0.0808596444664021
***** Mahalanobis distance (squared): 74 8 70.74121448966022
***** Mahalanobis distance (squared): 74 9 127.2489679299908
***** Mahalanobis distance (squared): 74 10 31.32768634014784
***** Mahalanobis distance (squared): 74 11 70.26463301083584
***** Mahalanobis distance (squared): 74 12 96.85495665338502
***** Mahalanobis distance (squared): 75 1 6.077365548462056
***** Mahalanobis distance (squared): 75 2 1.124804418780676
***** Mahalanobis distance (squared): 75 3 63.42932968096271
***** Mahalanobis distance (squared): 75 4 108.27048548908756
***** Mahalanobis distance (squared): 75 5 54.05944664422646
***** Mahalanobis distance (squared): 75 6 49.81734309208729
***** Mahalanobis distance (squared): 75 7 26.073018690951983
***** Mahalanobis distance (squared): 75 8 107.61730410920327
***** Mahalanobis distance (squared): 75 9 152.42435182909935
***** Mahalanobis distance (squared): 75 10 0.7220431090422944
***** Mahalanobis distance (squared): 75 11 14.363765679857336
***** Mahalanobis distance (squared): 75 12 113.53462661954126
***** Mahalanobis distance (squared): 76 1 2.0570360856863927
***** Mahalanobis distance (squared): 76 2 3.5831116008693673
***** Mahalanobis distance (squared): 76 3 56.6858256215082
***** Mahalanobis distance (squared): 76 4 106.30146205650098
***** Mahalanobis distance (squared): 76 5 54.631390584203444
***** Mahalanobis distance (squared): 76 6 50.19640363587695
***** Mahalanobis distance (squared): 76 7 17.029574472884185
***** Mahalanobis distance (squared): 76 8 104.79318044367606
***** Mahalanobis distance (squared): 76 9 153.22666617541094
***** Mahalanobis distance (squared): 76 10 4.692150285017937
***** Mahalanobis distance (squared): 76 11 26.713719664226215
***** Mahalanobis distance (squared): 76 12 119.12966942249241
***** Mahalanobis distance (squared): 77 1 64.04820850024734
***** Mahalanobis distance (squared): 77 2 91.84359808117266
***** Mahalanobis distance (squared): 77 3 5.326582821380662
***** Mahalanobis distance (squared): 77 4 7.911965303008876
***** Mahalanobis distance (squared): 77 5 1.6483744542998062
***** Mahalanobis distance (squared): 77 6 2.5620235091896073
***** Mahalanobis distance (squared): 77 7 43.78528576896885
***** Mahalanobis distance (squared): 77 8 6.835716849482722
***** Mahalanobis distance (squared): 77 9 30.25857408390409
***** Mahalanobis distance (squared): 77 10 67.12053321104031
***** Mahalanobis distance (squared): 77 11 81.03847780771468
***** Mahalanobis distance (squared): 77 12 12.379800448262792
***** Mahalanobis distance (squared): 78 1 190.6191593121673
***** Mahalanobis distance (squared): 78 2 214.41962459929746
***** Mahalanobis distance (squared): 78 3 67.63606835909415
***** Mahalanobis distance (squared): 78 4 16.651243159880146
***** Mahalanobis distance (squared): 78 5 54.64263217119382
***** Mahalanobis distance (squared): 78 6 54.11911306713459
***** Mahalanobis distance (squared): 78 7 162.90214361200307
***** Mahalanobis distance (squared): 78 8 19.328660407551936
***** Mahalanobis distance (squared): 78 9 2.486641737403816
***** Mahalanobis distance (squared): 78 10 179.2723160528811
***** Mahalanobis distance (squared): 78 11 172.96431263236371
***** Mahalanobis distance (squared): 78 12 16.355344952024794
***** Mahalanobis distance (squared): 79 1 135.44207392857118
***** Mahalanobis distance (squared): 79 2 154.48569658628506
***** Mahalanobis distance (squared): 79 3 42.369561066950666
***** Mahalanobis distance (squared): 79 4 10.547198488486167
***** Mahalanobis distance (squared): 79 5 23.609322788289553
***** Mahalanobis distance (squared): 79 6 24.757043613246726
***** Mahalanobis distance (squared): 79 7 116.03259712440959
***** Mahalanobis distance (squared): 79 8 12.374021748208191
***** Mahalanobis distance (squared): 79 9 10.931879253860695
***** Mahalanobis distance (squared): 79 10 120.48944775280142
***** Mahalanobis distance (squared): 79 11 112.49482447864483
***** Mahalanobis distance (squared): 79 12 0.7771342022405768
***** Mahalanobis distance (squared): 80 1 109.32503860619185
***** Mahalanobis distance (squared): 80 2 142.34772458119488
***** Mahalanobis distance (squared): 80 3 17.334370949471502
***** Mahalanobis distance (squared): 80 4 1.2085318502804534
***** Mahalanobis distance (squared): 80 5 14.762291061657674
***** Mahalanobis distance (squared): 80 6 15.695100450962252
***** Mahalanobis distance (squared): 80 7 80.19695970359965
***** Mahalanobis distance (squared): 80 8 0.8450587134297862
***** Mahalanobis distance (squared): 80 9 11.324022237151146
***** Mahalanobis distance (squared): 80 10 112.54025820373683
***** Mahalanobis distance (squared): 80 11 124.13464376552295
***** Mahalanobis distance (squared): 80 12 7.6013589357080305
***** Mahalanobis distance (squared): 81 1 46.28877422252805
***** Mahalanobis distance (squared): 81 2 69.09677763945331
***** Mahalanobis distance (squared): 81 3 4.178489333271101
***** Mahalanobis distance (squared): 81 4 11.795137268856216
***** Mahalanobis distance (squared): 81 5 0.7035370270423418
***** Mahalanobis distance (squared): 81 6 0.39529258805137063
***** Mahalanobis distance (squared): 81 7 31.91408239758004
***** Mahalanobis distance (squared): 81 8 10.888780787715582
***** Mahalanobis distance (squared): 81 9 36.0245791296553
***** Mahalanobis distance (squared): 81 10 48.75415865442921
***** Mahalanobis distance (squared): 81 11 63.28800508760534
***** Mahalanobis distance (squared): 81 12 18.25493096024407
***** Mahalanobis distance (squared): 82 1 44.94193150654484
***** Mahalanobis distance (squared): 82 2 80.70777914496365
***** Mahalanobis distance (squared): 82 3 0.5064220789535314
***** Mahalanobis distance (squared): 82 4 20.821182293312866
***** Mahalanobis distance (squared): 82 5 10.415785721570034
***** Mahalanobis distance (squared): 82 6 10.324152700053878
***** Mahalanobis distance (squared): 82 7 21.113031234942973
***** Mahalanobis distance (squared): 82 8 17.98335642974167
***** Mahalanobis distance (squared): 82 9 53.36591274866988
***** Mahalanobis distance (squared): 82 10 62.7717744943336
***** Mahalanobis distance (squared): 82 11 93.62067568071373
***** Mahalanobis distance (squared): 82 12 40.008961565682974
***** Mahalanobis distance (squared): 83 1 4.313770394671476
***** Mahalanobis distance (squared): 83 2 1.5764789909414687
***** Mahalanobis distance (squared): 83 3 62.97766430015034
***** Mahalanobis distance (squared): 83 4 110.42067128358688
***** Mahalanobis distance (squared): 83 5 57.74831736920012
***** Mahalanobis distance (squared): 83 6 52.964076549877795
***** Mahalanobis distance (squared): 83 7 22.857707648885512
***** Mahalanobis distance (squared): 83 8 109.43386988617182
***** Mahalanobis distance (squared): 83 9 155.58023073648735
***** Mahalanobis distance (squared): 83 10 3.0807436044796255
***** Mahalanobis distance (squared): 83 11 21.259101254121735
***** Mahalanobis distance (squared): 83 12 120.68187301413893
***** Mahalanobis distance (squared): 84 1 114.15558351020223
***** Mahalanobis distance (squared): 84 2 138.16096720080182
***** Mahalanobis distance (squared): 84 3 26.321127526546153
***** Mahalanobis distance (squared): 84 4 1.1336198505960582
***** Mahalanobis distance (squared): 84 5 18.880843429466836
***** Mahalanobis distance (squared): 84 6 18.19503485761987
***** Mahalanobis distance (squared): 84 7 91.74405974764834
***** Mahalanobis distance (squared): 84 8 2.1879032733542108
***** Mahalanobis distance (squared): 84 9 3.551524476909473
***** Mahalanobis distance (squared): 84 10 110.12554839071511
***** Mahalanobis distance (squared): 84 11 114.29257212783189
***** Mahalanobis distance (squared): 84 12 5.623662817538042
***** Mahalanobis distance (squared): 85 1 40.52323603161714
***** Mahalanobis distance (squared): 85 2 25.031208395771284
***** Mahalanobis distance (squared): 85 3 70.90693490713329
***** Mahalanobis distance (squared): 85 4 86.52622294974653
***** Mahalanobis distance (squared): 85 5 42.15133195657889
***** Mahalanobis distance (squared): 85 6 39.34556080380267
***** Mahalanobis distance (squared): 85 7 63.99407054093864
***** Mahalanobis distance (squared): 85 8 88.55908040276377
***** Mahalanobis distance (squared): 85 9 113.56507901494017
***** Mahalanobis distance (squared): 85 10 13.890723850302791
***** Mahalanobis distance (squared): 85 11 2.6477308343118593
***** Mahalanobis distance (squared): 85 12 70.95957582618038
***** Mahalanobis distance (squared): 86 1 3.1215889035377655
***** Mahalanobis distance (squared): 86 2 23.548943120164022
***** Mahalanobis distance (squared): 86 3 39.097647842907655
***** Mahalanobis distance (squared): 86 4 98.776689575586
***** Mahalanobis distance (squared): 86 5 49.06906594440645
***** Mahalanobis distance (squared): 86 6 46.8794856293463
***** Mahalanobis distance (squared): 86 7 2.2642359905109486
***** Mahalanobis distance (squared): 86 8 94.90122838449011
***** Mahalanobis distance (squared): 86 9 154.6481522836691
***** Mahalanobis distance (squared): 86 10 21.353696353755566
***** Mahalanobis distance (squared): 86 11 58.67319495401088
***** Mahalanobis distance (squared): 86 12 119.73124089892195
***** Mahalanobis distance (squared): 87 1 3.6634970980447434
***** Mahalanobis distance (squared): 87 2 8.050527499994214
***** Mahalanobis distance (squared): 87 3 44.672663956656656
***** Mahalanobis distance (squared): 87 4 90.46256456985475
***** Mahalanobis distance (squared): 87 5 37.88910268923698
***** Mahalanobis distance (squared): 87 6 35.60547380430849
***** Mahalanobis distance (squared): 87 7 14.875837929350412
***** Mahalanobis distance (squared): 87 8 88.85665249451239
***** Mahalanobis distance (squared): 87 9 137.44010972207442
***** Mahalanobis distance (squared): 87 10 2.937765772118604
***** Mahalanobis distance (squared): 87 11 20.28320999475309
***** Mahalanobis distance (squared): 87 12 95.10388046531061
***** Mahalanobis distance (squared): 88 1 0.4826394021314656
***** Mahalanobis distance (squared): 88 2 13.961235427697583
***** Mahalanobis distance (squared): 88 3 40.895545840923496
***** Mahalanobis distance (squared): 88 4 95.87648798455102
***** Mahalanobis distance (squared): 88 5 44.583872235339015
***** Mahalanobis distance (squared): 88 6 42.11606480636215
***** Mahalanobis distance (squared): 88 7 5.163878985488165
***** Mahalanobis distance (squared): 88 8 92.91145106499752
***** Mahalanobis distance (squared): 88 9 148.46740160506
***** Mahalanobis distance (squared): 88 10 11.413316758542233
***** Mahalanobis distance (squared): 88 11 41.23210166500965
***** Mahalanobis distance (squared): 88 12 111.09017815623385
***** Mahalanobis distance (squared): 89 1 37.578995166075195
***** Mahalanobis distance (squared): 89 2 61.69738111161489
***** Mahalanobis distance (squared): 89 3 3.589269759626087
***** Mahalanobis distance (squared): 89 4 19.31124813097282
***** Mahalanobis distance (squared): 89 5 1.2805702267905794
***** Mahalanobis distance (squared): 89 6 1.476834145094656
***** Mahalanobis distance (squared): 89 7 23.635471728982814
***** Mahalanobis distance (squared): 89 8 17.763774839289532
***** Mahalanobis distance (squared): 89 9 49.398855797727144
***** Mahalanobis distance (squared): 89 10 42.22524200275731
***** Mahalanobis distance (squared): 89 11 59.6919285861145
***** Mahalanobis distance (squared): 89 12 25.77224479434205
***** Mahalanobis distance (squared): 90 1 148.9611007768871
***** Mahalanobis distance (squared): 90 2 168.9514838325637
***** Mahalanobis distance (squared): 90 3 47.68847372225942
***** Mahalanobis distance (squared): 90 4 7.919746678607165
***** Mahalanobis distance (squared): 90 5 34.63109873308199
***** Mahalanobis distance (squared): 90 6 33.701230296361615
***** Mahalanobis distance (squared): 90 7 127.24102276555855
***** Mahalanobis distance (squared): 90 8 10.244906119801781
***** Mahalanobis distance (squared): 90 9 0.6228955614157435
***** Mahalanobis distance (squared): 90 10 137.8152387532251
***** Mahalanobis distance (squared): 90 11 133.34935226350322
***** Mahalanobis distance (squared): 90 12 7.729537780052261
***** Mahalanobis distance (squared): 91 1 122.23563184397449
***** Mahalanobis distance (squared): 91 2 146.5016122311376
***** Mahalanobis distance (squared): 91 3 31.979432100715055
***** Mahalanobis distance (squared): 91 4 9.182458824584266
***** Mahalanobis distance (squared): 91 5 16.87574955718736
***** Mahalanobis distance (squared): 91 6 18.92044808901122
***** Mahalanobis distance (squared): 91 7 99.74329661541532
***** Mahalanobis distance (squared): 91 8 9.953817305624977
***** Mahalanobis distance (squared): 91 9 16.433679977832977
***** Mahalanobis distance (squared): 91 10 112.56116750529107
***** Mahalanobis distance (squared): 91 11 110.41953767339969
***** Mahalanobis distance (squared): 91 12 1.2670682027020503
***** Mahalanobis distance (squared): 92 1 91.94067848679883
***** Mahalanobis distance (squared): 92 2 120.08488866851756
***** Mahalanobis distance (squared): 92 3 13.42204719892447
***** Mahalanobis distance (squared): 92 4 0.25326217318885996
***** Mahalanobis distance (squared): 92 5 10.51841602685498
***** Mahalanobis distance (squared): 92 6 10.308123464893006
***** Mahalanobis distance (squared): 92 7 68.14864688222418
***** Mahalanobis distance (squared): 92 8 0.1765913457757022
***** Mahalanobis distance (squared): 92 9 10.995330384379177
***** Mahalanobis distance (squared): 92 10 93.92527428941678
***** Mahalanobis distance (squared): 92 11 105.23036490732977
***** Mahalanobis distance (squared): 92 12 8.055184649976113
***** Mahalanobis distance (squared): 93 1 62.1840198985369
***** Mahalanobis distance (squared): 93 2 82.76850120237624
***** Mahalanobis distance (squared): 93 3 9.902266539504165
***** Mahalanobis distance (squared): 93 4 8.391114613118381
***** Mahalanobis distance (squared): 93 5 1.0735922750194424
***** Mahalanobis distance (squared): 93 6 1.2986939883705781
***** Mahalanobis distance (squared): 93 7 47.88442601168091
***** Mahalanobis distance (squared): 93 8 8.22720744579019
***** Mahalanobis distance (squared): 93 9 27.35937537819067
***** Mahalanobis distance (squared): 93 10 58.83749176330181
***** Mahalanobis distance (squared): 93 11 66.36165189570437
***** Mahalanobis distance (squared): 93 12 8.920388308408434
***** Mahalanobis distance (squared): 94 1 61.11465807575321
***** Mahalanobis distance (squared): 94 2 96.0039514142084
***** Mahalanobis distance (squared): 94 3 1.3826851868681846
***** Mahalanobis distance (squared): 94 4 9.77084236055697
***** Mahalanobis distance (squared): 94 5 7.698355256794199
***** Mahalanobis distance (squared): 94 6 7.787570141948193
***** Mahalanobis distance (squared): 94 7 35.55099961677315
***** Mahalanobis distance (squared): 94 8 7.747262277223726
***** Mahalanobis distance (squared): 94 9 34.78873759366306
***** Mahalanobis distance (squared): 94 10 74.55074047776905
***** Mahalanobis distance (squared): 94 11 99.53976248807592
***** Mahalanobis distance (squared): 94 12 25.525679946945154
***** Mahalanobis distance (squared): 95 1 4.637653643349728
***** Mahalanobis distance (squared): 95 2 6.288056166781454
***** Mahalanobis distance (squared): 95 3 54.542492124143884
***** Mahalanobis distance (squared): 95 4 103.75774983697491
***** Mahalanobis distance (squared): 95 5 46.22186288648016
***** Mahalanobis distance (squared): 95 6 43.84798079953148
***** Mahalanobis distance (squared): 95 7 19.14882193226552
***** Mahalanobis distance (squared): 95 8 102.17997590892479
***** Mahalanobis distance (squared): 95 9 152.89826280443756
***** Mahalanobis distance (squared): 95 10 2.366655942351421
***** Mahalanobis distance (squared): 95 11 18.717727402485774
***** Mahalanobis distance (squared): 95 12 106.82849613327119
***** Mahalanobis distance (squared): 96 1 114.18733857272916
***** Mahalanobis distance (squared): 96 2 138.9234481104592
***** Mahalanobis distance (squared): 96 3 25.395892237346697
***** Mahalanobis distance (squared): 96 4 1.16578729134926
***** Mahalanobis distance (squared): 96 5 16.934292498943062
***** Mahalanobis distance (squared): 96 6 16.856456662161303
***** Mahalanobis distance (squared): 96 7 91.21873177263934
***** Mahalanobis distance (squared): 96 8 2.0718862172852095
***** Mahalanobis distance (squared): 96 9 4.925768952247613
***** Mahalanobis distance (squared): 96 10 109.66394104391917
***** Mahalanobis distance (squared): 96 11 113.2147145065884
***** Mahalanobis distance (squared): 96 12 3.5732343561680824
***** Mahalanobis distance (squared): 97 1 58.60630486811429
***** Mahalanobis distance (squared): 97 2 23.984662634199037
***** Mahalanobis distance (squared): 97 3 137.0130695053469
***** Mahalanobis distance (squared): 97 4 162.99166882527607
***** Mahalanobis distance (squared): 97 5 101.80059095713136
***** Mahalanobis distance (squared): 97 6 96.1225760670506
***** Mahalanobis distance (squared): 97 7 102.53544720373685
***** Mahalanobis distance (squared): 97 8 166.1610039921633
***** Mahalanobis distance (squared): 97 9 193.6190692952724
***** Mahalanobis distance (squared): 97 10 22.980551204134873
***** Mahalanobis distance (squared): 97 11 5.730834631928684
***** Mahalanobis distance (squared): 97 12 145.10203305739503
***** Mahalanobis distance (squared): 98 1 8.964086077885717
***** Mahalanobis distance (squared): 98 2 36.80557998097832
***** Mahalanobis distance (squared): 98 3 31.016049889480122
***** Mahalanobis distance (squared): 98 4 89.12657283194446
***** Mahalanobis distance (squared): 98 5 46.09176269354549
***** Mahalanobis distance (squared): 98 6 44.31563238520773
***** Mahalanobis distance (squared): 98 7 0.7853008544263499
***** Mahalanobis distance (squared): 98 8 84.68618963895081
***** Mahalanobis distance (squared): 98 9 144.3574156902464
***** Mahalanobis distance (squared): 98 10 32.99115231845895
***** Mahalanobis distance (squared): 98 11 75.4845471936107
***** Mahalanobis distance (squared): 98 12 114.67548950111403
***** Mahalanobis distance (squared): 99 1 6.656599060168138
***** Mahalanobis distance (squared): 99 2 3.189290165183655
***** Mahalanobis distance (squared): 99 3 55.338101453697405
***** Mahalanobis distance (squared): 99 4 96.35061964978328
***** Mahalanobis distance (squared): 99 5 44.60049915886395
***** Mahalanobis distance (squared): 99 6 41.00582950980984
***** Mahalanobis distance (squared): 99 7 24.36822762284656
***** Mahalanobis distance (squared): 99 8 95.78093546871693
***** Mahalanobis distance (squared): 99 9 138.76879792232748
***** Mahalanobis distance (squared): 99 10 0.19688182930396322
***** Mahalanobis distance (squared): 99 11 11.991243665030076
***** Mahalanobis distance (squared): 99 12 99.32611527877768
***** Mahalanobis distance (squared): 100 1 0.6761920981250025
***** Mahalanobis distance (squared): 100 2 14.916523577878486
***** Mahalanobis distance (squared): 100 3 37.89445465693681
***** Mahalanobis distance (squared): 100 4 90.97353540697947
***** Mahalanobis distance (squared): 100 5 42.7359771295219
***** Mahalanobis distance (squared): 100 6 39.99748600885325
***** Mahalanobis distance (squared): 100 7 4.275183981690982
***** Mahalanobis distance (squared): 100 8 88.07193392987658
***** Mahalanobis distance (squared): 100 9 141.98985853599746
***** Mahalanobis distance (squared): 100 10 12.495981808380918
***** Mahalanobis distance (squared): 100 11 43.03827339206267
***** Mahalanobis distance (squared): 100 12 107.89195089585883
***** Mahalanobis distance (squared): 101 1 40.27892725076761
***** Mahalanobis distance (squared): 101 2 65.45393493755849
***** Mahalanobis distance (squared): 101 3 3.274258752953595
***** Mahalanobis distance (squared): 101 4 18.22766959041681
***** Mahalanobis distance (squared): 101 5 1.1353437253496905
***** Mahalanobis distance (squared): 101 6 1.5392357318083167
***** Mahalanobis distance (squared): 101 7 25.1575223821583
***** Mahalanobis distance (squared): 101 8 16.627704385501726
***** Mahalanobis distance (squared): 101 9 48.04820712843226
***** Mahalanobis distance (squared): 101 10 45.25370916058537
***** Mahalanobis distance (squared): 101 11 62.843393116119934
***** Mahalanobis distance (squared): 101 12 24.55468258056285
***** Mahalanobis distance (squared): 102 1 163.44524478442676
***** Mahalanobis distance (squared): 102 2 188.05433508068654
***** Mahalanobis distance (squared): 102 3 53.70350404197512
***** Mahalanobis distance (squared): 102 4 11.33473648547643
***** Mahalanobis distance (squared): 102 5 47.3306237082935
***** Mahalanobis distance (squared): 102 6 45.411885551648744
***** Mahalanobis distance (squared): 102 7 136.97693658987274
***** Mahalanobis distance (squared): 102 8 13.459976123906776
***** Mahalanobis distance (squared): 102 9 1.0847425358907767
***** Mahalanobis distance (squared): 102 10 158.46267028178465
***** Mahalanobis distance (squared): 102 11 160.00764013679986
***** Mahalanobis distance (squared): 102 12 19.69969388878091
***** Mahalanobis distance (squared): 103 1 123.4088591518467
***** Mahalanobis distance (squared): 103 2 143.9162262994582
***** Mahalanobis distance (squared): 103 3 34.92301769268308
***** Mahalanobis distance (squared): 103 4 8.145695471208544
***** Mahalanobis distance (squared): 103 5 18.248441247065593
***** Mahalanobis distance (squared): 103 6 19.456032784577197
***** Mahalanobis distance (squared): 103 7 103.69348065541598
***** Mahalanobis distance (squared): 103 8 9.52729969726548
***** Mahalanobis distance (squared): 103 9 11.86092060396376
***** Mahalanobis distance (squared): 103 10 111.0492958278903
***** Mahalanobis distance (squared): 103 11 106.1782101201283
***** Mahalanobis distance (squared): 103 12 0.18030611720583473
***** Mahalanobis distance (squared): 104 1 92.26819192173565
***** Mahalanobis distance (squared): 104 2 129.54069751201834
***** Mahalanobis distance (squared): 104 3 9.243310953666862
***** Mahalanobis distance (squared): 104 4 3.445174486700207
***** Mahalanobis distance (squared): 104 5 14.329595933218028
***** Mahalanobis distance (squared): 104 6 14.645173095796471
***** Mahalanobis distance (squared): 104 7 61.43464112796537
***** Mahalanobis distance (squared): 104 8 2.0910938333448126
***** Mahalanobis distance (squared): 104 9 19.46945732287125
***** Mahalanobis distance (squared): 104 10 103.77417768729093
***** Mahalanobis distance (squared): 104 11 124.95165488274007
***** Mahalanobis distance (squared): 104 12 18.202949640397083
***** Mahalanobis distance (squared): 105 1 42.92330651720757
***** Mahalanobis distance (squared): 105 2 68.91809567257287
***** Mahalanobis distance (squared): 105 3 1.990062756023856
***** Mahalanobis distance (squared): 105 4 14.24928154358987
***** Mahalanobis distance (squared): 105 5 1.5873581967618287
***** Mahalanobis distance (squared): 105 6 1.498018792664099
***** Mahalanobis distance (squared): 105 7 26.525218386505944
***** Mahalanobis distance (squared): 105 8 12.76623400432298
***** Mahalanobis distance (squared): 105 9 41.71137694270518
***** Mahalanobis distance (squared): 105 10 49.168266387128995
***** Mahalanobis distance (squared): 105 11 67.84153053408991
***** Mahalanobis distance (squared): 105 12 23.27617819531664
***** Mahalanobis distance (squared): 106 1 36.90554889704854
***** Mahalanobis distance (squared): 106 2 70.87090559843541
***** Mahalanobis distance (squared): 106 3 1.565784372937913
***** Mahalanobis distance (squared): 106 4 25.903563598551006
***** Mahalanobis distance (squared): 106 5 12.112444966690063
***** Mahalanobis distance (squared): 106 6 11.531586396542671
***** Mahalanobis distance (squared): 106 7 15.676898797297145
***** Mahalanobis distance (squared): 106 8 22.991145538202776
***** Mahalanobis distance (squared): 106 9 60.50560109273862
***** Mahalanobis distance (squared): 106 10 55.20689826654259
***** Mahalanobis distance (squared): 106 11 87.25141088280762
***** Mahalanobis distance (squared): 106 12 46.36672823549932
***** Mahalanobis distance (squared): 107 1 10.18754157158116
***** Mahalanobis distance (squared): 107 2 1.5557693009594145
***** Mahalanobis distance (squared): 107 3 85.27491954227432
***** Mahalanobis distance (squared): 107 4 136.4831666643274
***** Mahalanobis distance (squared): 107 5 79.49786763452929
***** Mahalanobis distance (squared): 107 6 73.39244929067367
***** Mahalanobis distance (squared): 107 7 35.21209097939299
***** Mahalanobis distance (squared): 107 8 135.82844458553762
***** Mahalanobis distance (squared): 107 9 182.5970286262705
***** Mahalanobis distance (squared): 107 10 7.374513522580544
***** Mahalanobis distance (squared): 107 11 25.11273001320023
***** Mahalanobis distance (squared): 107 12 148.1898617938293
***** Mahalanobis distance (squared): 108 1 100.7150749871839
***** Mahalanobis distance (squared): 108 2 130.66180045142997
***** Mahalanobis distance (squared): 108 3 16.0063345336324
***** Mahalanobis distance (squared): 108 4 0.14468882157944193
***** Mahalanobis distance (squared): 108 5 14.449107232877878
***** Mahalanobis distance (squared): 108 6 14.162055808586254
***** Mahalanobis distance (squared): 108 7 74.67470186032345
***** Mahalanobis distance (squared): 108 8 0.08230002560008784
***** Mahalanobis distance (squared): 108 9 9.014282432468677
***** Mahalanobis distance (squared): 108 10 103.92882505513109
***** Mahalanobis distance (squared): 108 11 116.09456906294436
***** Mahalanobis distance (squared): 108 12 9.564742366864813
***** Mahalanobis distance (squared): 109 1 29.386609980989277
***** Mahalanobis distance (squared): 109 2 18.288917698000972
***** Mahalanobis distance (squared): 109 3 61.51555101114086
***** Mahalanobis distance (squared): 109 4 83.47592221078845
***** Mahalanobis distance (squared): 109 5 37.30806200297925
***** Mahalanobis distance (squared): 109 6 34.698452846572394
***** Mahalanobis distance (squared): 109 7 50.067790228387764
***** Mahalanobis distance (squared): 109 8 84.72164794574802
***** Mahalanobis distance (squared): 109 9 114.805842318657
***** Mahalanobis distance (squared): 109 10 8.202424639770635
***** Mahalanobis distance (squared): 109 11 2.933112050182354
***** Mahalanobis distance (squared): 109 12 71.9432697047675
***** Mahalanobis distance (squared): 110 1 14.465251713171263
***** Mahalanobis distance (squared): 110 2 46.97731601990026
***** Mahalanobis distance (squared): 110 3 25.164043970482144
***** Mahalanobis distance (squared): 110 4 80.66407580978486
***** Mahalanobis distance (squared): 110 5 42.562146501248186
***** Mahalanobis distance (squared): 110 6 41.23832430999646
***** Mahalanobis distance (squared): 110 7 1.30565889758109
***** Mahalanobis distance (squared): 110 8 75.96139915309185
***** Mahalanobis distance (squared): 110 9 134.66664156582803
***** Mahalanobis distance (squared): 110 10 41.261421608535606
***** Mahalanobis distance (squared): 110 11 85.870871165711
***** Mahalanobis distance (squared): 110 12 107.95331301966856
***** Mahalanobis distance (squared): 111 1 10.701297818594131
***** Mahalanobis distance (squared): 111 2 6.3002068538992555
***** Mahalanobis distance (squared): 111 3 52.38470892537883
***** Mahalanobis distance (squared): 111 4 87.91787110900444
***** Mahalanobis distance (squared): 111 5 38.32350491715747
***** Mahalanobis distance (squared): 111 6 35.202790629061724
***** Mahalanobis distance (squared): 111 7 28.063464474900815
***** Mahalanobis distance (squared): 111 8 87.7526851765212
***** Mahalanobis distance (squared): 111 9 127.35632945398474
***** Mahalanobis distance (squared): 111 10 0.7743964074736821
***** Mahalanobis distance (squared): 111 11 8.313841728984148
***** Mahalanobis distance (squared): 111 12 86.96869141944396
***** Mahalanobis distance (squared): 112 1 0.11488004009025315
***** Mahalanobis distance (squared): 112 2 8.026377916035353
***** Mahalanobis distance (squared): 112 3 48.652635780299505
***** Mahalanobis distance (squared): 112 4 102.09423269515914
***** Mahalanobis distance (squared): 112 5 50.15739083851036
***** Mahalanobis distance (squared): 112 6 46.671965664809505
***** Mahalanobis distance (squared): 112 7 9.805994534185084
***** Mahalanobis distance (squared): 112 8 99.7518604695676
***** Mahalanobis distance (squared): 112 9 152.54861769694094
***** Mahalanobis distance (squared): 112 10 7.674205801943024
***** Mahalanobis distance (squared): 112 11 34.50443215893682
***** Mahalanobis distance (squared): 112 12 116.82172368997352
***** Mahalanobis distance (squared): 113 1 49.73040478190788
***** Mahalanobis distance (squared): 113 2 73.86854440067103
***** Mahalanobis distance (squared): 113 3 3.983835659477425
***** Mahalanobis distance (squared): 113 4 10.842963262953052
***** Mahalanobis distance (squared): 113 5 0.5620113309268119
***** Mahalanobis distance (squared): 113 6 0.5806375895884133
***** Mahalanobis distance (squared): 113 7 33.90924609407047
***** Mahalanobis distance (squared): 113 8 9.854747037992642
***** Mahalanobis distance (squared): 113 9 34.95153757625238
***** Mahalanobis distance (squared): 113 10 52.50773957480186
***** Mahalanobis distance (squared): 113 11 67.09750947383706
***** Mahalanobis distance (squared): 113 12 16.853430591139105
***** Mahalanobis distance (squared): 114 1 127.6160928404271
***** Mahalanobis distance (squared): 114 2 152.2803679995315
***** Mahalanobis distance (squared): 114 3 34.575466091301415
***** Mahalanobis distance (squared): 114 4 4.518542718434754
***** Mahalanobis distance (squared): 114 5 30.59866572209534
***** Mahalanobis distance (squared): 114 6 28.673072840625316
***** Mahalanobis distance (squared): 114 7 103.71080480598768
***** Mahalanobis distance (squared): 114 8 5.8699847315150775
***** Mahalanobis distance (squared): 114 9 2.2681405223776765
***** Mahalanobis distance (squared): 114 10 125.91555206176251
***** Mahalanobis distance (squared): 114 11 132.22712470892353
***** Mahalanobis distance (squared): 114 12 14.79245988947387
***** Mahalanobis distance (squared): 115 1 78.50102032839293
***** Mahalanobis distance (squared): 115 2 101.21265148008433
***** Mahalanobis distance (squared): 115 3 14.045203344431485
***** Mahalanobis distance (squared): 115 4 2.929426721943144
***** Mahalanobis distance (squared): 115 5 11.720653483811995
***** Mahalanobis distance (squared): 115 6 9.850704164211935
***** Mahalanobis distance (squared): 115 7 60.43667350013674
***** Mahalanobis distance (squared): 115 8 3.2653049694027128
***** Mahalanobis distance (squared): 115 9 13.097804883395181
***** Mahalanobis distance (squared): 115 10 79.71527523081296
***** Mahalanobis distance (squared): 115 11 91.28223593068644
***** Mahalanobis distance (squared): 115 12 13.957629877820072
***** Mahalanobis distance (squared): 116 1 86.58475230959381
***** Mahalanobis distance (squared): 116 2 118.92126504753907
***** Mahalanobis distance (squared): 116 3 10.910981511666753
***** Mahalanobis distance (squared): 116 4 3.1823112066794987
***** Mahalanobis distance (squared): 116 5 15.402545272520396
***** Mahalanobis distance (squared): 116 6 14.342259990964541
***** Mahalanobis distance (squared): 116 7 60.132800405867116
***** Mahalanobis distance (squared): 116 8 2.434880161240121
***** Mahalanobis distance (squared): 116 9 16.37495686073866
***** Mahalanobis distance (squared): 116 10 96.08503139652898
***** Mahalanobis distance (squared): 116 11 115.69143415642817
***** Mahalanobis distance (squared): 116 12 19.679748334470016
***** Mahalanobis distance (squared): 117 1 44.36896077773825
***** Mahalanobis distance (squared): 117 2 66.65902670600106
***** Mahalanobis distance (squared): 117 3 5.498843642738259
***** Mahalanobis distance (squared): 117 4 15.81829761551075
***** Mahalanobis distance (squared): 117 5 0.16167757368498406
***** Mahalanobis distance (squared): 117 6 0.4771420423134551
***** Mahalanobis distance (squared): 117 7 30.973929090588324
***** Mahalanobis distance (squared): 117 8 14.762882658889433
***** Mahalanobis distance (squared): 117 9 42.563858874576155
***** Mahalanobis distance (squared): 117 10 45.547596071723746
***** Mahalanobis distance (squared): 117 11 58.92552621016609
***** Mahalanobis distance (squared): 117 12 19.23498427540315
***** Mahalanobis distance (squared): 118 1 53.179558027653755
***** Mahalanobis distance (squared): 118 2 89.74710468270062
***** Mahalanobis distance (squared): 118 3 1.1105984921430194
***** Mahalanobis distance (squared): 118 4 16.37963645295015
***** Mahalanobis distance (squared): 118 5 11.46153760007525
***** Mahalanobis distance (squared): 118 6 11.14949306321677
***** Mahalanobis distance (squared): 118 7 27.557243037297603
***** Mahalanobis distance (squared): 118 8 13.796156516892454
***** Mahalanobis distance (squared): 118 9 45.364534300450615
***** Mahalanobis distance (squared): 118 10 70.99699225225787
***** Mahalanobis distance (squared): 118 11 101.26993707912392
***** Mahalanobis distance (squared): 118 12 36.60323452572401
***** Mahalanobis distance (squared): 119 1 13.477005856773298
***** Mahalanobis distance (squared): 119 2 0.9714754097571006
***** Mahalanobis distance (squared): 119 3 91.2897572122094
***** Mahalanobis distance (squared): 119 4 140.18517926358402
***** Mahalanobis distance (squared): 119 5 81.80725043754245
***** Mahalanobis distance (squared): 119 6 75.63196493930234
***** Mahalanobis distance (squared): 119 7 41.64344258367133
***** Mahalanobis distance (squared): 119 8 140.01540060723815
***** Mahalanobis distance (squared): 119 9 184.77189436657855
***** Mahalanobis distance (squared): 119 10 6.4699525041788375
***** Mahalanobis distance (squared): 119 11 19.91055580341234
***** Mahalanobis distance (squared): 119 12 148.33112349186683
***** Mahalanobis distance (squared): 120 1 88.65168555709549
***** Mahalanobis distance (squared): 120 2 121.50220545358168
***** Mahalanobis distance (squared): 120 3 11.394967565907228
***** Mahalanobis distance (squared): 120 4 3.1389262296116045
***** Mahalanobis distance (squared): 120 5 16.086516268582955
***** Mahalanobis distance (squared): 120 6 15.079361371131206
***** Mahalanobis distance (squared): 120 7 61.600192477166196
***** Mahalanobis distance (squared): 120 8 2.3774937270723924
***** Mahalanobis distance (squared): 120 9 16.04425826574615
***** Mahalanobis distance (squared): 120 10 98.38606738720395
***** Mahalanobis distance (squared): 120 11 118.12460141875367
***** Mahalanobis distance (squared): 120 12 19.776326316177364
***** Mahalanobis distance (squared): 121 1 44.007855315371955
***** Mahalanobis distance (squared): 121 2 27.900560259665518
***** Mahalanobis distance (squared): 121 3 78.08603882558516
***** Mahalanobis distance (squared): 121 4 96.71202154104664
***** Mahalanobis distance (squared): 121 5 47.27431213043711
***** Mahalanobis distance (squared): 121 6 45.1458243628531
***** Mahalanobis distance (squared): 121 7 68.60716199094779
***** Mahalanobis distance (squared): 121 8 98.58314035557727
***** Mahalanobis distance (squared): 121 9 126.53061679057464
***** Mahalanobis distance (squared): 121 10 15.945525409025565
***** Mahalanobis distance (squared): 121 11 3.425494933636665
***** Mahalanobis distance (squared): 121 12 77.80308152488635
***** Mahalanobis distance (squared): 122 1 21.98354250209993
***** Mahalanobis distance (squared): 122 2 57.31984345581252
***** Mahalanobis distance (squared): 122 3 19.873080298947617
***** Mahalanobis distance (squared): 122 4 72.63391314486756
***** Mahalanobis distance (squared): 122 5 31.571980502645186
***** Mahalanobis distance (squared): 122 6 32.773092048719036
***** Mahalanobis distance (squared): 122 7 5.281638314874347
***** Mahalanobis distance (squared): 122 8 67.75375134457057
***** Mahalanobis distance (squared): 122 9 127.84526697294915
***** Mahalanobis distance (squared): 122 10 44.77456762547851
***** Mahalanobis distance (squared): 122 11 84.06710514015779
***** Mahalanobis distance (squared): 122 12 90.08529702798722
***** Mahalanobis distance (squared): 123 1 14.069597756431028
***** Mahalanobis distance (squared): 123 2 13.552037766184593
***** Mahalanobis distance (squared): 123 3 64.40264316255075
***** Mahalanobis distance (squared): 123 4 113.45662787082252
***** Mahalanobis distance (squared): 123 5 50.05619560429684
***** Mahalanobis distance (squared): 123 6 49.00567870874627
***** Mahalanobis distance (squared): 123 7 30.407784157661553
***** Mahalanobis distance (squared): 123 8 112.02414424024217
***** Mahalanobis distance (squared): 123 9 164.11740382778734
***** Mahalanobis distance (squared): 123 10 6.493235940955964
***** Mahalanobis distance (squared): 123 11 17.14740927261737
***** Mahalanobis distance (squared): 123 12 108.21649894717086
***** Mahalanobis distance (squared): 124 1 3.3911427799140808
***** Mahalanobis distance (squared): 124 2 17.91401140529552
***** Mahalanobis distance (squared): 124 3 35.54862096434675
***** Mahalanobis distance (squared): 124 4 87.46050327836733
***** Mahalanobis distance (squared): 124 5 35.60772432003774
***** Mahalanobis distance (squared): 124 6 34.44422945341422
***** Mahalanobis distance (squared): 124 7 6.279291126760879
***** Mahalanobis distance (squared): 124 8 84.54326809623517
***** Mahalanobis distance (squared): 124 9 139.60645823206337
***** Mahalanobis distance (squared): 124 10 11.419124768456166
***** Mahalanobis distance (squared): 124 11 37.47434997054811
***** Mahalanobis distance (squared): 124 12 96.96690212439653
***** Mahalanobis distance (squared): 125 1 64.16739266022014
***** Mahalanobis distance (squared): 125 2 90.49147487154005
***** Mahalanobis distance (squared): 125 3 9.817747985218892
***** Mahalanobis distance (squared): 125 4 15.480201201021911
***** Mahalanobis distance (squared): 125 5 2.2434675512369036
***** Mahalanobis distance (squared): 125 6 4.188818811876784
***** Mahalanobis distance (squared): 125 7 45.80402970546776
***** Mahalanobis distance (squared): 125 8 14.2980324928387
***** Mahalanobis distance (squared): 125 9 41.09193373326937
***** Mahalanobis distance (squared): 125 10 64.15151008580828
***** Mahalanobis distance (squared): 125 11 75.05360685220523
***** Mahalanobis distance (squared): 125 12 14.144364136757556
***** Mahalanobis distance (squared): 126 1 141.9486563428188
***** Mahalanobis distance (squared): 126 2 164.8182043489624
***** Mahalanobis distance (squared): 126 3 41.11348428025357
***** Mahalanobis distance (squared): 126 4 5.214417240583901
***** Mahalanobis distance (squared): 126 5 30.48074047679923
***** Mahalanobis distance (squared): 126 6 29.843392335844865
***** Mahalanobis distance (squared): 126 7 118.31959963163246
***** Mahalanobis distance (squared): 126 8 7.034999097629505
***** Mahalanobis distance (squared): 126 9 0.7408142100140412
***** Mahalanobis distance (squared): 126 10 133.90652783392542
***** Mahalanobis distance (squared): 126 11 132.7976311753097
***** Mahalanobis distance (squared): 126 12 6.844302802021834
***** Mahalanobis distance (squared): 127 1 129.59667085844322
***** Mahalanobis distance (squared): 127 2 151.6867047862788
***** Mahalanobis distance (squared): 127 3 37.801310168851195
***** Mahalanobis distance (squared): 127 4 11.465161463803717
***** Mahalanobis distance (squared): 127 5 20.163188616042124
***** Mahalanobis distance (squared): 127 6 22.178428419631494
***** Mahalanobis distance (squared): 127 7 108.392390688069
***** Mahalanobis distance (squared): 127 8 12.648483471517705
***** Mahalanobis distance (squared): 127 9 16.41321584705735
***** Mahalanobis distance (squared): 127 10 116.95857045259788
***** Mahalanobis distance (squared): 127 11 111.52167527253208
***** Mahalanobis distance (squared): 127 12 1.1708765547187219
***** Mahalanobis distance (squared): 128 1 124.30083583701398
***** Mahalanobis distance (squared): 128 2 151.49693306246274
***** Mahalanobis distance (squared): 128 3 28.155190355755153
***** Mahalanobis distance (squared): 128 4 1.6936712314089797
***** Mahalanobis distance (squared): 128 5 20.426969151357117
***** Mahalanobis distance (squared): 128 6 20.694648733949766
***** Mahalanobis distance (squared): 128 7 98.51347603751421
***** Mahalanobis distance (squared): 128 8 2.5107786778180428
***** Mahalanobis distance (squared): 128 9 4.378567285037852
***** Mahalanobis distance (squared): 128 10 120.75625947008454
***** Mahalanobis distance (squared): 128 11 124.80161182949705
***** Mahalanobis distance (squared): 128 12 4.379999393875314
***** Mahalanobis distance (squared): 129 1 38.46673944033355
***** Mahalanobis distance (squared): 129 2 62.821671413509776
***** Mahalanobis distance (squared): 129 3 4.965240104342813
***** Mahalanobis distance (squared): 129 4 22.050451948495148
***** Mahalanobis distance (squared): 129 5 1.5203505419390135
***** Mahalanobis distance (squared): 129 6 2.2419434743092244
***** Mahalanobis distance (squared): 129 7 24.52504575100249
***** Mahalanobis distance (squared): 129 8 20.37585986462131
***** Mahalanobis distance (squared): 129 9 53.65259709344078
***** Mahalanobis distance (squared): 129 10 42.44352620676854
***** Mahalanobis distance (squared): 129 11 59.21459413786783
***** Mahalanobis distance (squared): 129 12 26.429538822508842
***** Mahalanobis distance (squared): 130 1 52.83888874246638
***** Mahalanobis distance (squared): 130 2 90.42234990604713
***** Mahalanobis distance (squared): 130 3 0.47910085842079786
***** Mahalanobis distance (squared): 130 4 18.451450116665697
***** Mahalanobis distance (squared): 130 5 8.360618480818758
***** Mahalanobis distance (squared): 130 6 9.321823129444704
***** Mahalanobis distance (squared): 130 7 26.679396631570498
***** Mahalanobis distance (squared): 130 8 15.558836077350456
***** Mahalanobis distance (squared): 130 9 50.7093533019517
***** Mahalanobis distance (squared): 130 10 69.30630513086659
***** Mahalanobis distance (squared): 130 11 98.07613006004968
***** Mahalanobis distance (squared): 130 12 33.94564249767395
***** Mahalanobis distance (squared): 131 1 5.2910937079661915
***** Mahalanobis distance (squared): 131 2 6.0936563993591575
***** Mahalanobis distance (squared): 131 3 58.04393904618561
***** Mahalanobis distance (squared): 131 4 108.44187377954141
***** Mahalanobis distance (squared): 131 5 49.15421413438159
***** Mahalanobis distance (squared): 131 6 46.7902532904697
***** Mahalanobis distance (squared): 131 7 20.845284035897564
***** Mahalanobis distance (squared): 131 8 106.86369039048326
***** Mahalanobis distance (squared): 131 9 158.37704861972125
***** Mahalanobis distance (squared): 131 10 2.482572880177788
***** Mahalanobis distance (squared): 131 11 18.468365389948094
***** Mahalanobis distance (squared): 131 12 110.86370704937524
***** Mahalanobis distance (squared): 132 1 133.9579909204424
***** Mahalanobis distance (squared): 132 2 156.19766199977894
***** Mahalanobis distance (squared): 132 3 37.25346611597932
***** Mahalanobis distance (squared): 132 4 4.892392640919642
***** Mahalanobis distance (squared): 132 5 24.164038280049365
***** Mahalanobis distance (squared): 132 6 24.363496819663055
***** Mahalanobis distance (squared): 132 7 111.56374048265566
***** Mahalanobis distance (squared): 132 8 6.512836463072051
***** Mahalanobis distance (squared): 132 9 3.736131392368636
***** Mahalanobis distance (squared): 132 10 124.22952138156104
***** Mahalanobis distance (squared): 132 11 121.59663944085347
***** Mahalanobis distance (squared): 132 12 2.4859607913661543
***** Mahalanobis distance (squared): 133 1 22.834154303246283
***** Mahalanobis distance (squared): 133 2 4.934442026106724
***** Mahalanobis distance (squared): 133 3 84.4413058475741
***** Mahalanobis distance (squared): 133 4 116.3066136632722
***** Mahalanobis distance (squared): 133 5 65.31123155597876
***** Mahalanobis distance (squared): 133 6 59.65327533101818
***** Mahalanobis distance (squared): 133 7 52.366361609310005
***** Mahalanobis distance (squared): 133 8 117.6500081897896
***** Mahalanobis distance (squared): 133 9 150.52271340513
***** Mahalanobis distance (squared): 133 10 4.916264929349242
***** Mahalanobis distance (squared): 133 11 5.4247670972806805
***** Mahalanobis distance (squared): 133 12 114.52045706146416
***** Mahalanobis distance (squared): 134 1 20.95348222013059
***** Mahalanobis distance (squared): 134 2 54.73094742656922
***** Mahalanobis distance (squared): 134 3 32.79480164158129
***** Mahalanobis distance (squared): 134 4 88.43123660656663
***** Mahalanobis distance (squared): 134 5 55.82423753925114
***** Mahalanobis distance (squared): 134 6 53.03918652696805
***** Mahalanobis distance (squared): 134 7 6.823374502826967
***** Mahalanobis distance (squared): 134 8 83.66907847452364
***** Mahalanobis distance (squared): 134 9 140.7459158960704
***** Mahalanobis distance (squared): 134 10 52.50230147015457
***** Mahalanobis distance (squared): 134 11 102.33572671099681
***** Mahalanobis distance (squared): 134 12 123.85675303932058
***** Mahalanobis distance (squared): 135 1 4.7712481677768235
***** Mahalanobis distance (squared): 135 2 4.69807470362495
***** Mahalanobis distance (squared): 135 3 57.94145885734992
***** Mahalanobis distance (squared): 135 4 103.4535260424349
***** Mahalanobis distance (squared): 135 5 56.452783950291376
***** Mahalanobis distance (squared): 135 6 51.109129837312956
***** Mahalanobis distance (squared): 135 7 20.483427253145408
***** Mahalanobis distance (squared): 135 8 102.37790598329337
***** Mahalanobis distance (squared): 135 9 146.64238136822513
***** Mahalanobis distance (squared): 135 10 6.954552696661719
***** Mahalanobis distance (squared): 135 11 28.405541706164993
***** Mahalanobis distance (squared): 135 12 118.53323432380324
***** Mahalanobis distance (squared): 136 1 8.260996945535757
***** Mahalanobis distance (squared): 136 2 30.64723322135834
***** Mahalanobis distance (squared): 136 3 43.8207092958816
***** Mahalanobis distance (squared): 136 4 103.18268883775833
***** Mahalanobis distance (squared): 136 5 60.097506388119626
***** Mahalanobis distance (squared): 136 6 56.402119434343895
***** Mahalanobis distance (squared): 136 7 5.69369992595424
***** Mahalanobis distance (squared): 136 8 99.21745242445819
***** Mahalanobis distance (squared): 136 9 157.00672776680585
***** Mahalanobis distance (squared): 136 10 31.906567371872818
***** Mahalanobis distance (squared): 136 11 75.04450953463991
***** Mahalanobis distance (squared): 136 12 133.05408071019139
***** Mahalanobis distance (squared): 137 1 40.877371519368566
***** Mahalanobis distance (squared): 137 2 62.95218257872427
***** Mahalanobis distance (squared): 137 3 4.234524692334732
***** Mahalanobis distance (squared): 137 4 13.473395412664486
***** Mahalanobis distance (squared): 137 5 3.8329299698581156
***** Mahalanobis distance (squared): 137 6 2.404240560814048
***** Mahalanobis distance (squared): 137 7 27.674380699076924
***** Mahalanobis distance (squared): 137 8 12.575063237907813
***** Mahalanobis distance (squared): 137 9 37.422755656705654
***** Mahalanobis distance (squared): 137 10 45.73061078948952
***** Mahalanobis distance (squared): 137 11 63.26315277514757
***** Mahalanobis distance (squared): 137 12 24.83572305755607
***** Mahalanobis distance (squared): 138 1 178.83319164778322
***** Mahalanobis distance (squared): 138 2 207.13736910360424
***** Mahalanobis distance (squared): 138 3 58.461926076366744
***** Mahalanobis distance (squared): 138 4 13.291856862632438
***** Mahalanobis distance (squared): 138 5 52.76964805070463
***** Mahalanobis distance (squared): 138 6 51.541581973372736
***** Mahalanobis distance (squared): 138 7 148.2261017945498
***** Mahalanobis distance (squared): 138 8 15.242061726446783
***** Mahalanobis distance (squared): 138 9 1.9914488569608817
***** Mahalanobis distance (squared): 138 10 175.05448816872263
***** Mahalanobis distance (squared): 138 11 177.08307932260462
***** Mahalanobis distance (squared): 138 12 21.340038585491893
***** Mahalanobis distance (squared): 139 1 102.59251021819215
***** Mahalanobis distance (squared): 139 2 117.0406173817065
***** Mahalanobis distance (squared): 139 3 30.459305680972264
***** Mahalanobis distance (squared): 139 4 6.852978364248674
***** Mahalanobis distance (squared): 139 5 13.756695812031781
***** Mahalanobis distance (squared): 139 6 13.388006729891002
***** Mahalanobis distance (squared): 139 7 89.41793239130413
***** Mahalanobis distance (squared): 139 8 8.628508207734859
***** Mahalanobis distance (squared): 139 9 10.831897197586647
***** Mahalanobis distance (squared): 139 10 88.94730286739023
***** Mahalanobis distance (squared): 139 11 83.95325150599473
***** Mahalanobis distance (squared): 139 12 1.3083732981697913
***** Mahalanobis distance (squared): 140 1 102.99509087880902
***** Mahalanobis distance (squared): 140 2 142.36897468217163
***** Mahalanobis distance (squared): 140 3 12.869510883794455
***** Mahalanobis distance (squared): 140 4 4.084808607028164
***** Mahalanobis distance (squared): 140 5 19.40859099103236
***** Mahalanobis distance (squared): 140 6 19.682333451580124
***** Mahalanobis distance (squared): 140 7 69.5668388163952
***** Mahalanobis distance (squared): 140 8 2.735897554786896
***** Mahalanobis distance (squared): 140 9 18.082818738625292
***** Mahalanobis distance (squared): 140 10 115.86009040333336
***** Mahalanobis distance (squared): 140 11 137.96895765810046
***** Mahalanobis distance (squared): 140 12 20.524816192584648
***** Mahalanobis distance (squared): 141 1 61.609629259216184
***** Mahalanobis distance (squared): 141 2 77.86465576193191
***** Mahalanobis distance (squared): 141 3 12.943836400498535
***** Mahalanobis distance (squared): 141 4 7.106045779879983
***** Mahalanobis distance (squared): 141 5 4.287273658798162
***** Mahalanobis distance (squared): 141 6 2.9160286950095484
***** Mahalanobis distance (squared): 141 7 50.64332006919497
***** Mahalanobis distance (squared): 141 8 7.654592410161365
***** Mahalanobis distance (squared): 141 9 21.40938201567748
***** Mahalanobis distance (squared): 141 10 56.74713695333096
***** Mahalanobis distance (squared): 141 11 62.953503966490636
***** Mahalanobis distance (squared): 141 12 10.62519442512276
***** Mahalanobis distance (squared): 142 1 72.53047764452317
***** Mahalanobis distance (squared): 142 2 114.7507888621736
***** Mahalanobis distance (squared): 142 3 7.102924731951479
***** Mahalanobis distance (squared): 142 4 18.05850397662387
***** Mahalanobis distance (squared): 142 5 23.129547006672762
***** Mahalanobis distance (squared): 142 6 22.356707859565073
***** Mahalanobis distance (squared): 142 7 40.762139031042366
***** Mahalanobis distance (squared): 142 8 15.27060578416034
***** Mahalanobis distance (squared): 142 9 43.594151356615775
***** Mahalanobis distance (squared): 142 10 95.80605896887474
***** Mahalanobis distance (squared): 142 11 130.9555654260388
***** Mahalanobis distance (squared): 142 12 45.016979128532114
***** Mahalanobis distance (squared): 143 1 10.001805909683734
***** Mahalanobis distance (squared): 143 2 4.601338316341781
***** Mahalanobis distance (squared): 143 3 92.18675698597073
***** Mahalanobis distance (squared): 143 4 152.02081721405992
***** Mahalanobis distance (squared): 143 5 91.15955752838111
***** Mahalanobis distance (squared): 143 6 84.9835451744127
***** Mahalanobis distance (squared): 143 7 33.8434720257616
***** Mahalanobis distance (squared): 143 8 150.54839663969173
***** Mahalanobis distance (squared): 143 9 203.60966317871194
***** Mahalanobis distance (squared): 143 10 12.742125751658488
***** Mahalanobis distance (squared): 143 11 36.97193115676013
***** Mahalanobis distance (squared): 143 12 168.30428207407658
***** Mahalanobis distance (squared): 144 1 126.19582719799529
***** Mahalanobis distance (squared): 144 2 154.9498129326888
***** Mahalanobis distance (squared): 144 3 29.43972703648716
***** Mahalanobis distance (squared): 144 4 2.3856538007101387
***** Mahalanobis distance (squared): 144 5 26.952645031428855
***** Mahalanobis distance (squared): 144 6 25.927661708196077
***** Mahalanobis distance (squared): 144 7 98.98829184635626
***** Mahalanobis distance (squared): 144 8 3.156492911730297
***** Mahalanobis distance (squared): 144 9 3.106494850110706
***** Mahalanobis distance (squared): 144 10 127.09486142578771
***** Mahalanobis distance (squared): 144 11 135.89768292705082
***** Mahalanobis distance (squared): 144 12 12.565763883493949
***** Mahalanobis distance (squared): 145 1 65.84228492929239
***** Mahalanobis distance (squared): 145 2 33.34637870717046
***** Mahalanobis distance (squared): 145 3 118.16356450769767
***** Mahalanobis distance (squared): 145 4 127.490015934622
***** Mahalanobis distance (squared): 145 5 81.3156831660825
***** Mahalanobis distance (squared): 145 6 75.76879820484086
***** Mahalanobis distance (squared): 145 7 104.23093510238523
***** Mahalanobis distance (squared): 145 8 131.50922673654983
***** Mahalanobis distance (squared): 145 9 147.40938884855754
***** Mahalanobis distance (squared): 145 10 27.620781532730735
***** Mahalanobis distance (squared): 145 11 5.639485129509793
***** Mahalanobis distance (squared): 145 12 108.45502875885174
***** Mahalanobis distance (squared): 146 1 22.52803968489628
***** Mahalanobis distance (squared): 146 2 58.74116510581209
***** Mahalanobis distance (squared): 146 3 22.806987447471965
***** Mahalanobis distance (squared): 146 4 74.02313841954386
***** Mahalanobis distance (squared): 146 5 44.14200317234668
***** Mahalanobis distance (squared): 146 6 42.35408766265914
***** Mahalanobis distance (squared): 146 7 5.055028015366771
***** Mahalanobis distance (squared): 146 8 69.28442004498795
***** Mahalanobis distance (squared): 146 9 124.62261651825497
***** Mahalanobis distance (squared): 146 10 52.9048380611058
***** Mahalanobis distance (squared): 146 11 100.59418518637762
***** Mahalanobis distance (squared): 146 12 106.27856336121832
***** Mahalanobis distance (squared): 147 1 16.284985884468984
***** Mahalanobis distance (squared): 147 2 2.067905038367896
***** Mahalanobis distance (squared): 147 3 80.14755115333575
***** Mahalanobis distance (squared): 147 4 118.64207558541746
***** Mahalanobis distance (squared): 147 5 63.50199841485425
***** Mahalanobis distance (squared): 147 6 58.52364719259466
***** Mahalanobis distance (squared): 147 7 43.693543574537344
***** Mahalanobis distance (squared): 147 8 119.22273410172522
***** Mahalanobis distance (squared): 147 9 157.9290921485134
***** Mahalanobis distance (squared): 147 10 2.0457188877095476
***** Mahalanobis distance (squared): 147 11 6.653873362702786
***** Mahalanobis distance (squared): 147 12 117.97888431071574
***** Mahalanobis distance (squared): 148 1 4.691094149442573
***** Mahalanobis distance (squared): 148 2 23.23342629349189
***** Mahalanobis distance (squared): 148 3 53.78217820059784
***** Mahalanobis distance (squared): 148 4 119.32340259912831
***** Mahalanobis distance (squared): 148 5 66.85377973059303
***** Mahalanobis distance (squared): 148 6 63.45827379290327
***** Mahalanobis distance (squared): 148 7 6.993953998179802
***** Mahalanobis distance (squared): 148 8 115.29489728780506
***** Mahalanobis distance (squared): 148 9 177.58829646859937
***** Mahalanobis distance (squared): 148 10 25.504143158179108
***** Mahalanobis distance (squared): 148 11 66.60104735089845
***** Mahalanobis distance (squared): 148 12 145.16049983201694
***** Mahalanobis distance (squared): 149 1 48.19670735282785
***** Mahalanobis distance (squared): 149 2 71.68896636930472
***** Mahalanobis distance (squared): 149 3 3.979174611501653
***** Mahalanobis distance (squared): 149 4 10.893776719090079
***** Mahalanobis distance (squared): 149 5 0.77044586654822
***** Mahalanobis distance (squared): 149 6 0.53292955308134
***** Mahalanobis distance (squared): 149 7 33.02389550141378
***** Mahalanobis distance (squared): 149 8 9.968781245742331
***** Mahalanobis distance (squared): 149 9 34.74074151001638
***** Mahalanobis distance (squared): 149 10 50.973733578476455
***** Mahalanobis distance (squared): 149 11 65.68347554345685
***** Mahalanobis distance (squared): 149 12 17.539891625426836
***** Mahalanobis distance (squared): 150 1 201.23937357723324
***** Mahalanobis distance (squared): 150 2 221.9962795709238
***** Mahalanobis distance (squared): 150 3 82.02382227034242
***** Mahalanobis distance (squared): 150 4 26.762983815435085
***** Mahalanobis distance (squared): 150 5 73.50479321251801
***** Mahalanobis distance (squared): 150 6 70.35907158215251
***** Mahalanobis distance (squared): 150 7 175.79281105296093
***** Mahalanobis distance (squared): 150 8 30.079272214257532
***** Mahalanobis distance (squared): 150 9 6.7128250315409925
***** Mahalanobis distance (squared): 150 10 192.08697523011384
***** Mahalanobis distance (squared): 150 11 188.48153049498669
***** Mahalanobis distance (squared): 150 12 35.5266793413846
***** Mahalanobis distance (squared): 151 1 129.53751032926377
***** Mahalanobis distance (squared): 151 2 150.2084333394223
***** Mahalanobis distance (squared): 151 3 36.54678783140278
***** Mahalanobis distance (squared): 151 4 4.320453688825784
***** Mahalanobis distance (squared): 151 5 23.974937523169316
***** Mahalanobis distance (squared): 151 6 23.5522637924555
***** Mahalanobis distance (squared): 151 7 108.71799807713631
***** Mahalanobis distance (squared): 151 8 6.094451328314223
***** Mahalanobis distance (squared): 151 9 2.5287817596496662
***** Mahalanobis distance (squared): 151 10 119.80829132636588
***** Mahalanobis distance (squared): 151 11 117.46680371789341
***** Mahalanobis distance (squared): 151 12 3.4579154124371563
***** Mahalanobis distance (squared): 152 1 107.85469254771974
***** Mahalanobis distance (squared): 152 2 143.92117046064493
***** Mahalanobis distance (squared): 152 3 19.173029394388166
***** Mahalanobis distance (squared): 152 4 5.609819170504974
***** Mahalanobis distance (squared): 152 5 26.651233070074223
***** Mahalanobis distance (squared): 152 6 25.35033985744607
***** Mahalanobis distance (squared): 152 7 76.70488053666976
***** Mahalanobis distance (squared): 152 8 4.911642713791226
***** Mahalanobis distance (squared): 152 9 14.658893512004022
***** Mahalanobis distance (squared): 152 10 120.02535374632795
***** Mahalanobis distance (squared): 152 11 141.53620505547096
***** Mahalanobis distance (squared): 152 12 25.806066647029077
***** Mahalanobis distance (squared): 153 1 48.02928100875166
***** Mahalanobis distance (squared): 153 2 71.24827621514352
***** Mahalanobis distance (squared): 153 3 3.977430728902266
***** Mahalanobis distance (squared): 153 4 10.280319810551555
***** Mahalanobis distance (squared): 153 5 1.3446516206665275
***** Mahalanobis distance (squared): 153 6 0.8006552621902697
***** Mahalanobis distance (squared): 153 7 33.02092416713298
***** Mahalanobis distance (squared): 153 8 9.42980220638657
***** Mahalanobis distance (squared): 153 9 33.36526829529054
***** Mahalanobis distance (squared): 153 10 51.11357556200117
***** Mahalanobis distance (squared): 153 11 66.1732605414138
***** Mahalanobis distance (squared): 153 12 18.044290287012398
***** Mahalanobis distance (squared): 154 1 65.22498352951918
***** Mahalanobis distance (squared): 154 2 107.93160735974278
***** Mahalanobis distance (squared): 154 3 7.802672332447247
***** Mahalanobis distance (squared): 154 4 24.761523747312378
***** Mahalanobis distance (squared): 154 5 26.266569826685163
***** Mahalanobis distance (squared): 154 6 25.21045271197259
***** Mahalanobis distance (squared): 154 7 34.311903358027784
***** Mahalanobis distance (squared): 154 8 21.56764813762369
***** Mahalanobis distance (squared): 154 9 53.85399315396674
***** Mahalanobis distance (squared): 154 10 91.21503312773301
***** Mahalanobis distance (squared): 154 11 129.8815636870543
***** Mahalanobis distance (squared): 154 12 54.40451790704495
***** Mahalanobis distance (squared): 155 1 14.69444285655724
***** Mahalanobis distance (squared): 155 2 1.3520356284908455
***** Mahalanobis distance (squared): 155 3 101.42325507859388
***** Mahalanobis distance (squared): 155 4 156.55886825464756
***** Mahalanobis distance (squared): 155 5 91.06762020697657
***** Mahalanobis distance (squared): 155 6 85.31732406822312
***** Mahalanobis distance (squared): 155 7 44.91497612456949
***** Mahalanobis distance (squared): 155 8 156.0548716650865
***** Mahalanobis distance (squared): 155 9 205.72888958420555
***** Mahalanobis distance (squared): 155 10 7.488746394793951
***** Mahalanobis distance (squared): 155 11 21.36903833375561
***** Mahalanobis distance (squared): 155 12 162.83997538215093
***** Mahalanobis distance (squared): 156 1 145.37951690302796
***** Mahalanobis distance (squared): 156 2 179.4667278268961
***** Mahalanobis distance (squared): 156 3 37.424554197794876
***** Mahalanobis distance (squared): 156 4 7.519257418663267
***** Mahalanobis distance (squared): 156 5 40.12018783260163
***** Mahalanobis distance (squared): 156 6 38.79201544000234
***** Mahalanobis distance (squared): 156 7 112.61544622563065
***** Mahalanobis distance (squared): 156 8 8.015764727004095
***** Mahalanobis distance (squared): 156 9 5.936533886174967
***** Mahalanobis distance (squared): 156 10 151.43185836532675
***** Mahalanobis distance (squared): 156 11 164.9407732143912
***** Mahalanobis distance (squared): 156 12 23.607925218253627
***** Mahalanobis distance (squared): 157 1 43.55076973583705
***** Mahalanobis distance (squared): 157 2 14.187066916549645
***** Mahalanobis distance (squared): 157 3 121.14638656237797
***** Mahalanobis distance (squared): 157 4 152.13247410169487
***** Mahalanobis distance (squared): 157 5 91.85808691357916
***** Mahalanobis distance (squared): 157 6 86.09771459673884
***** Mahalanobis distance (squared): 157 7 83.63433794487543
***** Mahalanobis distance (squared): 157 8 154.53404693250724
***** Mahalanobis distance (squared): 157 9 185.83496678493114
***** Mahalanobis distance (squared): 157 10 14.528238330230568
***** Mahalanobis distance (squared): 157 11 4.308733398084233
***** Mahalanobis distance (squared): 157 12 140.19649507682553
***** Mahalanobis distance (squared): 158 1 18.54518087258576
***** Mahalanobis distance (squared): 158 2 50.55974078959659
***** Mahalanobis distance (squared): 158 3 30.264161729234363
***** Mahalanobis distance (squared): 158 4 83.82143225997814
***** Mahalanobis distance (squared): 158 5 51.46971044980615
***** Mahalanobis distance (squared): 158 6 48.63443898064958
***** Mahalanobis distance (squared): 158 7 5.629286407038041
***** Mahalanobis distance (squared): 158 8 79.34485986585648
***** Mahalanobis distance (squared): 158 9 134.7511690007057
***** Mahalanobis distance (squared): 158 10 47.96150197917082
***** Mahalanobis distance (squared): 158 11 95.49787244702492
***** Mahalanobis distance (squared): 158 12 117.5619615282621
***** Mahalanobis distance (squared): 159 1 13.913092693611013
***** Mahalanobis distance (squared): 159 2 1.9903355858960572
***** Mahalanobis distance (squared): 159 3 72.63932218730777
***** Mahalanobis distance (squared): 159 4 109.54889382055818
***** Mahalanobis distance (squared): 159 5 58.42306106892801
***** Mahalanobis distance (squared): 159 6 53.2268271665041
***** Mahalanobis distance (squared): 159 7 38.866212217106764
***** Mahalanobis distance (squared): 159 8 110.0374783458186
***** Mahalanobis distance (squared): 159 9 147.50668361081102
***** Mahalanobis distance (squared): 159 10 2.0061015366325634
***** Mahalanobis distance (squared): 159 11 8.74111522717155
***** Mahalanobis distance (squared): 159 12 111.79071088200675
***** Mahalanobis distance (squared): 160 1 1.691389737367697
***** Mahalanobis distance (squared): 160 2 3.7784823873917293
***** Mahalanobis distance (squared): 160 3 54.9920458588117
***** Mahalanobis distance (squared): 160 4 104.5594966891526
***** Mahalanobis distance (squared): 160 5 52.75251426754048
***** Mahalanobis distance (squared): 160 6 48.540014836903275
***** Mahalanobis distance (squared): 160 7 16.10076879873041
***** Mahalanobis distance (squared): 160 8 102.99630101820813
***** Mahalanobis distance (squared): 160 9 151.71193696311866
***** Mahalanobis distance (squared): 160 10 4.3267719607137325
***** Mahalanobis distance (squared): 160 11 26.244132629427703
***** Mahalanobis distance (squared): 160 12 116.83557540814571
***** Mahalanobis distance (squared): 161 1 65.73731507972985
***** Mahalanobis distance (squared): 161 2 89.2002930327539
***** Mahalanobis distance (squared): 161 3 7.851811780485911
***** Mahalanobis distance (squared): 161 4 3.832388904753524
***** Mahalanobis distance (squared): 161 5 4.4157575627451
***** Mahalanobis distance (squared): 161 6 3.5685561981123484
***** Mahalanobis distance (squared): 161 7 48.347548445473485
***** Mahalanobis distance (squared): 161 8 3.6178742319232637
***** Mahalanobis distance (squared): 161 9 19.83444510869944
***** Mahalanobis distance (squared): 161 10 67.08929975775354
***** Mahalanobis distance (squared): 161 11 79.2672958093134
***** Mahalanobis distance (squared): 161 12 11.732686670183869
***** Mahalanobis distance (squared): 162 1 151.30992531346357
***** Mahalanobis distance (squared): 162 2 183.51736701375043
***** Mahalanobis distance (squared): 162 3 41.83386196932595
***** Mahalanobis distance (squared): 162 4 8.485028018762405
***** Mahalanobis distance (squared): 162 5 42.79479143156777
***** Mahalanobis distance (squared): 162 6 41.26859552450468
***** Mahalanobis distance (squared): 162 7 119.59839436900953
***** Mahalanobis distance (squared): 162 8 9.368554532111462
***** Mahalanobis distance (squared): 162 9 4.454024901331557
***** Mahalanobis distance (squared): 162 10 155.11342823951725
***** Mahalanobis distance (squared): 162 11 166.10001951318011
***** Mahalanobis distance (squared): 162 12 23.282901568493006
***** Mahalanobis distance (squared): 163 1 103.35338962164028
***** Mahalanobis distance (squared): 163 2 129.07617917685624
***** Mahalanobis distance (squared): 163 3 19.728155581660058
***** Mahalanobis distance (squared): 163 4 0.7943671835680088
***** Mahalanobis distance (squared): 163 5 12.229837915742408
***** Mahalanobis distance (squared): 163 6 12.454206596806019
***** Mahalanobis distance (squared): 163 7 80.54796651451804
***** Mahalanobis distance (squared): 163 8 1.271285083711968
***** Mahalanobis distance (squared): 163 9 8.347212469850122
***** Mahalanobis distance (squared): 163 10 100.44713746096166
***** Mahalanobis distance (squared): 163 11 106.11081279294409
***** Mahalanobis distance (squared): 163 12 3.4528640041537053
***** Mahalanobis distance (squared): 164 1 84.25684085125032
***** Mahalanobis distance (squared): 164 2 108.09806234953388
***** Mahalanobis distance (squared): 164 3 13.553114743831289
***** Mahalanobis distance (squared): 164 4 1.680337080147575
***** Mahalanobis distance (squared): 164 5 6.510896345765524
***** Mahalanobis distance (squared): 164 6 6.469126753124088
***** Mahalanobis distance (squared): 164 7 64.74433203967796
***** Mahalanobis distance (squared): 164 8 1.8908528020996132
***** Mahalanobis distance (squared): 164 9 13.53612947020246
***** Mahalanobis distance (squared): 164 10 82.0032896543839
***** Mahalanobis distance (squared): 164 11 89.33621984910107
***** Mahalanobis distance (squared): 164 12 4.928397603411527
***** Mahalanobis distance (squared): 165 1 41.94472830580862
***** Mahalanobis distance (squared): 165 2 66.5710515137714
***** Mahalanobis distance (squared): 165 3 2.8252337507907446
***** Mahalanobis distance (squared): 165 4 13.319917367781564
***** Mahalanobis distance (squared): 165 5 4.313446047517226
***** Mahalanobis distance (squared): 165 6 3.0943965656122328
***** Mahalanobis distance (squared): 165 7 26.594835271635297
***** Mahalanobis distance (squared): 165 8 12.112245109414797
***** Mahalanobis distance (squared): 165 9 38.29780231452585
***** Mahalanobis distance (squared): 165 10 49.09986859029252
***** Mahalanobis distance (squared): 165 11 68.91381904820557
***** Mahalanobis distance (squared): 165 12 26.20898347962609
***** Mahalanobis distance (squared): 166 1 59.25299914980419
***** Mahalanobis distance (squared): 166 2 97.21888507801962
***** Mahalanobis distance (squared): 166 3 2.2625756772053824
***** Mahalanobis distance (squared): 166 4 15.28503105440872
***** Mahalanobis distance (squared): 166 5 13.778502686885615
***** Mahalanobis distance (squared): 166 6 13.357775485877301
***** Mahalanobis distance (squared): 166 7 31.85924007528282
***** Mahalanobis distance (squared): 166 8 12.72446875826056
***** Mahalanobis distance (squared): 166 9 42.655772820389465
***** Mahalanobis distance (squared): 166 10 78.10021721449294
***** Mahalanobis distance (squared): 166 11 109.11503617671396
***** Mahalanobis distance (squared): 166 12 36.97447902062339
***** Mahalanobis distance (squared): 167 1 18.140587117580907
***** Mahalanobis distance (squared): 167 2 1.655920621435696
***** Mahalanobis distance (squared): 167 3 103.80867385649431
***** Mahalanobis distance (squared): 167 4 154.0827147596474
***** Mahalanobis distance (squared): 167 5 91.13772855890129
***** Mahalanobis distance (squared): 167 6 84.92054155634214
***** Mahalanobis distance (squared): 167 7 50.32765571188149
***** Mahalanobis distance (squared): 167 8 154.17527971639365
***** Mahalanobis distance (squared): 167 9 199.57880864595623
***** Mahalanobis distance (squared): 167 10 7.733597861038979
***** Mahalanobis distance (squared): 167 11 18.110191012513315
***** Mahalanobis distance (squared): 167 12 158.9856064417549
***** Mahalanobis distance (squared): 168 1 131.2273143303387
***** Mahalanobis distance (squared): 168 2 166.98524244223583
***** Mahalanobis distance (squared): 168 3 27.186749630963508
***** Mahalanobis distance (squared): 168 4 3.4680552750653146
***** Mahalanobis distance (squared): 168 5 29.339609684228392
***** Mahalanobis distance (squared): 168 6 29.062271492822973
***** Mahalanobis distance (squared): 168 7 98.08102777025861
***** Mahalanobis distance (squared): 168 8 3.3897493780030805
***** Mahalanobis distance (squared): 168 9 7.146440685515705
***** Mahalanobis distance (squared): 168 10 138.00472969159893
***** Mahalanobis distance (squared): 168 11 152.55677777911657
***** Mahalanobis distance (squared): 168 12 17.002825405669075
***** Mahalanobis distance (squared): 169 1 32.19018712735972
***** Mahalanobis distance (squared): 169 2 11.7128898762123
***** Mahalanobis distance (squared): 169 3 91.99878087211583
***** Mahalanobis distance (squared): 169 4 121.99084525582352
***** Mahalanobis distance (squared): 169 5 65.35936394354817
***** Mahalanobis distance (squared): 169 6 61.283767338050716
***** Mahalanobis distance (squared): 169 7 63.53650679796821
***** Mahalanobis distance (squared): 169 8 123.61168140283502
***** Mahalanobis distance (squared): 169 9 156.9314200101909
***** Mahalanobis distance (squared): 169 10 7.504438234772997
***** Mahalanobis distance (squared): 169 11 0.573752337663127
***** Mahalanobis distance (squared): 169 12 110.03155230501677
***** Mahalanobis distance (squared): 170 1 20.173526680214295
***** Mahalanobis distance (squared): 170 2 56.39130219079874
***** Mahalanobis distance (squared): 170 3 19.017900552629822
***** Mahalanobis distance (squared): 170 4 71.95052567664551
***** Mahalanobis distance (squared): 170 5 34.73987807891508
***** Mahalanobis distance (squared): 170 6 34.89504018548059
***** Mahalanobis distance (squared): 170 7 2.8154043455189197
***** Mahalanobis distance (squared): 170 8 67.02527146641562
***** Mahalanobis distance (squared): 170 9 126.00230959567456
***** Mahalanobis distance (squared): 170 10 46.36227955935317
***** Mahalanobis distance (squared): 170 11 89.39980931469577
***** Mahalanobis distance (squared): 170 12 95.21459267819436
***** Mahalanobis distance (squared): 171 1 15.856362678651044
***** Mahalanobis distance (squared): 171 2 2.819494304131882
***** Mahalanobis distance (squared): 171 3 77.3776891884275
***** Mahalanobis distance (squared): 171 4 116.36844334779552
***** Mahalanobis distance (squared): 171 5 59.885702724071855
***** Mahalanobis distance (squared): 171 6 55.56178545168731
***** Mahalanobis distance (squared): 171 7 42.183553310945435
***** Mahalanobis distance (squared): 171 8 116.78867343724119
***** Mahalanobis distance (squared): 171 9 156.74628824955073
***** Mahalanobis distance (squared): 171 10 1.328450366592319
***** Mahalanobis distance (squared): 171 11 5.435900116050677
***** Mahalanobis distance (squared): 171 12 113.7450503377498
***** Mahalanobis distance (squared): 172 1 0.6176786324491231
***** Mahalanobis distance (squared): 172 2 7.72130372261188
***** Mahalanobis distance (squared): 172 3 53.341359499330764
***** Mahalanobis distance (squared): 172 4 109.85301489293671
***** Mahalanobis distance (squared): 172 5 52.81772823297309
***** Mahalanobis distance (squared): 172 6 49.9478063784505
***** Mahalanobis distance (squared): 172 7 11.63870358948481
***** Mahalanobis distance (squared): 172 8 107.36423852880719
***** Mahalanobis distance (squared): 172 9 163.05713696746818
***** Mahalanobis distance (squared): 172 10 6.724435505415924
***** Mahalanobis distance (squared): 172 11 32.291347138266545
***** Mahalanobis distance (squared): 172 12 121.36519068737202
***** Mahalanobis distance (squared): 173 1 65.77064463355525
***** Mahalanobis distance (squared): 173 2 95.25971286299531
***** Mahalanobis distance (squared): 173 3 5.4668188052719024
***** Mahalanobis distance (squared): 173 4 9.37219890356742
***** Mahalanobis distance (squared): 173 5 2.187105476027852
***** Mahalanobis distance (squared): 173 6 3.5498860285057128
***** Mahalanobis distance (squared): 173 7 44.14677160399586
***** Mahalanobis distance (squared): 173 8 8.047637547503358
***** Mahalanobis distance (squared): 173 9 33.09056034003855
***** Mahalanobis distance (squared): 173 10 69.75759046726505
***** Mahalanobis distance (squared): 173 11 84.52822646755199
***** Mahalanobis distance (squared): 173 12 13.449950604256564
***** Mahalanobis distance (squared): 174 1 161.23139887213048
***** Mahalanobis distance (squared): 174 2 185.38720936303466
***** Mahalanobis distance (squared): 174 3 52.885588096269956
***** Mahalanobis distance (squared): 174 4 10.981885343732761
***** Mahalanobis distance (squared): 174 5 46.3363500329402
***** Mahalanobis distance (squared): 174 6 44.37075857908935
***** Mahalanobis distance (squared): 174 7 135.29179908783127
***** Mahalanobis distance (squared): 174 8 13.119472237728425
***** Mahalanobis distance (squared): 174 9 0.9852603572926237
***** Mahalanobis distance (squared): 174 10 156.04237968463215
***** Mahalanobis distance (squared): 174 11 157.47082891128653
***** Mahalanobis distance (squared): 174 12 19.22341570588333
***** Mahalanobis distance (squared): 175 1 108.97595734951126
***** Mahalanobis distance (squared): 175 2 129.75352917192376
***** Mahalanobis distance (squared): 175 3 27.41533446686604
***** Mahalanobis distance (squared): 175 4 5.495087948868789
***** Mahalanobis distance (squared): 175 5 13.02120824739814
***** Mahalanobis distance (squared): 175 6 13.862473929500224
***** Mahalanobis distance (squared): 175 7 90.0851592147013
***** Mahalanobis distance (squared): 175 8 6.564536441447594
***** Mahalanobis distance (squared): 175 9 11.925133952699818
***** Mahalanobis distance (squared): 175 10 99.020533240063
***** Mahalanobis distance (squared): 175 11 97.25504417178885
***** Mahalanobis distance (squared): 175 12 0.2415334183460082
***** Mahalanobis distance (squared): 176 1 124.6772157507766
***** Mahalanobis distance (squared): 176 2 160.24334824508537
***** Mahalanobis distance (squared): 176 3 23.08720012470775
***** Mahalanobis distance (squared): 176 4 2.0201732017080944
***** Mahalanobis distance (squared): 176 5 23.287929493794003
***** Mahalanobis distance (squared): 176 6 23.756428214571507
***** Mahalanobis distance (squared): 176 7 92.17920251047863
***** Mahalanobis distance (squared): 176 8 1.762622872640545
***** Mahalanobis distance (squared): 176 9 8.323065203846246
***** Mahalanobis distance (squared): 176 10 130.17922985920396
***** Mahalanobis distance (squared): 176 11 143.52567391892154
***** Mahalanobis distance (squared): 176 12 12.221770000476248
***** Mahalanobis distance (squared): 177 1 37.979447340984315
***** Mahalanobis distance (squared): 177 2 60.01016602123802
***** Mahalanobis distance (squared): 177 3 6.006896550028555
***** Mahalanobis distance (squared): 177 4 21.276139382653817
***** Mahalanobis distance (squared): 177 5 1.0106864174256063
***** Mahalanobis distance (squared): 177 6 1.4441614603360537
***** Mahalanobis distance (squared): 177 7 25.86298888580337
***** Mahalanobis distance (squared): 177 8 19.92926382567788
***** Mahalanobis distance (squared): 177 9 51.38744697156464
***** Mahalanobis distance (squared): 177 10 39.91608277685333
***** Mahalanobis distance (squared): 177 11 54.61817091608313
***** Mahalanobis distance (squared): 177 12 24.627345406492342
***** Mahalanobis distance (squared): 178 1 39.90629369866466
***** Mahalanobis distance (squared): 178 2 78.10452229327326
***** Mahalanobis distance (squared): 178 3 2.615844363133275
***** Mahalanobis distance (squared): 178 4 32.44671329174146
***** Mahalanobis distance (squared): 178 5 13.018765231955568
***** Mahalanobis distance (squared): 178 6 14.068635276726766
***** Mahalanobis distance (squared): 178 7 15.678014147973979
***** Mahalanobis distance (squared): 178 8 28.755980842430642
***** Mahalanobis distance (squared): 178 9 72.51529770025462
***** Mahalanobis distance (squared): 178 10 59.852138893599154
***** Mahalanobis distance (squared): 178 11 93.47551106813403
***** Mahalanobis distance (squared): 178 12 49.840780418757696
***** Mahalanobis distance (squared): 179 1 9.547414651163438
***** Mahalanobis distance (squared): 179 2 0.6241411176676375
***** Mahalanobis distance (squared): 179 3 87.06416160723398
***** Mahalanobis distance (squared): 179 4 140.59313321951618
***** Mahalanobis distance (squared): 179 5 79.62753132516977
***** Mahalanobis distance (squared): 179 6 74.12251895432165
***** Mahalanobis distance (squared): 179 7 35.261607547743175
***** Mahalanobis distance (squared): 179 8 139.79443794922898
***** Mahalanobis distance (squared): 179 9 188.94297833624606
***** Mahalanobis distance (squared): 179 10 5.623242904692565
***** Mahalanobis distance (squared): 179 11 22.334290173173002
***** Mahalanobis distance (squared): 179 12 149.5185307167258
***** Mahalanobis distance (squared): 180 1 104.79564258847574
***** Mahalanobis distance (squared): 180 2 141.17627488182714
***** Mahalanobis distance (squared): 180 3 13.909950536017043
***** Mahalanobis distance (squared): 180 4 1.9081971245058718
***** Mahalanobis distance (squared): 180 5 15.866780715601859
***** Mahalanobis distance (squared): 180 6 16.56040090385944
***** Mahalanobis distance (squared): 180 7 73.43176452790065
***** Mahalanobis distance (squared): 180 8 1.004109228142138
***** Mahalanobis distance (squared): 180 9 14.36567462596457
***** Mahalanobis distance (squared): 180 10 112.91519064909704
***** Mahalanobis distance (squared): 180 11 129.86264160889326
***** Mahalanobis distance (squared): 180 12 13.128902604302757
***** Mahalanobis distance (squared): 181 1 33.614237829500894
***** Mahalanobis distance (squared): 181 2 12.074431110194778
***** Mahalanobis distance (squared): 181 3 96.93193953178968
***** Mahalanobis distance (squared): 181 4 128.32693185181193
***** Mahalanobis distance (squared): 181 5 69.63990533998113
***** Mahalanobis distance (squared): 181 6 65.55204063631572
***** Mahalanobis distance (squared): 181 7 66.25397155020062
***** Mahalanobis distance (squared): 181 8 129.95320609781692
***** Mahalanobis distance (squared): 181 9 164.1821619630092
***** Mahalanobis distance (squared): 181 10 8.293195283280937
***** Mahalanobis distance (squared): 181 11 0.9420472121223513
***** Mahalanobis distance (squared): 181 12 115.66027182982506
***** Mahalanobis distance (squared): 182 1 0.4103730479746427
***** Mahalanobis distance (squared): 182 2 8.599152988252223
***** Mahalanobis distance (squared): 182 3 49.79218834800468
***** Mahalanobis distance (squared): 182 4 105.19047552693662
***** Mahalanobis distance (squared): 182 5 49.690758652115804
***** Mahalanobis distance (squared): 182 6 46.93300390079602
***** Mahalanobis distance (squared): 182 7 10.16566657619786
***** Mahalanobis distance (squared): 182 8 102.67213975137071
***** Mahalanobis distance (squared): 182 9 157.78803062897694
***** Mahalanobis distance (squared): 182 10 7.011359861047354
***** Mahalanobis distance (squared): 182 11 32.85722264837299
***** Mahalanobis distance (squared): 182 12 116.99813647372375
***** Mahalanobis distance (squared): 183 1 7.102331726565755
***** Mahalanobis distance (squared): 183 2 2.1736440362514973
***** Mahalanobis distance (squared): 183 3 60.06622843604504
***** Mahalanobis distance (squared): 183 4 102.29025060499715
***** Mahalanobis distance (squared): 183 5 48.9802112602428
***** Mahalanobis distance (squared): 183 6 45.14470148390404
***** Mahalanobis distance (squared): 183 7 26.468735865097965
***** Mahalanobis distance (squared): 183 8 101.78200567478953
***** Mahalanobis distance (squared): 183 9 145.23010437913254
***** Mahalanobis distance (squared): 183 10 0.11635007932374847
***** Mahalanobis distance (squared): 183 11 11.67064071529263
***** Mahalanobis distance (squared): 183 12 105.25255339501074
***** Mahalanobis distance (squared): 184 1 3.3501293474017992
***** Mahalanobis distance (squared): 184 2 21.572848372229725
***** Mahalanobis distance (squared): 184 3 45.19821963643498
***** Mahalanobis distance (squared): 184 4 107.93083327662379
***** Mahalanobis distance (squared): 184 5 51.31266835414971
***** Mahalanobis distance (squared): 184 6 49.92496355524728
***** Mahalanobis distance (squared): 184 7 5.102407716156692
***** Mahalanobis distance (squared): 184 8 104.02415966194653
***** Mahalanobis distance (squared): 184 9 166.78745812327713
***** Mahalanobis distance (squared): 184 10 18.325448366685016
***** Mahalanobis distance (squared): 184 11 52.56560797696096
***** Mahalanobis distance (squared): 184 12 123.50022290901691
***** Mahalanobis distance (squared): 185 1 55.349796656830904
***** Mahalanobis distance (squared): 185 2 79.13340360865051
***** Mahalanobis distance (squared): 185 3 6.020630931927792
***** Mahalanobis distance (squared): 185 4 10.589615561000919
***** Mahalanobis distance (squared): 185 5 0.28770160845577597
***** Mahalanobis distance (squared): 185 6 0.816453507526547
***** Mahalanobis distance (squared): 185 7 39.30976203686539
***** Mahalanobis distance (squared): 185 8 9.75467982294323
***** Mahalanobis distance (squared): 185 9 33.827328404398486
***** Mahalanobis distance (squared): 185 10 55.96748642244013
***** Mahalanobis distance (squared): 185 11 67.9592983483697
***** Mahalanobis distance (squared): 185 12 13.507046324408725
***** Mahalanobis distance (squared): 186 1 155.42502010224942
***** Mahalanobis distance (squared): 186 2 174.7921591221928
***** Mahalanobis distance (squared): 186 3 53.48199542996002
***** Mahalanobis distance (squared): 186 4 10.934480891861142
***** Mahalanobis distance (squared): 186 5 42.7964185273487
***** Mahalanobis distance (squared): 186 6 40.73600421205219
***** Mahalanobis distance (squared): 186 7 133.84072891057937
***** Mahalanobis distance (squared): 186 8 13.533475893050731
***** Mahalanobis distance (squared): 186 9 0.4808616274154426
***** Mahalanobis distance (squared): 186 10 145.64956846422805
***** Mahalanobis distance (squared): 186 11 142.63352851032676
***** Mahalanobis distance (squared): 186 12 15.14302704993383
***** Mahalanobis distance (squared): 187 1 88.65593969501955
***** Mahalanobis distance (squared): 187 2 114.31805465726507
***** Mahalanobis distance (squared): 187 3 14.953306165557557
***** Mahalanobis distance (squared): 187 4 4.655608224065202
***** Mahalanobis distance (squared): 187 5 5.9860783888164075
***** Mahalanobis distance (squared): 187 6 7.2064720086095315
***** Mahalanobis distance (squared): 187 7 67.61503569696116
***** Mahalanobis distance (squared): 187 8 4.557780056489731
***** Mahalanobis distance (squared): 187 9 19.024438352733487
***** Mahalanobis distance (squared): 187 10 85.56530586547711
***** Mahalanobis distance (squared): 187 11 91.74444556404065
***** Mahalanobis distance (squared): 187 12 3.797511753129375
***** Mahalanobis distance (squared): 188 1 122.4199963304389
***** Mahalanobis distance (squared): 188 2 151.48056945894862
***** Mahalanobis distance (squared): 188 3 26.342195272129736
***** Mahalanobis distance (squared): 188 4 1.1150772830785918
***** Mahalanobis distance (squared): 188 5 22.336556761826255
***** Mahalanobis distance (squared): 188 6 22.01118731499392
***** Mahalanobis distance (squared): 188 7 95.22522098658288
***** Mahalanobis distance (squared): 188 8 1.71664396707968
***** Mahalanobis distance (squared): 188 9 3.860505938503925
***** Mahalanobis distance (squared): 188 10 122.42227311429713
***** Mahalanobis distance (squared): 188 11 130.2952098508451
***** Mahalanobis distance (squared): 188 12 8.516542806125674
***** Mahalanobis distance (squared): 189 1 71.48400654554176
***** Mahalanobis distance (squared): 189 2 88.29505975622843
***** Mahalanobis distance (squared): 189 3 15.530690301818401
***** Mahalanobis distance (squared): 189 4 6.040152679120379
***** Mahalanobis distance (squared): 189 5 4.335780494856809
***** Mahalanobis distance (squared): 189 6 3.732497111805236
***** Mahalanobis distance (squared): 189 7 59.1251402999791
***** Mahalanobis distance (squared): 189 8 6.7372954234815765
***** Mahalanobis distance (squared): 189 9 18.881811819655148
***** Mahalanobis distance (squared): 189 10 64.37383939657427
***** Mahalanobis distance (squared): 189 11 67.60543470522798
***** Mahalanobis distance (squared): 189 12 5.871302731657603
***** Mahalanobis distance (squared): 190 1 59.29358317151687
***** Mahalanobis distance (squared): 190 2 92.20759120152935
***** Mahalanobis distance (squared): 190 3 1.3242373815679442
***** Mahalanobis distance (squared): 190 4 9.021443320109
***** Mahalanobis distance (squared): 190 5 5.381494023582851
***** Mahalanobis distance (squared): 190 6 5.585912118604102
***** Mahalanobis distance (squared): 190 7 35.4166725308491
***** Mahalanobis distance (squared): 190 8 7.20850414453441
***** Mahalanobis distance (squared): 190 9 33.759633967872084
***** Mahalanobis distance (squared): 190 10 70.35828687207544
***** Mahalanobis distance (squared): 190 11 92.9299417831606
***** Mahalanobis distance (squared): 190 12 22.3149926718736
***** Mahalanobis distance (squared): 191 1 5.261187612166139
***** Mahalanobis distance (squared): 191 2 0.8546124476327103
***** Mahalanobis distance (squared): 191 3 65.48865856446835
***** Mahalanobis distance (squared): 191 4 112.79929667649358
***** Mahalanobis distance (squared): 191 5 57.58241762640925
***** Mahalanobis distance (squared): 191 6 53.17470399025293
***** Mahalanobis distance (squared): 191 7 25.291207949816748
***** Mahalanobis distance (squared): 191 8 111.95095810720052
***** Mahalanobis distance (squared): 191 9 158.3518053686258
***** Mahalanobis distance (squared): 191 10 1.4752469935715586
***** Mahalanobis distance (squared): 191 11 17.01992763617935
***** Mahalanobis distance (squared): 191 12 119.71844929919651
***** Mahalanobis distance (squared): 192 1 120.48894737764587
***** Mahalanobis distance (squared): 192 2 145.43640248734783
***** Mahalanobis distance (squared): 192 3 28.923774716741296
***** Mahalanobis distance (squared): 192 4 1.6748468473908893
***** Mahalanobis distance (squared): 192 5 22.687373708029625
***** Mahalanobis distance (squared): 192 6 21.75746448888891
***** Mahalanobis distance (squared): 192 7 96.78923511130559
***** Mahalanobis distance (squared): 192 8 2.7857398041777697
***** Mahalanobis distance (squared): 192 9 2.4434721657626937
***** Mahalanobis distance (squared): 192 10 117.41783374888878
***** Mahalanobis distance (squared): 192 11 122.3427266292932
***** Mahalanobis distance (squared): 192 12 7.88468523380587
***** Mahalanobis distance (squared): 193 1 23.419691431197542
***** Mahalanobis distance (squared): 193 2 10.83176033863818
***** Mahalanobis distance (squared): 193 3 74.27403976518002
***** Mahalanobis distance (squared): 193 4 108.08816655903914
***** Mahalanobis distance (squared): 193 5 51.5520562142135
***** Mahalanobis distance (squared): 193 6 48.75075742208566
***** Mahalanobis distance (squared): 193 7 48.03577730966007
***** Mahalanobis distance (squared): 193 8 108.73090400210123
***** Mahalanobis distance (squared): 193 9 146.9219599235112
***** Mahalanobis distance (squared): 193 10 4.340410786544138
***** Mahalanobis distance (squared): 193 11 2.729425998499988
***** Mahalanobis distance (squared): 193 12 97.86004779093975
***** Mahalanobis distance (squared): 194 1 40.52962254258581
***** Mahalanobis distance (squared): 194 2 88.98616960140338
***** Mahalanobis distance (squared): 194 3 36.00006510384552
***** Mahalanobis distance (squared): 194 4 102.20288660672902
***** Mahalanobis distance (squared): 194 5 60.002717071664236
***** Mahalanobis distance (squared): 194 6 61.86752084403991
***** Mahalanobis distance (squared): 194 7 14.323089350029322
***** Mahalanobis distance (squared): 194 8 95.31247345135421
***** Mahalanobis distance (squared): 194 9 166.74829106196307
***** Mahalanobis distance (squared): 194 10 77.96900804882931
***** Mahalanobis distance (squared): 194 11 132.789567298382
***** Mahalanobis distance (squared): 194 12 130.5130519299345
***** Mahalanobis distance (squared): 195 1 5.340690138273801
***** Mahalanobis distance (squared): 195 2 2.1391093307308577
***** Mahalanobis distance (squared): 195 3 57.724666876248705
***** Mahalanobis distance (squared): 195 4 101.32944491744516
***** Mahalanobis distance (squared): 195 5 48.6076504006409
***** Mahalanobis distance (squared): 195 6 44.72123680980605
***** Mahalanobis distance (squared): 195 7 23.390860361996822
***** Mahalanobis distance (squared): 195 8 100.58647721120829
***** Mahalanobis distance (squared): 195 9 145.07893687442967
***** Mahalanobis distance (squared): 195 10 0.5117704713693175
***** Mahalanobis distance (squared): 195 11 14.339770873091169
***** Mahalanobis distance (squared): 195 12 106.32176566850299
***** Mahalanobis distance (squared): 196 1 3.9923219891488646
***** Mahalanobis distance (squared): 196 2 4.2289432854969675
***** Mahalanobis distance (squared): 196 3 74.56701536671747
***** Mahalanobis distance (squared): 196 4 133.77279813374562
***** Mahalanobis distance (squared): 196 5 74.6996203438426
***** Mahalanobis distance (squared): 196 6 69.76271388631513
***** Mahalanobis distance (squared): 196 7 22.270505126314134
***** Mahalanobis distance (squared): 196 8 131.79805857090093
***** Mahalanobis distance (squared): 196 9 186.3533105045963
***** Mahalanobis distance (squared): 196 10 9.077405461762039
***** Mahalanobis distance (squared): 196 11 34.92868175364202
***** Mahalanobis distance (squared): 196 12 149.23075878462444
***** Mahalanobis distance (squared): 197 1 56.650469609735104
***** Mahalanobis distance (squared): 197 2 87.20549129973011
***** Mahalanobis distance (squared): 197 3 1.6734383810735034
***** Mahalanobis distance (squared): 197 4 9.253861368167614
***** Mahalanobis distance (squared): 197 5 3.044985061272656
***** Mahalanobis distance (squared): 197 6 3.4270143961953767
***** Mahalanobis distance (squared): 197 7 34.93329762555101
***** Mahalanobis distance (squared): 197 8 7.6465939632083195
***** Mahalanobis distance (squared): 197 9 34.166932135366714
***** Mahalanobis distance (squared): 197 10 64.9723712656335
***** Mahalanobis distance (squared): 197 11 84.81789403547657
***** Mahalanobis distance (squared): 197 12 19.52249877708875
***** Mahalanobis distance (squared): 198 1 126.71135597494465
***** Mahalanobis distance (squared): 198 2 151.24607109646175
***** Mahalanobis distance (squared): 198 3 38.5894269549871
***** Mahalanobis distance (squared): 198 4 10.110074807927363
***** Mahalanobis distance (squared): 198 5 38.861629952496656
***** Mahalanobis distance (squared): 198 6 35.60581094234836
***** Mahalanobis distance (squared): 198 7 103.43003223278224
***** Mahalanobis distance (squared): 198 8 11.428240939825468
***** Mahalanobis distance (squared): 198 9 7.288807998831093
***** Mahalanobis distance (squared): 198 10 128.4735228105867
***** Mahalanobis distance (squared): 198 11 138.90210146150517
***** Mahalanobis distance (squared): 198 12 26.831824939073
***** Mahalanobis distance (squared): 199 1 126.50230448739877
***** Mahalanobis distance (squared): 199 2 157.600910697405
***** Mahalanobis distance (squared): 199 3 26.321593069743145
***** Mahalanobis distance (squared): 199 4 1.8722200610997146
***** Mahalanobis distance (squared): 199 5 20.9148462372089
***** Mahalanobis distance (squared): 199 6 21.694886564078036
***** Mahalanobis distance (squared): 199 7 97.426495089526
***** Mahalanobis distance (squared): 199 8 2.202701739455858
***** Mahalanobis distance (squared): 199 9 6.420155188597931
***** Mahalanobis distance (squared): 199 10 126.04444901686644
***** Mahalanobis distance (squared): 199 11 133.09003796416474
***** Mahalanobis distance (squared): 199 12 5.994539305819606
***** Mahalanobis distance (squared): 200 1 118.31032920630591
***** Mahalanobis distance (squared): 200 2 155.2815904339963
***** Mahalanobis distance (squared): 200 3 21.923451719358777
***** Mahalanobis distance (squared): 200 4 4.455453083576293
***** Mahalanobis distance (squared): 200 5 27.82722984788349
***** Mahalanobis distance (squared): 200 6 27.06601856760574
***** Mahalanobis distance (squared): 200 7 85.41697700671592
***** Mahalanobis distance (squared): 200 8 3.900494009607013
***** Mahalanobis distance (squared): 200 9 11.598958883122632
***** Mahalanobis distance (squared): 200 10 129.05101376283025
***** Mahalanobis distance (squared): 200 11 148.43957381986056
***** Mahalanobis distance (squared): 200 12 22.33271086495706
***** Mahalanobis distance (squared): 201 1 53.70060085956733
***** Mahalanobis distance (squared): 201 2 82.41450580559605
***** Mahalanobis distance (squared): 201 3 2.202646149453471
***** Mahalanobis distance (squared): 201 4 8.780313571757224
***** Mahalanobis distance (squared): 201 5 5.069486505435306
***** Mahalanobis distance (squared): 201 6 4.359294734785323
***** Mahalanobis distance (squared): 201 7 33.63080513027772
***** Mahalanobis distance (squared): 201 8 7.440493598652651
***** Mahalanobis distance (squared): 201 9 31.75724925731504
***** Mahalanobis distance (squared): 201 10 62.583438213874395
***** Mahalanobis distance (squared): 201 11 83.31774978938964
***** Mahalanobis distance (squared): 201 12 22.412422538203288
***** Mahalanobis distance (squared): 202 1 48.93611545916726
***** Mahalanobis distance (squared): 202 2 88.07575084185366
***** Mahalanobis distance (squared): 202 3 1.717769070299093
***** Mahalanobis distance (squared): 202 4 23.666712265699775
***** Mahalanobis distance (squared): 202 5 14.95381483259496
***** Mahalanobis distance (squared): 202 6 14.867017328802177
***** Mahalanobis distance (squared): 202 7 22.297204152279864
***** Mahalanobis distance (squared): 202 8 20.432558193258892
***** Mahalanobis distance (squared): 202 9 57.22687726762737
***** Mahalanobis distance (squared): 202 10 70.45327205632266
***** Mahalanobis distance (squared): 202 11 105.05320458532836
***** Mahalanobis distance (squared): 202 12 46.16595899303817
***** Mahalanobis distance (squared): 203 1 11.985353666073165
***** Mahalanobis distance (squared): 203 2 0.8803216687298707
***** Mahalanobis distance (squared): 203 3 90.65066724083596
***** Mahalanobis distance (squared): 203 4 141.94217775804026
***** Mahalanobis distance (squared): 203 5 82.34987300087357
***** Mahalanobis distance (squared): 203 6 76.34785897803665
***** Mahalanobis distance (squared): 203 7 39.328382228313195
***** Mahalanobis distance (squared): 203 8 141.49359963948342
***** Mahalanobis distance (squared): 203 9 188.27364965311062
***** Mahalanobis distance (squared): 203 10 6.548090374716361
***** Mahalanobis distance (squared): 203 11 21.73292639034174
***** Mahalanobis distance (squared): 203 12 150.90215948219412
***** Mahalanobis distance (squared): 204 1 132.88874624326107
***** Mahalanobis distance (squared): 204 2 166.9535288477784
***** Mahalanobis distance (squared): 204 3 31.581108844706655
***** Mahalanobis distance (squared): 204 4 6.32446811527992
***** Mahalanobis distance (squared): 204 5 35.58003895896041
***** Mahalanobis distance (squared): 204 6 34.106203492132465
***** Mahalanobis distance (squared): 204 7 101.15093877087942
***** Mahalanobis distance (squared): 204 8 6.538386923739044
***** Mahalanobis distance (squared): 204 9 7.590887858695616
***** Mahalanobis distance (squared): 204 10 140.4800244352884
***** Mahalanobis distance (squared): 204 11 156.139475178824
***** Mahalanobis distance (squared): 204 12 23.775378270471577
***** Mahalanobis distance (squared): 205 1 28.711242515220903
***** Mahalanobis distance (squared): 205 2 10.30067417571923
***** Mahalanobis distance (squared): 205 3 79.8917230477777
***** Mahalanobis distance (squared): 205 4 104.77588265301043
***** Mahalanobis distance (squared): 205 5 56.34121998695146
***** Mahalanobis distance (squared): 205 6 51.54748821861753
***** Mahalanobis distance (squared): 205 7 57.13025150216685
***** Mahalanobis distance (squared): 205 8 106.56490864954857
***** Mahalanobis distance (squared): 205 9 135.4978260573515
***** Mahalanobis distance (squared): 205 10 6.412559038775004
***** Mahalanobis distance (squared): 205 11 1.4202948127539397
***** Mahalanobis distance (squared): 205 12 97.37206399575864
***** Mahalanobis distance (squared): 206 1 6.565988577738146
***** Mahalanobis distance (squared): 206 2 29.89706648796567
***** Mahalanobis distance (squared): 206 3 22.6985393476958
***** Mahalanobis distance (squared): 206 4 71.1762334284818
***** Mahalanobis distance (squared): 206 5 32.7168359924775
***** Mahalanobis distance (squared): 206 6 30.673640168561658
***** Mahalanobis distance (squared): 206 7 0.5955706541953386
***** Mahalanobis distance (squared): 206 8 67.74165109433059
***** Mahalanobis distance (squared): 206 9 119.89137337552351
***** Mahalanobis distance (squared): 206 10 24.34265122546164
***** Mahalanobis distance (squared): 206 11 59.6924223096843
***** Mahalanobis distance (squared): 206 12 92.4341663875818
***** Mahalanobis distance (squared): 207 1 17.89978566825912
***** Mahalanobis distance (squared): 207 2 1.4660071752803459
***** Mahalanobis distance (squared): 207 3 94.23870574909182
***** Mahalanobis distance (squared): 207 4 138.94881760288865
***** Mahalanobis distance (squared): 207 5 77.91928624141782
***** Mahalanobis distance (squared): 207 6 72.56655390305022
***** Mahalanobis distance (squared): 207 7 48.748962413547446
***** Mahalanobis distance (squared): 207 8 139.34949831604
***** Mahalanobis distance (squared): 207 9 181.8640254429245
***** Mahalanobis distance (squared): 207 10 4.026082654215394
***** Mahalanobis distance (squared): 207 11 9.964857215611646
***** Mahalanobis distance (squared): 207 12 138.9579645364474
***** Mahalanobis distance (squared): 208 1 1.592319277017165
***** Mahalanobis distance (squared): 208 2 10.966462594950556
***** Mahalanobis distance (squared): 208 3 59.3029785437472
***** Mahalanobis distance (squared): 208 4 120.24738224474596
***** Mahalanobis distance (squared): 208 5 65.30830366076215
***** Mahalanobis distance (squared): 208 6 61.244480188580226
***** Mahalanobis distance (squared): 208 7 11.580872459880899
***** Mahalanobis distance (squared): 208 8 117.33223250733846
***** Mahalanobis distance (squared): 208 9 174.86379333109306
***** Mahalanobis distance (squared): 208 10 13.909156795467428
***** Mahalanobis distance (squared): 208 11 46.54398843671352
***** Mahalanobis distance (squared): 208 12 140.1815333065039
***** Mahalanobis distance (squared): 209 1 42.739051572419555
***** Mahalanobis distance (squared): 209 2 61.744171929895344
***** Mahalanobis distance (squared): 209 3 8.862302404517763
***** Mahalanobis distance (squared): 209 4 19.306109464072488
***** Mahalanobis distance (squared): 209 5 0.5267400999770576
***** Mahalanobis distance (squared): 209 6 0.8647541471735952
***** Mahalanobis distance (squared): 209 7 32.44079384181969
***** Mahalanobis distance (squared): 209 8 18.528291842829827
***** Mahalanobis distance (squared): 209 9 46.211657001501635
***** Mahalanobis distance (squared): 209 10 40.70994690464605
***** Mahalanobis distance (squared): 209 11 51.01551761425556
***** Mahalanobis distance (squared): 209 12 19.62316278316939
***** Mahalanobis distance (squared): 210 1 122.53225988692652
***** Mahalanobis distance (squared): 210 2 149.10852123573815
***** Mahalanobis distance (squared): 210 3 27.85399336446756
***** Mahalanobis distance (squared): 210 4 1.4457117700395339
***** Mahalanobis distance (squared): 210 5 20.33027479941016
***** Mahalanobis distance (squared): 210 6 20.35214059664162
***** Mahalanobis distance (squared): 210 7 97.36710274887356
***** Mahalanobis distance (squared): 210 8 2.323490631349096
***** Mahalanobis distance (squared): 210 9 3.8795475393639722
***** Mahalanobis distance (squared): 210 10 118.98738739553019
***** Mahalanobis distance (squared): 210 11 123.14787402341875
***** Mahalanobis distance (squared): 210 12 4.742055425215608
***** Mahalanobis distance (squared): 211 1 68.40902468965186
***** Mahalanobis distance (squared): 211 2 80.22482044195037
***** Mahalanobis distance (squared): 211 3 24.75308212127141
***** Mahalanobis distance (squared): 211 4 20.83522160436397
***** Mahalanobis distance (squared): 211 5 5.868098916835593
***** Mahalanobis distance (squared): 211 6 6.65547524666717
***** Mahalanobis distance (squared): 211 7 61.731059240517496
***** Mahalanobis distance (squared): 211 8 21.563053416551483
***** Mahalanobis distance (squared): 211 9 39.052651242313445
***** Mahalanobis distance (squared): 211 10 54.586339872038394
***** Mahalanobis distance (squared): 211 11 51.492278371506565
***** Mahalanobis distance (squared): 211 12 10.29415741565588
***** Mahalanobis distance (squared): 212 1 72.75095028207002
***** Mahalanobis distance (squared): 212 2 98.98903728060924
***** Mahalanobis distance (squared): 212 3 7.858511818021416
***** Mahalanobis distance (squared): 212 4 3.023627280170786
***** Mahalanobis distance (squared): 212 5 3.9482404035966985
***** Mahalanobis distance (squared): 212 6 4.021592401504597
***** Mahalanobis distance (squared): 212 7 52.475669740209945
***** Mahalanobis distance (squared): 212 8 2.5808425154151102
***** Mahalanobis distance (squared): 212 9 19.557941539762638
***** Mahalanobis distance (squared): 212 10 74.38355395445653
***** Mahalanobis distance (squared): 212 11 86.31790434545299
***** Mahalanobis distance (squared): 212 12 8.964087296184646
***** Mahalanobis distance (squared): 213 1 37.94284400310565
***** Mahalanobis distance (squared): 213 2 57.509226875691084
***** Mahalanobis distance (squared): 213 3 8.197127481771682
***** Mahalanobis distance (squared): 213 4 22.283176707025504
***** Mahalanobis distance (squared): 213 5 1.0567915506119614
***** Mahalanobis distance (squared): 213 6 1.3939130717051313
***** Mahalanobis distance (squared): 213 7 27.892853459588856
***** Mahalanobis distance (squared): 213 8 21.228907410187887
***** Mahalanobis distance (squared): 213 9 51.548002977757676
***** Mahalanobis distance (squared): 213 10 37.410537870988506
***** Mahalanobis distance (squared): 213 11 49.63043695525463
***** Mahalanobis distance (squared): 213 12 23.65900416704155
***** Mahalanobis distance (squared): 214 1 42.945776000520155
***** Mahalanobis distance (squared): 214 2 74.34386717994278
***** Mahalanobis distance (squared): 214 3 0.31108426430605635
***** Mahalanobis distance (squared): 214 4 17.780454386506868
***** Mahalanobis distance (squared): 214 5 4.50111426795357
***** Mahalanobis distance (squared): 214 6 4.82010439472849
***** Mahalanobis distance (squared): 214 7 22.54723363717903
***** Mahalanobis distance (squared): 214 8 15.484393247188251
***** Mahalanobis distance (squared): 214 9 49.0370413350929
***** Mahalanobis distance (squared): 214 10 54.81599228238652
***** Mahalanobis distance (squared): 214 11 79.39093374731803
***** Mahalanobis distance (squared): 214 12 30.588338941393634
***** Mahalanobis distance (squared): 215 1 4.613031014722099
***** Mahalanobis distance (squared): 215 2 1.994173122777108
***** Mahalanobis distance (squared): 215 3 60.60831920872453
***** Mahalanobis distance (squared): 215 4 107.76541078468772
***** Mahalanobis distance (squared): 215 5 52.112256167074605
***** Mahalanobis distance (squared): 215 6 48.41351335125013
***** Mahalanobis distance (squared): 215 7 22.848507850060855
***** Mahalanobis distance (squared): 215 8 106.74208502853082
***** Mahalanobis distance (squared): 215 9 154.0420221362966
***** Mahalanobis distance (squared): 215 10 0.8279444719309424
***** Mahalanobis distance (squared): 215 11 16.040557339536434
***** Mahalanobis distance (squared): 215 12 112.92516987441165
***** Mahalanobis distance (squared): 216 1 82.30280272650037
***** Mahalanobis distance (squared): 216 2 108.60255847747499
***** Mahalanobis distance (squared): 216 3 11.016211563240121
***** Mahalanobis distance (squared): 216 4 1.7880947753969614
***** Mahalanobis distance (squared): 216 5 5.828438902697536
***** Mahalanobis distance (squared): 216 6 6.066332162581515
***** Mahalanobis distance (squared): 216 7 61.016391837800946
***** Mahalanobis distance (squared): 216 8 1.6077529773862456
***** Mahalanobis distance (squared): 216 9 15.661488867740424
***** Mahalanobis distance (squared): 216 10 82.45608752127856
***** Mahalanobis distance (squared): 216 11 92.32226890349595
***** Mahalanobis distance (squared): 216 12 6.350283531845591
***** Mahalanobis distance (squared): 217 1 39.64784869481559
***** Mahalanobis distance (squared): 217 2 18.959196886990465
***** Mahalanobis distance (squared): 217 3 84.11360510028688
***** Mahalanobis distance (squared): 217 4 102.52832438804516
***** Mahalanobis distance (squared): 217 5 55.27592643141974
***** Mahalanobis distance (squared): 217 6 51.1419506733885
***** Mahalanobis distance (squared): 217 7 68.7414158799759
***** Mahalanobis distance (squared): 217 8 104.8933237486451
***** Mahalanobis distance (squared): 217 9 129.87114206720545
***** Mahalanobis distance (squared): 217 10 11.876002883773396
***** Mahalanobis distance (squared): 217 11 0.491809443102866
***** Mahalanobis distance (squared): 217 12 88.93640963324778
***** Mahalanobis distance (squared): 218 1 2.0007578139957536
***** Mahalanobis distance (squared): 218 2 18.71861559475025
***** Mahalanobis distance (squared): 218 3 44.627813042004554
***** Mahalanobis distance (squared): 218 4 103.8155912517442
***** Mahalanobis distance (squared): 218 5 54.04872188919453
***** Mahalanobis distance (squared): 218 6 50.918298265528584
***** Mahalanobis distance (squared): 218 7 4.628226165035235
***** Mahalanobis distance (squared): 218 8 100.33230217253247
***** Mahalanobis distance (squared): 218 9 158.29518373958368
***** Mahalanobis distance (squared): 218 10 18.75344288643421
***** Mahalanobis distance (squared): 218 11 55.00369975312276
***** Mahalanobis distance (squared): 218 12 125.77640839162794
***** Mahalanobis distance (squared): 219 1 10.567421396815577
***** Mahalanobis distance (squared): 219 2 6.027246889515278
***** Mahalanobis distance (squared): 219 3 49.45529385306343
***** Mahalanobis distance (squared): 219 4 80.87595301866543
***** Mahalanobis distance (squared): 219 5 38.59437714777618
***** Mahalanobis distance (squared): 219 6 34.13211794548576
***** Mahalanobis distance (squared): 219 7 27.355897212019634
***** Mahalanobis distance (squared): 219 8 81.03430692915299
***** Mahalanobis distance (squared): 219 9 116.02876648664886
***** Mahalanobis distance (squared): 219 10 2.6364921630111398
***** Mahalanobis distance (squared): 219 11 12.144471407047494
***** Mahalanobis distance (squared): 219 12 85.5759686176989
***** Mahalanobis distance (squared): 220 1 2.1422999066650883
***** Mahalanobis distance (squared): 220 2 17.98301530457214
***** Mahalanobis distance (squared): 220 3 51.00846711916617
***** Mahalanobis distance (squared): 220 4 113.76331047997566
***** Mahalanobis distance (squared): 220 5 60.442058893980274
***** Mahalanobis distance (squared): 220 6 57.26996739110843
***** Mahalanobis distance (squared): 220 7 6.3529148575587975
***** Mahalanobis distance (squared): 220 8 110.13527905792157
***** Mahalanobis distance (squared): 220 9 170.52702728649058
***** Mahalanobis distance (squared): 220 10 19.07432411065485
***** Mahalanobis distance (squared): 220 11 55.98258015467782
***** Mahalanobis distance (squared): 220 12 135.64753777186357
***** Mahalanobis distance (squared): 221 1 40.886666824909994
***** Mahalanobis distance (squared): 221 2 58.68511710802147
***** Mahalanobis distance (squared): 221 3 7.22705104204469
***** Mahalanobis distance (squared): 221 4 14.290605044769338
***** Mahalanobis distance (squared): 221 5 1.9541052807763961
***** Mahalanobis distance (squared): 221 6 0.7269769905517163
***** Mahalanobis distance (squared): 221 7 31.197162503516527
***** Mahalanobis distance (squared): 221 8 13.892692247165414
***** Mahalanobis distance (squared): 221 9 37.13492999296643
***** Mahalanobis distance (squared): 221 10 40.54302578308548
***** Mahalanobis distance (squared): 221 11 52.71371965252474
***** Mahalanobis distance (squared): 221 12 20.45142540149486
***** Mahalanobis distance (squared): 222 1 149.32030530997199
***** Mahalanobis distance (squared): 222 2 164.10968468590625
***** Mahalanobis distance (squared): 222 3 53.67633817371896
***** Mahalanobis distance (squared): 222 4 11.393601218684793
***** Mahalanobis distance (squared): 222 5 37.59245930669929
***** Mahalanobis distance (squared): 222 6 35.968063273945
***** Mahalanobis distance (squared): 222 7 132.01991880083224
***** Mahalanobis distance (squared): 222 8 14.357302774396267
***** Mahalanobis distance (squared): 222 9 1.7088166724610632
***** Mahalanobis distance (squared): 222 10 134.13231691012706
***** Mahalanobis distance (squared): 222 11 125.7638094854662
***** Mahalanobis distance (squared): 222 12 9.370098057467983
***** Mahalanobis distance (squared): 223 1 101.05462887978021
***** Mahalanobis distance (squared): 223 2 115.47215756264633
***** Mahalanobis distance (squared): 223 3 32.094252052425375
***** Mahalanobis distance (squared): 223 4 12.58284279065942
***** Mahalanobis distance (squared): 223 5 12.271925503149683
***** Mahalanobis distance (squared): 223 6 13.167467362812062
***** Mahalanobis distance (squared): 223 7 88.61849031033537
***** Mahalanobis distance (squared): 223 8 14.05385623110096
***** Mahalanobis distance (squared): 223 9 20.74571129806364
***** Mahalanobis distance (squared): 223 10 85.42893085714809
***** Mahalanobis distance (squared): 223 11 78.51300691509647
***** Mahalanobis distance (squared): 223 12 1.5989944126156943
***** Mahalanobis distance (squared): 224 1 83.24660814193435
***** Mahalanobis distance (squared): 224 2 108.20993031240037
***** Mahalanobis distance (squared): 224 3 13.055366837784685
***** Mahalanobis distance (squared): 224 4 1.2118343753969478
***** Mahalanobis distance (squared): 224 5 10.396596142451758
***** Mahalanobis distance (squared): 224 6 9.252956983355231
***** Mahalanobis distance (squared): 224 7 62.82955741126205
***** Mahalanobis distance (squared): 224 8 1.367463916047609
***** Mahalanobis distance (squared): 224 9 11.744300171549172
***** Mahalanobis distance (squared): 224 10 84.72054319112904
***** Mahalanobis distance (squared): 224 11 96.12094699400078
***** Mahalanobis distance (squared): 224 12 10.73819029986934
***** Mahalanobis distance (squared): 225 1 43.859026406216024
***** Mahalanobis distance (squared): 225 2 63.22622475850554
***** Mahalanobis distance (squared): 225 3 6.485608316748627
***** Mahalanobis distance (squared): 225 4 13.414422986990592
***** Mahalanobis distance (squared): 225 5 0.6950850277838441
***** Mahalanobis distance (squared): 225 6 0.09008900788667179
***** Mahalanobis distance (squared): 225 7 32.59478389916326
***** Mahalanobis distance (squared): 225 8 12.86295637205064
***** Mahalanobis distance (squared): 225 9 36.89415861581279
***** Mahalanobis distance (squared): 225 10 43.51613482840805
***** Mahalanobis distance (squared): 225 11 55.39543436561218
***** Mahalanobis distance (squared): 225 12 18.031349770551255
***** Mahalanobis distance (squared): 226 1 38.336671327677955
***** Mahalanobis distance (squared): 226 2 70.07279792896708
***** Mahalanobis distance (squared): 226 3 1.1466540140455204
***** Mahalanobis distance (squared): 226 4 21.372726004625704
***** Mahalanobis distance (squared): 226 5 9.617830861250532
***** Mahalanobis distance (squared): 226 6 8.806386269433483
***** Mahalanobis distance (squared): 226 7 18.349755015389714
***** Mahalanobis distance (squared): 226 8 18.920853030630553
***** Mahalanobis distance (squared): 226 9 53.0582336632797
***** Mahalanobis distance (squared): 226 10 53.9536523694552
***** Mahalanobis distance (squared): 226 11 82.98462679771238
***** Mahalanobis distance (squared): 226 12 40.28073958684587
***** Mahalanobis distance (squared): 227 1 23.544328636785504
***** Mahalanobis distance (squared): 227 2 4.408335687727749
***** Mahalanobis distance (squared): 227 3 115.48907795131625
***** Mahalanobis distance (squared): 227 4 165.99084054125765
***** Mahalanobis distance (squared): 227 5 103.69288559689899
***** Mahalanobis distance (squared): 227 6 96.42423865763114
***** Mahalanobis distance (squared): 227 7 58.392847523890346
***** Mahalanobis distance (squared): 227 8 166.3429253698352
***** Mahalanobis distance (squared): 227 9 210.41303277369084
***** Mahalanobis distance (squared): 227 10 13.136072718112416
***** Mahalanobis distance (squared): 227 11 24.005148707630067
***** Mahalanobis distance (squared): 227 12 173.50305232481293
***** Mahalanobis distance (squared): 228 1 100.14470617941852
***** Mahalanobis distance (squared): 228 2 130.53497886861038
***** Mahalanobis distance (squared): 228 3 15.143526471536378
***** Mahalanobis distance (squared): 228 4 0.24374656865053362
***** Mahalanobis distance (squared): 228 5 12.675183520034304
***** Mahalanobis distance (squared): 228 6 12.875914813201643
***** Mahalanobis distance (squared): 228 7 73.8320312479122
***** Mahalanobis distance (squared): 228 8 0.0628012870492018
***** Mahalanobis distance (squared): 228 9 10.318381227241433
***** Mahalanobis distance (squared): 228 10 102.8747337504374
***** Mahalanobis distance (squared): 228 11 114.48708663989486
***** Mahalanobis distance (squared): 228 12 7.890833652315946
***** Mahalanobis distance (squared): 229 1 19.143300815019348
***** Mahalanobis distance (squared): 229 2 11.678387065247746
***** Mahalanobis distance (squared): 229 3 51.83909186083145
***** Mahalanobis distance (squared): 229 4 77.25350539677169
***** Mahalanobis distance (squared): 229 5 33.51448763374671
***** Mahalanobis distance (squared): 229 6 30.262293586646162
***** Mahalanobis distance (squared): 229 7 37.24021237660255
***** Mahalanobis distance (squared): 229 8 77.99290676507559
***** Mahalanobis distance (squared): 229 9 110.00027350948204
***** Mahalanobis distance (squared): 229 10 3.918586254881604
***** Mahalanobis distance (squared): 229 11 5.105182841708937
***** Mahalanobis distance (squared): 229 12 72.62165285074568
***** Mahalanobis distance (squared): 230 1 8.421690620189322
***** Mahalanobis distance (squared): 230 2 34.955398235835034
***** Mahalanobis distance (squared): 230 3 28.01241010297363
***** Mahalanobis distance (squared): 230 4 84.62040085029452
***** Mahalanobis distance (squared): 230 5 37.916792951879245
***** Mahalanobis distance (squared): 230 6 37.35460288899157
***** Mahalanobis distance (squared): 230 7 0.9942482038377232
***** Mahalanobis distance (squared): 230 8 80.33859030606766
***** Mahalanobis distance (squared): 230 9 140.35387732330807
***** Mahalanobis distance (squared): 230 10 27.889138943386435
***** Mahalanobis distance (squared): 230 11 65.27387479564621
***** Mahalanobis distance (squared): 230 12 102.96883988611327
***** Mahalanobis distance (squared): 231 1 7.384836195736052
***** Mahalanobis distance (squared): 231 2 11.374896213659557
***** Mahalanobis distance (squared): 231 3 33.10046935252023
***** Mahalanobis distance (squared): 231 4 66.46173159020421
***** Mahalanobis distance (squared): 231 5 25.264308143502056
***** Mahalanobis distance (squared): 231 6 22.44046992775625
***** Mahalanobis distance (squared): 231 7 16.398142847658672
***** Mahalanobis distance (squared): 231 8 65.6889101002955
***** Mahalanobis distance (squared): 231 9 104.71147834002736
***** Mahalanobis distance (squared): 231 10 4.321551272006843
***** Mahalanobis distance (squared): 231 11 18.032912941795015
***** Mahalanobis distance (squared): 231 12 71.46785150212108
***** Mahalanobis distance (squared): 232 1 1.6561551686668186
***** Mahalanobis distance (squared): 232 2 18.470940641635462
***** Mahalanobis distance (squared): 232 3 45.42023290966123
***** Mahalanobis distance (squared): 232 4 106.40332163632257
***** Mahalanobis distance (squared): 232 5 53.42973270460732
***** Mahalanobis distance (squared): 232 6 50.900290133296664
***** Mahalanobis distance (squared): 232 7 4.498256638511241
***** Mahalanobis distance (squared): 232 8 102.77501331300998
***** Mahalanobis distance (squared): 232 9 162.77166578307046
***** Mahalanobis distance (squared): 232 10 17.536012023902156
***** Mahalanobis distance (squared): 232 11 52.91871559462914
***** Mahalanobis distance (squared): 232 12 125.85819239857275
***** Mahalanobis distance (squared): 233 1 50.33010314365119
***** Mahalanobis distance (squared): 233 2 66.43734762147197
***** Mahalanobis distance (squared): 233 3 10.661631871571034
***** Mahalanobis distance (squared): 233 4 12.193349094032106
***** Mahalanobis distance (squared): 233 5 1.277036679103561
***** Mahalanobis distance (squared): 233 6 0.5556730101091627
***** Mahalanobis distance (squared): 233 7 40.98458694288517
***** Mahalanobis distance (squared): 233 8 12.26793167465824
***** Mahalanobis distance (squared): 233 9 32.07404212864891
***** Mahalanobis distance (squared): 233 10 45.694934328803996
***** Mahalanobis distance (squared): 233 11 52.798616449518654
***** Mahalanobis distance (squared): 233 12 13.576085845325089
***** Mahalanobis distance (squared): 234 1 180.50094168294822
***** Mahalanobis distance (squared): 234 2 206.28880577925614
***** Mahalanobis distance (squared): 234 3 60.349012288305715
***** Mahalanobis distance (squared): 234 4 13.278826404223123
***** Mahalanobis distance (squared): 234 5 50.58223528247519
***** Mahalanobis distance (squared): 234 6 49.82955545058008
***** Mahalanobis distance (squared): 234 7 151.78460725168264
***** Mahalanobis distance (squared): 234 8 15.547751400549043
***** Mahalanobis distance (squared): 234 9 1.3537160132208057
***** Mahalanobis distance (squared): 234 10 172.65042950988962
***** Mahalanobis distance (squared): 234 11 170.31225691651898
***** Mahalanobis distance (squared): 234 12 16.4758690757931
***** Mahalanobis distance (squared): 235 1 119.67503428526744
***** Mahalanobis distance (squared): 235 2 139.12948649424854
***** Mahalanobis distance (squared): 235 3 33.681828836033866
***** Mahalanobis distance (squared): 235 4 6.9949411838693845
***** Mahalanobis distance (squared): 235 5 17.354640936428456
***** Mahalanobis distance (squared): 235 6 18.144668701845603
***** Mahalanobis distance (squared): 235 7 101.01659118381139
***** Mahalanobis distance (squared): 235 8 8.47960791647751
***** Mahalanobis distance (squared): 235 9 10.283690319018406
***** Mahalanobis distance (squared): 235 10 107.31496793480572
***** Mahalanobis distance (squared): 235 11 102.63946075967793
***** Mahalanobis distance (squared): 235 12 0.06578488651833489
***** Mahalanobis distance (squared): 236 1 96.34027686259066
***** Mahalanobis distance (squared): 236 2 125.2233371102036
***** Mahalanobis distance (squared): 236 3 14.907222051275282
***** Mahalanobis distance (squared): 236 4 0.13689620304484587
***** Mahalanobis distance (squared): 236 5 12.936154159136025
***** Mahalanobis distance (squared): 236 6 12.539156909034668
***** Mahalanobis distance (squared): 236 7 71.54056952115681
***** Mahalanobis distance (squared): 236 8 0.10348144497879797
***** Mahalanobis distance (squared): 236 9 9.6010447662794
***** Mahalanobis distance (squared): 236 10 99.0695843680283
***** Mahalanobis distance (squared): 236 11 110.96190137127778
***** Mahalanobis distance (squared): 236 12 9.267316173403191
***** Mahalanobis distance (squared): 237 1 42.578580878040874
***** Mahalanobis distance (squared): 237 2 61.31057483070323
***** Mahalanobis distance (squared): 237 3 6.70892468052289
***** Mahalanobis distance (squared): 237 4 13.692296878820123
***** Mahalanobis distance (squared): 237 5 1.1279745723641372
***** Mahalanobis distance (squared): 237 6 0.27106993627397286
***** Mahalanobis distance (squared): 237 7 31.95196823867986
***** Mahalanobis distance (squared): 237 8 13.203005996407125
***** Mahalanobis distance (squared): 237 9 36.914747308168174
***** Mahalanobis distance (squared): 237 10 42.235385833506776
***** Mahalanobis distance (squared): 237 11 54.23267433624261
***** Mahalanobis distance (squared): 237 12 18.934364186534072
***** Mahalanobis distance (squared): 238 1 66.1869106206011
***** Mahalanobis distance (squared): 238 2 91.97677142857022
***** Mahalanobis distance (squared): 238 3 6.633519795749366
***** Mahalanobis distance (squared): 238 4 3.8041063035656633
***** Mahalanobis distance (squared): 238 5 5.765210368133397
***** Mahalanobis distance (squared): 238 6 4.83583477562116
***** Mahalanobis distance (squared): 238 7 46.88324213493603
***** Mahalanobis distance (squared): 238 8 3.315786115739594
***** Mahalanobis distance (squared): 238 9 20.444639040691385
***** Mahalanobis distance (squared): 238 10 70.30264134434096
***** Mahalanobis distance (squared): 238 11 85.32542362516563
***** Mahalanobis distance (squared): 238 12 14.404708766318352
***** Mahalanobis distance (squared): 239 1 13.501088291094803
***** Mahalanobis distance (squared): 239 2 1.2463704197824015
***** Mahalanobis distance (squared): 239 3 77.1798279340848
***** Mahalanobis distance (squared): 239 4 117.87906631438887
***** Mahalanobis distance (squared): 239 5 62.274628206347096
***** Mahalanobis distance (squared): 239 6 57.44020930011765
***** Mahalanobis distance (squared): 239 7 39.5236607972121
***** Mahalanobis distance (squared): 239 8 118.14510744543644
***** Mahalanobis distance (squared): 239 9 158.74219111314548
***** Mahalanobis distance (squared): 239 10 1.3967460810021362
***** Mahalanobis distance (squared): 239 11 8.27939742708509
***** Mahalanobis distance (squared): 239 12 118.65616559067871
***** Mahalanobis distance (squared): 240 1 99.35148378025508
***** Mahalanobis distance (squared): 240 2 128.71149569196953
***** Mahalanobis distance (squared): 240 3 16.0317095906419
***** Mahalanobis distance (squared): 240 4 0.22045654136243256
***** Mahalanobis distance (squared): 240 5 14.66805687075966
***** Mahalanobis distance (squared): 240 6 14.148327273573349
***** Mahalanobis distance (squared): 240 7 73.90006451626662
***** Mahalanobis distance (squared): 240 8 0.21549704677576081
***** Mahalanobis distance (squared): 240 9 8.852405838884366
***** Mahalanobis distance (squared): 240 10 102.56495354781225
***** Mahalanobis distance (squared): 240 11 114.83967936552366
***** Mahalanobis distance (squared): 240 12 10.217928029553649
***** Mahalanobis distance (squared): 241 1 55.93592015580497
***** Mahalanobis distance (squared): 241 2 28.002772008044573
***** Mahalanobis distance (squared): 241 3 117.39957324284894
***** Mahalanobis distance (squared): 241 4 141.3399325910291
***** Mahalanobis distance (squared): 241 5 81.09985430444577
***** Mahalanobis distance (squared): 241 6 77.61781563883433
***** Mahalanobis distance (squared): 241 7 92.89787688154485
***** Mahalanobis distance (squared): 241 8 143.9645704021433
***** Mahalanobis distance (squared): 241 9 173.17547954187066
***** Mahalanobis distance (squared): 241 10 21.021756094219498
***** Mahalanobis distance (squared): 241 11 3.2191184325071482
***** Mahalanobis distance (squared): 241 12 118.82409300069378
***** Mahalanobis distance (squared): 242 1 6.224557027809218
***** Mahalanobis distance (squared): 242 2 28.51068879691405
***** Mahalanobis distance (squared): 242 3 39.832058647875634
***** Mahalanobis distance (squared): 242 4 102.0333070009901
***** Mahalanobis distance (squared): 242 5 47.13911223856501
***** Mahalanobis distance (squared): 242 6 46.5231364046166
***** Mahalanobis distance (squared): 242 7 3.9651443932558443
***** Mahalanobis distance (squared): 242 8 97.77437868251076
***** Mahalanobis distance (squared): 242 9 161.4076956443672
***** Mahalanobis distance (squared): 242 10 23.15966050739252
***** Mahalanobis distance (squared): 242 11 58.87068301445465
***** Mahalanobis distance (squared): 242 12 117.57423602378259
***** Mahalanobis distance (squared): 243 1 30.825325259616225
***** Mahalanobis distance (squared): 243 2 7.2240287999601325
***** Mahalanobis distance (squared): 243 3 119.19401557533818
***** Mahalanobis distance (squared): 243 4 165.1969610020269
***** Mahalanobis distance (squared): 243 5 96.12013066664113
***** Mahalanobis distance (squared): 243 6 90.9490909652208
***** Mahalanobis distance (squared): 243 7 68.6315895488382
***** Mahalanobis distance (squared): 243 8 166.13413527936757
***** Mahalanobis distance (squared): 243 9 209.28499509375962
***** Mahalanobis distance (squared): 243 10 9.902659889900468
***** Mahalanobis distance (squared): 243 11 9.165297533891062
***** Mahalanobis distance (squared): 243 12 157.9636759447109
***** Mahalanobis distance (squared): 244 1 2.0936078906205107
***** Mahalanobis distance (squared): 244 2 5.4974745511941805
***** Mahalanobis distance (squared): 244 3 65.99304379932605
***** Mahalanobis distance (squared): 244 4 126.01277930596315
***** Mahalanobis distance (squared): 244 5 64.25011051843552
***** Mahalanobis distance (squared): 244 6 60.90797827696773
***** Mahalanobis distance (squared): 244 7 17.380268479469724
***** Mahalanobis distance (squared): 244 8 123.64641522760333
***** Mahalanobis distance (squared): 244 9 180.98975975049842
***** Mahalanobis distance (squared): 244 10 6.654638256193429
***** Mahalanobis distance (squared): 244 11 31.406078244766
***** Mahalanobis distance (squared): 244 12 136.90225667133495
***** Mahalanobis distance (squared): 245 1 51.86915113440713
***** Mahalanobis distance (squared): 245 2 67.69581694847069
***** Mahalanobis distance (squared): 245 3 17.826066853663086
***** Mahalanobis distance (squared): 245 4 25.930149849883886
***** Mahalanobis distance (squared): 245 5 3.5258952619018444
***** Mahalanobis distance (squared): 245 6 4.735619606008226
***** Mahalanobis distance (squared): 245 7 43.93777919920872
***** Mahalanobis distance (squared): 245 8 25.540135986729712
***** Mahalanobis distance (squared): 245 9 52.41194838841342
***** Mahalanobis distance (squared): 245 10 44.0647960725595
***** Mahalanobis distance (squared): 245 11 48.136228797118655
***** Mahalanobis distance (squared): 245 12 18.837277941165556
***** Mahalanobis distance (squared): 246 1 122.99648784035902
***** Mahalanobis distance (squared): 246 2 141.31481107751537
***** Mahalanobis distance (squared): 246 3 35.967620705626814
***** Mahalanobis distance (squared): 246 4 4.461267327718418
***** Mahalanobis distance (squared): 246 5 23.775859089536592
***** Mahalanobis distance (squared): 246 6 22.581728744621774
***** Mahalanobis distance (squared): 246 7 104.62812996589484
***** Mahalanobis distance (squared): 246 8 6.4266264473577595
***** Mahalanobis distance (squared): 246 9 2.2477752342495965
***** Mahalanobis distance (squared): 246 10 113.01549768233984
***** Mahalanobis distance (squared): 246 11 110.86705529507206
***** Mahalanobis distance (squared): 246 12 5.221861111081689
***** Mahalanobis distance (squared): 247 1 135.8537697815271
***** Mahalanobis distance (squared): 247 2 145.41864893816341
***** Mahalanobis distance (squared): 247 3 54.1398607447404
***** Mahalanobis distance (squared): 247 4 14.367219584147406
***** Mahalanobis distance (squared): 247 5 38.20316045996138
***** Mahalanobis distance (squared): 247 6 35.14976384569143
***** Mahalanobis distance (squared): 247 7 124.15433683673967
***** Mahalanobis distance (squared): 247 8 17.687412685396666
***** Mahalanobis distance (squared): 247 9 4.680060609813323
***** Mahalanobis distance (squared): 247 10 119.66568203957847
***** Mahalanobis distance (squared): 247 11 111.29667869716464
***** Mahalanobis distance (squared): 247 12 14.730433211810507
***** Mahalanobis distance (squared): 248 1 129.80626158948147
***** Mahalanobis distance (squared): 248 2 151.34889127243903
***** Mahalanobis distance (squared): 248 3 35.94133887560184
***** Mahalanobis distance (squared): 248 4 5.210097702291796
***** Mahalanobis distance (squared): 248 5 21.88116998049294
***** Mahalanobis distance (squared): 248 6 22.293857547805523
***** Mahalanobis distance (squared): 248 7 108.38323250120037
***** Mahalanobis distance (squared): 248 8 6.78079733647587
***** Mahalanobis distance (squared): 248 9 5.381383419301483
***** Mahalanobis distance (squared): 248 10 119.31767073775087
***** Mahalanobis distance (squared): 248 11 116.0747792030953
***** Mahalanobis distance (squared): 248 12 1.3914113215693888
***** Mahalanobis distance (squared): 249 1 43.05496800600041
***** Mahalanobis distance (squared): 249 2 54.58227279467617
***** Mahalanobis distance (squared): 249 3 22.25228583808566
***** Mahalanobis distance (squared): 249 4 34.76751062533147
***** Mahalanobis distance (squared): 249 5 6.279360374617564
***** Mahalanobis distance (squared): 249 6 7.044680980594117
***** Mahalanobis distance (squared): 249 7 40.138397758385025
***** Mahalanobis distance (squared): 249 8 34.49461053764406
***** Mahalanobis distance (squared): 249 9 63.652514937249045
***** Mahalanobis distance (squared): 249 10 33.292484164793535
***** Mahalanobis distance (squared): 249 11 36.258718196825164
***** Mahalanobis distance (squared): 249 12 26.503932667179086
***** Mahalanobis distance (squared): 250 1 36.45373716449239
***** Mahalanobis distance (squared): 250 2 63.93857464965253
***** Mahalanobis distance (squared): 250 3 2.480460151201516
***** Mahalanobis distance (squared): 250 4 22.366940395675794
***** Mahalanobis distance (squared): 250 5 2.931499257749934
***** Mahalanobis distance (squared): 250 6 3.47215822472283
***** Mahalanobis distance (squared): 250 7 20.201404992689618
***** Mahalanobis distance (squared): 250 8 20.251894364811452
***** Mahalanobis distance (squared): 250 9 55.52423551116475
***** Mahalanobis distance (squared): 250 10 44.629414178760996
***** Mahalanobis distance (squared): 250 11 65.87742036593217
***** Mahalanobis distance (squared): 250 12 30.891409685532203
***** Mahalanobis distance (squared): 251 1 30.71114160348709
***** Mahalanobis distance (squared): 251 2 6.486343707314302
***** Mahalanobis distance (squared): 251 3 113.04151889163005
***** Mahalanobis distance (squared): 251 4 153.03880108253736
***** Mahalanobis distance (squared): 251 5 90.19439462018458
***** Mahalanobis distance (squared): 251 6 84.39491139658188
***** Mahalanobis distance (squared): 251 7 67.90502138759196
***** Mahalanobis distance (squared): 251 8 154.43107085784294
***** Mahalanobis distance (squared): 251 9 192.4746203396367
***** Mahalanobis distance (squared): 251 10 9.11765070306406
***** Mahalanobis distance (squared): 251 11 7.226596292914072
***** Mahalanobis distance (squared): 251 12 147.33522095672575
***** Mahalanobis distance (squared): 252 1 127.8021246740427
***** Mahalanobis distance (squared): 252 2 148.69339992930423
***** Mahalanobis distance (squared): 252 3 35.47919689454441
***** Mahalanobis distance (squared): 252 4 4.803900370679179
***** Mahalanobis distance (squared): 252 5 21.633929563915334
***** Mahalanobis distance (squared): 252 6 21.78830375583506
***** Mahalanobis distance (squared): 252 7 107.03293714888056
***** Mahalanobis distance (squared): 252 8 6.438356551103248
***** Mahalanobis distance (squared): 252 9 4.711359429755591
***** Mahalanobis distance (squared): 252 10 117.31322263996539
***** Mahalanobis distance (squared): 252 11 114.19131993215589
***** Mahalanobis distance (squared): 252 12 1.6262486688388271
***** Mahalanobis distance (squared): 253 1 25.618385333885147
***** Mahalanobis distance (squared): 253 2 5.431720096998855
***** Mahalanobis distance (squared): 253 3 96.37500121993763
***** Mahalanobis distance (squared): 253 4 133.36712879594924
***** Mahalanobis distance (squared): 253 5 74.22867164778573
***** Mahalanobis distance (squared): 253 6 69.20151439082085
***** Mahalanobis distance (squared): 253 7 58.2989682764606
***** Mahalanobis distance (squared): 253 8 134.5638896704707
***** Mahalanobis distance (squared): 253 9 171.71265964271862
***** Mahalanobis distance (squared): 253 10 5.313325332562643
***** Mahalanobis distance (squared): 253 11 3.9243123590764997
***** Mahalanobis distance (squared): 253 12 127.24223282393031
***** Mahalanobis distance (squared): 254 1 5.386293191623434
***** Mahalanobis distance (squared): 254 2 28.4213546772425
***** Mahalanobis distance (squared): 254 3 26.360520032494016
***** Mahalanobis distance (squared): 254 4 78.21991471874394
***** Mahalanobis distance (squared): 254 5 36.43104567998892
***** Mahalanobis distance (squared): 254 6 34.49264050618793
***** Mahalanobis distance (squared): 254 7 0.3975197904273084
***** Mahalanobis distance (squared): 254 8 74.59558120374747
***** Mahalanobis distance (squared): 254 9 129.26546685111197
***** Mahalanobis distance (squared): 254 10 23.507847846165507
***** Mahalanobis distance (squared): 254 11 59.58560765818492
***** Mahalanobis distance (squared): 254 12 99.20915822472608
***** Mahalanobis distance (squared): 255 1 7.733733078095447
***** Mahalanobis distance (squared): 255 2 0.2913751440407395
***** Mahalanobis distance (squared): 255 3 77.72815318575107
***** Mahalanobis distance (squared): 255 4 128.7050776530438
***** Mahalanobis distance (squared): 255 5 68.2189317778571
***** Mahalanobis distance (squared): 255 6 63.66945674151107
***** Mahalanobis distance (squared): 255 7 31.400102001731728
***** Mahalanobis distance (squared): 255 8 127.89798589222296
***** Mahalanobis distance (squared): 255 9 176.5200906374629
***** Mahalanobis distance (squared): 255 10 2.2982196167264446
***** Mahalanobis distance (squared): 255 11 16.802715376426534
***** Mahalanobis distance (squared): 255 12 134.060414974434
***** Mahalanobis distance (squared): 256 1 1.5502018109103508
***** Mahalanobis distance (squared): 256 2 15.478245546789523
***** Mahalanobis distance (squared): 256 3 33.69874088636713
***** Mahalanobis distance (squared): 256 4 83.7912606114843
***** Mahalanobis distance (squared): 256 5 35.38462613096031
***** Mahalanobis distance (squared): 256 6 33.4018551720887
***** Mahalanobis distance (squared): 256 7 4.711959817784183
***** Mahalanobis distance (squared): 256 8 81.07280117956165
***** Mahalanobis distance (squared): 256 9 133.7782789701197
***** Mahalanobis distance (squared): 256 10 10.483110095282818
***** Mahalanobis distance (squared): 256 11 37.5298446459864
***** Mahalanobis distance (squared): 256 12 96.3829144307542
***** Mahalanobis distance (squared): 257 1 33.73326256106963
***** Mahalanobis distance (squared): 257 2 60.10488343668172
***** Mahalanobis distance (squared): 257 3 3.4294282186886287
***** Mahalanobis distance (squared): 257 4 24.776373752574592
***** Mahalanobis distance (squared): 257 5 3.2039059209000293
***** Mahalanobis distance (squared): 257 6 3.7287745530598713
***** Mahalanobis distance (squared): 257 7 18.83444281901265
***** Mahalanobis distance (squared): 257 8 22.667732892819416
***** Mahalanobis distance (squared): 257 9 58.88231989264814
***** Mahalanobis distance (squared): 257 10 41.247884054760725
***** Mahalanobis distance (squared): 257 11 62.05979703516571
***** Mahalanobis distance (squared): 257 12 32.572301951437666
***** Mahalanobis distance (squared): 258 1 158.42347551545294
***** Mahalanobis distance (squared): 258 2 183.33152679682672
***** Mahalanobis distance (squared): 258 3 49.28206188149123
***** Mahalanobis distance (squared): 258 4 8.614158459789563
***** Mahalanobis distance (squared): 258 5 41.490077318703946
***** Mahalanobis distance (squared): 258 6 40.228397313436794
***** Mahalanobis distance (squared): 258 7 131.9536626650679
***** Mahalanobis distance (squared): 258 8 10.580396328250563
***** Mahalanobis distance (squared): 258 9 0.25569451911043434
***** Mahalanobis distance (squared): 258 10 152.60547907717503
***** Mahalanobis distance (squared): 258 11 153.2816807778079
***** Mahalanobis distance (squared): 258 12 14.377372776331004
***** Mahalanobis distance (squared): 259 1 120.96228110067138
***** Mahalanobis distance (squared): 259 2 136.4748907983105
***** Mahalanobis distance (squared): 259 3 39.79477422968124
***** Mahalanobis distance (squared): 259 4 7.49882767226171
***** Mahalanobis distance (squared): 259 5 29.31689162582231
***** Mahalanobis distance (squared): 259 6 26.688645376396646
***** Mahalanobis distance (squared): 259 7 105.23211663958308
***** Mahalanobis distance (squared): 259 8 9.816259662303004
***** Mahalanobis distance (squared): 259 9 3.092123722459441
***** Mahalanobis distance (squared): 259 10 111.47870025424625
***** Mahalanobis distance (squared): 259 11 110.33683986907357
***** Mahalanobis distance (squared): 259 12 12.398043623832217
***** Mahalanobis distance (squared): 260 1 102.63546678297843
***** Mahalanobis distance (squared): 260 2 135.60354759219226
***** Mahalanobis distance (squared): 260 3 15.053481759136618
***** Mahalanobis distance (squared): 260 4 0.7217021714228388
***** Mahalanobis distance (squared): 260 5 15.743969130831916
***** Mahalanobis distance (squared): 260 6 15.704563590715352
***** Mahalanobis distance (squared): 260 7 74.06201699259212
***** Mahalanobis distance (squared): 260 8 0.29036026302331425
***** Mahalanobis distance (squared): 260 9 10.836341043264484
***** Mahalanobis distance (squared): 260 10 108.58759197810456
***** Mahalanobis distance (squared): 260 11 123.47281189312791
***** Mahalanobis distance (squared): 260 12 11.958825695417692
***** Mahalanobis distance (squared): 261 1 34.00684880352009
***** Mahalanobis distance (squared): 261 2 56.65354438295626
***** Mahalanobis distance (squared): 261 3 4.549371821365628
***** Mahalanobis distance (squared): 261 4 21.78130361114681
***** Mahalanobis distance (squared): 261 5 1.66808121201514
***** Mahalanobis distance (squared): 261 6 1.7122237578166422
***** Mahalanobis distance (squared): 261 7 21.77991424741613
***** Mahalanobis distance (squared): 261 8 20.273918884735128
***** Mahalanobis distance (squared): 261 9 52.6915392832198
***** Mahalanobis distance (squared): 261 10 37.98281946586928
***** Mahalanobis distance (squared): 261 11 55.071191630219
***** Mahalanobis distance (squared): 261 12 27.84156239641803
***** Mahalanobis distance (squared): 262 1 63.12606061318882
***** Mahalanobis distance (squared): 262 2 98.26101840368987
***** Mahalanobis distance (squared): 262 3 1.9984889297131518
***** Mahalanobis distance (squared): 262 4 9.291113420054367
***** Mahalanobis distance (squared): 262 5 9.054838383296575
***** Mahalanobis distance (squared): 262 6 8.906370416558056
***** Mahalanobis distance (squared): 262 7 37.12998121312358
***** Mahalanobis distance (squared): 262 8 7.324223688256355
***** Mahalanobis distance (squared): 262 9 33.30676404332163
***** Mahalanobis distance (squared): 262 10 77.0822350737703
***** Mahalanobis distance (squared): 262 11 102.53170460800146
***** Mahalanobis distance (squared): 262 12 26.240155199633264
***** Mahalanobis distance (squared): 263 1 12.031341169776065
***** Mahalanobis distance (squared): 263 2 2.0824102829755513
***** Mahalanobis distance (squared): 263 3 88.24694640716584
***** Mahalanobis distance (squared): 263 4 138.36692071528194
***** Mahalanobis distance (squared): 263 5 82.11966930781666
***** Mahalanobis distance (squared): 263 6 75.67433862567694
***** Mahalanobis distance (squared): 263 7 38.10000311462762
***** Mahalanobis distance (squared): 263 8 137.90878536298877
***** Mahalanobis distance (squared): 263 9 183.3851010096655
***** Mahalanobis distance (squared): 263 10 8.46853257385266
***** Mahalanobis distance (squared): 263 11 25.494454646082698
***** Mahalanobis distance (squared): 263 12 150.32320557040455
***** Mahalanobis distance (squared): 264 1 150.04126274650463
***** Mahalanobis distance (squared): 264 2 173.95923335130777
***** Mahalanobis distance (squared): 264 3 44.94434839384131
***** Mahalanobis distance (squared): 264 4 6.606137980848828
***** Mahalanobis distance (squared): 264 5 35.76229771571936
***** Mahalanobis distance (squared): 264 6 34.80806526275508
***** Mahalanobis distance (squared): 264 7 124.95351444909902
***** Mahalanobis distance (squared): 264 8 8.500616477340118
***** Mahalanobis distance (squared): 264 9 0.14837264834954056
***** Mahalanobis distance (squared): 264 10 143.13648607824652
***** Mahalanobis distance (squared): 264 11 142.93931664283423
***** Mahalanobis distance (squared): 264 12 10.34377062007212
***** Mahalanobis distance (squared): 265 1 31.066016217569537
***** Mahalanobis distance (squared): 265 2 21.378720439196808
***** Mahalanobis distance (squared): 265 3 59.8560311989966
***** Mahalanobis distance (squared): 265 4 81.69526383771046
***** Mahalanobis distance (squared): 265 5 35.183209643007096
***** Mahalanobis distance (squared): 265 6 33.132933879079395
***** Mahalanobis distance (squared): 265 7 50.33141449437905
***** Mahalanobis distance (squared): 265 8 82.80293568658327
***** Mahalanobis distance (squared): 265 9 113.59645540755352
***** Mahalanobis distance (squared): 265 10 9.88250468844988
***** Mahalanobis distance (squared): 265 11 4.351211506997318
***** Mahalanobis distance (squared): 265 12 68.77456047644218
***** Mahalanobis distance (squared): 266 1 5.458138494630555
***** Mahalanobis distance (squared): 266 2 29.167140900044338
***** Mahalanobis distance (squared): 266 3 30.806593064694077
***** Mahalanobis distance (squared): 266 4 86.430502734947
***** Mahalanobis distance (squared): 266 5 42.58111372664577
***** Mahalanobis distance (squared): 266 6 40.516107866037714
***** Mahalanobis distance (squared): 266 7 0.6540357386854566
***** Mahalanobis distance (squared): 266 8 82.51736111709653
***** Mahalanobis distance (squared): 266 9 139.7619696303251
***** Mahalanobis distance (squared): 266 10 25.51789943968524
***** Mahalanobis distance (squared): 266 11 64.00512106370512
***** Mahalanobis distance (squared): 266 12 109.1983673708029
***** Mahalanobis distance (squared): 267 1 8.565810708045221
***** Mahalanobis distance (squared): 267 2 12.318988493573459
***** Mahalanobis distance (squared): 267 3 43.679870302872374
***** Mahalanobis distance (squared): 267 4 85.62418410034475
***** Mahalanobis distance (squared): 267 5 33.08134929198172
***** Mahalanobis distance (squared): 267 6 31.6214652554685
***** Mahalanobis distance (squared): 267 7 19.45080393559823
***** Mahalanobis distance (squared): 267 8 84.28035034619124
***** Mahalanobis distance (squared): 267 9 131.10050238493196
***** Mahalanobis distance (squared): 267 10 4.254714522122785
***** Mahalanobis distance (squared): 267 11 17.291623320233462
***** Mahalanobis distance (squared): 267 12 85.19279392621813
***** Mahalanobis distance (squared): 268 1 1.2967167525592782
***** Mahalanobis distance (squared): 268 2 16.84941194980187
***** Mahalanobis distance (squared): 268 3 44.49053917368608
***** Mahalanobis distance (squared): 268 4 102.94021486073342
***** Mahalanobis distance (squared): 268 5 52.48095221011129
***** Mahalanobis distance (squared): 268 6 49.4302217172599
***** Mahalanobis distance (squared): 268 7 4.8474957740721845
***** Mahalanobis distance (squared): 268 8 99.6013522829528
***** Mahalanobis distance (squared): 268 9 157.05392240568912
***** Mahalanobis distance (squared): 268 10 16.53632802644256
***** Mahalanobis distance (squared): 268 11 51.202483306224366
***** Mahalanobis distance (squared): 268 12 123.34429520338043
***** Mahalanobis distance (squared): 269 1 62.10267831877343
***** Mahalanobis distance (squared): 269 2 82.65823296542315
***** Mahalanobis distance (squared): 269 3 11.389892921766677
***** Mahalanobis distance (squared): 269 4 11.861731440820042
***** Mahalanobis distance (squared): 269 5 1.0560614398264747
***** Mahalanobis distance (squared): 269 6 1.887397679727155
***** Mahalanobis distance (squared): 269 7 48.17464141667838
***** Mahalanobis distance (squared): 269 8 11.551833361581606
***** Mahalanobis distance (squared): 269 9 32.84913455690388
***** Mahalanobis distance (squared): 269 10 57.79766494459042
***** Mahalanobis distance (squared): 269 11 64.3943396560127
***** Mahalanobis distance (squared): 269 12 9.77253238470259
***** Mahalanobis distance (squared): 270 1 149.50492491392643
***** Mahalanobis distance (squared): 270 2 170.81928630513235
***** Mahalanobis distance (squared): 270 3 49.54229600164289
***** Mahalanobis distance (squared): 270 4 10.068978578859737
***** Mahalanobis distance (squared): 270 5 42.25841871563687
***** Mahalanobis distance (squared): 270 6 39.84787131433852
***** Mahalanobis distance (squared): 270 7 126.79574098488112
***** Mahalanobis distance (squared): 270 8 12.320406119698488
***** Mahalanobis distance (squared): 270 9 1.1633641084066015
***** Mahalanobis distance (squared): 270 10 143.25646571758375
***** Mahalanobis distance (squared): 270 11 144.1829052266869
***** Mahalanobis distance (squared): 270 12 18.18490961549865
***** Mahalanobis distance (squared): 271 1 102.84621834245488
***** Mahalanobis distance (squared): 271 2 120.88002421239156
***** Mahalanobis distance (squared): 271 3 26.484106325736125
***** Mahalanobis distance (squared): 271 4 3.0876138122922967
***** Mahalanobis distance (squared): 271 5 14.30450702288375
***** Mahalanobis distance (squared): 271 6 13.52372107361148
***** Mahalanobis distance (squared): 271 7 86.41359606528435
***** Mahalanobis distance (squared): 271 8 4.5542693066464075
***** Mahalanobis distance (squared): 271 9 6.650884866689057
***** Mahalanobis distance (squared): 271 10 93.71796575185704
***** Mahalanobis distance (squared): 271 11 93.26847323323831
***** Mahalanobis distance (squared): 271 12 2.8223140070431945
***** Mahalanobis distance (squared): 272 1 80.43663903794561
***** Mahalanobis distance (squared): 272 2 111.20094183301171
***** Mahalanobis distance (squared): 272 3 9.604678854801932
***** Mahalanobis distance (squared): 272 4 3.4890949927411135
***** Mahalanobis distance (squared): 272 5 13.484542352858984
***** Mahalanobis distance (squared): 272 6 12.26174548606649
***** Mahalanobis distance (squared): 272 7 55.81852268053108
***** Mahalanobis distance (squared): 272 8 2.78449064669955
***** Mahalanobis distance (squared): 272 9 17.56055589152946
***** Mahalanobis distance (squared): 272 10 89.22086066467509
***** Mahalanobis distance (squared): 272 11 108.42310932749146
***** Mahalanobis distance (squared): 272 12 19.558422994491675
***** Mahalanobis distance (squared): 273 1 39.41292927243614
***** Mahalanobis distance (squared): 273 2 64.25231044835174
***** Mahalanobis distance (squared): 273 3 3.202811878610724
***** Mahalanobis distance (squared): 273 4 18.185049583132663
***** Mahalanobis distance (squared): 273 5 1.1746302078416362
***** Mahalanobis distance (squared): 273 6 1.4454198460517151
***** Mahalanobis distance (squared): 273 7 24.62843247286548
***** Mahalanobis distance (squared): 273 8 16.617936518696116
***** Mahalanobis distance (squared): 273 9 47.86964389743927
***** Mahalanobis distance (squared): 273 10 44.38755083783796
***** Mahalanobis distance (squared): 273 11 62.03957728477597
***** Mahalanobis distance (squared): 273 12 24.842371577831347
***** Mahalanobis distance (squared): 274 1 31.49955308491735
***** Mahalanobis distance (squared): 274 2 64.01024788426307
***** Mahalanobis distance (squared): 274 3 1.9228558614569506
***** Mahalanobis distance (squared): 274 4 29.446902479971932
***** Mahalanobis distance (squared): 274 5 10.608135154717065
***** Mahalanobis distance (squared): 274 6 10.405195342694707
***** Mahalanobis distance (squared): 274 7 12.260562523881173
***** Mahalanobis distance (squared): 274 8 26.446832022362393
***** Mahalanobis distance (squared): 274 9 66.59889806039794
***** Mahalanobis distance (squared): 274 10 48.318669739554984
***** Mahalanobis distance (squared): 274 11 79.1914380673537
***** Mahalanobis distance (squared): 274 12 47.25022652107848
***** Mahalanobis distance (squared): 275 1 3.8652537777500666
***** Mahalanobis distance (squared): 275 2 4.50832036864937
***** Mahalanobis distance (squared): 275 3 53.34208107062835
***** Mahalanobis distance (squared): 275 4 100.35646882870465
***** Mahalanobis distance (squared): 275 5 45.39957478057461
***** Mahalanobis distance (squared): 275 6 42.46993770975363
***** Mahalanobis distance (squared): 275 7 18.921712247891385
***** Mahalanobis distance (squared): 275 8 99.02656017993456
***** Mahalanobis distance (squared): 275 9 147.4131946966288
***** Mahalanobis distance (squared): 275 10 1.3701897942189238
***** Mahalanobis distance (squared): 275 11 17.462939127163217
***** Mahalanobis distance (squared): 275 12 104.82330909561958
***** Mahalanobis distance (squared): 276 1 86.87462172859104
***** Mahalanobis distance (squared): 276 2 118.64256324134271
***** Mahalanobis distance (squared): 276 3 12.180764006418023
***** Mahalanobis distance (squared): 276 4 4.017705024428019
***** Mahalanobis distance (squared): 276 5 17.22948812457302
***** Mahalanobis distance (squared): 276 6 15.793005560740063
***** Mahalanobis distance (squared): 276 7 60.9098407558067
***** Mahalanobis distance (squared): 276 8 3.3622385763840983
***** Mahalanobis distance (squared): 276 9 16.484546087312026
***** Mahalanobis distance (squared): 276 10 96.60848636058486
***** Mahalanobis distance (squared): 276 11 116.54810889794278
***** Mahalanobis distance (squared): 276 12 21.720531639276714
***** Mahalanobis distance (squared): 277 1 28.433746739334666
***** Mahalanobis distance (squared): 277 2 10.949222997992248
***** Mahalanobis distance (squared): 277 3 77.42193991088631
***** Mahalanobis distance (squared): 277 4 102.22656180483405
***** Mahalanobis distance (squared): 277 5 53.56590667407515
***** Mahalanobis distance (squared): 277 6 49.139424586933956
***** Mahalanobis distance (squared): 277 7 55.92317511420121
***** Mahalanobis distance (squared): 277 8 103.92494374840754
***** Mahalanobis distance (squared): 277 9 133.32359324272653
***** Mahalanobis distance (squared): 277 10 6.135505677523513
***** Mahalanobis distance (squared): 277 11 0.9712290343385196
***** Mahalanobis distance (squared): 277 12 93.91137035825271
***** Mahalanobis distance (squared): 278 1 16.225547922698816
***** Mahalanobis distance (squared): 278 2 49.72536565957625
***** Mahalanobis distance (squared): 278 3 19.448277442015847
***** Mahalanobis distance (squared): 278 4 71.76169943021905
***** Mahalanobis distance (squared): 278 5 34.494311605990376
***** Mahalanobis distance (squared): 278 6 34.03324606872577
***** Mahalanobis distance (squared): 278 7 1.3564971412902633
***** Mahalanobis distance (squared): 278 8 67.13702051066888
***** Mahalanobis distance (squared): 278 9 124.71292811151842
***** Mahalanobis distance (squared): 278 10 41.088037672114275
***** Mahalanobis distance (squared): 278 11 83.04335173468695
***** Mahalanobis distance (squared): 278 12 95.37647086528482
***** Mahalanobis distance (squared): 279 1 11.280625181708533
***** Mahalanobis distance (squared): 279 2 2.668846903292347
***** Mahalanobis distance (squared): 279 3 64.59591155579912
***** Mahalanobis distance (squared): 279 4 102.68657134596072
***** Mahalanobis distance (squared): 279 5 50.24454913460736
***** Mahalanobis distance (squared): 279 6 46.13883373960507
***** Mahalanobis distance (squared): 279 7 33.2493187180011
***** Mahalanobis distance (squared): 279 8 102.7685367234569
***** Mahalanobis distance (squared): 279 9 142.6711901732926
***** Mahalanobis distance (squared): 279 10 0.2890278072684445
***** Mahalanobis distance (squared): 279 11 7.576320033692782
***** Mahalanobis distance (squared): 279 12 102.94662851456744
***** Mahalanobis distance (squared): 280 1 1.4171228888930973
***** Mahalanobis distance (squared): 280 2 4.851999906234239
***** Mahalanobis distance (squared): 280 3 54.39079938384634
***** Mahalanobis distance (squared): 280 4 105.02882407534152
***** Mahalanobis distance (squared): 280 5 53.89952910306345
***** Mahalanobis distance (squared): 280 6 49.577640508948576
***** Mahalanobis distance (squared): 280 7 14.80667006036583
***** Mahalanobis distance (squared): 280 8 103.28571857562228
***** Mahalanobis distance (squared): 280 9 152.7248291188232
***** Mahalanobis distance (squared): 280 10 5.900378369723989
***** Mahalanobis distance (squared): 280 11 29.779846288469646
***** Mahalanobis distance (squared): 280 12 119.21968943463048
***** Mahalanobis distance (squared): 281 1 47.08341625933672
***** Mahalanobis distance (squared): 281 2 63.525251719067775
***** Mahalanobis distance (squared): 281 3 9.870425491333497
***** Mahalanobis distance (squared): 281 4 13.706848080171776
***** Mahalanobis distance (squared): 281 5 0.9254757009544756
***** Mahalanobis distance (squared): 281 6 0.30106281223942793
***** Mahalanobis distance (squared): 281 7 37.90192701236727
***** Mahalanobis distance (squared): 281 8 13.60433303097428
***** Mahalanobis distance (squared): 281 9 35.197976215370836
***** Mahalanobis distance (squared): 281 10 43.14255298635617
***** Mahalanobis distance (squared): 281 11 51.171892104360545
***** Mahalanobis distance (squared): 281 12 15.276473344843966
***** Mahalanobis distance (squared): 282 1 163.0566026386895
***** Mahalanobis distance (squared): 282 2 184.07420784934985
***** Mahalanobis distance (squared): 282 3 54.24774218384889
***** Mahalanobis distance (squared): 282 4 10.529921426557841
***** Mahalanobis distance (squared): 282 5 40.365734212655205
***** Mahalanobis distance (squared): 282 6 39.76359492047729
***** Mahalanobis distance (squared): 282 7 139.49577409015663
***** Mahalanobis distance (squared): 282 8 12.999000537601814
***** Mahalanobis distance (squared): 282 9 1.0419489401122226
***** Mahalanobis distance (squared): 282 10 151.0941452453685
***** Mahalanobis distance (squared): 282 11 145.18237247400344
***** Mahalanobis distance (squared): 282 12 9.135386947958786
***** Mahalanobis distance (squared): 283 1 128.34143259761564
***** Mahalanobis distance (squared): 283 2 149.69177527574573
***** Mahalanobis distance (squared): 283 3 35.540609927665756
***** Mahalanobis distance (squared): 283 4 5.629557884494736
***** Mahalanobis distance (squared): 283 5 20.92922865317927
***** Mahalanobis distance (squared): 283 6 21.516319568389843
***** Mahalanobis distance (squared): 283 7 107.25041660068563
***** Mahalanobis distance (squared): 283 8 7.158688224444182
***** Mahalanobis distance (squared): 283 9 6.54706554803948
***** Mahalanobis distance (squared): 283 10 117.46380975744687
***** Mahalanobis distance (squared): 283 11 113.87808883928143
***** Mahalanobis distance (squared): 283 12 0.926004230800093
***** Mahalanobis distance (squared): 284 1 110.4302454112425
***** Mahalanobis distance (squared): 284 2 137.3521268636376
***** Mahalanobis distance (squared): 284 3 22.003965669411986
***** Mahalanobis distance (squared): 284 4 0.3770594242159039
***** Mahalanobis distance (squared): 284 5 16.090974428499027
***** Mahalanobis distance (squared): 284 6 15.983034345752777
***** Mahalanobis distance (squared): 284 7 85.97320040405526
***** Mahalanobis distance (squared): 284 8 0.9312381225307859
***** Mahalanobis distance (squared): 284 9 5.759608342167457
***** Mahalanobis distance (squared): 284 10 108.77806592741352
***** Mahalanobis distance (squared): 284 11 115.43901340964965
***** Mahalanobis distance (squared): 284 12 5.317161850505165
***** Mahalanobis distance (squared): 285 1 53.41766761873679
***** Mahalanobis distance (squared): 285 2 70.63576927735718
***** Mahalanobis distance (squared): 285 3 10.099128294422965
***** Mahalanobis distance (squared): 285 4 10.188783068879264
***** Mahalanobis distance (squared): 285 5 1.3779533550806649
***** Mahalanobis distance (squared): 285 6 0.6771208361309704
***** Mahalanobis distance (squared): 285 7 42.724155069919256
***** Mahalanobis distance (squared): 285 8 10.25582379863448
***** Mahalanobis distance (squared): 285 9 29.13853232604402
***** Mahalanobis distance (squared): 285 10 49.43474516378292
***** Mahalanobis distance (squared): 285 11 56.9663860946197
***** Mahalanobis distance (squared): 285 12 12.278058450060074
***** Mahalanobis distance (squared): 286 1 31.082681047633045
***** Mahalanobis distance (squared): 286 2 60.445920829917796
***** Mahalanobis distance (squared): 286 3 1.829506340958748
***** Mahalanobis distance (squared): 286 4 25.320711805497044
***** Mahalanobis distance (squared): 286 5 8.742252113860776
***** Mahalanobis distance (squared): 286 6 7.944577718978233
***** Mahalanobis distance (squared): 286 7 14.007155346228549
***** Mahalanobis distance (squared): 286 8 22.871065073101082
***** Mahalanobis distance (squared): 286 9 59.18425682524698
***** Mahalanobis distance (squared): 286 10 45.21699069574503
***** Mahalanobis distance (squared): 286 11 73.24678075001619
***** Mahalanobis distance (squared): 286 12 42.47256179130728
***** Mahalanobis distance (squared): 287 1 9.1888872527429
***** Mahalanobis distance (squared): 287 2 0.42831266030259857
***** Mahalanobis distance (squared): 287 3 72.06512518259332
***** Mahalanobis distance (squared): 287 4 115.7281233395208
***** Mahalanobis distance (squared): 287 5 61.39453989026872
***** Mahalanobis distance (squared): 287 6 56.38554146792686
***** Mahalanobis distance (squared): 287 7 32.59375480255217
***** Mahalanobis distance (squared): 287 8 115.51155652292917
***** Mahalanobis distance (squared): 287 9 158.25397112116602
***** Mahalanobis distance (squared): 287 10 1.663956860444466
***** Mahalanobis distance (squared): 287 11 13.40725410689264
***** Mahalanobis distance (squared): 287 12 120.97828235496533
***** Mahalanobis distance (squared): 288 1 102.56821763691214
***** Mahalanobis distance (squared): 288 2 127.39924710820051
***** Mahalanobis distance (squared): 288 3 20.257046047175326
***** Mahalanobis distance (squared): 288 4 0.3478036904718431
***** Mahalanobis distance (squared): 288 5 13.857557929513916
***** Mahalanobis distance (squared): 288 6 13.400147200240967
***** Mahalanobis distance (squared): 288 7 80.47601277354028
***** Mahalanobis distance (squared): 288 8 0.9910643660676391
***** Mahalanobis distance (squared): 288 9 6.460653123625888
***** Mahalanobis distance (squared): 288 10 100.17068053597954
***** Mahalanobis distance (squared): 288 11 106.49553545290067
***** Mahalanobis distance (squared): 288 12 5.28999006505077
***** Mahalanobis distance (squared): 289 1 30.05266662879874
***** Mahalanobis distance (squared): 289 2 16.860814522747507
***** Mahalanobis distance (squared): 289 3 68.87853091284275
***** Mahalanobis distance (squared): 289 4 93.31445644179063
***** Mahalanobis distance (squared): 289 5 43.60621521751612
***** Mahalanobis distance (squared): 289 6 40.8821158154631
***** Mahalanobis distance (squared): 289 7 53.23303220677433
***** Mahalanobis distance (squared): 289 8 94.59265867064778
***** Mahalanobis distance (squared): 289 9 126.15020517857334
***** Mahalanobis distance (squared): 289 10 7.756476376157449
***** Mahalanobis distance (squared): 289 11 1.7948376776835315
***** Mahalanobis distance (squared): 289 12 80.77460440142404
***** Mahalanobis distance (squared): 290 1 11.25728580296207
***** Mahalanobis distance (squared): 290 2 41.203358919122444
***** Mahalanobis distance (squared): 290 3 32.67368843788206
***** Mahalanobis distance (squared): 290 4 94.52240239757556
***** Mahalanobis distance (squared): 290 5 46.23144203401528
***** Mahalanobis distance (squared): 290 6 45.80137365808053
***** Mahalanobis distance (squared): 290 7 1.7333432029989067
***** Mahalanobis distance (squared): 290 8 89.61039099411772
***** Mahalanobis distance (squared): 290 9 153.76972822387285
***** Mahalanobis distance (squared): 290 10 35.086426699455856
***** Mahalanobis distance (squared): 290 11 77.2859590761789
***** Mahalanobis distance (squared): 290 12 116.14653279843269
***** Mahalanobis distance (squared): 291 1 26.220132592095943
***** Mahalanobis distance (squared): 291 2 8.426015915087948
***** Mahalanobis distance (squared): 291 3 100.43252439314709
***** Mahalanobis distance (squared): 291 4 138.20199636301325
***** Mahalanobis distance (squared): 291 5 89.95951740103195
***** Mahalanobis distance (squared): 291 6 81.86612443805197
***** Mahalanobis distance (squared): 291 7 57.21428160916903
***** Mahalanobis distance (squared): 291 8 139.26615545746944
***** Mahalanobis distance (squared): 291 9 173.32929819693956
***** Mahalanobis distance (squared): 291 10 15.761266461153125
***** Mahalanobis distance (squared): 291 11 25.276939269834056
***** Mahalanobis distance (squared): 291 12 148.9822314298744
***** Mahalanobis distance (squared): 292 1 1.077345231640171
***** Mahalanobis distance (squared): 292 2 4.898370693094787
***** Mahalanobis distance (squared): 292 3 50.27314614968749
***** Mahalanobis distance (squared): 292 4 99.69166997627794
***** Mahalanobis distance (squared): 292 5 47.461537578457154
***** Mahalanobis distance (squared): 292 6 43.93667918959403
***** Mahalanobis distance (squared): 292 7 13.746170622738926
***** Mahalanobis distance (squared): 292 8 97.95875170459819
***** Mahalanobis distance (squared): 292 9 147.54642788142783
***** Mahalanobis distance (squared): 292 10 3.7135558354475426
***** Mahalanobis distance (squared): 292 11 25.308839171507252
***** Mahalanobis distance (squared): 292 12 110.26128748810603
***** Mahalanobis distance (squared): 293 1 56.00929814487671
***** Mahalanobis distance (squared): 293 2 74.37216719504701
***** Mahalanobis distance (squared): 293 3 12.049153159540914
***** Mahalanobis distance (squared): 293 4 14.770685763853523
***** Mahalanobis distance (squared): 293 5 0.8622127390193102
***** Mahalanobis distance (squared): 293 6 1.4669018865114138
***** Mahalanobis distance (squared): 293 7 44.638823486248356
***** Mahalanobis distance (squared): 293 8 14.520516022639951
***** Mahalanobis distance (squared): 293 9 36.98373023770373
***** Mahalanobis distance (squared): 293 10 50.70563386764107
***** Mahalanobis distance (squared): 293 11 56.738654296475055
***** Mahalanobis distance (squared): 293 12 12.084423498308604
***** Mahalanobis distance (squared): 294 1 128.98128897108447
***** Mahalanobis distance (squared): 294 2 158.49447875551616
***** Mahalanobis distance (squared): 294 3 30.08475500741746
***** Mahalanobis distance (squared): 294 4 2.5125881445720744
***** Mahalanobis distance (squared): 294 5 27.693557940858764
***** Mahalanobis distance (squared): 294 6 26.82840689223962
***** Mahalanobis distance (squared): 294 7 100.93332599411772
***** Mahalanobis distance (squared): 294 8 3.243145529769418
***** Mahalanobis distance (squared): 294 9 3.076539501267032
***** Mahalanobis distance (squared): 294 10 130.0998612640507
***** Mahalanobis distance (squared): 294 11 138.97497932854594
***** Mahalanobis distance (squared): 294 12 12.550803358504082
***** Mahalanobis distance (squared): 295 1 95.74478750833589
***** Mahalanobis distance (squared): 295 2 123.16239376945312
***** Mahalanobis distance (squared): 295 3 19.24466043199294
***** Mahalanobis distance (squared): 295 4 10.589144794203323
***** Mahalanobis distance (squared): 295 5 8.326977233728032
***** Mahalanobis distance (squared): 295 6 10.802773766814463
***** Mahalanobis distance (squared): 295 7 73.25177381968938
***** Mahalanobis distance (squared): 295 8 10.184754279620773
***** Mahalanobis distance (squared): 295 9 27.507570387111844
***** Mahalanobis distance (squared): 295 10 91.78728386124521
***** Mahalanobis distance (squared): 295 11 96.79582070783772
***** Mahalanobis distance (squared): 295 12 5.607082470992046
***** Mahalanobis distance (squared): 296 1 87.03367096975843
***** Mahalanobis distance (squared): 296 2 121.31240661039962
***** Mahalanobis distance (squared): 296 3 8.262433843999647
***** Mahalanobis distance (squared): 296 4 2.3474525005863467
***** Mahalanobis distance (squared): 296 5 10.59849841345669
***** Mahalanobis distance (squared): 296 6 10.926163840252077
***** Mahalanobis distance (squared): 296 7 58.97459984230268
***** Mahalanobis distance (squared): 296 8 1.2610884479395148
***** Mahalanobis distance (squared): 296 9 18.357641159062794
***** Mahalanobis distance (squared): 296 10 95.57640652769608
***** Mahalanobis distance (squared): 296 11 113.88918361693209
***** Mahalanobis distance (squared): 296 12 14.286497270344107
***** Mahalanobis distance (squared): 297 1 44.513381520040724
***** Mahalanobis distance (squared): 297 2 66.8502325570679
***** Mahalanobis distance (squared): 297 3 5.01897514607283
***** Mahalanobis distance (squared): 297 4 14.656596170617181
***** Mahalanobis distance (squared): 297 5 0.18476928961233663
***** Mahalanobis distance (squared): 297 6 0.3073820184532651
***** Mahalanobis distance (squared): 297 7 30.954160999757626
***** Mahalanobis distance (squared): 297 8 13.647535172099776
***** Mahalanobis distance (squared): 297 9 40.72605987673478
***** Mahalanobis distance (squared): 297 10 46.02006944116974
***** Mahalanobis distance (squared): 297 11 59.70857370612722
***** Mahalanobis distance (squared): 297 12 18.933136419925855
***** Mahalanobis distance (squared): 298 1 48.11058031917674
***** Mahalanobis distance (squared): 298 2 79.39828627593893
***** Mahalanobis distance (squared): 298 3 0.34608445008575195
***** Mahalanobis distance (squared): 298 4 13.585645669641874
***** Mahalanobis distance (squared): 298 5 4.3762331916598995
***** Mahalanobis distance (squared): 298 6 4.453773621285377
***** Mahalanobis distance (squared): 298 7 26.94779186618371
***** Mahalanobis distance (squared): 298 8 11.573292797670312
***** Mahalanobis distance (squared): 298 9 41.802286029931636
***** Mahalanobis distance (squared): 298 10 59.34679708671218
***** Mahalanobis distance (squared): 298 11 82.865407766894
***** Mahalanobis distance (squared): 298 12 26.814550975557598
***** Mahalanobis distance (squared): 299 1 3.4498272329951876
***** Mahalanobis distance (squared): 299 2 4.108670179175181
***** Mahalanobis distance (squared): 299 3 48.49561971488889
***** Mahalanobis distance (squared): 299 4 91.16071701780233
***** Mahalanobis distance (squared): 299 5 42.13833531760342
***** Mahalanobis distance (squared): 299 6 38.42624144865826
***** Mahalanobis distance (squared): 299 7 17.666904597780412
***** Mahalanobis distance (squared): 299 8 90.13295008797462
***** Mahalanobis distance (squared): 299 9 134.4474169315599
***** Mahalanobis distance (squared): 299 10 1.7039770721225882
***** Mahalanobis distance (squared): 299 11 18.290976852273158
***** Mahalanobis distance (squared): 299 12 98.7219925756345
***** Mahalanobis distance (squared): 300 1 119.36577150205609
***** Mahalanobis distance (squared): 300 2 144.73157085086544
***** Mahalanobis distance (squared): 300 3 27.55311269315312
***** Mahalanobis distance (squared): 300 4 1.2487973410302837
***** Mahalanobis distance (squared): 300 5 20.428762223993996
***** Mahalanobis distance (squared): 300 6 19.97058442021489
***** Mahalanobis distance (squared): 300 7 95.41569839893799
***** Mahalanobis distance (squared): 300 8 2.245059892928829
***** Mahalanobis distance (squared): 300 9 3.1923437526152845
***** Mahalanobis distance (squared): 300 10 115.82032071658551
***** Mahalanobis distance (squared): 300 11 120.20565018133026
***** Mahalanobis distance (squared): 300 12 5.736425013749719
***** Mahalanobis distance (squared): 301 1 24.069978358803183
***** Mahalanobis distance (squared): 301 2 5.243217103924449
***** Mahalanobis distance (squared): 301 3 90.63860550646082
***** Mahalanobis distance (squared): 301 4 126.23547242597202
***** Mahalanobis distance (squared): 301 5 69.02137424394611
***** Mahalanobis distance (squared): 301 6 64.13478355246227
***** Mahalanobis distance (squared): 301 7 55.16436076049542
***** Mahalanobis distance (squared): 301 8 127.39518977503356
***** Mahalanobis distance (squared): 301 9 163.82086029300197
***** Mahalanobis distance (squared): 301 10 4.384281818378695
***** Mahalanobis distance (squared): 301 11 3.344847327369992
***** Mahalanobis distance (squared): 301 12 120.48087515857097
***** Mahalanobis distance (squared): 302 1 12.957853564479503
***** Mahalanobis distance (squared): 302 2 44.39083307728185
***** Mahalanobis distance (squared): 302 3 38.65599311589965
***** Mahalanobis distance (squared): 302 4 103.79247214820361
***** Mahalanobis distance (squared): 302 5 57.33785330684497
***** Mahalanobis distance (squared): 302 6 55.87222521854746
***** Mahalanobis distance (squared): 302 7 2.8714879489711342
***** Mahalanobis distance (squared): 302 8 98.58749156157343
***** Mahalanobis distance (squared): 302 9 163.9100386607775
***** Mahalanobis distance (squared): 302 10 41.56011766646799
***** Mahalanobis distance (squared): 302 11 89.22850204602527
***** Mahalanobis distance (squared): 302 12 132.19679040832003
***** Mahalanobis distance (squared): 303 1 12.59086261369952
***** Mahalanobis distance (squared): 303 2 2.463193060603186
***** Mahalanobis distance (squared): 303 3 71.2340984013229
***** Mahalanobis distance (squared): 303 4 111.7506451970534
***** Mahalanobis distance (squared): 303 5 55.627120974881734
***** Mahalanobis distance (squared): 303 6 51.63624439728217
***** Mahalanobis distance (squared): 303 7 36.47826486829754
***** Mahalanobis distance (squared): 303 8 111.8084843896652
***** Mahalanobis distance (squared): 303 9 153.47531637547078
***** Mahalanobis distance (squared): 303 10 0.4875365936549969
***** Mahalanobis distance (squared): 303 11 6.975089557469873
***** Mahalanobis distance (squared): 303 12 110.43439609394056
***** Mahalanobis distance (squared): 304 1 3.8534080425346877
***** Mahalanobis distance (squared): 304 2 24.082696422452294
***** Mahalanobis distance (squared): 304 3 32.35362496063802
***** Mahalanobis distance (squared): 304 4 87.72972993175017
***** Mahalanobis distance (squared): 304 5 38.323109426606194
***** Mahalanobis distance (squared): 304 6 37.11828458701018
***** Mahalanobis distance (squared): 304 7 2.1435988813593303
***** Mahalanobis distance (squared): 304 8 84.1004078955595
***** Mahalanobis distance (squared): 304 9 141.98912414267957
***** Mahalanobis distance (squared): 304 10 18.4190142317756
***** Mahalanobis distance (squared): 304 11 51.221135197780555
***** Mahalanobis distance (squared): 304 12 103.17665943487822
***** Mahalanobis distance (squared): 305 1 61.25555550430036
***** Mahalanobis distance (squared): 305 2 81.22879123026168
***** Mahalanobis distance (squared): 305 3 9.452247696730671
***** Mahalanobis distance (squared): 305 4 6.715136597709729
***** Mahalanobis distance (squared): 305 5 1.8030137158242396
***** Mahalanobis distance (squared): 305 6 1.3869658128547124
***** Mahalanobis distance (squared): 305 7 47.348437285051226
***** Mahalanobis distance (squared): 305 8 6.707128000218862
***** Mahalanobis distance (squared): 305 9 24.124853729636854
***** Mahalanobis distance (squared): 305 10 58.52744912001289
***** Mahalanobis distance (squared): 305 11 66.76732798457579
***** Mahalanobis distance (squared): 305 12 9.5546286042429
***** Mahalanobis distance (squared): 306 1 155.45834300808087
***** Mahalanobis distance (squared): 306 2 189.77200994765425
***** Mahalanobis distance (squared): 306 3 40.996071677096545
***** Mahalanobis distance (squared): 306 4 7.466334630379166
***** Mahalanobis distance (squared): 306 5 41.26209360540077
***** Mahalanobis distance (squared): 306 6 40.5711820347353
***** Mahalanobis distance (squared): 306 7 121.63254440199918
***** Mahalanobis distance (squared): 306 8 8.143697431392058
***** Mahalanobis distance (squared): 306 9 4.28844364684632
***** Mahalanobis distance (squared): 306 10 159.26285217602805
***** Mahalanobis distance (squared): 306 11 169.8582129460829
***** Mahalanobis distance (squared): 306 12 20.19135296870804
***** Mahalanobis distance (squared): 307 1 92.98284347507749
***** Mahalanobis distance (squared): 307 2 116.12041671077743
***** Mahalanobis distance (squared): 307 3 17.54624387566356
***** Mahalanobis distance (squared): 307 4 1.5647005641433194
***** Mahalanobis distance (squared): 307 5 8.812795389065814
***** Mahalanobis distance (squared): 307 6 8.863453168867748
***** Mahalanobis distance (squared): 307 7 73.24468456006453
***** Mahalanobis distance (squared): 307 8 2.0895101079846685
***** Mahalanobis distance (squared): 307 9 10.870036665094423
***** Mahalanobis distance (squared): 307 10 88.75406750517566
***** Mahalanobis distance (squared): 307 11 93.61196533148384
***** Mahalanobis distance (squared): 307 12 3.1185473665960015
***** Mahalanobis distance (squared): 308 1 113.70493378499124
***** Mahalanobis distance (squared): 308 2 140.3678829364319
***** Mahalanobis distance (squared): 308 3 24.3911538602737
***** Mahalanobis distance (squared): 308 4 0.8059812949658733
***** Mahalanobis distance (squared): 308 5 20.07829323044693
***** Mahalanobis distance (squared): 308 6 19.249959852969784
***** Mahalanobis distance (squared): 308 7 89.1652899134575
***** Mahalanobis distance (squared): 308 8 1.5343274127806183
***** Mahalanobis distance (squared): 308 9 4.052792558866461
***** Mahalanobis distance (squared): 308 10 113.0111020164789
***** Mahalanobis distance (squared): 308 11 120.65300460710681
***** Mahalanobis distance (squared): 308 12 8.647854730801269
***** Mahalanobis distance (squared): 309 1 61.82476477137549
***** Mahalanobis distance (squared): 309 2 81.83005111532765
***** Mahalanobis distance (squared): 309 3 9.470326351288632
***** Mahalanobis distance (squared): 309 4 6.103169539026108
***** Mahalanobis distance (squared): 309 5 2.2902746902080535
***** Mahalanobis distance (squared): 309 6 1.691289030288176
***** Mahalanobis distance (squared): 309 7 47.776985978834006
***** Mahalanobis distance (squared): 309 8 6.13916077446899
***** Mahalanobis distance (squared): 309 9 22.882627185022866
***** Mahalanobis distance (squared): 309 10 59.40025385917033
***** Mahalanobis distance (squared): 309 11 67.92964703191447
***** Mahalanobis distance (squared): 309 12 9.749494065576103
***** Mahalanobis distance (squared): 310 1 62.26393933772828
***** Mahalanobis distance (squared): 310 2 101.68014799879946
***** Mahalanobis distance (squared): 310 3 1.84006978387359
***** Mahalanobis distance (squared): 310 4 14.737957347577192
***** Mahalanobis distance (squared): 310 5 12.877491373096603
***** Mahalanobis distance (squared): 310 6 13.031931461359854
***** Mahalanobis distance (squared): 310 7 33.414319609842515
***** Mahalanobis distance (squared): 310 8 12.035433065068846
***** Mahalanobis distance (squared): 310 9 42.696142421324225
***** Mahalanobis distance (squared): 310 10 81.1118502891348
***** Mahalanobis distance (squared): 310 11 111.85727237841665
***** Mahalanobis distance (squared): 310 12 35.0000608024172
***** Mahalanobis distance (squared): 311 1 5.813413637716112
***** Mahalanobis distance (squared): 311 2 2.282184293997939
***** Mahalanobis distance (squared): 311 3 65.56800679230624
***** Mahalanobis distance (squared): 311 4 112.03800451830254
***** Mahalanobis distance (squared): 311 5 61.39691937160731
***** Mahalanobis distance (squared): 311 6 55.973076318832064
***** Mahalanobis distance (squared): 311 7 24.974249342392437
***** Mahalanobis distance (squared): 311 8 111.2071557144277
***** Mahalanobis distance (squared): 311 9 155.808312693971
***** Mahalanobis distance (squared): 311 10 5.083899390319282
***** Mahalanobis distance (squared): 311 11 23.90015722310982
***** Mahalanobis distance (squared): 311 12 124.4721270295407
***** Mahalanobis distance (squared): 312 1 105.20408110893968
***** Mahalanobis distance (squared): 312 2 136.57205894343244
***** Mahalanobis distance (squared): 312 3 16.757467549046197
***** Mahalanobis distance (squared): 312 4 0.2810988768724621
***** Mahalanobis distance (squared): 312 5 15.10810876555209
***** Mahalanobis distance (squared): 312 6 15.231041161274517
***** Mahalanobis distance (squared): 312 7 77.65182667821877
***** Mahalanobis distance (squared): 312 8 0.11661323260290118
***** Mahalanobis distance (squared): 312 9 9.221183726009736
***** Mahalanobis distance (squared): 312 10 108.65693049193584
***** Mahalanobis distance (squared): 312 11 120.7907265323103
***** Mahalanobis distance (squared): 312 12 8.960845818920099
***** Mahalanobis distance (squared): 313 1 45.84334625649173
***** Mahalanobis distance (squared): 313 2 27.913181315895958
***** Mahalanobis distance (squared): 313 3 74.0115961991573
***** Mahalanobis distance (squared): 313 4 84.40232102619204
***** Mahalanobis distance (squared): 313 5 44.11733432594102
***** Mahalanobis distance (squared): 313 6 40.644192960512974
***** Mahalanobis distance (squared): 313 7 70.56936091418947
***** Mahalanobis distance (squared): 313 8 87.0014449122324
***** Mahalanobis distance (squared): 313 9 107.27638040370219
***** Mahalanobis distance (squared): 313 10 17.075555090872996
***** Mahalanobis distance (squared): 313 11 3.392341683549282
***** Mahalanobis distance (squared): 313 12 69.00277612576672
***** Mahalanobis distance (squared): 314 1 11.517761878569464
***** Mahalanobis distance (squared): 314 2 40.38154040464752
***** Mahalanobis distance (squared): 314 3 20.366373774095685
***** Mahalanobis distance (squared): 314 4 71.87894319540229
***** Mahalanobis distance (squared): 314 5 30.852161836993076
***** Mahalanobis distance (squared): 314 6 30.470078184377247
***** Mahalanobis distance (squared): 314 7 0.8059560905519453
***** Mahalanobis distance (squared): 314 8 67.70512683378621
***** Mahalanobis distance (squared): 314 9 124.47754493750824
***** Mahalanobis distance (squared): 314 10 31.48582421219917
***** Mahalanobis distance (squared): 314 11 68.6037874076437
***** Mahalanobis distance (squared): 314 12 90.74992347657609
***** Mahalanobis distance (squared): 315 1 3.0980193287114437
***** Mahalanobis distance (squared): 315 2 6.123455211011466
***** Mahalanobis distance (squared): 315 3 44.56770368605346
***** Mahalanobis distance (squared): 315 4 88.25298350423132
***** Mahalanobis distance (squared): 315 5 38.2288050184644
***** Mahalanobis distance (squared): 315 6 35.2694591215476
***** Mahalanobis distance (squared): 315 7 15.222645257538703
***** Mahalanobis distance (squared): 315 8 86.92466651174344
***** Mahalanobis distance (squared): 315 9 133.07074700414321
***** Mahalanobis distance (squared): 315 10 2.1161977378551398
***** Mahalanobis distance (squared): 315 11 19.238119731454404
***** Mahalanobis distance (squared): 315 12 94.55106833423372
***** Mahalanobis distance (squared): 316 1 0.12955211862640442
***** Mahalanobis distance (squared): 316 2 11.073995890431089
***** Mahalanobis distance (squared): 316 3 44.41808080775279
***** Mahalanobis distance (squared): 316 4 99.10643411595603
***** Mahalanobis distance (squared): 316 5 46.591991942176996
***** Mahalanobis distance (squared): 316 6 43.856381224042885
***** Mahalanobis distance (squared): 316 7 7.153282405797656
***** Mahalanobis distance (squared): 316 8 96.39140159432732
***** Mahalanobis distance (squared): 316 9 151.22519388788348
***** Mahalanobis distance (squared): 316 10 9.165373853630927
***** Mahalanobis distance (squared): 316 11 37.245319352768114
***** Mahalanobis distance (squared): 316 12 113.22902589315557
***** Mahalanobis distance (squared): 317 1 31.81192098885756
***** Mahalanobis distance (squared): 317 2 55.47191416607671
***** Mahalanobis distance (squared): 317 3 3.2389296969374834
***** Mahalanobis distance (squared): 317 4 21.615362450974867
***** Mahalanobis distance (squared): 317 5 2.789725397555739
***** Mahalanobis distance (squared): 317 6 2.407074373943399
***** Mahalanobis distance (squared): 317 7 18.933825055734392
***** Mahalanobis distance (squared): 317 8 19.96548477896244
***** Mahalanobis distance (squared): 317 9 52.74098360001805
***** Mahalanobis distance (squared): 317 10 38.088619443240894
***** Mahalanobis distance (squared): 317 11 57.72344975461954
***** Mahalanobis distance (squared): 317 12 30.805832466783674
***** Mahalanobis distance (squared): 318 1 174.65552965440267
***** Mahalanobis distance (squared): 318 2 195.83421502946328
***** Mahalanobis distance (squared): 318 3 60.58878421842036
***** Mahalanobis distance (squared): 318 4 13.40560567125132
***** Mahalanobis distance (squared): 318 5 45.725055840149565
***** Mahalanobis distance (squared): 318 6 45.2772685327105
***** Mahalanobis distance (squared): 318 7 150.188838528625
***** Mahalanobis distance (squared): 318 8 16.070902412537496
***** Mahalanobis distance (squared): 318 9 1.8464619453620668
***** Mahalanobis distance (squared): 318 10 161.57659466522026
***** Mahalanobis distance (squared): 318 11 154.07099922714897
***** Mahalanobis distance (squared): 318 12 10.910015915635753
***** Mahalanobis distance (squared): 319 1 141.49815529574894
***** Mahalanobis distance (squared): 319 2 154.24575142429543
***** Mahalanobis distance (squared): 319 3 52.126400610459655
***** Mahalanobis distance (squared): 319 4 15.019965979535478
***** Mahalanobis distance (squared): 319 5 29.18314166192339
***** Mahalanobis distance (squared): 319 6 29.521527278720722
***** Mahalanobis distance (squared): 319 7 126.95922099201009
***** Mahalanobis distance (squared): 319 8 17.75850178896152
***** Mahalanobis distance (squared): 319 9 11.094137851478463
***** Mahalanobis distance (squared): 319 10 120.99272784814991
***** Mahalanobis distance (squared): 319 11 107.33318452583127
***** Mahalanobis distance (squared): 319 12 2.5487663308109823
***** Mahalanobis distance (squared): 320 1 116.88751234130802
***** Mahalanobis distance (squared): 320 2 144.4970697437276
***** Mahalanobis distance (squared): 320 3 24.966659701519678
***** Mahalanobis distance (squared): 320 4 0.8169601181828643
***** Mahalanobis distance (squared): 320 5 20.711055803484328
***** Mahalanobis distance (squared): 320 6 20.107413244238614
***** Mahalanobis distance (squared): 320 7 91.31407435468074
***** Mahalanobis distance (squared): 320 8 1.4889604723563217
***** Mahalanobis distance (squared): 320 9 3.951679879159879
***** Mahalanobis distance (squared): 320 10 116.42798998965907
***** Mahalanobis distance (squared): 320 11 124.12166837043485
***** Mahalanobis distance (squared): 320 12 8.373049345685253
***** Mahalanobis distance (squared): 321 1 37.317386636846976
***** Mahalanobis distance (squared): 321 2 53.856694993029905
***** Mahalanobis distance (squared): 321 3 8.200370850999944
***** Mahalanobis distance (squared): 321 4 17.43343713455642
***** Mahalanobis distance (squared): 321 5 1.7663118042597907
***** Mahalanobis distance (squared): 321 6 0.6827600757610498
***** Mahalanobis distance (squared): 321 7 29.248336240952657
***** Mahalanobis distance (squared): 321 8 17.003874590168287
***** Mahalanobis distance (squared): 321 9 41.88152892167085
***** Mahalanobis distance (squared): 321 10 35.97554068926024
***** Mahalanobis distance (squared): 321 11 47.40917490940779
***** Mahalanobis distance (squared): 321 12 22.078441232842906
***** Mahalanobis distance (squared): 322 1 33.26414265450351
***** Mahalanobis distance (squared): 322 2 63.83784443679054
***** Mahalanobis distance (squared): 322 3 1.1453602342732185
***** Mahalanobis distance (squared): 322 4 24.532599456506325
***** Mahalanobis distance (squared): 322 5 7.6587379112769725
***** Mahalanobis distance (squared): 322 6 7.341107117404992
***** Mahalanobis distance (squared): 322 7 14.973532918164153
***** Mahalanobis distance (squared): 322 8 21.964469033521382
***** Mahalanobis distance (squared): 322 9 58.8864338339957
***** Mahalanobis distance (squared): 322 10 47.39903059668974
***** Mahalanobis distance (squared): 322 11 75.20397781410472
***** Mahalanobis distance (squared): 322 12 40.4931654247732
***** Mahalanobis distance (squared): 323 1 3.9352810762664228
***** Mahalanobis distance (squared): 323 2 1.4801684150907661
***** Mahalanobis distance (squared): 323 3 62.33176051681176
***** Mahalanobis distance (squared): 323 4 110.2792944935638
***** Mahalanobis distance (squared): 323 5 56.60491345253869
***** Mahalanobis distance (squared): 323 6 52.09749637983658
***** Mahalanobis distance (squared): 323 7 22.28740941471079
***** Mahalanobis distance (squared): 323 8 109.22513941287525
***** Mahalanobis distance (squared): 323 9 156.0953551924092
***** Mahalanobis distance (squared): 323 10 2.446492636218859
***** Mahalanobis distance (squared): 323 11 20.323377464513726
***** Mahalanobis distance (squared): 323 12 119.55609746540223
***** Mahalanobis distance (squared): 324 1 96.49063667219569
***** Mahalanobis distance (squared): 324 2 119.45638033719297
***** Mahalanobis distance (squared): 324 3 19.39234190798267
***** Mahalanobis distance (squared): 324 4 0.6953554095524505
***** Mahalanobis distance (squared): 324 5 12.80365723135236
***** Mahalanobis distance (squared): 324 6 11.934639885188787
***** Mahalanobis distance (squared): 324 7 76.45278697487997
***** Mahalanobis distance (squared): 324 8 1.4421413205845544
***** Mahalanobis distance (squared): 324 9 7.131478106632308
***** Mahalanobis distance (squared): 324 10 93.58306734228688
***** Mahalanobis distance (squared): 324 11 99.75886285590103
***** Mahalanobis distance (squared): 324 12 6.067216800562474
***** Mahalanobis distance (squared): 325 1 60.53629113287052
***** Mahalanobis distance (squared): 325 2 26.817079085347913
***** Mahalanobis distance (squared): 325 3 125.95211630861314
***** Mahalanobis distance (squared): 325 4 142.98318626603464
***** Mahalanobis distance (squared): 325 5 90.70251519994275
***** Mahalanobis distance (squared): 325 6 84.749230878085
***** Mahalanobis distance (squared): 325 7 101.75635475615647
***** Mahalanobis distance (squared): 325 8 146.6441077377896
***** Mahalanobis distance (squared): 325 9 167.44513529683937
***** Mahalanobis distance (squared): 325 10 24.108871806240142
***** Mahalanobis distance (squared): 325 11 5.038527768801148
***** Mahalanobis distance (squared): 325 12 125.9042394889655
***** Mahalanobis distance (squared): 326 1 6.299893227081707
***** Mahalanobis distance (squared): 326 2 28.694715417229375
***** Mahalanobis distance (squared): 326 3 30.46289844917589
***** Mahalanobis distance (squared): 326 4 82.53108471915824
***** Mahalanobis distance (squared): 326 5 43.08299124392338
***** Mahalanobis distance (squared): 326 6 40.13545647076492
***** Mahalanobis distance (squared): 326 7 2.0817448743780664
***** Mahalanobis distance (squared): 326 8 78.99046941708684
***** Mahalanobis distance (squared): 326 9 132.5094799226188
***** Mahalanobis distance (squared): 326 10 26.264865038980354
***** Mahalanobis distance (squared): 326 11 64.5844343105071
***** Mahalanobis distance (squared): 326 12 107.76853027818896
***** Mahalanobis distance (squared): 327 1 20.08459263398536
***** Mahalanobis distance (squared): 327 2 2.8330710636569516
***** Mahalanobis distance (squared): 327 3 90.6833308427139
***** Mahalanobis distance (squared): 327 4 128.8478743018207
***** Mahalanobis distance (squared): 327 5 75.49063223329719
***** Mahalanobis distance (squared): 327 6 69.1246794053919
***** Mahalanobis distance (squared): 327 7 50.43703465248538
***** Mahalanobis distance (squared): 327 8 129.76993350389102
***** Mahalanobis distance (squared): 327 9 166.30018736363004
***** Mahalanobis distance (squared): 327 10 6.1297024605023385
***** Mahalanobis distance (squared): 327 11 11.579691576477789
***** Mahalanobis distance (squared): 327 12 131.96039391305354
***** Mahalanobis distance (squared): 328 1 44.71124827770735
***** Mahalanobis distance (squared): 328 2 14.057178003013213
***** Mahalanobis distance (squared): 328 3 154.91413004408102
***** Mahalanobis distance (squared): 328 4 204.62460822479403
***** Mahalanobis distance (squared): 328 5 136.1933475228164
***** Mahalanobis distance (squared): 328 6 127.75429249282072
***** Mahalanobis distance (squared): 328 7 90.31514962570556
***** Mahalanobis distance (squared): 328 8 206.07744734894558
***** Mahalanobis distance (squared): 328 9 247.30738434807338
***** Mahalanobis distance (squared): 328 10 25.719365511226407
***** Mahalanobis distance (squared): 328 11 28.762713783055283
***** Mahalanobis distance (squared): 328 12 207.03471803761664
***** Mahalanobis distance (squared): 329 1 47.095763748453244
***** Mahalanobis distance (squared): 329 2 69.15168713549433
***** Mahalanobis distance (squared): 329 3 5.332327749505684
***** Mahalanobis distance (squared): 329 4 12.859773722224023
***** Mahalanobis distance (squared): 329 5 0.14504715145036182
***** Mahalanobis distance (squared): 329 6 0.17018995246931784
***** Mahalanobis distance (squared): 329 7 33.36367568745845
***** Mahalanobis distance (squared): 329 8 12.011000066776525
***** Mahalanobis distance (squared): 329 9 37.44386856368318
***** Mahalanobis distance (squared): 329 10 48.01219085957804
***** Mahalanobis distance (squared): 329 11 60.900621432097424
***** Mahalanobis distance (squared): 329 12 17.029927832644447
***** Mahalanobis distance (squared): 330 1 210.9495152218176
***** Mahalanobis distance (squared): 330 2 225.33951607226152
***** Mahalanobis distance (squared): 330 3 91.79493100820874
***** Mahalanobis distance (squared): 330 4 30.47985752376949
***** Mahalanobis distance (squared): 330 5 74.63025408483064
***** Mahalanobis distance (squared): 330 6 72.06623629236428
***** Mahalanobis distance (squared): 330 7 190.1007889778551
***** Mahalanobis distance (squared): 330 8 34.70568542009902
***** Mahalanobis distance (squared): 330 9 7.291541033344189
***** Mahalanobis distance (squared): 330 10 192.65260670549478
***** Mahalanobis distance (squared): 330 11 179.22041317138616
***** Mahalanobis distance (squared): 330 12 29.741106322318295
***** Mahalanobis distance (squared): 331 1 163.21284751835202
***** Mahalanobis distance (squared): 331 2 178.58758652613758
***** Mahalanobis distance (squared): 331 3 61.37400677041632
***** Mahalanobis distance (squared): 331 4 19.024389734309214
***** Mahalanobis distance (squared): 331 5 37.54172589351788
***** Mahalanobis distance (squared): 331 6 38.619311268351936
***** Mahalanobis distance (squared): 331 7 145.0097130626289
***** Mahalanobis distance (squared): 331 8 21.83156509679577
***** Mahalanobis distance (squared): 331 9 12.534971962236913
***** Mahalanobis distance (squared): 331 10 142.12243289086257
***** Mahalanobis distance (squared): 331 11 126.88817337659972
***** Mahalanobis distance (squared): 331 12 4.66448883157117
***** Mahalanobis distance (squared): 332 1 153.59828762301433
***** Mahalanobis distance (squared): 332 2 178.96658096067318
***** Mahalanobis distance (squared): 332 3 45.067927189095116
***** Mahalanobis distance (squared): 332 4 6.605148962602898
***** Mahalanobis distance (squared): 332 5 35.40737109051595
***** Mahalanobis distance (squared): 332 6 35.02830592682323
***** Mahalanobis distance (squared): 332 7 127.05467867224431
***** Mahalanobis distance (squared): 332 8 8.357665472734004
***** Mahalanobis distance (squared): 332 9 0.7348269378699035
***** Mahalanobis distance (squared): 332 10 146.69420384147398
***** Mahalanobis distance (squared): 332 11 146.22763753312253
***** Mahalanobis distance (squared): 332 12 8.915437090451531
***** Mahalanobis distance (squared): 333 1 41.421070111615336
***** Mahalanobis distance (squared): 333 2 59.52818865039318
***** Mahalanobis distance (squared): 333 3 7.03072330673883
***** Mahalanobis distance (squared): 333 4 14.067765879397546
***** Mahalanobis distance (squared): 333 5 1.6559385339778305
***** Mahalanobis distance (squared): 333 6 0.5512215387524567
***** Mahalanobis distance (squared): 333 7 31.421718913945973
***** Mahalanobis distance (squared): 333 8 13.639639697070313
***** Mahalanobis distance (squared): 333 9 37.03711479433207
***** Mahalanobis distance (squared): 333 10 41.07757653499267
***** Mahalanobis distance (squared): 333 11 53.19093539825136
***** Mahalanobis distance (squared): 333 12 19.924808373044648
***** Mahalanobis distance (squared): 334 1 43.76032228985949
***** Mahalanobis distance (squared): 334 2 69.03772423518818
***** Mahalanobis distance (squared): 334 3 2.6357520412830993
***** Mahalanobis distance (squared): 334 4 12.462429270654138
***** Mahalanobis distance (squared): 334 5 4.3772797661124345
***** Mahalanobis distance (squared): 334 6 3.225529081166733
***** Mahalanobis distance (squared): 334 7 27.651006929528403
***** Mahalanobis distance (squared): 334 8 11.23702175148727
***** Mahalanobis distance (squared): 334 9 37.07638195599295
***** Mahalanobis distance (squared): 334 10 51.21199408349947
***** Mahalanobis distance (squared): 334 11 71.19331159084619
***** Mahalanobis distance (squared): 334 12 25.528782614715556
***** Mahalanobis distance (squared): 335 1 45.546693869703375
***** Mahalanobis distance (squared): 335 2 14.005420234457532
***** Mahalanobis distance (squared): 335 3 152.71222360689057
***** Mahalanobis distance (squared): 335 4 199.3971314503536
***** Mahalanobis distance (squared): 335 5 132.2579777831752
***** Mahalanobis distance (squared): 335 6 123.9381112410076
***** Mahalanobis distance (squared): 335 7 91.3232533881751
***** Mahalanobis distance (squared): 335 8 201.11149476704816
***** Mahalanobis distance (squared): 335 9 240.26913206901705
***** Mahalanobis distance (squared): 335 10 24.620235203089173
***** Mahalanobis distance (squared): 335 11 25.35772046123834
***** Mahalanobis distance (squared): 335 12 199.97802635814296
***** Mahalanobis distance (squared): 336 1 141.44588193066207
***** Mahalanobis distance (squared): 336 2 163.0339692687488
***** Mahalanobis distance (squared): 336 3 42.922535712760386
***** Mahalanobis distance (squared): 336 4 6.180741899898975
***** Mahalanobis distance (squared): 336 5 33.441284065011985
***** Mahalanobis distance (squared): 336 6 31.998566751194605
***** Mahalanobis distance (squared): 336 7 118.93839795967936
***** Mahalanobis distance (squared): 336 8 8.198353160892015
***** Mahalanobis distance (squared): 336 9 0.21107688098887506
***** Mahalanobis distance (squared): 336 10 133.86424712603826
***** Mahalanobis distance (squared): 336 11 133.4421652306668
***** Mahalanobis distance (squared): 336 12 10.34518809860877
***** Mahalanobis distance (squared): 337 1 49.31577355592321
***** Mahalanobis distance (squared): 337 2 18.14994972068468
***** Mahalanobis distance (squared): 337 3 134.50651320679145
***** Mahalanobis distance (squared): 337 4 170.04114820467316
***** Mahalanobis distance (squared): 337 5 102.4524150443283
***** Mahalanobis distance (squared): 337 6 97.34774449206866
***** Mahalanobis distance (squared): 337 7 91.96822631385528
***** Mahalanobis distance (squared): 337 8 172.28895488808894
***** Mahalanobis distance (squared): 337 9 207.51917619413513
***** Mahalanobis distance (squared): 337 10 18.166006854295166
***** Mahalanobis distance (squared): 337 11 6.21169317621715
***** Mahalanobis distance (squared): 337 12 154.00648422566456
***** Mahalanobis distance (squared): 338 1 7.135456395638746
***** Mahalanobis distance (squared): 338 2 26.69514060380586
***** Mahalanobis distance (squared): 338 3 17.662812384963605
***** Mahalanobis distance (squared): 338 4 58.764769986767064
***** Mahalanobis distance (squared): 338 5 21.087304860841943
***** Mahalanobis distance (squared): 338 6 19.636188758560813
***** Mahalanobis distance (squared): 338 7 3.0527915977758946
***** Mahalanobis distance (squared): 338 8 56.09567727075762
***** Mahalanobis distance (squared): 338 9 103.45352736423628
***** Mahalanobis distance (squared): 338 10 17.915646662003446
***** Mahalanobis distance (squared): 338 11 45.32253168113376
***** Mahalanobis distance (squared): 338 12 72.65373632563083
***** Mahalanobis distance (squared): 339 1 2.6309054408961092
***** Mahalanobis distance (squared): 339 2 6.197130277162465
***** Mahalanobis distance (squared): 339 3 44.81031439835156
***** Mahalanobis distance (squared): 339 4 89.65054920340519
***** Mahalanobis distance (squared): 339 5 39.07778880120165
***** Mahalanobis distance (squared): 339 6 36.15046347201927
***** Mahalanobis distance (squared): 339 7 14.49075298919605
***** Mahalanobis distance (squared): 339 8 88.20163890085183
***** Mahalanobis distance (squared): 339 9 135.249531146873
***** Mahalanobis distance (squared): 339 10 2.398493489015811
***** Mahalanobis distance (squared): 339 11 20.376920258125057
***** Mahalanobis distance (squared): 339 12 96.46311353945
***** Mahalanobis distance (squared): 340 1 1.4965523325448407
***** Mahalanobis distance (squared): 340 2 18.296670581870163
***** Mahalanobis distance (squared): 340 3 34.754791170824625
***** Mahalanobis distance (squared): 340 4 88.15755093809395
***** Mahalanobis distance (squared): 340 5 40.999594939863705
***** Mahalanobis distance (squared): 340 6 38.57470886374481
***** Mahalanobis distance (squared): 340 7 2.729892658840566
***** Mahalanobis distance (squared): 340 8 84.99990905630833
***** Mahalanobis distance (squared): 340 9 139.72090571114052
***** Mahalanobis distance (squared): 340 10 15.134792067473986
***** Mahalanobis distance (squared): 340 11 47.32645993629803
***** Mahalanobis distance (squared): 340 12 105.97712732956063
***** Mahalanobis distance (squared): 341 1 39.109506298766526
***** Mahalanobis distance (squared): 341 2 61.43123582149612
***** Mahalanobis distance (squared): 341 3 6.990695283707542
***** Mahalanobis distance (squared): 341 4 22.951216685197068
***** Mahalanobis distance (squared): 341 5 1.3506623165584797
***** Mahalanobis distance (squared): 341 6 2.122946864027327
***** Mahalanobis distance (squared): 341 7 26.824802168922897
***** Mahalanobis distance (squared): 341 8 21.522032744135426
***** Mahalanobis distance (squared): 341 9 53.91488037618412
***** Mahalanobis distance (squared): 341 10 40.69963823412858
***** Mahalanobis distance (squared): 341 11 55.01029189703184
***** Mahalanobis distance (squared): 341 12 25.058724931652275
***** Mahalanobis distance (squared): 342 1 133.68002949245465
***** Mahalanobis distance (squared): 342 2 154.40584657525056
***** Mahalanobis distance (squared): 342 3 39.02884694601102
***** Mahalanobis distance (squared): 342 4 4.777671442366397
***** Mahalanobis distance (squared): 342 5 27.983888439866178
***** Mahalanobis distance (squared): 342 6 26.952920922001503
***** Mahalanobis distance (squared): 342 7 112.45604147903259
***** Mahalanobis distance (squared): 342 8 6.698095457433106
***** Mahalanobis distance (squared): 342 9 0.9367471796301512
***** Mahalanobis distance (squared): 342 10 124.92848262620097
***** Mahalanobis distance (squared): 342 11 123.52831910045745
***** Mahalanobis distance (squared): 342 12 6.56100272285538
***** Mahalanobis distance (squared): 343 1 120.38861315554702
***** Mahalanobis distance (squared): 343 2 135.38678696889212
***** Mahalanobis distance (squared): 343 3 42.43403771056093
***** Mahalanobis distance (squared): 343 4 18.272583225191198
***** Mahalanobis distance (squared): 343 5 19.415155263045424
***** Mahalanobis distance (squared): 343 6 21.239550280829267
***** Mahalanobis distance (squared): 343 7 106.30486091684745
***** Mahalanobis distance (squared): 343 8 19.945828671186398
***** Mahalanobis distance (squared): 343 9 24.51806736269521
***** Mahalanobis distance (squared): 343 10 101.8946917085753
***** Mahalanobis distance (squared): 343 11 91.20672748150248
***** Mahalanobis distance (squared): 343 12 2.7094723196877535
***** Mahalanobis distance (squared): 344 1 70.06039581985303
***** Mahalanobis distance (squared): 344 2 100.65053356958578
***** Mahalanobis distance (squared): 344 3 4.912013527887231
***** Mahalanobis distance (squared): 344 4 5.76897354693114
***** Mahalanobis distance (squared): 344 5 3.528143108454246
***** Mahalanobis distance (squared): 344 6 4.40629910325327
***** Mahalanobis distance (squared): 344 7 46.82039353412508
***** Mahalanobis distance (squared): 344 8 4.558599046848407
***** Mahalanobis distance (squared): 344 9 26.90436661864662
***** Mahalanobis distance (squared): 344 10 75.47739146888432
***** Mahalanobis distance (squared): 344 11 91.4348273809125
***** Mahalanobis distance (squared): 344 12 12.710912856502395
***** Mahalanobis distance (squared): 345 1 57.39161618406846
***** Mahalanobis distance (squared): 345 2 81.86382482096535
***** Mahalanobis distance (squared): 345 3 6.678307634800893
***** Mahalanobis distance (squared): 345 4 11.51288545257494
***** Mahalanobis distance (squared): 345 5 0.46982724600600667
***** Mahalanobis distance (squared): 345 6 1.3729472365540627
***** Mahalanobis distance (squared): 345 7 40.716512366826365
***** Mahalanobis distance (squared): 345 8 10.586145387873293
***** Mahalanobis distance (squared): 345 9 35.36250490228511
***** Mahalanobis distance (squared): 345 10 57.85247754520421
***** Mahalanobis distance (squared): 345 11 69.56342425898487
***** Mahalanobis distance (squared): 345 12 13.318614247798202
***** Mahalanobis distance (squared): 346 1 80.28207646751162
***** Mahalanobis distance (squared): 346 2 115.48752906312512
***** Mahalanobis distance (squared): 346 3 11.145771046069852
***** Mahalanobis distance (squared): 346 4 17.397880474097388
***** Mahalanobis distance (squared): 346 5 7.833732645951822
***** Mahalanobis distance (squared): 346 6 11.032576366606966
***** Mahalanobis distance (squared): 346 7 53.57680451253821
***** Mahalanobis distance (squared): 346 8 15.353971300646522
***** Mahalanobis distance (squared): 346 9 44.75948004365411
***** Mahalanobis distance (squared): 346 10 86.0412446312002
***** Mahalanobis distance (squared): 346 11 102.0103897548966
***** Mahalanobis distance (squared): 346 12 18.32211640459349
***** Mahalanobis distance (squared): 347 1 16.961721617049257
***** Mahalanobis distance (squared): 347 2 1.3274469965112656
***** Mahalanobis distance (squared): 347 3 94.24163081093012
***** Mahalanobis distance (squared): 347 4 139.2570524402484
***** Mahalanobis distance (squared): 347 5 81.396386587724
***** Mahalanobis distance (squared): 347 6 75.16136651644669
***** Mahalanobis distance (squared): 347 7 47.23906337119726
***** Mahalanobis distance (squared): 347 8 139.60479796917556
***** Mahalanobis distance (squared): 347 9 181.29758198457765
***** Mahalanobis distance (squared): 347 10 6.050220507520925
***** Mahalanobis distance (squared): 347 11 15.26127922949483
***** Mahalanobis distance (squared): 347 12 144.24443093002748
***** Mahalanobis distance (squared): 348 1 81.92539785005036
***** Mahalanobis distance (squared): 348 2 108.27087892979837
***** Mahalanobis distance (squared): 348 3 10.958021035159849
***** Mahalanobis distance (squared): 348 4 2.2901886879549345
***** Mahalanobis distance (squared): 348 5 5.32365017249938
***** Mahalanobis distance (squared): 348 6 5.7556509147781565
***** Mahalanobis distance (squared): 348 7 60.69066500319483
***** Mahalanobis distance (squared): 348 8 2.062974253675285
***** Mahalanobis distance (squared): 348 9 16.760659970940857
***** Mahalanobis distance (squared): 348 10 81.80565261449853
***** Mahalanobis distance (squared): 348 11 91.39758532555355
***** Mahalanobis distance (squared): 348 12 6.053308975298985
***** Mahalanobis distance (squared): 349 1 32.07456250272049
***** Mahalanobis distance (squared): 349 2 9.475621937139483
***** Mahalanobis distance (squared): 349 3 95.93726745750887
***** Mahalanobis distance (squared): 349 4 124.83310030733055
***** Mahalanobis distance (squared): 349 5 70.975616797223
***** Mahalanobis distance (squared): 349 6 65.65987881158824
***** Mahalanobis distance (squared): 349 7 65.32952288873327
***** Mahalanobis distance (squared): 349 8 126.75767733404452
***** Mahalanobis distance (squared): 349 9 157.60335515124245
***** Mahalanobis distance (squared): 349 10 8.006513773736422
***** Mahalanobis distance (squared): 349 11 2.0721023898586504
***** Mahalanobis distance (squared): 349 12 116.67049338314257
***** Mahalanobis distance (squared): 350 1 9.218902287994307
***** Mahalanobis distance (squared): 350 2 27.132388210765818
***** Mahalanobis distance (squared): 350 3 15.0152672979689
***** Mahalanobis distance (squared): 350 4 49.97493528244606
***** Mahalanobis distance (squared): 350 5 17.686617161571853
***** Mahalanobis distance (squared): 350 6 15.618426884894356
***** Mahalanobis distance (squared): 350 7 5.450193337060306
***** Mahalanobis distance (squared): 350 8 47.8581410718779
***** Mahalanobis distance (squared): 350 9 89.9524569792632
***** Mahalanobis distance (squared): 350 10 18.273474187431116
***** Mahalanobis distance (squared): 350 11 43.49138162608951
***** Mahalanobis distance (squared): 350 12 64.3818971382481
***** Mahalanobis distance (squared): 351 1 9.122163016931513
***** Mahalanobis distance (squared): 351 2 1.81073139563734
***** Mahalanobis distance (squared): 351 3 70.30702632884454
***** Mahalanobis distance (squared): 351 4 116.14124553004338
***** Mahalanobis distance (squared): 351 5 57.40257138054497
***** Mahalanobis distance (squared): 351 6 53.68428158108788
***** Mahalanobis distance (squared): 351 7 31.46938333572124
***** Mahalanobis distance (squared): 351 8 115.61032598682745
***** Mahalanobis distance (squared): 351 9 161.60811251349628
***** Mahalanobis distance (squared): 351 10 0.48692051398331176
***** Mahalanobis distance (squared): 351 11 10.879724561551352
***** Mahalanobis distance (squared): 351 12 116.89704061601871
***** Mahalanobis distance (squared): 352 1 1.4729252196674725
***** Mahalanobis distance (squared): 352 2 18.44240430903851
***** Mahalanobis distance (squared): 352 3 39.17275024972613
***** Mahalanobis distance (squared): 352 4 95.72383361956238
***** Mahalanobis distance (squared): 352 5 46.80238403406492
***** Mahalanobis distance (squared): 352 6 44.16887416921148
***** Mahalanobis distance (squared): 352 7 3.242527063750484
***** Mahalanobis distance (squared): 352 8 92.36318833807096
***** Mahalanobis distance (squared): 352 9 149.08166125895949
***** Mahalanobis distance (squared): 352 10 16.595059890048102
***** Mahalanobis distance (squared): 352 11 50.71558074542225
***** Mahalanobis distance (squared): 352 12 115.15867287834644
***** Mahalanobis distance (squared): 353 1 34.012323339554264
***** Mahalanobis distance (squared): 353 2 51.980751710854406
***** Mahalanobis distance (squared): 353 3 7.499073786905528
***** Mahalanobis distance (squared): 353 4 20.99579102295077
***** Mahalanobis distance (squared): 353 5 1.441643430923178
***** Mahalanobis distance (squared): 353 6 0.9184347536590836
***** Mahalanobis distance (squared): 353 7 25.440730115740337
***** Mahalanobis distance (squared): 353 8 20.152532181452113
***** Mahalanobis distance (squared): 353 9 48.868324118223065
***** Mahalanobis distance (squared): 353 10 33.83088415327435
***** Mahalanobis distance (squared): 353 11 46.689836525749676
***** Mahalanobis distance (squared): 353 12 24.915327865030076
***** Mahalanobis distance (squared): 354 1 147.60784108347298
***** Mahalanobis distance (squared): 354 2 178.8258287788068
***** Mahalanobis distance (squared): 354 3 37.35155695606279
***** Mahalanobis distance (squared): 354 4 4.487081791627945
***** Mahalanobis distance (squared): 354 5 32.929211950208476
***** Mahalanobis distance (squared): 354 6 32.90259011743476
***** Mahalanobis distance (squared): 354 7 116.73561243310165
***** Mahalanobis distance (squared): 354 8 5.365698021745748
***** Mahalanobis distance (squared): 354 9 2.5894920362018428
***** Mahalanobis distance (squared): 354 10 146.99673854085216
***** Mahalanobis distance (squared): 354 11 153.14823991070975
***** Mahalanobis distance (squared): 354 12 11.311096309296545
***** Mahalanobis distance (squared): 355 1 90.46932862001651
***** Mahalanobis distance (squared): 355 2 101.39090363655414
***** Mahalanobis distance (squared): 355 3 29.78515690479772
***** Mahalanobis distance (squared): 355 4 10.574014124722668
***** Mahalanobis distance (squared): 355 5 11.116251412166164
***** Mahalanobis distance (squared): 355 6 10.625372064927992
***** Mahalanobis distance (squared): 355 7 81.54249268611062
***** Mahalanobis distance (squared): 355 8 12.387222109490182
***** Mahalanobis distance (squared): 355 9 17.320870499777584
***** Mahalanobis distance (squared): 355 10 74.84196041749516
***** Mahalanobis distance (squared): 355 11 68.57540848369626
***** Mahalanobis distance (squared): 355 12 3.030731190915451
***** Mahalanobis distance (squared): 356 1 89.84734877049642
***** Mahalanobis distance (squared): 356 2 122.4881667015047
***** Mahalanobis distance (squared): 356 3 10.044394584448117
***** Mahalanobis distance (squared): 356 4 1.306224542546682
***** Mahalanobis distance (squared): 356 5 10.984761995934305
***** Mahalanobis distance (squared): 356 6 11.112956569307416
***** Mahalanobis distance (squared): 356 7 62.74643557682111
***** Mahalanobis distance (squared): 356 8 0.5471006163948495
***** Mahalanobis distance (squared): 356 9 15.266095270945915
***** Mahalanobis distance (squared): 356 10 96.54114106131979
***** Mahalanobis distance (squared): 356 11 112.79734417887526
***** Mahalanobis distance (squared): 356 12 12.27502024507304
***** Mahalanobis distance (squared): 357 1 33.04467036932267
***** Mahalanobis distance (squared): 357 2 47.794894515518294
***** Mahalanobis distance (squared): 357 3 10.349813612205478
***** Mahalanobis distance (squared): 357 4 22.622839603334345
***** Mahalanobis distance (squared): 357 5 2.2985740106644057
***** Mahalanobis distance (squared): 357 6 1.4057252258519404
***** Mahalanobis distance (squared): 357 7 27.270707909870275
***** Mahalanobis distance (squared): 357 8 22.151511399388266
***** Mahalanobis distance (squared): 357 9 49.30595284176791
***** Mahalanobis distance (squared): 357 10 30.305138742204015
***** Mahalanobis distance (squared): 357 11 40.71159070037219
***** Mahalanobis distance (squared): 357 12 25.171055633755866
***** Mahalanobis distance (squared): 358 1 52.57649122837737
***** Mahalanobis distance (squared): 358 2 90.72999142205848
***** Mahalanobis distance (squared): 358 3 0.7879170661152769
***** Mahalanobis distance (squared): 358 4 18.652947214362026
***** Mahalanobis distance (squared): 358 5 11.626245508971017
***** Mahalanobis distance (squared): 358 6 11.781412352515764
***** Mahalanobis distance (squared): 358 7 25.96261802875506
***** Mahalanobis distance (squared): 358 8 15.75008214994251
***** Mahalanobis distance (squared): 358 9 49.86305599645925
***** Mahalanobis distance (squared): 358 10 71.49378213132415
***** Mahalanobis distance (squared): 358 11 102.9564560310688
***** Mahalanobis distance (squared): 358 12 38.49087874747188
***** Mahalanobis distance (squared): 359 1 12.67593093509203
***** Mahalanobis distance (squared): 359 2 0.37800797176905204
***** Mahalanobis distance (squared): 359 3 91.81933112457891
***** Mahalanobis distance (squared): 359 4 143.1019682043443
***** Mahalanobis distance (squared): 359 5 80.42893667242723
***** Mahalanobis distance (squared): 359 6 75.0861013840318
***** Mahalanobis distance (squared): 359 7 41.049909740942944
***** Mahalanobis distance (squared): 359 8 142.73114446185255
***** Mahalanobis distance (squared): 359 9 190.23896626725266
***** Mahalanobis distance (squared): 359 10 4.505047810239185
***** Mahalanobis distance (squared): 359 11 16.77426239591364
***** Mahalanobis distance (squared): 359 12 147.8292558741288
***** Mahalanobis distance (squared): 360 1 90.40196170476028
***** Mahalanobis distance (squared): 360 2 120.16264637399327
***** Mahalanobis distance (squared): 360 3 12.279651839276196
***** Mahalanobis distance (squared): 360 4 0.6870836514099892
***** Mahalanobis distance (squared): 360 5 12.144083916896262
***** Mahalanobis distance (squared): 360 6 11.601113174059655
***** Mahalanobis distance (squared): 360 7 65.47424639756487
***** Mahalanobis distance (squared): 360 8 0.384557938944876
***** Mahalanobis distance (squared): 360 9 12.028956243430569
***** Mahalanobis distance (squared): 360 10 95.16022598001656
***** Mahalanobis distance (squared): 360 11 109.48075202334833
***** Mahalanobis distance (squared): 360 12 11.788019319528868
***** Mahalanobis distance (squared): 361 1 39.93001521057359
***** Mahalanobis distance (squared): 361 2 16.25807727948029
***** Mahalanobis distance (squared): 361 3 103.00291873060041
***** Mahalanobis distance (squared): 361 4 132.1165918322119
***** Mahalanobis distance (squared): 361 5 72.89487968744436
***** Mahalanobis distance (squared): 361 6 68.96022095014284
***** Mahalanobis distance (squared): 361 7 74.06080606015999
***** Mahalanobis distance (squared): 361 8 134.06500240858534
***** Mahalanobis distance (squared): 361 9 166.70576884463028
***** Mahalanobis distance (squared): 361 10 11.579776105447744
***** Mahalanobis distance (squared): 361 11 0.9547084220304456
***** Mahalanobis distance (squared): 361 12 116.42813701082791
***** Mahalanobis distance (squared): 362 1 11.833826325659643
***** Mahalanobis distance (squared): 362 2 40.37935558782865
***** Mahalanobis distance (squared): 362 3 30.02125754552561
***** Mahalanobis distance (squared): 362 4 88.93753066530218
***** Mahalanobis distance (squared): 362 5 39.69900543358304
***** Mahalanobis distance (squared): 362 6 39.94496631638157
***** Mahalanobis distance (squared): 362 7 2.9123084874758236
***** Mahalanobis distance (squared): 362 8 84.30335632787921
***** Mahalanobis distance (squared): 362 9 147.1121804176621
***** Mahalanobis distance (squared): 362 10 31.92493365144224
***** Mahalanobis distance (squared): 362 11 69.85424301355076
***** Mahalanobis distance (squared): 362 12 105.62488849302666
***** Mahalanobis distance (squared): 363 1 17.508194242749074
***** Mahalanobis distance (squared): 363 2 2.2583008800777775
***** Mahalanobis distance (squared): 363 3 85.19047594487289
***** Mahalanobis distance (squared): 363 4 125.5881464946344
***** Mahalanobis distance (squared): 363 5 67.49798785475073
***** Mahalanobis distance (squared): 363 6 62.67595587237929
***** Mahalanobis distance (squared): 363 7 46.267307317380364
***** Mahalanobis distance (squared): 363 8 126.13355642276285
***** Mahalanobis distance (squared): 363 9 166.31739834572014
***** Mahalanobis distance (squared): 363 10 2.390331384263396
***** Mahalanobis distance (squared): 363 11 6.335693148082243
***** Mahalanobis distance (squared): 363 12 123.51641243189096
***** Mahalanobis distance (squared): 364 1 3.5608179346198128
***** Mahalanobis distance (squared): 364 2 21.65528976487283
***** Mahalanobis distance (squared): 364 3 42.8437739563472
***** Mahalanobis distance (squared): 364 4 103.85545926942103
***** Mahalanobis distance (squared): 364 5 47.869173392716554
***** Mahalanobis distance (squared): 364 6 46.69362110299716
***** Mahalanobis distance (squared): 364 7 5.040959383975641
***** Mahalanobis distance (squared): 364 8 100.05887648366284
***** Mahalanobis distance (squared): 364 9 161.84970588117972
***** Mahalanobis distance (squared): 364 10 17.456098831763857
***** Mahalanobis distance (squared): 364 11 50.34053190915701
***** Mahalanobis distance (squared): 364 12 118.04214031374052
***** Mahalanobis distance (squared): 365 1 45.12720649113027
***** Mahalanobis distance (squared): 365 2 67.56370835369883
***** Mahalanobis distance (squared): 365 3 4.390054607089472
***** Mahalanobis distance (squared): 365 4 12.690186568682908
***** Mahalanobis distance (squared): 365 5 0.5393433954096475
***** Mahalanobis distance (squared): 365 6 0.286991349839692
***** Mahalanobis distance (squared): 365 7 31.23812197053272
***** Mahalanobis distance (squared): 365 8 11.771232031968019
***** Mahalanobis distance (squared): 365 9 37.43729597831256
***** Mahalanobis distance (squared): 365 10 47.27708146933649
***** Mahalanobis distance (squared): 365 11 61.57302870051189
***** Mahalanobis distance (squared): 365 12 18.644766454836788
***** Mahalanobis distance (squared): 366 1 170.0858002575191
***** Mahalanobis distance (squared): 366 2 194.53422492125887
***** Mahalanobis distance (squared): 366 3 55.08409504966609
***** Mahalanobis distance (squared): 366 4 10.741420033900493
***** Mahalanobis distance (squared): 366 5 43.761211841030686
***** Mahalanobis distance (squared): 366 6 43.292149171414486
***** Mahalanobis distance (squared): 366 7 143.16583453091926
***** Mahalanobis distance (squared): 366 8 12.945143270778887
***** Mahalanobis distance (squared): 366 9 0.9526657554631386
***** Mahalanobis distance (squared): 366 10 160.97033752360784
***** Mahalanobis distance (squared): 366 11 157.65044033959225
***** Mahalanobis distance (squared): 366 12 11.765125539920975
***** Mahalanobis distance (squared): 367 1 124.49722940453157
***** Mahalanobis distance (squared): 367 2 145.15877371956145
***** Mahalanobis distance (squared): 367 3 34.78663786538099
***** Mahalanobis distance (squared): 367 4 6.8612744482909775
***** Mahalanobis distance (squared): 367 5 18.929093706316717
***** Mahalanobis distance (squared): 367 6 19.843892627500367
***** Mahalanobis distance (squared): 367 7 104.43082649352786
***** Mahalanobis distance (squared): 367 8 8.313060221835483
***** Mahalanobis distance (squared): 367 9 9.475297571565735
***** Mahalanobis distance (squared): 367 10 112.68692888630262
***** Mahalanobis distance (squared): 367 11 108.32171819697531
***** Mahalanobis distance (squared): 367 12 0.26080653566285156
***** Mahalanobis distance (squared): 368 1 88.90847310171111
***** Mahalanobis distance (squared): 368 2 124.61676463633322
***** Mahalanobis distance (squared): 368 3 8.715307816123417
***** Mahalanobis distance (squared): 368 4 5.267670496934762
***** Mahalanobis distance (squared): 368 5 8.598775395171142
***** Mahalanobis distance (squared): 368 6 10.301215645392098
***** Mahalanobis distance (squared): 368 7 59.86233883959864
***** Mahalanobis distance (squared): 368 8 3.846745630458
***** Mahalanobis distance (squared): 368 9 24.51287134071795
***** Mahalanobis distance (squared): 368 10 96.19839181027731
***** Mahalanobis distance (squared): 368 11 113.02562646365044
***** Mahalanobis distance (squared): 368 12 12.338108911396061
***** Mahalanobis distance (squared): 369 1 60.04919799548213
***** Mahalanobis distance (squared): 369 2 76.42998043328812
***** Mahalanobis distance (squared): 369 3 12.54794422192845
***** Mahalanobis distance (squared): 369 4 8.629387204957172
***** Mahalanobis distance (squared): 369 5 2.3737904158913627
***** Mahalanobis distance (squared): 369 6 1.65438219935569
***** Mahalanobis distance (squared): 369 7 49.29044378339576
***** Mahalanobis distance (squared): 369 8 9.020594709525827
***** Mahalanobis distance (squared): 369 9 24.962764526794555
***** Mahalanobis distance (squared): 369 10 54.25272002753554
***** Mahalanobis distance (squared): 369 11 59.52664234879256
***** Mahalanobis distance (squared): 369 12 9.445285849260527
***** Mahalanobis distance (squared): 370 1 58.69046641669839
***** Mahalanobis distance (squared): 370 2 89.86645846985682
***** Mahalanobis distance (squared): 370 3 1.8010818732341876
***** Mahalanobis distance (squared): 370 4 8.744389646285276
***** Mahalanobis distance (squared): 370 5 3.4142297060379043
***** Mahalanobis distance (squared): 370 6 3.8604456838194388
***** Mahalanobis distance (squared): 370 7 36.24899070301994
***** Mahalanobis distance (squared): 370 8 7.120207126904653
***** Mahalanobis distance (squared): 370 9 33.31035777356996
***** Mahalanobis distance (squared): 370 10 67.29518682916533
***** Mahalanobis distance (squared): 370 11 87.30033695512341
***** Mahalanobis distance (squared): 370 12 19.18211584686217
***** Mahalanobis distance (squared): 371 1 14.437707826147161
***** Mahalanobis distance (squared): 371 2 1.2158388316867805
***** Mahalanobis distance (squared): 371 3 81.30626797285943
***** Mahalanobis distance (squared): 371 4 123.27678077570745
***** Mahalanobis distance (squared): 371 5 65.81141466550537
***** Mahalanobis distance (squared): 371 6 60.9640374322959
***** Mahalanobis distance (squared): 371 7 41.63661949587334
***** Mahalanobis distance (squared): 371 8 123.5482035117066
***** Mahalanobis distance (squared): 371 9 164.96658300058428
***** Mahalanobis distance (squared): 371 10 1.757867888214896
***** Mahalanobis distance (squared): 371 11 8.260497966742802
***** Mahalanobis distance (squared): 371 12 123.41767371410413
***** Mahalanobis distance (squared): 372 1 139.01858917663645
***** Mahalanobis distance (squared): 372 2 165.9521785180548
***** Mahalanobis distance (squared): 372 3 35.68999845547447
***** Mahalanobis distance (squared): 372 4 3.745047227513044
***** Mahalanobis distance (squared): 372 5 26.527378569572992
***** Mahalanobis distance (squared): 372 6 26.84826373909813
***** Mahalanobis distance (squared): 372 7 112.30598138923405
***** Mahalanobis distance (squared): 372 8 4.925487111498281
***** Mahalanobis distance (squared): 372 9 2.931151779540551
***** Mahalanobis distance (squared): 372 10 133.6617055702426
***** Mahalanobis distance (squared): 372 11 135.22553163974248
***** Mahalanobis distance (squared): 372 12 5.124342482387944
***** Mahalanobis distance (squared): 373 1 29.752792686871018
***** Mahalanobis distance (squared): 373 2 19.002876453659187
***** Mahalanobis distance (squared): 373 3 61.05842019637709
***** Mahalanobis distance (squared): 373 4 82.98892100847107
***** Mahalanobis distance (squared): 373 5 36.73618933031495
***** Mahalanobis distance (squared): 373 6 34.264500792051926
***** Mahalanobis distance (squared): 373 7 50.084868934461745
***** Mahalanobis distance (squared): 373 8 84.20060536924795
***** Mahalanobis distance (squared): 373 9 114.45970542771967
***** Mahalanobis distance (squared): 373 10 8.568773494468907
***** Mahalanobis distance (squared): 373 11 3.234861641440522
***** Mahalanobis distance (squared): 373 12 71.1140024504945
***** Mahalanobis distance (squared): 374 1 12.142101477738601
***** Mahalanobis distance (squared): 374 2 35.20869713470104
***** Mahalanobis distance (squared): 374 3 13.459975328769524
***** Mahalanobis distance (squared): 374 4 53.063125394095685
***** Mahalanobis distance (squared): 374 5 16.643361921413447
***** Mahalanobis distance (squared): 374 6 16.209489453730505
***** Mahalanobis distance (squared): 374 7 4.332014736846004
***** Mahalanobis distance (squared): 374 8 50.140757516818574
***** Mahalanobis distance (squared): 374 9 97.94428526067209
***** Mahalanobis distance (squared): 374 10 23.503548994781195
***** Mahalanobis distance (squared): 374 11 50.82312048298849
***** Mahalanobis distance (squared): 374 12 65.10133129990166
***** Mahalanobis distance (squared): 375 1 11.20157411594992
***** Mahalanobis distance (squared): 375 2 6.291193679733647
***** Mahalanobis distance (squared): 375 3 54.91343475537508
***** Mahalanobis distance (squared): 375 4 91.57632622638728
***** Mahalanobis distance (squared): 375 5 40.18969274594348
***** Mahalanobis distance (squared): 375 6 37.20571679852311
***** Mahalanobis distance (squared): 375 7 29.262791561054456
***** Mahalanobis distance (squared): 375 8 91.37938615508595
***** Mahalanobis distance (squared): 375 9 131.9220973445788
***** Mahalanobis distance (squared): 375 10 0.7488631458648516
***** Mahalanobis distance (squared): 375 11 7.8713870529850265
***** Mahalanobis distance (squared): 375 12 89.67694882307549
***** Mahalanobis distance (squared): 376 1 3.098587318785891
***** Mahalanobis distance (squared): 376 2 22.48147497139017
***** Mahalanobis distance (squared): 376 3 28.61423717925582
***** Mahalanobis distance (squared): 376 4 79.64605507309591
***** Mahalanobis distance (squared): 376 5 35.650556167894855
***** Mahalanobis distance (squared): 376 6 33.579649535941975
***** Mahalanobis distance (squared): 376 7 1.3676172234173731
***** Mahalanobis distance (squared): 376 8 76.39709563724689
***** Mahalanobis distance (squared): 376 9 130.05179484978387
***** Mahalanobis distance (squared): 376 10 17.778128079501318
***** Mahalanobis distance (squared): 376 11 50.50232133624216
***** Mahalanobis distance (squared): 376 12 97.79606026402064
***** Mahalanobis distance (squared): 377 1 54.94480485904217
***** Mahalanobis distance (squared): 377 2 75.936977662436
***** Mahalanobis distance (squared): 377 3 8.080058282343785
***** Mahalanobis distance (squared): 377 4 11.098695718987694
***** Mahalanobis distance (squared): 377 5 0.23875776425586065
***** Mahalanobis distance (squared): 377 6 0.5406211987122983
***** Mahalanobis distance (squared): 377 7 41.21577781279461
***** Mahalanobis distance (squared): 377 8 10.613112507275323
***** Mahalanobis distance (squared): 377 9 33.09935494850276
***** Mahalanobis distance (squared): 377 10 52.99222294140758
***** Mahalanobis distance (squared): 377 11 62.41405908121473
***** Mahalanobis distance (squared): 377 12 12.307929994863763
***** Mahalanobis distance (squared): 378 1 97.77376864082184
***** Mahalanobis distance (squared): 378 2 127.25263913676555
***** Mahalanobis distance (squared): 378 3 14.93021234872543
***** Mahalanobis distance (squared): 378 4 0.10871252506598007
***** Mahalanobis distance (squared): 378 5 12.762568600101547
***** Mahalanobis distance (squared): 378 6 12.60185707985141
***** Mahalanobis distance (squared): 378 7 72.37597600584226
***** Mahalanobis distance (squared): 378 8 0.016978053441938812
***** Mahalanobis distance (squared): 378 9 9.814189956111438
***** Mahalanobis distance (squared): 378 10 100.50336079256476
***** Mahalanobis distance (squared): 378 11 112.28500627827594
***** Mahalanobis distance (squared): 378 12 8.652761980427856
***** Mahalanobis distance (squared): 379 1 92.87028842471385
***** Mahalanobis distance (squared): 379 2 119.69188732048659
***** Mahalanobis distance (squared): 379 3 16.870192664197297
***** Mahalanobis distance (squared): 379 4 7.063515209529297
***** Mahalanobis distance (squared): 379 5 7.068715822732144
***** Mahalanobis distance (squared): 379 6 8.933142882011916
***** Mahalanobis distance (squared): 379 7 70.76761623451561
***** Mahalanobis distance (squared): 379 8 6.807812811591473
***** Mahalanobis distance (squared): 379 9 22.507610409612084
***** Mahalanobis distance (squared): 379 10 89.49438201771063
***** Mahalanobis distance (squared): 379 11 95.17995955621495
***** Mahalanobis distance (squared): 379 12 4.27495872244359
***** Mahalanobis distance (squared): 380 1 66.802051321263
***** Mahalanobis distance (squared): 380 2 93.82246897926733
***** Mahalanobis distance (squared): 380 3 5.632470823689358
***** Mahalanobis distance (squared): 380 4 4.4092724331302575
***** Mahalanobis distance (squared): 380 5 3.0488880189630385
***** Mahalanobis distance (squared): 380 6 3.141457365821454
***** Mahalanobis distance (squared): 380 7 46.55919412657634
***** Mahalanobis distance (squared): 380 8 3.6718627384107285
***** Mahalanobis distance (squared): 380 9 23.30366511784824
***** Mahalanobis distance (squared): 380 10 70.089887595687
***** Mahalanobis distance (squared): 380 11 84.07775131802717
***** Mahalanobis distance (squared): 380 12 11.510854709929989
***** Mahalanobis distance (squared): 381 1 36.07652713096587
***** Mahalanobis distance (squared): 381 2 59.35662620181896
***** Mahalanobis distance (squared): 381 3 3.051072858662
***** Mahalanobis distance (squared): 381 4 17.498400219256855
***** Mahalanobis distance (squared): 381 5 2.048875270131979
***** Mahalanobis distance (squared): 381 6 1.4926810738180325
***** Mahalanobis distance (squared): 381 7 22.7415940239705
***** Mahalanobis distance (squared): 381 8 16.134173206510237
***** Mahalanobis distance (squared): 381 9 45.865576634269004
***** Mahalanobis distance (squared): 381 10 41.37408913064531
***** Mahalanobis distance (squared): 381 11 59.63078726008499
***** Mahalanobis distance (squared): 381 12 26.584198259453515
***** Mahalanobis distance (squared): 382 1 30.42165132898243
***** Mahalanobis distance (squared): 382 2 58.544713637788696
***** Mahalanobis distance (squared): 382 3 1.822581244113046
***** Mahalanobis distance (squared): 382 4 25.08991759628691
***** Mahalanobis distance (squared): 382 5 6.191817207422357
***** Mahalanobis distance (squared): 382 6 5.847546637042569
***** Mahalanobis distance (squared): 382 7 14.401634713285517
***** Mahalanobis distance (squared): 382 8 22.74393331558057
***** Mahalanobis distance (squared): 382 9 59.372516681574766
***** Mahalanobis distance (squared): 382 10 42.21180569096464
***** Mahalanobis distance (squared): 382 11 67.76237387271827
***** Mahalanobis distance (squared): 382 12 38.91345835792457
***** Mahalanobis distance (squared): 383 1 1.9335213820304704
***** Mahalanobis distance (squared): 383 2 4.3504029066599665
***** Mahalanobis distance (squared): 383 3 49.95174639820787
***** Mahalanobis distance (squared): 383 4 96.23048744421692
***** Mahalanobis distance (squared): 383 5 46.89160187282188
***** Mahalanobis distance (squared): 383 6 42.841275795771374
***** Mahalanobis distance (squared): 383 7 15.31571824892809
***** Mahalanobis distance (squared): 383 8 94.83745165073947
***** Mahalanobis distance (squared): 383 9 141.43339613906016
***** Mahalanobis distance (squared): 383 10 3.6434785069162063
***** Mahalanobis distance (squared): 383 11 24.170084649920963
***** Mahalanobis distance (squared): 383 12 107.54909745899276
***** Mahalanobis distance (squared): 384 1 62.18147795554948
***** Mahalanobis distance (squared): 384 2 90.23396950665607
***** Mahalanobis distance (squared): 384 3 3.9201577467453967
***** Mahalanobis distance (squared): 384 4 6.155964053861921
***** Mahalanobis distance (squared): 384 5 2.485680241253144
***** Mahalanobis distance (squared): 384 6 2.719532666806714
***** Mahalanobis distance (squared): 384 7 41.68958225065295
***** Mahalanobis distance (squared): 384 8 5.106748714821768
***** Mahalanobis distance (squared): 384 9 27.45390421287201
***** Mahalanobis distance (squared): 384 10 67.03544596717506
***** Mahalanobis distance (squared): 384 11 82.9174465550376
***** Mahalanobis distance (squared): 384 12 14.043819717393045
***** Mahalanobis distance (squared): 385 1 36.359551438258045
***** Mahalanobis distance (squared): 385 2 8.853160893320494
***** Mahalanobis distance (squared): 385 3 128.5846283833065
***** Mahalanobis distance (squared): 385 4 171.66984467148728
***** Mahalanobis distance (squared): 385 5 104.67409749197566
***** Mahalanobis distance (squared): 385 6 98.44840091299268
***** Mahalanobis distance (squared): 385 7 77.33285346415359
***** Mahalanobis distance (squared): 385 8 173.17246781296404
***** Mahalanobis distance (squared): 385 9 212.65389884455936
***** Mahalanobis distance (squared): 385 10 13.406482935461975
***** Mahalanobis distance (squared): 385 11 10.80326282976387
***** Mahalanobis distance (squared): 385 12 165.4455477950211
***** Mahalanobis distance (squared): 386 1 18.357061061849297
***** Mahalanobis distance (squared): 386 2 53.93349952066593
***** Mahalanobis distance (squared): 386 3 23.20551747014694
***** Mahalanobis distance (squared): 386 4 78.51822418333221
***** Mahalanobis distance (squared): 386 5 41.65935215538323
***** Mahalanobis distance (squared): 386 6 40.87957189405676
***** Mahalanobis distance (squared): 386 7 2.2221914412990023
***** Mahalanobis distance (squared): 386 8 73.53810594197907
***** Mahalanobis distance (squared): 386 9 133.00444914478007
***** Mahalanobis distance (squared): 386 10 46.777480488687395
***** Mahalanobis distance (squared): 386 11 92.68128866550643
***** Mahalanobis distance (squared): 386 12 105.998298672809
***** Mahalanobis distance (squared): 387 1 13.501088291094803
***** Mahalanobis distance (squared): 387 2 1.2463704197824015
***** Mahalanobis distance (squared): 387 3 77.1798279340848
***** Mahalanobis distance (squared): 387 4 117.87906631438887
***** Mahalanobis distance (squared): 387 5 62.274628206347096
***** Mahalanobis distance (squared): 387 6 57.44020930011765
***** Mahalanobis distance (squared): 387 7 39.5236607972121
***** Mahalanobis distance (squared): 387 8 118.14510744543644
***** Mahalanobis distance (squared): 387 9 158.74219111314548
***** Mahalanobis distance (squared): 387 10 1.3967460810021362
***** Mahalanobis distance (squared): 387 11 8.27939742708509
***** Mahalanobis distance (squared): 387 12 118.65616559067871
***** Mahalanobis distance (squared): 388 1 4.920565710486205
***** Mahalanobis distance (squared): 388 2 18.91782939735328
***** Mahalanobis distance (squared): 388 3 43.84854107014905
***** Mahalanobis distance (squared): 388 4 100.73841757381166
***** Mahalanobis distance (squared): 388 5 43.13096192302237
***** Mahalanobis distance (squared): 388 6 42.37445514681006
***** Mahalanobis distance (squared): 388 7 9.305910381488273
***** Mahalanobis distance (squared): 388 8 97.53943232015057
***** Mahalanobis distance (squared): 388 9 156.62006878084964
***** Mahalanobis distance (squared): 388 10 12.765517322397697
***** Mahalanobis distance (squared): 388 11 39.117936298222716
***** Mahalanobis distance (squared): 388 12 108.56378931673771
***** Mahalanobis distance (squared): 389 1 45.654916899968036
***** Mahalanobis distance (squared): 389 2 67.64407943429514
***** Mahalanobis distance (squared): 389 3 4.5145318222029065
***** Mahalanobis distance (squared): 389 4 10.923050887757912
***** Mahalanobis distance (squared): 389 5 2.2875117815918156
***** Mahalanobis distance (squared): 389 6 1.2557898236855058
***** Mahalanobis distance (squared): 389 7 31.881088730430236
***** Mahalanobis distance (squared): 389 8 10.19291303429379
***** Mahalanobis distance (squared): 389 9 33.50986405646676
***** Mahalanobis distance (squared): 389 10 48.738623904871076
***** Mahalanobis distance (squared): 389 11 64.02674981579989
***** Mahalanobis distance (squared): 389 12 19.89736915413751
***** Mahalanobis distance (squared): 390 1 151.88149200268617
***** Mahalanobis distance (squared): 390 2 174.7646014630701
***** Mahalanobis distance (squared): 390 3 48.205060783800526
***** Mahalanobis distance (squared): 390 4 8.597004028534686
***** Mahalanobis distance (squared): 390 5 40.40360597009801
***** Mahalanobis distance (squared): 390 6 38.615190839127166
***** Mahalanobis distance (squared): 390 7 127.59756988798155
***** Mahalanobis distance (squared): 390 8 10.694877752037408
***** Mahalanobis distance (squared): 390 9 0.3268002387066632
***** Mahalanobis distance (squared): 390 10 145.63378227036003
***** Mahalanobis distance (squared): 390 11 146.26882744722803
***** Mahalanobis distance (squared): 390 12 15.16904149200874
***** Mahalanobis distance (squared): 391 1 124.62141762025637
***** Mahalanobis distance (squared): 391 2 149.32898184397848
***** Mahalanobis distance (squared): 391 3 31.205612837135167
***** Mahalanobis distance (squared): 391 4 5.580144138740679
***** Mahalanobis distance (squared): 391 5 18.090478906756218
***** Mahalanobis distance (squared): 391 6 19.43994123825669
***** Mahalanobis distance (squared): 391 7 101.20319584723714
***** Mahalanobis distance (squared): 391 8 6.517972365997068
***** Mahalanobis distance (squared): 391 9 10.148709694650492
***** Mahalanobis distance (squared): 391 10 116.2976674326188
***** Mahalanobis distance (squared): 391 11 115.38842775834149
***** Mahalanobis distance (squared): 391 12 0.959752771989334
***** Mahalanobis distance (squared): 392 1 105.03517598185046
***** Mahalanobis distance (squared): 392 2 140.5309249560352
***** Mahalanobis distance (squared): 392 3 15.176605898816584
***** Mahalanobis distance (squared): 392 4 1.841560740280527
***** Mahalanobis distance (squared): 392 5 18.503221203468797
***** Mahalanobis distance (squared): 392 6 18.406366225257468
***** Mahalanobis distance (squared): 392 7 74.31582880476668
***** Mahalanobis distance (squared): 392 8 1.129987336347935
***** Mahalanobis distance (squared): 392 9 12.495497875972148
***** Mahalanobis distance (squared): 392 10 113.83633314780761
***** Mahalanobis distance (squared): 392 11 131.61195699952816
***** Mahalanobis distance (squared): 392 12 15.816647853682692
***** Mahalanobis distance (squared): 393 1 63.51094312695954
***** Mahalanobis distance (squared): 393 2 81.23069111455969
***** Mahalanobis distance (squared): 393 3 12.346214075645825
***** Mahalanobis distance (squared): 393 4 7.661077820944582
***** Mahalanobis distance (squared): 393 5 2.2286234847306035
***** Mahalanobis distance (squared): 393 6 1.8369986119858102
***** Mahalanobis distance (squared): 393 7 51.29542344510479
***** Mahalanobis distance (squared): 393 8 7.97018507193679
***** Mahalanobis distance (squared): 393 9 23.86865227120534
***** Mahalanobis distance (squared): 393 10 58.03043681531782
***** Mahalanobis distance (squared): 393 11 63.36255228477962
***** Mahalanobis distance (squared): 393 12 8.030054313044914
***** Mahalanobis distance (squared): 394 1 66.87244259686797
***** Mahalanobis distance (squared): 394 2 109.7541152850195
***** Mahalanobis distance (squared): 394 3 6.4706866216543455
***** Mahalanobis distance (squared): 394 4 27.33515918110324
***** Mahalanobis distance (squared): 394 5 13.144470472535094
***** Mahalanobis distance (squared): 394 6 16.236896193275552
***** Mahalanobis distance (squared): 394 7 36.10131678864033
***** Mahalanobis distance (squared): 394 8 23.713581444194325
***** Mahalanobis distance (squared): 394 9 63.95250925664321
***** Mahalanobis distance (squared): 394 10 84.14386986007342
***** Mahalanobis distance (squared): 394 11 113.12420726308262
***** Mahalanobis distance (squared): 394 12 37.968328552199566
***** Mahalanobis distance (squared): 395 1 11.051611339149948
***** Mahalanobis distance (squared): 395 2 2.5750172877454447
***** Mahalanobis distance (squared): 395 3 95.13050259466429
***** Mahalanobis distance (squared): 395 4 153.22128280718135
***** Mahalanobis distance (squared): 395 5 90.5514826888897
***** Mahalanobis distance (squared): 395 6 84.52503235050365
***** Mahalanobis distance (squared): 395 7 37.382170550315315
***** Mahalanobis distance (squared): 395 8 152.119797883492
***** Mahalanobis distance (squared): 395 9 203.90462310479606
***** Mahalanobis distance (squared): 395 10 9.99615381783338
***** Mahalanobis distance (squared): 395 11 30.28841623162633
***** Mahalanobis distance (squared): 395 12 165.7148946603413
***** Mahalanobis distance (squared): 396 1 91.95014792587284
***** Mahalanobis distance (squared): 396 2 124.75741542736291
***** Mahalanobis distance (squared): 396 3 10.99554675087077
***** Mahalanobis distance (squared): 396 4 1.2431184458146531
***** Mahalanobis distance (squared): 396 5 12.645773384820497
***** Mahalanobis distance (squared): 396 6 12.528097054803512
***** Mahalanobis distance (squared): 396 7 64.50921052620933
***** Mahalanobis distance (squared): 396 8 0.5428426694844338
***** Mahalanobis distance (squared): 396 9 14.245023158237926
***** Mahalanobis distance (squared): 396 10 99.12795413750409
***** Mahalanobis distance (squared): 396 11 115.82424171037523
***** Mahalanobis distance (squared): 396 12 13.384548312751956
***** Mahalanobis distance (squared): 397 1 26.98658492364459
***** Mahalanobis distance (squared): 397 2 16.538502508100525
***** Mahalanobis distance (squared): 397 3 60.60361399222575
***** Mahalanobis distance (squared): 397 4 84.3350464012598
***** Mahalanobis distance (squared): 397 5 37.37516090907566
***** Mahalanobis distance (squared): 397 6 34.745747233733375
***** Mahalanobis distance (squared): 397 7 47.43851700881721
***** Mahalanobis distance (squared): 397 8 85.41430357051891
***** Mahalanobis distance (squared): 397 9 116.78293180729322
***** Mahalanobis distance (squared): 397 10 6.941870809595229
***** Mahalanobis distance (squared): 397 11 3.0070427485294298
***** Mahalanobis distance (squared): 397 12 73.75469086971808
***** Mahalanobis distance (squared): 398 1 3.0316758748620467
***** Mahalanobis distance (squared): 398 2 21.56907170324875
***** Mahalanobis distance (squared): 398 3 27.43771293270185
***** Mahalanobis distance (squared): 398 4 76.66382641712168
***** Mahalanobis distance (squared): 398 5 33.52600317607564
***** Mahalanobis distance (squared): 398 6 31.405034263767927
***** Mahalanobis distance (squared): 398 7 1.7146712540534155
***** Mahalanobis distance (squared): 398 8 73.60340755143017
***** Mahalanobis distance (squared): 398 9 125.8481769584895
***** Mahalanobis distance (squared): 398 10 16.539558601335333
***** Mahalanobis distance (squared): 398 11 47.92465685662375
***** Mahalanobis distance (squared): 398 12 94.00947306319075
***** Mahalanobis distance (squared): 399 1 10.204073779020879
***** Mahalanobis distance (squared): 399 2 1.315032800088348
***** Mahalanobis distance (squared): 399 3 76.02393623351979
***** Mahalanobis distance (squared): 399 4 123.18186194412205
***** Mahalanobis distance (squared): 399 5 62.73123637661821
***** Mahalanobis distance (squared): 399 6 58.75789343914965
***** Mahalanobis distance (squared): 399 7 34.34042247307783
***** Mahalanobis distance (squared): 399 8 122.71607750871259
***** Mahalanobis distance (squared): 399 9 169.22814441923177
***** Mahalanobis distance (squared): 399 10 0.9930419039025854
***** Mahalanobis distance (squared): 399 11 11.119217059078762
***** Mahalanobis distance (squared): 399 12 123.90223711765563
***** Mahalanobis distance (squared): 400 1 0.3487260450492321
***** Mahalanobis distance (squared): 400 2 13.188884696149994
***** Mahalanobis distance (squared): 400 3 45.38425020369206
***** Mahalanobis distance (squared): 400 4 102.29835102018117
***** Mahalanobis distance (squared): 400 5 50.51019855532392
***** Mahalanobis distance (squared): 400 6 47.50395850460736
***** Mahalanobis distance (squared): 400 7 6.105595596156432
***** Mahalanobis distance (squared): 400 8 99.29002501959778
***** Mahalanobis distance (squared): 400 9 155.50959849901236
***** Mahalanobis distance (squared): 400 10 12.450352493610447
***** Mahalanobis distance (squared): 400 11 43.88387166218033
***** Mahalanobis distance (squared): 400 12 119.77681826910941
***** Mahalanobis distance (squared): 401 1 33.23059806085692
***** Mahalanobis distance (squared): 401 2 47.90735579909947
***** Mahalanobis distance (squared): 401 3 12.435860046414886
***** Mahalanobis distance (squared): 401 4 26.99361688709773
***** Mahalanobis distance (squared): 401 5 2.666311415190001
***** Mahalanobis distance (squared): 401 6 2.4549512489363203
***** Mahalanobis distance (squared): 401 7 27.924425491266916
***** Mahalanobis distance (squared): 401 8 26.358271060039346
***** Mahalanobis distance (squared): 401 9 55.983321126432486
***** Mahalanobis distance (squared): 401 10 29.388383163889017
***** Mahalanobis distance (squared): 401 11 38.73529897287145
***** Mahalanobis distance (squared): 401 12 26.56903175475054
***** Mahalanobis distance (squared): 402 1 135.73880920152706
***** Mahalanobis distance (squared): 402 2 157.34809027843127
***** Mahalanobis distance (squared): 402 3 38.99614320813436
***** Mahalanobis distance (squared): 402 4 4.669087229366029
***** Mahalanobis distance (squared): 402 5 27.659703157652697
***** Mahalanobis distance (squared): 402 6 26.979098754940843
***** Mahalanobis distance (squared): 402 7 113.62798377009543
***** Mahalanobis distance (squared): 402 8 6.503035110093755
***** Mahalanobis distance (squared): 402 9 1.1860040176139928
***** Mahalanobis distance (squared): 402 10 126.98768440717042
***** Mahalanobis distance (squared): 402 11 125.42341779459291
***** Mahalanobis distance (squared): 402 12 5.5829516977995945
***** Mahalanobis distance (squared): 403 1 94.35120317919775
***** Mahalanobis distance (squared): 403 2 111.0734692282437
***** Mahalanobis distance (squared): 403 3 27.062325736372227
***** Mahalanobis distance (squared): 403 4 11.656138411693963
***** Mahalanobis distance (squared): 403 5 9.290570798374922
***** Mahalanobis distance (squared): 403 6 10.44664326277726
***** Mahalanobis distance (squared): 403 7 80.59753523883673
***** Mahalanobis distance (squared): 403 8 12.659215885646029
***** Mahalanobis distance (squared): 403 9 22.766120456550514
***** Mahalanobis distance (squared): 403 10 81.40990955762013
***** Mahalanobis distance (squared): 403 11 77.49349835882123
***** Mahalanobis distance (squared): 403 12 2.153130123398195
***** Mahalanobis distance (squared): 404 1 91.79743977999189
***** Mahalanobis distance (squared): 404 2 117.52660360721802
***** Mahalanobis distance (squared): 404 3 14.942340535394358
***** Mahalanobis distance (squared): 404 4 0.6874273089945887
***** Mahalanobis distance (squared): 404 5 8.975085277268356
***** Mahalanobis distance (squared): 404 6 8.98963687127516
***** Mahalanobis distance (squared): 404 7 70.005843715863
***** Mahalanobis distance (squared): 404 8 0.8799628490437452
***** Mahalanobis distance (squared): 404 9 11.031495679256071
***** Mahalanobis distance (squared): 404 10 90.61915645432215
***** Mahalanobis distance (squared): 404 11 98.6470581330823
***** Mahalanobis distance (squared): 404 12 5.0444557002734225
***** Mahalanobis distance (squared): 405 1 18.93837106442097
***** Mahalanobis distance (squared): 405 2 28.29979462231559
***** Mahalanobis distance (squared): 405 3 18.6984857021325
***** Mahalanobis distance (squared): 405 4 40.71851497571811
***** Mahalanobis distance (squared): 405 5 9.527479377473258
***** Mahalanobis distance (squared): 405 6 8.018709398425148
***** Mahalanobis distance (squared): 405 7 20.35286674508238
***** Mahalanobis distance (squared): 405 8 40.1328136818532
***** Mahalanobis distance (squared): 405 9 73.08680256722296
***** Mahalanobis distance (squared): 405 10 14.985702767938061
***** Mahalanobis distance (squared): 405 11 25.776953032570322
***** Mahalanobis distance (squared): 405 12 42.7053167449813
***** Mahalanobis distance (squared): 406 1 29.65537594173183
***** Mahalanobis distance (squared): 406 2 57.63534335482975
***** Mahalanobis distance (squared): 406 3 2.401899422122974
***** Mahalanobis distance (squared): 406 4 27.010456236272006
***** Mahalanobis distance (squared): 406 5 5.80197425593803
***** Mahalanobis distance (squared): 406 6 5.8154394615491265
***** Mahalanobis distance (squared): 406 7 14.00883328359907
***** Mahalanobis distance (squared): 406 8 24.57861793107021
***** Mahalanobis distance (squared): 406 9 62.597812894433424
***** Mahalanobis distance (squared): 406 10 40.80232249138113
***** Mahalanobis distance (squared): 406 11 65.7535174257357
***** Mahalanobis distance (squared): 406 12 39.198713124109354
***** Mahalanobis distance (squared): 407 1 13.96186328040088
***** Mahalanobis distance (squared): 407 2 0.7229749895547996
***** Mahalanobis distance (squared): 407 3 86.49292709492362
***** Mahalanobis distance (squared): 407 4 132.519449956694
***** Mahalanobis distance (squared): 407 5 71.92672669791892
***** Mahalanobis distance (squared): 407 6 67.02119027492746
***** Mahalanobis distance (squared): 407 7 42.0451193752561
***** Mahalanobis distance (squared): 407 8 132.5412900521606
***** Mahalanobis distance (squared): 407 9 176.77799194909778
***** Mahalanobis distance (squared): 407 10 2.462613277167277
***** Mahalanobis distance (squared): 407 11 10.655573437290057
***** Mahalanobis distance (squared): 407 12 133.52308954633924
***** Mahalanobis distance (squared): 408 1 84.13047489407636
***** Mahalanobis distance (squared): 408 2 111.07611124733722
***** Mahalanobis distance (squared): 408 3 11.314847349711842
***** Mahalanobis distance (squared): 408 4 2.0312560577558836
***** Mahalanobis distance (squared): 408 5 5.913979105572077
***** Mahalanobis distance (squared): 408 6 6.4080149375845386
***** Mahalanobis distance (squared): 408 7 62.19571716895358
***** Mahalanobis distance (squared): 408 8 1.7876935081325045
***** Mahalanobis distance (squared): 408 9 16.16625967247237
***** Mahalanobis distance (squared): 408 10 84.28406825609991
***** Mahalanobis distance (squared): 408 11 94.03027757237211
***** Mahalanobis distance (squared): 408 12 5.95779723605381
***** Mahalanobis distance (squared): 409 1 56.714331447777425
***** Mahalanobis distance (squared): 409 2 43.81684039288869
***** Mahalanobis distance (squared): 409 3 59.8174751560951
***** Mahalanobis distance (squared): 409 4 57.87493555277608
***** Mahalanobis distance (squared): 409 5 30.841514388178663
***** Mahalanobis distance (squared): 409 6 27.7857259204186
***** Mahalanobis distance (squared): 409 7 74.06105630378006
***** Mahalanobis distance (squared): 409 8 60.78912442887354
***** Mahalanobis distance (squared): 409 9 73.14842012087861
***** Mahalanobis distance (squared): 409 10 28.61370376442856
***** Mahalanobis distance (squared): 409 11 13.77032943865375
***** Mahalanobis distance (squared): 409 12 43.2721833643016
***** Mahalanobis distance (squared): 410 1 7.2287158608903095
***** Mahalanobis distance (squared): 410 2 32.222545428992355
***** Mahalanobis distance (squared): 410 3 30.762086511258055
***** Mahalanobis distance (squared): 410 4 85.9415432472591
***** Mahalanobis distance (squared): 410 5 44.702891122581896
***** Mahalanobis distance (squared): 410 6 42.279691286705706
***** Mahalanobis distance (squared): 410 7 1.1734355891402646
***** Mahalanobis distance (squared): 410 8 81.95874076140885
***** Mahalanobis distance (squared): 410 9 138.53296875583905
***** Mahalanobis distance (squared): 410 10 29.274201148666048
***** Mahalanobis distance (squared): 410 11 69.76704062096663
***** Mahalanobis distance (squared): 410 12 111.52627938330006
***** Mahalanobis distance (squared): 411 1 19.245908242845623
***** Mahalanobis distance (squared): 411 2 24.735955478981523
***** Mahalanobis distance (squared): 411 3 22.629351478209298
***** Mahalanobis distance (squared): 411 4 41.18335247178716
***** Mahalanobis distance (squared): 411 5 13.437894075669607
***** Mahalanobis distance (squared): 411 6 10.583582770531672
***** Mahalanobis distance (squared): 411 7 23.71619605659565
***** Mahalanobis distance (squared): 411 8 41.20622916515597
***** Mahalanobis distance (squared): 411 9 69.7407833666437
***** Mahalanobis distance (squared): 411 10 13.847170891970334
***** Mahalanobis distance (squared): 411 11 23.389858102158133
***** Mahalanobis distance (squared): 411 12 45.513513202981244
***** Mahalanobis distance (squared): 412 1 1.0698067144486445
***** Mahalanobis distance (squared): 412 2 7.894723250962876
***** Mahalanobis distance (squared): 412 3 41.65380727805543
***** Mahalanobis distance (squared): 412 4 88.83382179821233
***** Mahalanobis distance (squared): 412 5 39.3658250088717
***** Mahalanobis distance (squared): 412 6 36.41453999492966
***** Mahalanobis distance (squared): 412 7 10.380751081992727
***** Mahalanobis distance (squared): 412 8 86.95569590135574
***** Mahalanobis distance (squared): 412 9 135.87442635137126
***** Mahalanobis distance (squared): 412 10 4.665923836264257
***** Mahalanobis distance (squared): 412 11 26.636094131511296
***** Mahalanobis distance (squared): 412 12 99.09408156056307
***** Mahalanobis distance (squared): 413 1 50.52076843002767
***** Mahalanobis distance (squared): 413 2 69.33835833462149
***** Mahalanobis distance (squared): 413 3 7.810299327336532
***** Mahalanobis distance (squared): 413 4 9.704041784823433
***** Mahalanobis distance (squared): 413 5 1.6896309418837514
***** Mahalanobis distance (squared): 413 6 0.7200001782644273
***** Mahalanobis distance (squared): 413 7 38.74778023241154
***** Mahalanobis distance (squared): 413 8 9.529876889613421
***** Mahalanobis distance (squared): 413 9 29.478883524755627
***** Mahalanobis distance (squared): 413 10 49.20193365623619
***** Mahalanobis distance (squared): 413 11 59.64552059456033
***** Mahalanobis distance (squared): 413 12 14.806448551679862
***** Mahalanobis distance (squared): 414 1 145.46319855101692
***** Mahalanobis distance (squared): 414 2 168.3955756653894
***** Mahalanobis distance (squared): 414 3 43.401538520107536
***** Mahalanobis distance (squared): 414 4 6.0745464274487615
***** Mahalanobis distance (squared): 414 5 33.83602264394532
***** Mahalanobis distance (squared): 414 6 32.77991425433896
***** Mahalanobis distance (squared): 414 7 121.52505268753033
***** Mahalanobis distance (squared): 414 8 7.995872302901299
***** Mahalanobis distance (squared): 414 9 0.167696440841591
***** Mahalanobis distance (squared): 414 10 138.1095368119389
***** Mahalanobis distance (squared): 414 11 137.65900957973886
***** Mahalanobis distance (squared): 414 12 9.543804241967509
***** Mahalanobis distance (squared): 415 1 141.056982009539
***** Mahalanobis distance (squared): 415 2 153.34624094373785
***** Mahalanobis distance (squared): 415 3 51.8907572601479
***** Mahalanobis distance (squared): 415 4 13.662800516032808
***** Mahalanobis distance (squared): 415 5 29.98657110992999
***** Mahalanobis distance (squared): 415 6 29.781116713994745
***** Mahalanobis distance (squared): 415 7 126.77736439783943
***** Mahalanobis distance (squared): 415 8 16.53343310251443
***** Mahalanobis distance (squared): 415 9 8.36092270949171
***** Mahalanobis distance (squared): 415 10 121.11315087854199
***** Mahalanobis distance (squared): 415 11 108.08554560847874
***** Mahalanobis distance (squared): 415 12 3.194200974722963
***** Mahalanobis distance (squared): 416 1 82.99085210041814
***** Mahalanobis distance (squared): 416 2 113.84460612422517
***** Mahalanobis distance (squared): 416 3 8.58382822538442
***** Mahalanobis distance (squared): 416 4 1.53722979935486
***** Mahalanobis distance (squared): 416 5 8.937469868482422
***** Mahalanobis distance (squared): 416 6 8.836669713566154
***** Mahalanobis distance (squared): 416 7 57.949830990556734
***** Mahalanobis distance (squared): 416 8 0.8374521527477259
***** Mahalanobis distance (squared): 416 9 16.3504483254353
***** Mahalanobis distance (squared): 416 10 88.93943190784962
***** Mahalanobis distance (squared): 416 11 104.80311394573782
***** Mahalanobis distance (squared): 416 12 12.209134449581665
***** Mahalanobis distance (squared): 417 1 59.17029906129513
***** Mahalanobis distance (squared): 417 2 78.19462259471555
***** Mahalanobis distance (squared): 417 3 9.613414601527678
***** Mahalanobis distance (squared): 417 4 6.9578053050712665
***** Mahalanobis distance (squared): 417 5 2.2772555089770967
***** Mahalanobis distance (squared): 417 6 1.4848891210412496
***** Mahalanobis distance (squared): 417 7 46.215716366258484
***** Mahalanobis distance (squared): 417 8 7.04267911001593
***** Mahalanobis distance (squared): 417 9 23.983172040677715
***** Mahalanobis distance (squared): 417 10 56.441739337458024
***** Mahalanobis distance (squared): 417 11 64.85787826577997
***** Mahalanobis distance (squared): 417 12 10.731175392059559
***** Mahalanobis distance (squared): 418 1 56.74704831441218
***** Mahalanobis distance (squared): 418 2 93.84314316557084
***** Mahalanobis distance (squared): 418 3 0.5144395872436381
***** Mahalanobis distance (squared): 418 4 14.575450021200886
***** Mahalanobis distance (squared): 418 5 8.374816405563534
***** Mahalanobis distance (squared): 418 6 8.958043940282364
***** Mahalanobis distance (squared): 418 7 30.260830216585155
***** Mahalanobis distance (squared): 418 8 11.985042043062391
***** Mahalanobis distance (squared): 418 9 43.842409925865404
***** Mahalanobis distance (squared): 418 10 72.62393862519096
***** Mahalanobis distance (squared): 418 11 100.48112487768925
***** Mahalanobis distance (squared): 418 12 30.84232676161997
***** Mahalanobis distance (squared): 419 1 14.217808081072226
***** Mahalanobis distance (squared): 419 2 1.0863451580979626
***** Mahalanobis distance (squared): 419 3 79.97212496883286
***** Mahalanobis distance (squared): 419 4 120.74666673617492
***** Mahalanobis distance (squared): 419 5 65.35619000270664
***** Mahalanobis distance (squared): 419 6 60.17407257164357
***** Mahalanobis distance (squared): 419 7 41.120473407104946
***** Mahalanobis distance (squared): 419 8 121.09852633110349
***** Mahalanobis distance (squared): 419 9 161.25467194565095
***** Mahalanobis distance (squared): 419 10 2.113047009034285
***** Mahalanobis distance (squared): 419 11 9.158553401054167
***** Mahalanobis distance (squared): 419 12 122.38662033379251
***** Mahalanobis distance (squared): 420 1 105.91055328243466
***** Mahalanobis distance (squared): 420 2 136.8275825649652
***** Mahalanobis distance (squared): 420 3 17.79575584063819
***** Mahalanobis distance (squared): 420 4 0.3870039181071641
***** Mahalanobis distance (squared): 420 5 17.037892404318733
***** Mahalanobis distance (squared): 420 6 16.67910401114804
***** Mahalanobis distance (squared): 420 7 78.6430191835539
***** Mahalanobis distance (squared): 420 8 0.3396315668920696
***** Mahalanobis distance (squared): 420 9 8.14863013442818
***** Mahalanobis distance (squared): 420 10 109.83316110696211
***** Mahalanobis distance (squared): 420 11 122.50813560169948
***** Mahalanobis distance (squared): 420 12 10.808447630153175
***** Mahalanobis distance (squared): 421 1 35.888636154434245
***** Mahalanobis distance (squared): 421 2 15.329764143771333
***** Mahalanobis distance (squared): 421 3 97.90436695727553
***** Mahalanobis distance (squared): 421 4 130.56175830552613
***** Mahalanobis distance (squared): 421 5 69.25876697790898
***** Mahalanobis distance (squared): 421 6 65.97993149963479
***** Mahalanobis distance (squared): 421 7 67.77658702378609
***** Mahalanobis distance (squared): 421 8 131.9908234701094
***** Mahalanobis distance (squared): 421 9 168.1951981983933
***** Mahalanobis distance (squared): 421 10 9.916346594731019
***** Mahalanobis distance (squared): 421 11 1.7486901988565566
***** Mahalanobis distance (squared): 421 12 115.12990911698418
***** Mahalanobis distance (squared): 422 1 6.305576150664482
***** Mahalanobis distance (squared): 422 2 26.298141318892803
***** Mahalanobis distance (squared): 422 3 18.90173500431592
***** Mahalanobis distance (squared): 422 4 61.61588184907301
***** Mahalanobis distance (squared): 422 5 23.831396174785034
***** Mahalanobis distance (squared): 422 6 22.114881013277532
***** Mahalanobis distance (squared): 422 7 2.193682414753089
***** Mahalanobis distance (squared): 422 8 58.8191053513441
***** Mahalanobis distance (squared): 422 9 107.02745345089666
***** Mahalanobis distance (squared): 422 10 18.560084675607712
***** Mahalanobis distance (squared): 422 11 47.71035521763439
***** Mahalanobis distance (squared): 422 12 77.40411918639089
***** Mahalanobis distance (squared): 423 1 8.147091068623443
***** Mahalanobis distance (squared): 423 2 0.8368392090388713
***** Mahalanobis distance (squared): 423 3 67.58988291721798
***** Mahalanobis distance (squared): 423 4 111.12831326064573
***** Mahalanobis distance (squared): 423 5 56.440792204436164
***** Mahalanobis distance (squared): 423 6 52.006961071365865
***** Mahalanobis distance (squared): 423 7 30.096097965068314
***** Mahalanobis distance (squared): 423 8 110.7697844576939
***** Mahalanobis distance (squared): 423 9 154.24160435005726
***** Mahalanobis distance (squared): 423 10 0.6228535630427694
***** Mahalanobis distance (squared): 423 11 12.09675393655178
***** Mahalanobis distance (squared): 423 12 114.9511277647156
***** Mahalanobis distance (squared): 424 1 2.8887927131949347
***** Mahalanobis distance (squared): 424 2 4.716338196426317
***** Mahalanobis distance (squared): 424 3 63.93155063165586
***** Mahalanobis distance (squared): 424 4 117.82446907973699
***** Mahalanobis distance (squared): 424 5 64.58862582771377
***** Mahalanobis distance (squared): 424 6 59.61971604768373
***** Mahalanobis distance (squared): 424 7 18.55471841514731
***** Mahalanobis distance (squared): 424 8 116.04433738710615
***** Mahalanobis distance (squared): 424 9 166.88537697188667
***** Mahalanobis distance (squared): 424 10 8.207354259443454
***** Mahalanobis distance (squared): 424 11 33.60054250731492
***** Mahalanobis distance (squared): 424 12 134.10504512064074
***** Mahalanobis distance (squared): 425 1 33.93600226356266
***** Mahalanobis distance (squared): 425 2 51.35728614214821
***** Mahalanobis distance (squared): 425 3 11.553233101764736
***** Mahalanobis distance (squared): 425 4 28.8391323526227
***** Mahalanobis distance (squared): 425 5 2.8142779723225546
***** Mahalanobis distance (squared): 425 6 3.241246133732976
***** Mahalanobis distance (squared): 425 7 26.560837849604706
***** Mahalanobis distance (squared): 425 8 27.76822821071878
***** Mahalanobis distance (squared): 425 9 60.327378701530485
***** Mahalanobis distance (squared): 425 10 31.9432593120963
***** Mahalanobis distance (squared): 425 11 43.141197015247236
***** Mahalanobis distance (squared): 425 12 28.295720432848803
***** Mahalanobis distance (squared): 426 1 119.770212820692
***** Mahalanobis distance (squared): 426 2 137.56069461362205
***** Mahalanobis distance (squared): 426 3 34.78800095279142
***** Mahalanobis distance (squared): 426 4 4.379030711322907
***** Mahalanobis distance (squared): 426 5 21.96577935248913
***** Mahalanobis distance (squared): 426 6 20.890444507987368
***** Mahalanobis distance (squared): 426 7 102.1136588451186
***** Mahalanobis distance (squared): 426 8 6.317001957210027
***** Mahalanobis distance (squared): 426 9 3.0305345771538508
***** Mahalanobis distance (squared): 426 10 109.27982939315935
***** Mahalanobis distance (squared): 426 11 106.73389784229192
***** Mahalanobis distance (squared): 426 12 4.253044979477073
***** Mahalanobis distance (squared): 427 1 109.93893559232015
***** Mahalanobis distance (squared): 427 2 131.0628894482758
***** Mahalanobis distance (squared): 427 3 29.358986453907946
***** Mahalanobis distance (squared): 427 4 9.78573048331992
***** Mahalanobis distance (squared): 427 5 13.03283456806469
***** Mahalanobis distance (squared): 427 6 14.752757318667488
***** Mahalanobis distance (squared): 427 7 91.11147983261384
***** Mahalanobis distance (squared): 427 8 10.642677168634137
***** Mahalanobis distance (squared): 427 9 18.793244317119953
***** Mahalanobis distance (squared): 427 10 98.83344637809425
***** Mahalanobis distance (squared): 427 11 95.8841235905121
***** Mahalanobis distance (squared): 427 12 1.0147733142587259
***** Mahalanobis distance (squared): 428 1 83.86879438149974
***** Mahalanobis distance (squared): 428 2 110.87119729079699
***** Mahalanobis distance (squared): 428 3 11.34624254917288
***** Mahalanobis distance (squared): 428 4 2.621987369936598
***** Mahalanobis distance (squared): 428 5 5.495133267445483
***** Mahalanobis distance (squared): 428 6 6.1876552988177345
***** Mahalanobis distance (squared): 428 7 61.97463131107341
***** Mahalanobis distance (squared): 428 8 2.3304714352436244
***** Mahalanobis distance (squared): 428 9 17.358540348914715
***** Mahalanobis distance (squared): 428 10 83.7493629881018
***** Mahalanobis distance (squared): 428 11 93.21927272962259
***** Mahalanobis distance (squared): 428 12 5.738593783804349
***** Mahalanobis distance (squared): 429 1 50.89582675390631
***** Mahalanobis distance (squared): 429 2 63.94392334468202
***** Mahalanobis distance (squared): 429 3 16.03958795860409
***** Mahalanobis distance (squared): 429 4 18.683865176345737
***** Mahalanobis distance (squared): 429 5 2.164619719021896
***** Mahalanobis distance (squared): 429 6 2.0811644915054552
***** Mahalanobis distance (squared): 429 7 44.567992963936426
***** Mahalanobis distance (squared): 429 8 18.929640466718222
***** Mahalanobis distance (squared): 429 9 40.10352950966298
***** Mahalanobis distance (squared): 429 10 42.06018285177681
***** Mahalanobis distance (squared): 429 11 44.99674847262397
***** Mahalanobis distance (squared): 429 12 14.39100071827163
***** Mahalanobis distance (squared): 430 1 46.924387786210985
***** Mahalanobis distance (squared): 430 2 78.2143882930232
***** Mahalanobis distance (squared): 430 3 1.4738086889474478
***** Mahalanobis distance (squared): 430 4 17.77449971961773
***** Mahalanobis distance (squared): 430 5 3.1618820445669216
***** Mahalanobis distance (squared): 430 6 4.195139314187098
***** Mahalanobis distance (squared): 430 7 26.288739169102328
***** Mahalanobis distance (squared): 430 8 15.531883135472974
***** Mahalanobis distance (squared): 430 9 49.131228416536885
***** Mahalanobis distance (squared): 430 10 56.67906789484441
***** Mahalanobis distance (squared): 430 11 78.75530520290135
***** Mahalanobis distance (squared): 430 12 26.9096913005644
***** Mahalanobis distance (squared): 431 1 9.312768029680273
***** Mahalanobis distance (squared): 431 2 0.1364772841949813
***** Mahalanobis distance (squared): 431 3 83.41204334073258
***** Mahalanobis distance (squared): 431 4 134.53789481177574
***** Mahalanobis distance (squared): 431 5 74.47489891279771
***** Mahalanobis distance (squared): 431 6 69.2377828346776
***** Mahalanobis distance (squared): 431 7 34.71969062358051
***** Mahalanobis distance (squared): 431 8 133.9005256516902
***** Mahalanobis distance (squared): 431 9 181.65059016501104
***** Mahalanobis distance (squared): 431 10 3.8764261878499338
***** Mahalanobis distance (squared): 431 11 18.702999280204285
***** Mahalanobis distance (squared): 431 12 141.599693340331
***** Mahalanobis distance (squared): 432 1 78.48461785262212
***** Mahalanobis distance (squared): 432 2 103.93634591476791
***** Mahalanobis distance (squared): 432 3 10.502609323276404
***** Mahalanobis distance (squared): 432 4 3.0592366811905394
***** Mahalanobis distance (squared): 432 5 4.285351314862021
***** Mahalanobis distance (squared): 432 6 4.720866894291089
***** Mahalanobis distance (squared): 432 7 58.345539672699715
***** Mahalanobis distance (squared): 432 8 2.8332635330606744
***** Mahalanobis distance (squared): 432 9 18.34457426396788
***** Mahalanobis distance (squared): 432 10 77.8090151614409
***** Mahalanobis distance (squared): 432 11 87.02637423963093
***** Mahalanobis distance (squared): 432 12 6.168057688736522
***** Mahalanobis distance (squared): 433 1 48.5971924416821
***** Mahalanobis distance (squared): 433 2 33.43788434966549
***** Mahalanobis distance (squared): 433 3 70.20580750243239
***** Mahalanobis distance (squared): 433 4 80.35854421045816
***** Mahalanobis distance (squared): 433 5 39.39735598623544
***** Mahalanobis distance (squared): 433 6 37.02307778171143
***** Mahalanobis distance (squared): 433 7 70.54176999537152
***** Mahalanobis distance (squared): 433 8 82.68644822713229
***** Mahalanobis distance (squared): 433 9 104.35492021143543
***** Mahalanobis distance (squared): 433 10 19.830725043431624
***** Mahalanobis distance (squared): 433 11 5.632826074433311
***** Mahalanobis distance (squared): 433 12 62.2320425954836
***** Mahalanobis distance (squared): 434 1 6.370898381214228
***** Mahalanobis distance (squared): 434 2 28.499842928097465
***** Mahalanobis distance (squared): 434 3 21.019963846603233
***** Mahalanobis distance (squared): 434 4 68.28183126876708
***** Mahalanobis distance (squared): 434 5 27.189633825067645
***** Mahalanobis distance (squared): 434 6 25.976574109455054
***** Mahalanobis distance (squared): 434 7 1.1622730265129846
***** Mahalanobis distance (squared): 434 8 64.9942811601052
***** Mahalanobis distance (squared): 434 9 117.22304837049715
***** Mahalanobis distance (squared): 434 10 20.681810995552166
***** Mahalanobis distance (squared): 434 11 52.17968131361475
***** Mahalanobis distance (squared): 434 12 84.30576292957579
***** Mahalanobis distance (squared): 435 1 13.275346319530758
***** Mahalanobis distance (squared): 435 2 15.688824780992435
***** Mahalanobis distance (squared): 435 3 42.72101921823522
***** Mahalanobis distance (squared): 435 4 79.44346594904809
***** Mahalanobis distance (squared): 435 5 29.078246691270948
***** Mahalanobis distance (squared): 435 6 27.897532059223895
***** Mahalanobis distance (squared): 435 7 24.26987336077436
***** Mahalanobis distance (squared): 435 8 78.53132532536577
***** Mahalanobis distance (squared): 435 9 121.87982368378827
***** Mahalanobis distance (squared): 435 10 5.635692761426517
***** Mahalanobis distance (squared): 435 11 14.67041181584556
***** Mahalanobis distance (squared): 435 12 75.68084434010652
***** Mahalanobis distance (squared): 436 1 2.019287893735759
***** Mahalanobis distance (squared): 436 2 15.680449067859412
***** Mahalanobis distance (squared): 436 3 30.711858756002567
***** Mahalanobis distance (squared): 436 4 77.86569739481334
***** Mahalanobis distance (squared): 436 5 31.8414108478832
***** Mahalanobis distance (squared): 436 6 29.780593520165347
***** Mahalanobis distance (squared): 436 7 4.816697388470951
***** Mahalanobis distance (squared): 436 8 75.3572793228069
***** Mahalanobis distance (squared): 436 9 125.85154113608634
***** Mahalanobis distance (squared): 436 10 10.113016697462054
***** Mahalanobis distance (squared): 436 11 36.003620597939324
***** Mahalanobis distance (squared): 436 12 90.14850957311603
***** Mahalanobis distance (squared): 437 1 53.387579689075714
***** Mahalanobis distance (squared): 437 2 78.84925135227175
***** Mahalanobis distance (squared): 437 3 5.988846515690026
***** Mahalanobis distance (squared): 437 4 14.68924092406027
***** Mahalanobis distance (squared): 437 5 0.6351973023914004
***** Mahalanobis distance (squared): 437 6 1.7884421669737858
***** Mahalanobis distance (squared): 437 7 36.57593432583081
***** Mahalanobis distance (squared): 437 8 13.424571800056489
***** Mahalanobis distance (squared): 437 9 41.33855051915323
***** Mahalanobis distance (squared): 437 10 55.21944585851749
***** Mahalanobis distance (squared): 437 11 68.64255157972097
***** Mahalanobis distance (squared): 437 12 16.784367176687446
***** Mahalanobis distance (squared): 438 1 135.45468002547915
***** Mahalanobis distance (squared): 438 2 160.77035602814772
***** Mahalanobis distance (squared): 438 3 35.5936504309772
***** Mahalanobis distance (squared): 438 4 3.30901860904124
***** Mahalanobis distance (squared): 438 5 27.330897565214297
***** Mahalanobis distance (squared): 438 6 26.860867177099802
***** Mahalanobis distance (squared): 438 7 110.28338425364919
***** Mahalanobis distance (squared): 438 8 4.683791691592453
***** Mahalanobis distance (squared): 438 9 1.3489865562879684
***** Mahalanobis distance (squared): 438 10 130.32866395547566
***** Mahalanobis distance (squared): 438 11 132.41846723093477
***** Mahalanobis distance (squared): 438 12 6.920298519016536
***** Mahalanobis distance (squared): 439 1 117.34377500558395
***** Mahalanobis distance (squared): 439 2 140.29008838744895
***** Mahalanobis distance (squared): 439 3 29.351955142557706
***** Mahalanobis distance (squared): 439 4 5.533528734195876
***** Mahalanobis distance (squared): 439 5 15.551570741849225
***** Mahalanobis distance (squared): 439 6 16.718981263026322
***** Mahalanobis distance (squared): 439 7 95.97988727007566
***** Mahalanobis distance (squared): 439 8 6.519333098933135
***** Mahalanobis distance (squared): 439 9 11.08657737178729
***** Mahalanobis distance (squared): 439 10 108.21786934862288
***** Mahalanobis distance (squared): 439 11 106.85588050623916
***** Mahalanobis distance (squared): 439 12 0.4335528424517802
***** Mahalanobis distance (squared): 440 1 117.96776753074094
***** Mahalanobis distance (squared): 440 2 140.08798868823064
***** Mahalanobis distance (squared): 440 3 29.46252611566931
***** Mahalanobis distance (squared): 440 4 2.4560877100412046
***** Mahalanobis distance (squared): 440 5 18.427167416238913
***** Mahalanobis distance (squared): 440 6 18.25051846353012
***** Mahalanobis distance (squared): 440 7 96.86950260712412
***** Mahalanobis distance (squared): 440 8 3.767642826593037
***** Mahalanobis distance (squared): 440 9 4.33271165338133
***** Mahalanobis distance (squared): 440 10 110.4186524018146
***** Mahalanobis distance (squared): 440 11 110.74514850713645
***** Mahalanobis distance (squared): 440 12 2.5247139567068198
***** Mahalanobis distance (squared): 441 1 39.80983632770208
***** Mahalanobis distance (squared): 441 2 62.64643790672893
***** Mahalanobis distance (squared): 441 3 4.866687261414155
***** Mahalanobis distance (squared): 441 4 18.663944260893846
***** Mahalanobis distance (squared): 441 5 0.677436619674434
***** Mahalanobis distance (squared): 441 6 0.992993793087581
***** Mahalanobis distance (squared): 441 7 26.64181503782822
***** Mahalanobis distance (squared): 441 8 17.3435955343154
***** Mahalanobis distance (squared): 441 9 47.66323603503816
***** Mahalanobis distance (squared): 441 10 42.42573066471371
***** Mahalanobis distance (squared): 441 11 57.63885896795664
***** Mahalanobis distance (squared): 441 12 23.096832278890275
***** Mahalanobis distance (squared): 442 1 33.88122672837044
***** Mahalanobis distance (squared): 442 2 64.76359676632383
***** Mahalanobis distance (squared): 442 3 1.0317132861289475
***** Mahalanobis distance (squared): 442 4 24.392441078296123
***** Mahalanobis distance (squared): 442 5 7.443251951639994
***** Mahalanobis distance (squared): 442 6 7.248032452767321
***** Mahalanobis distance (squared): 442 7 15.280770115755187
***** Mahalanobis distance (squared): 442 8 21.79409727058787
***** Mahalanobis distance (squared): 442 9 58.87129942252293
***** Mahalanobis distance (squared): 442 10 48.016262135758524
***** Mahalanobis distance (squared): 442 11 75.76387434699292
***** Mahalanobis distance (squared): 442 12 40.04922918348458
***** Mahalanobis distance (squared): 443 1 6.625902539376326
***** Mahalanobis distance (squared): 443 2 4.503363723637379
***** Mahalanobis distance (squared): 443 3 51.718995256626194
***** Mahalanobis distance (squared): 443 4 92.0816527984117
***** Mahalanobis distance (squared): 443 5 40.94639282855469
***** Mahalanobis distance (squared): 443 6 37.71836769693345
***** Mahalanobis distance (squared): 443 7 22.895211131201844
***** Mahalanobis distance (squared): 443 8 91.42049208181288
***** Mahalanobis distance (squared): 443 9 134.4965765792933
***** Mahalanobis distance (squared): 443 10 0.42543217691447704
***** Mahalanobis distance (squared): 443 11 12.221697320789966
***** Mahalanobis distance (squared): 443 12 94.44785331282503
***** Mahalanobis distance (squared): 444 1 69.38968712371522
***** Mahalanobis distance (squared): 444 2 99.21755832197329
***** Mahalanobis distance (squared): 444 3 4.763373773405774
***** Mahalanobis distance (squared): 444 4 3.9930284268081904
***** Mahalanobis distance (squared): 444 5 4.9256420396723355
***** Mahalanobis distance (squared): 444 6 4.973533958789383
***** Mahalanobis distance (squared): 444 7 46.62210375936554
***** Mahalanobis distance (squared): 444 8 2.984468182811904
***** Mahalanobis distance (squared): 444 9 23.083856787045907
***** Mahalanobis distance (squared): 444 10 75.62554241653875
***** Mahalanobis distance (squared): 444 11 92.52190103236414
***** Mahalanobis distance (squared): 444 12 13.947548381116226
***** Mahalanobis distance (squared): 445 1 45.76592151794072
***** Mahalanobis distance (squared): 445 2 24.554793517499043
***** Mahalanobis distance (squared): 445 3 95.297517571946
***** Mahalanobis distance (squared): 445 4 118.81096941667698
***** Mahalanobis distance (squared): 445 5 62.76700397456426
***** Mahalanobis distance (squared): 445 6 60.00208864194304
***** Mahalanobis distance (squared): 445 7 76.25800250906522
***** Mahalanobis distance (squared): 445 8 120.84734531966784
***** Mahalanobis distance (squared): 445 9 151.12450962881005
***** Mahalanobis distance (squared): 445 10 15.54799768353367
***** Mahalanobis distance (squared): 445 11 1.880384559829332
***** Mahalanobis distance (squared): 445 12 98.97878578649527
***** Mahalanobis distance (squared): 446 1 4.291276888555673
***** Mahalanobis distance (squared): 446 2 25.650845426346837
***** Mahalanobis distance (squared): 446 3 42.794855505294
***** Mahalanobis distance (squared): 446 4 104.78375835287967
***** Mahalanobis distance (squared): 446 5 55.24394844769869
***** Mahalanobis distance (squared): 446 6 52.66081523244167
***** Mahalanobis distance (squared): 446 7 3.101829629862048
***** Mahalanobis distance (squared): 446 8 100.69870732429861
***** Mahalanobis distance (squared): 446 9 161.66990207680132
***** Mahalanobis distance (squared): 446 10 24.97011904705531
***** Mahalanobis distance (squared): 446 11 65.11427506249096
***** Mahalanobis distance (squared): 446 12 128.8087754252462
***** Mahalanobis distance (squared): 447 1 7.296965658390355
***** Mahalanobis distance (squared): 447 2 4.243234758776245
***** Mahalanobis distance (squared): 447 3 55.82215165906225
***** Mahalanobis distance (squared): 447 4 97.88513431416484
***** Mahalanobis distance (squared): 447 5 44.11752941891924
***** Mahalanobis distance (squared): 447 6 41.02558780873954
***** Mahalanobis distance (squared): 447 7 24.78125366063067
***** Mahalanobis distance (squared): 447 8 97.19336292855704
***** Mahalanobis distance (squared): 447 9 141.5844265181723
***** Mahalanobis distance (squared): 447 10 0.3118797653327243
***** Mahalanobis distance (squared): 447 11 11.517897920378617
***** Mahalanobis distance (squared): 447 12 99.00218623439376
***** Mahalanobis distance (squared): 448 1 0.21910118424298802
***** Mahalanobis distance (squared): 448 2 8.580163517001498
***** Mahalanobis distance (squared): 448 3 46.96383583896953
***** Mahalanobis distance (squared): 448 4 99.40495397043439
***** Mahalanobis distance (squared): 448 5 49.055905819283346
***** Mahalanobis distance (squared): 448 6 45.448769036238915
***** Mahalanobis distance (squared): 448 7 9.292584099637308
***** Mahalanobis distance (squared): 448 8 97.0908550703524
***** Mahalanobis distance (squared): 448 9 149.05511141068578
***** Mahalanobis distance (squared): 448 10 8.244139390935109
***** Mahalanobis distance (squared): 448 11 35.4439176702728
***** Mahalanobis distance (squared): 448 12 114.97553438976867
***** Mahalanobis distance (squared): 449 1 41.81008160332921
***** Mahalanobis distance (squared): 449 2 60.46742591102852
***** Mahalanobis distance (squared): 449 3 8.756645956072923
***** Mahalanobis distance (squared): 449 4 19.23032340318127
***** Mahalanobis distance (squared): 449 5 0.5358255094327466
***** Mahalanobis distance (squared): 449 6 0.7359189384854589
***** Mahalanobis distance (squared): 449 7 31.860927872537097
***** Mahalanobis distance (squared): 449 8 18.486547156121272
***** Mahalanobis distance (squared): 449 9 45.995006629230346
***** Mahalanobis distance (squared): 449 10 39.780810786739174
***** Mahalanobis distance (squared): 449 11 50.15098075978878
***** Mahalanobis distance (squared): 449 12 19.889642774233785
***** Mahalanobis distance (squared): 450 1 164.8655445275931
***** Mahalanobis distance (squared): 450 2 187.6806678893633
***** Mahalanobis distance (squared): 450 3 54.070532064716836
***** Mahalanobis distance (squared): 450 4 10.317000939465302
***** Mahalanobis distance (squared): 450 5 42.94323396941827
***** Mahalanobis distance (squared): 450 6 41.96643497180739
***** Mahalanobis distance (squared): 450 7 139.6627451083212
***** Mahalanobis distance (squared): 450 8 12.646867697354292
***** Mahalanobis distance (squared): 450 9 0.32696118199222085
***** Mahalanobis distance (squared): 450 10 155.53207438271582
***** Mahalanobis distance (squared): 450 11 152.30414004247805
***** Mahalanobis distance (squared): 450 12 12.348230130890421
***** Mahalanobis distance (squared): 451 1 114.23793673040852
***** Mahalanobis distance (squared): 451 2 132.4025213423023
***** Mahalanobis distance (squared): 451 3 33.99997548839486
***** Mahalanobis distance (squared): 451 4 10.989809146583127
***** Mahalanobis distance (squared): 451 5 15.371108851901747
***** Mahalanobis distance (squared): 451 6 16.761793100504544
***** Mahalanobis distance (squared): 451 7 97.49099937562407
***** Mahalanobis distance (squared): 451 8 12.332774851353491
***** Mahalanobis distance (squared): 451 9 17.412702529061416
***** Mahalanobis distance (squared): 451 10 100.15150990847134
***** Mahalanobis distance (squared): 451 11 94.0359673226457
***** Mahalanobis distance (squared): 451 12 0.5642215018099352
***** Mahalanobis distance (squared): 452 1 91.95014792587284
***** Mahalanobis distance (squared): 452 2 124.75741542736291
***** Mahalanobis distance (squared): 452 3 10.99554675087077
***** Mahalanobis distance (squared): 452 4 1.2431184458146531
***** Mahalanobis distance (squared): 452 5 12.645773384820497
***** Mahalanobis distance (squared): 452 6 12.528097054803512
***** Mahalanobis distance (squared): 452 7 64.50921052620933
***** Mahalanobis distance (squared): 452 8 0.5428426694844338
***** Mahalanobis distance (squared): 452 9 14.245023158237926
***** Mahalanobis distance (squared): 452 10 99.12795413750409
***** Mahalanobis distance (squared): 452 11 115.82424171037523
***** Mahalanobis distance (squared): 452 12 13.384548312751956
***** Mahalanobis distance (squared): 453 1 58.01109995666292
***** Mahalanobis distance (squared): 453 2 77.11485438302832
***** Mahalanobis distance (squared): 453 3 11.769308874985843
***** Mahalanobis distance (squared): 453 4 13.730693534988822
***** Mahalanobis distance (squared): 453 5 0.8706249824001671
***** Mahalanobis distance (squared): 453 6 1.551895796042796
***** Mahalanobis distance (squared): 453 7 45.77645194462011
***** Mahalanobis distance (squared): 453 8 13.460342217238187
***** Mahalanobis distance (squared): 453 9 35.529606698866004
***** Mahalanobis distance (squared): 453 10 53.04486930474214
***** Mahalanobis distance (squared): 453 11 59.26834258092911
***** Mahalanobis distance (squared): 453 12 11.246172641412215
***** Mahalanobis distance (squared): 454 1 80.92372214978381
***** Mahalanobis distance (squared): 454 2 124.28261945968339
***** Mahalanobis distance (squared): 454 3 12.474241731484208
***** Mahalanobis distance (squared): 454 4 29.441614845682096
***** Mahalanobis distance (squared): 454 5 15.63413273272772
***** Mahalanobis distance (squared): 454 6 19.775300271090444
***** Mahalanobis distance (squared): 454 7 48.74645968698065
***** Mahalanobis distance (squared): 454 8 25.979369709336364
***** Mahalanobis distance (squared): 454 9 64.77712128881387
***** Mahalanobis distance (squared): 454 10 95.13673887639378
***** Mahalanobis distance (squared): 454 11 120.20828948102977
***** Mahalanobis distance (squared): 454 12 34.94165191906567
***** Mahalanobis distance (squared): 455 1 17.33205655705463
***** Mahalanobis distance (squared): 455 2 1.8554308094463992
***** Mahalanobis distance (squared): 455 3 98.74714936722394
***** Mahalanobis distance (squared): 455 4 146.47088088937983
***** Mahalanobis distance (squared): 455 5 87.62789335707637
***** Mahalanobis distance (squared): 455 6 81.04205377426787
***** Mahalanobis distance (squared): 455 7 48.08114409064791
***** Mahalanobis distance (squared): 455 8 146.64990922418454
***** Mahalanobis distance (squared): 455 9 189.84890719016764
***** Mahalanobis distance (squared): 455 10 8.117877485877878
***** Mahalanobis distance (squared): 455 11 19.467693901512348
***** Mahalanobis distance (squared): 455 12 153.6744702812207
***** Mahalanobis distance (squared): 456 1 120.83629829867712
***** Mahalanobis distance (squared): 456 2 150.58563408287372
***** Mahalanobis distance (squared): 456 3 24.585549644692886
***** Mahalanobis distance (squared): 456 4 1.2231801904270911
***** Mahalanobis distance (squared): 456 5 18.88125425996915
***** Mahalanobis distance (squared): 456 6 19.429086643812912
***** Mahalanobis distance (squared): 456 7 93.28286151304108
***** Mahalanobis distance (squared): 456 8 1.6127594674001566
***** Mahalanobis distance (squared): 456 9 6.220407561048671
***** Mahalanobis distance (squared): 456 10 119.90782433816324
***** Mahalanobis distance (squared): 456 11 126.74662479288497
***** Mahalanobis distance (squared): 456 12 5.375499832258194
***** Mahalanobis distance (squared): 457 1 44.70702203221144
***** Mahalanobis distance (squared): 457 2 16.736593153798182
***** Mahalanobis distance (squared): 457 3 110.24036348105332
***** Mahalanobis distance (squared): 457 4 134.33436978589253
***** Mahalanobis distance (squared): 457 5 79.93994807860373
***** Mahalanobis distance (squared): 457 6 74.49443712731028
***** Mahalanobis distance (squared): 457 7 81.98421365392905
***** Mahalanobis distance (squared): 457 8 137.03236655250564
***** Mahalanobis distance (squared): 457 9 163.910101387576
***** Mahalanobis distance (squared): 457 10 14.485868964962908
***** Mahalanobis distance (squared): 457 11 2.0737933009762552
***** Mahalanobis distance (squared): 457 12 121.15439589519806
***** Mahalanobis distance (squared): 458 1 12.944316612290836
***** Mahalanobis distance (squared): 458 2 39.062209680294046
***** Mahalanobis distance (squared): 458 3 12.964440345580746
***** Mahalanobis distance (squared): 458 4 53.03913483194236
***** Mahalanobis distance (squared): 458 5 23.052792052486886
***** Mahalanobis distance (squared): 458 6 21.286892505878328
***** Mahalanobis distance (squared): 458 7 2.547773917852609
***** Mahalanobis distance (squared): 458 8 49.87545945273391
***** Mahalanobis distance (squared): 458 9 96.57746685222955
***** Mahalanobis distance (squared): 458 10 30.569580568430013
***** Mahalanobis distance (squared): 458 11 64.55043363428969
***** Mahalanobis distance (squared): 458 12 74.28505820019285
***** Mahalanobis distance (squared): 459 1 6.656599060168138
***** Mahalanobis distance (squared): 459 2 3.189290165183655
***** Mahalanobis distance (squared): 459 3 55.338101453697405
***** Mahalanobis distance (squared): 459 4 96.35061964978328
***** Mahalanobis distance (squared): 459 5 44.60049915886395
***** Mahalanobis distance (squared): 459 6 41.00582950980984
***** Mahalanobis distance (squared): 459 7 24.36822762284656
***** Mahalanobis distance (squared): 459 8 95.78093546871693
***** Mahalanobis distance (squared): 459 9 138.76879792232748
***** Mahalanobis distance (squared): 459 10 0.19688182930396322
***** Mahalanobis distance (squared): 459 11 11.991243665030076
***** Mahalanobis distance (squared): 459 12 99.32611527877768
***** Mahalanobis distance (squared): 460 1 0.3372048253278254
***** Mahalanobis distance (squared): 460 2 10.180635531693783
***** Mahalanobis distance (squared): 460 3 50.07099644169238
***** Mahalanobis distance (squared): 460 4 106.30804787767892
***** Mahalanobis distance (squared): 460 5 54.23678526174604
***** Mahalanobis distance (squared): 460 6 50.621739792165926
***** Mahalanobis distance (squared): 460 7 8.830731228104726
***** Mahalanobis distance (squared): 460 8 103.62790497467908
***** Mahalanobis distance (squared): 460 9 158.39444622652442
***** Mahalanobis distance (squared): 460 10 10.809349229480986
***** Mahalanobis distance (squared): 460 11 40.858775189569215
***** Mahalanobis distance (squared): 460 12 123.83780838000226
***** Mahalanobis distance (squared): 461 1 57.38460501285682
***** Mahalanobis distance (squared): 461 2 81.85246756422805
***** Mahalanobis distance (squared): 461 3 5.948191435884458
***** Mahalanobis distance (squared): 461 4 9.815130236960897
***** Mahalanobis distance (squared): 461 5 0.4814856736877686
***** Mahalanobis distance (squared): 461 6 1.0809656982826308
***** Mahalanobis distance (squared): 461 7 40.54645036642525
***** Mahalanobis distance (squared): 461 8 8.961555506696095
***** Mahalanobis distance (squared): 461 9 32.67036601048568
***** Mahalanobis distance (squared): 461 10 58.31393657221349
***** Mahalanobis distance (squared): 461 11 70.48164402994733
***** Mahalanobis distance (squared): 461 12 12.918882215317605
***** Mahalanobis distance (squared): 462 1 171.91842736919375
***** Mahalanobis distance (squared): 462 2 191.54151594104263
***** Mahalanobis distance (squared): 462 3 61.18496402451351
***** Mahalanobis distance (squared): 462 4 13.67423744671706
***** Mahalanobis distance (squared): 462 5 47.18717000253154
***** Mahalanobis distance (squared): 462 6 45.978633980607675
***** Mahalanobis distance (squared): 462 7 148.93351771318592
***** Mahalanobis distance (squared): 462 8 16.526453775861867
***** Mahalanobis distance (squared): 462 9 1.012127457337654
***** Mahalanobis distance (squared): 462 10 159.06192781504043
***** Mahalanobis distance (squared): 462 11 152.06249856182436
***** Mahalanobis distance (squared): 462 12 13.325934582601006
***** Mahalanobis distance (squared): 463 1 175.2244063669305
***** Mahalanobis distance (squared): 463 2 180.2647516925667
***** Mahalanobis distance (squared): 463 3 82.22129561193744
***** Mahalanobis distance (squared): 463 4 34.55043387465009
***** Mahalanobis distance (squared): 463 5 49.30885974211697
***** Mahalanobis distance (squared): 463 6 49.98914790557915
***** Mahalanobis distance (squared): 463 7 165.61001452572035
***** Mahalanobis distance (squared): 463 8 38.60686027460173
***** Mahalanobis distance (squared): 463 9 24.285562926484204
***** Mahalanobis distance (squared): 463 10 143.67034417847253
***** Mahalanobis distance (squared): 463 11 117.87121318372647
***** Mahalanobis distance (squared): 463 12 11.821096426166818
***** Mahalanobis distance (squared): 464 1 118.4981926546806
***** Mahalanobis distance (squared): 464 2 152.500680821258
***** Mahalanobis distance (squared): 464 3 21.299240577591814
***** Mahalanobis distance (squared): 464 4 1.2763848054647513
***** Mahalanobis distance (squared): 464 5 21.31999026527525
***** Mahalanobis distance (squared): 464 6 21.452163022260894
***** Mahalanobis distance (squared): 464 7 87.72715245334416
***** Mahalanobis distance (squared): 464 8 1.1035178059424753
***** Mahalanobis distance (squared): 464 9 7.878936340989935
***** Mahalanobis distance (squared): 464 10 123.55912550695108
***** Mahalanobis distance (squared): 464 11 136.76744854205455
***** Mahalanobis distance (squared): 464 12 11.800813141015619
***** Mahalanobis distance (squared): 465 1 63.5869629969002
***** Mahalanobis distance (squared): 465 2 81.5501383462796
***** Mahalanobis distance (squared): 465 3 13.346440008789026
***** Mahalanobis distance (squared): 465 4 10.620901789084595
***** Mahalanobis distance (squared): 465 5 1.6338343560864688
***** Mahalanobis distance (squared): 465 6 1.956453847469977
***** Mahalanobis distance (squared): 465 7 51.46960632271436
***** Mahalanobis distance (squared): 465 8 10.757359291033204
***** Mahalanobis distance (squared): 465 9 28.95793372378342
***** Mahalanobis distance (squared): 465 10 57.14810156251023
***** Mahalanobis distance (squared): 465 11 61.50214195988824
***** Mahalanobis distance (squared): 465 12 8.103366557954534
***** Mahalanobis distance (squared): 466 1 54.60212240716443
***** Mahalanobis distance (squared): 466 2 88.07684330674532
***** Mahalanobis distance (squared): 466 3 0.5511678654895816
***** Mahalanobis distance (squared): 466 4 12.13911989670587
***** Mahalanobis distance (squared): 466 5 4.9792506000426195
***** Mahalanobis distance (squared): 466 6 5.467575932281021
***** Mahalanobis distance (squared): 466 7 30.990815960991856
***** Mahalanobis distance (squared): 466 8 10.022688095653523
***** Mahalanobis distance (squared): 466 9 39.7406133853362
***** Mahalanobis distance (squared): 466 10 66.54777821085219
***** Mahalanobis distance (squared): 466 11 90.34961576869635
***** Mahalanobis distance (squared): 466 12 25.171981235454734
***** Mahalanobis distance (squared): 467 1 11.028513743762106
***** Mahalanobis distance (squared): 467 2 0.4910050385758155
***** Mahalanobis distance (squared): 467 3 86.00436742855827
***** Mahalanobis distance (squared): 467 4 137.13580302052924
***** Mahalanobis distance (squared): 467 5 74.03315896467974
***** Mahalanobis distance (squared): 467 6 69.38846669915053
***** Mahalanobis distance (squared): 467 7 37.6353563157374
***** Mahalanobis distance (squared): 467 8 136.59266459300886
***** Mahalanobis distance (squared): 467 9 184.9858448435685
***** Mahalanobis distance (squared): 467 10 2.858471650791053
***** Mahalanobis distance (squared): 467 11 14.800689985578833
***** Mahalanobis distance (squared): 467 12 140.13056759585083
***** Mahalanobis distance (squared): 468 1 75.08689969832112
***** Mahalanobis distance (squared): 468 2 99.61928866923057
***** Mahalanobis distance (squared): 468 3 10.171054438303594
***** Mahalanobis distance (squared): 468 4 3.9810320540566617
***** Mahalanobis distance (squared): 468 5 3.3589359846992113
***** Mahalanobis distance (squared): 468 6 3.7961448611699553
***** Mahalanobis distance (squared): 468 7 56.07377639018449
***** Mahalanobis distance (squared): 468 8 3.7567988286016347
***** Mahalanobis distance (squared): 468 9 20.098244094237277
***** Mahalanobis distance (squared): 468 10 73.84250918899517
***** Mahalanobis distance (squared): 468 11 82.67747430523069
***** Mahalanobis distance (squared): 468 12 6.425059393317337
***** Mahalanobis distance (squared): 469 1 61.264920258560444
***** Mahalanobis distance (squared): 469 2 35.218459599862065
***** Mahalanobis distance (squared): 469 3 119.37108358237847
***** Mahalanobis distance (squared): 469 4 144.61316295747807
***** Mahalanobis distance (squared): 469 5 81.32939276837527
***** Mahalanobis distance (squared): 469 6 79.05211333523474
***** Mahalanobis distance (squared): 469 7 96.58613749724154
***** Mahalanobis distance (squared): 469 8 146.94313335248447
***** Mahalanobis distance (squared): 469 9 178.7138821000178
***** Mahalanobis distance (squared): 469 10 25.643263358205598
***** Mahalanobis distance (squared): 469 11 6.800710206309139
***** Mahalanobis distance (squared): 469 12 118.28420670033844
***** Mahalanobis distance (squared): 470 1 3.5814218279223535
***** Mahalanobis distance (squared): 470 2 24.236101215419545
***** Mahalanobis distance (squared): 470 3 29.11222694694753
***** Mahalanobis distance (squared): 470 4 81.8616670237619
***** Mahalanobis distance (squared): 470 5 36.92230520779532
***** Mahalanobis distance (squared): 470 6 35.078338212554165
***** Mahalanobis distance (squared): 470 7 0.9966459601250673
***** Mahalanobis distance (squared): 470 8 78.38533797461842
***** Mahalanobis distance (squared): 470 9 133.63738261045896
***** Mahalanobis distance (squared): 470 10 19.400731061063045
***** Mahalanobis distance (squared): 470 11 53.34383881098666
***** Mahalanobis distance (squared): 470 12 100.3516448744038
***** Mahalanobis distance (squared): 471 1 17.420231757789555
***** Mahalanobis distance (squared): 471 2 5.192226077876088
***** Mahalanobis distance (squared): 471 3 70.98877662698729
***** Mahalanobis distance (squared): 471 4 105.62007972711456
***** Mahalanobis distance (squared): 471 5 52.11248931453443
***** Mahalanobis distance (squared): 471 6 48.209791086232016
***** Mahalanobis distance (squared): 471 7 42.01204317204882
***** Mahalanobis distance (squared): 471 8 106.22510400059188
***** Mahalanobis distance (squared): 471 9 143.6557137080942
***** Mahalanobis distance (squared): 471 10 1.5335895100491428
***** Mahalanobis distance (squared): 471 11 3.5798018535938296
***** Mahalanobis distance (squared): 471 12 101.0863117983622
***** Mahalanobis distance (squared): 472 1 1.7975931472804179
***** Mahalanobis distance (squared): 472 2 15.15008606573771
***** Mahalanobis distance (squared): 472 3 31.220895031558435
***** Mahalanobis distance (squared): 472 4 78.40124510043515
***** Mahalanobis distance (squared): 472 5 32.452286134931775
***** Mahalanobis distance (squared): 472 6 30.269057512214612
***** Mahalanobis distance (squared): 472 7 4.904849518291511
***** Mahalanobis distance (squared): 472 8 75.92304041315201
***** Mahalanobis distance (squared): 472 9 126.2620648749707
***** Mahalanobis distance (squared): 472 10 9.891174485804864
***** Mahalanobis distance (squared): 472 11 35.83911339246271
***** Mahalanobis distance (squared): 472 12 90.98783514181625
***** Mahalanobis distance (squared): 473 1 70.94499209689309
***** Mahalanobis distance (squared): 473 2 87.98417747012347
***** Mahalanobis distance (squared): 473 3 16.920688283392025
***** Mahalanobis distance (squared): 473 4 10.66952128026897
***** Mahalanobis distance (squared): 473 5 3.158037920259335
***** Mahalanobis distance (squared): 473 6 3.661675710724356
***** Mahalanobis distance (squared): 473 7 58.920746355345514
***** Mahalanobis distance (squared): 473 8 11.099443416637124
***** Mahalanobis distance (squared): 473 9 26.945405479982835
***** Mahalanobis distance (squared): 473 10 62.25774874651958
***** Mahalanobis distance (squared): 473 11 63.911929952011924
***** Mahalanobis distance (squared): 473 12 5.920555462274338
***** Mahalanobis distance (squared): 474 1 150.1815707267889
***** Mahalanobis distance (squared): 474 2 168.03305280112392
***** Mahalanobis distance (squared): 474 3 52.528655072913494
***** Mahalanobis distance (squared): 474 4 11.037885856919573
***** Mahalanobis distance (squared): 474 5 41.634496969280555
***** Mahalanobis distance (squared): 474 6 39.26199477364845
***** Mahalanobis distance (squared): 474 7 130.27896942150448
***** Mahalanobis distance (squared): 474 8 13.715612455175302
***** Mahalanobis distance (squared): 474 9 0.9204833596417169
***** Mahalanobis distance (squared): 474 10 139.95698078194758
***** Mahalanobis distance (squared): 474 11 136.7860421080207
***** Mahalanobis distance (squared): 474 12 15.499722572956347
***** Mahalanobis distance (squared): 475 1 126.6717162083973
***** Mahalanobis distance (squared): 475 2 138.41349240397633
***** Mahalanobis distance (squared): 475 3 47.748064131364615
***** Mahalanobis distance (squared): 475 4 18.273496259892525
***** Mahalanobis distance (squared): 475 5 23.074122860963023
***** Mahalanobis distance (squared): 475 6 24.154251604520955
***** Mahalanobis distance (squared): 475 7 114.60041703492581
***** Mahalanobis distance (squared): 475 8 20.59272397805915
***** Mahalanobis distance (squared): 475 9 20.219695750018403
***** Mahalanobis distance (squared): 475 10 105.41040080356419
***** Mahalanobis distance (squared): 475 11 91.69836984069481
***** Mahalanobis distance (squared): 475 12 2.4810650151276024
***** Mahalanobis distance (squared): 476 1 113.52276985236024
***** Mahalanobis distance (squared): 476 2 141.28532551230657
***** Mahalanobis distance (squared): 476 3 22.725630621949612
***** Mahalanobis distance (squared): 476 4 0.5240629325474112
***** Mahalanobis distance (squared): 476 5 16.91955651472122
***** Mahalanobis distance (squared): 476 6 16.988297388291116
***** Mahalanobis distance (squared): 476 7 88.13494299673629
***** Mahalanobis distance (squared): 476 8 1.033710254754064
***** Mahalanobis distance (squared): 476 9 5.731890428853516
***** Mahalanobis distance (squared): 476 10 112.11415707479995
***** Mahalanobis distance (squared): 476 11 118.85561672120463
***** Mahalanobis distance (squared): 476 12 5.308341776183497
***** Mahalanobis distance (squared): 477 1 37.73545850649583
***** Mahalanobis distance (squared): 477 2 54.699621853056826
***** Mahalanobis distance (squared): 477 3 8.69040347975883
***** Mahalanobis distance (squared): 477 4 19.309507765604707
***** Mahalanobis distance (squared): 477 5 1.0282147427136286
***** Mahalanobis distance (squared): 477 6 0.5568284510102651
***** Mahalanobis distance (squared): 477 7 29.48595098858027
***** Mahalanobis distance (squared): 477 8 18.73146520461688
***** Mahalanobis distance (squared): 477 9 45.38837961882953
***** Mahalanobis distance (squared): 477 10 35.705378778501355
***** Mahalanobis distance (squared): 477 11 46.39005644416131
***** Mahalanobis distance (squared): 477 12 21.63518214640474
***** Mahalanobis distance (squared): 478 1 53.83792249033072
***** Mahalanobis distance (squared): 478 2 79.03431908447959
***** Mahalanobis distance (squared): 478 3 3.6964255495549976
***** Mahalanobis distance (squared): 478 4 7.970502012850366
***** Mahalanobis distance (squared): 478 5 1.832994678826412
***** Mahalanobis distance (squared): 478 6 1.4933925462160949
***** Mahalanobis distance (squared): 478 7 36.52311225766226
***** Mahalanobis distance (squared): 478 8 7.066120371502657
***** Mahalanobis distance (squared): 478 9 29.950146150431273
***** Mahalanobis distance (squared): 478 10 57.82281751487064
***** Mahalanobis distance (squared): 478 11 73.3908155704465
***** Mahalanobis distance (squared): 478 12 16.272914307324765
***** Mahalanobis distance (squared): 479 1 11.055310189398211
***** Mahalanobis distance (squared): 479 2 0.33597133382625877
***** Mahalanobis distance (squared): 479 3 81.20815931625296
***** Mahalanobis distance (squared): 479 4 128.52328879907856
***** Mahalanobis distance (squared): 479 5 68.51933019459031
***** Mahalanobis distance (squared): 479 6 63.820129870749994
***** Mahalanobis distance (squared): 479 7 37.02894557983683
***** Mahalanobis distance (squared): 479 8 128.23665946915858
***** Mahalanobis distance (squared): 479 9 173.82822163214442
***** Mahalanobis distance (squared): 479 10 1.8434038957387615
***** Mahalanobis distance (squared): 479 11 12.309556156247192
***** Mahalanobis distance (squared): 479 12 131.04496348286526
***** Mahalanobis distance (squared): 480 1 100.00326486673593
***** Mahalanobis distance (squared): 480 2 124.12726725092558
***** Mahalanobis distance (squared): 480 3 19.762340550156804
***** Mahalanobis distance (squared): 480 4 0.43710828807951824
***** Mahalanobis distance (squared): 480 5 13.195912036896361
***** Mahalanobis distance (squared): 480 6 12.621317944155603
***** Mahalanobis distance (squared): 480 7 78.71128644890953
***** Mahalanobis distance (squared): 480 8 1.1102534963324076
***** Mahalanobis distance (squared): 480 9 6.800169085498999
***** Mahalanobis distance (squared): 480 10 97.35214535074617
***** Mahalanobis distance (squared): 480 11 103.56185299795989
***** Mahalanobis distance (squared): 480 12 5.3757525800179815
***** Mahalanobis distance (squared): 481 1 28.286745939796432
***** Mahalanobis distance (squared): 481 2 14.288780589621018
***** Mahalanobis distance (squared): 481 3 68.14145368038429
***** Mahalanobis distance (squared): 481 4 91.48572748369494
***** Mahalanobis distance (squared): 481 5 44.022952641276525
***** Mahalanobis distance (squared): 481 6 40.61709260834709
***** Mahalanobis distance (squared): 481 7 52.07553220961912
***** Mahalanobis distance (squared): 481 8 92.9300678637903
***** Mahalanobis distance (squared): 481 9 122.80456223061351
***** Mahalanobis distance (squared): 481 10 6.551985854940571
***** Mahalanobis distance (squared): 481 11 1.2868844721621548
***** Mahalanobis distance (squared): 481 12 81.29074160269859
***** Mahalanobis distance (squared): 482 1 6.4375263624815515
***** Mahalanobis distance (squared): 482 2 31.65739650451442
***** Mahalanobis distance (squared): 482 3 35.15935562744213
***** Mahalanobis distance (squared): 482 4 95.96799880024486
***** Mahalanobis distance (squared): 482 5 46.98390773512509
***** Mahalanobis distance (squared): 482 6 45.666984864424265
***** Mahalanobis distance (squared): 482 7 1.2262584298581354
***** Mahalanobis distance (squared): 482 8 91.56886407616304
***** Mahalanobis distance (squared): 482 9 153.54745426821793
***** Mahalanobis distance (squared): 482 10 27.5289432521599
***** Mahalanobis distance (squared): 482 11 67.35580445813788
***** Mahalanobis distance (squared): 482 12 117.32815968247685
***** Mahalanobis distance (squared): 483 1 4.970425817029672
***** Mahalanobis distance (squared): 483 2 15.61526598456455
***** Mahalanobis distance (squared): 483 3 32.03842838202317
***** Mahalanobis distance (squared): 483 4 75.66806255878821
***** Mahalanobis distance (squared): 483 5 27.749195837012287
***** Mahalanobis distance (squared): 483 6 26.356079651388562
***** Mahalanobis distance (squared): 483 7 9.757315044540594
***** Mahalanobis distance (squared): 483 8 73.61560888676236
***** Mahalanobis distance (squared): 483 9 122.21185546075515
***** Mahalanobis distance (squared): 483 10 7.624348507174192
***** Mahalanobis distance (squared): 483 11 27.537529073650326
***** Mahalanobis distance (squared): 483 12 81.48509949981153
***** Mahalanobis distance (squared): 484 1 2.2351810009743796
***** Mahalanobis distance (squared): 484 2 8.993543950985012
***** Mahalanobis distance (squared): 484 3 37.0867933362683
***** Mahalanobis distance (squared): 484 4 79.1797840210689
***** Mahalanobis distance (squared): 484 5 35.51035853410527
***** Mahalanobis distance (squared): 484 6 31.99256663458859
***** Mahalanobis distance (squared): 484 7 10.599901080361512
***** Mahalanobis distance (squared): 484 8 77.64830300915897
***** Mahalanobis distance (squared): 484 9 122.23137905599441
***** Mahalanobis distance (squared): 484 10 5.792457411324627
***** Mahalanobis distance (squared): 484 11 27.308570442028866
***** Mahalanobis distance (squared): 484 12 91.32157689420201
***** Mahalanobis distance (squared): 485 1 48.523237510650894
***** Mahalanobis distance (squared): 485 2 81.93876548243271
***** Mahalanobis distance (squared): 485 3 2.057211202099216
***** Mahalanobis distance (squared): 485 4 20.60019299259885
***** Mahalanobis distance (squared): 485 5 4.6280008261828165
***** Mahalanobis distance (squared): 485 6 6.135959724172945
***** Mahalanobis distance (squared): 485 7 26.315198939523338
***** Mahalanobis distance (squared): 485 8 18.01296331738203
***** Mahalanobis distance (squared): 485 9 53.95251892950703
***** Mahalanobis distance (squared): 485 10 59.79098230000315
***** Mahalanobis distance (squared): 485 11 83.40387574667525
***** Mahalanobis distance (squared): 485 12 29.756140448358813
***** Mahalanobis distance (squared): 486 1 153.89377149650153
***** Mahalanobis distance (squared): 486 2 177.85945934061996
***** Mahalanobis distance (squared): 486 3 47.654480008600615
***** Mahalanobis distance (squared): 486 4 7.95344089902916
***** Mahalanobis distance (squared): 486 5 39.49584977941884
***** Mahalanobis distance (squared): 486 6 38.1367623148292
***** Mahalanobis distance (squared): 486 7 128.52313727465193
***** Mahalanobis distance (squared): 486 8 9.945348568036593
***** Mahalanobis distance (squared): 486 9 0.12172808245167499
***** Mahalanobis distance (squared): 486 10 147.64657896229
***** Mahalanobis distance (squared): 486 11 148.08053563334983
***** Mahalanobis distance (squared): 486 12 13.46005183422028
***** Mahalanobis distance (squared): 487 1 119.23024763649438
***** Mahalanobis distance (squared): 487 2 142.75718618489904
***** Mahalanobis distance (squared): 487 3 30.72363110508537
***** Mahalanobis distance (squared): 487 4 7.990133925587016
***** Mahalanobis distance (squared): 487 5 15.86378086024493
***** Mahalanobis distance (squared): 487 6 17.615391045987366
***** Mahalanobis distance (squared): 487 7 97.4797762082219
***** Mahalanobis distance (squared): 487 8 8.833832062524078
***** Mahalanobis distance (squared): 487 9 14.942011234529355
***** Mahalanobis distance (squared): 487 10 109.55543022310398
***** Mahalanobis distance (squared): 487 11 107.55107711991747
***** Mahalanobis distance (squared): 487 12 0.8020761161410142
***** Mahalanobis distance (squared): 488 1 78.1206334826038
***** Mahalanobis distance (squared): 488 2 113.35861597644387
***** Mahalanobis distance (squared): 488 3 5.906527989744783
***** Mahalanobis distance (squared): 488 4 4.966259323796349
***** Mahalanobis distance (squared): 488 5 11.942073699552108
***** Mahalanobis distance (squared): 488 6 11.649169923930474
***** Mahalanobis distance (squared): 488 7 50.29856463741166
***** Mahalanobis distance (squared): 488 8 3.510660816538436
***** Mahalanobis distance (squared): 488 9 23.45125148417946
***** Mahalanobis distance (squared): 488 10 90.37373046355646
***** Mahalanobis distance (squared): 488 11 113.17336105867045
***** Mahalanobis distance (squared): 488 12 21.476449464311635
***** Mahalanobis distance (squared): 489 1 52.31742687826196
***** Mahalanobis distance (squared): 489 2 72.3026689428695
***** Mahalanobis distance (squared): 489 3 7.836454837300505
***** Mahalanobis distance (squared): 489 4 10.941577273203373
***** Mahalanobis distance (squared): 489 5 0.32737128418113515
***** Mahalanobis distance (squared): 489 6 0.22990730661283543
***** Mahalanobis distance (squared): 489 7 39.59917544081673
***** Mahalanobis distance (squared): 489 8 10.554555495140855
***** Mahalanobis distance (squared): 489 9 32.53438609088668
***** Mahalanobis distance (squared): 489 10 50.36436390291601
***** Mahalanobis distance (squared): 489 11 59.97323702845751
***** Mahalanobis distance (squared): 489 12 13.141788957611869
***** Mahalanobis distance (squared): 490 1 44.109022237723174
***** Mahalanobis distance (squared): 490 2 83.83407562337837
***** Mahalanobis distance (squared): 490 3 2.8440023331060043
***** Mahalanobis distance (squared): 490 4 29.77577394396471
***** Mahalanobis distance (squared): 490 5 17.600874315941716
***** Mahalanobis distance (squared): 490 6 17.496613168821376
***** Mahalanobis distance (squared): 490 7 17.982474519791595
***** Mahalanobis distance (squared): 490 8 26.179973496015577
***** Mahalanobis distance (squared): 490 9 66.54694983928948
***** Mahalanobis distance (squared): 490 10 67.53573844315794
***** Mahalanobis distance (squared): 490 11 104.62916196563506
***** Mahalanobis distance (squared): 490 12 53.633620182484975
***** Mahalanobis distance (squared): 491 1 9.312768029680273
***** Mahalanobis distance (squared): 491 2 0.1364772841949813
***** Mahalanobis distance (squared): 491 3 83.41204334073258
***** Mahalanobis distance (squared): 491 4 134.53789481177574
***** Mahalanobis distance (squared): 491 5 74.47489891279771
***** Mahalanobis distance (squared): 491 6 69.2377828346776
***** Mahalanobis distance (squared): 491 7 34.71969062358051
***** Mahalanobis distance (squared): 491 8 133.9005256516902
***** Mahalanobis distance (squared): 491 9 181.65059016501104
***** Mahalanobis distance (squared): 491 10 3.8764261878499338
***** Mahalanobis distance (squared): 491 11 18.702999280204285
***** Mahalanobis distance (squared): 491 12 141.599693340331
***** Mahalanobis distance (squared): 492 1 100.43842637866038
***** Mahalanobis distance (squared): 492 2 132.89250002933326
***** Mahalanobis distance (squared): 492 3 14.439388548079787
***** Mahalanobis distance (squared): 492 4 0.6349799916743771
***** Mahalanobis distance (squared): 492 5 14.929890977952999
***** Mahalanobis distance (squared): 492 6 14.837355053732331
***** Mahalanobis distance (squared): 492 7 72.4645177644767
***** Mahalanobis distance (squared): 492 8 0.21763954037468689
***** Mahalanobis distance (squared): 492 9 11.03693248144064
***** Mahalanobis distance (squared): 492 10 106.15644883061323
***** Mahalanobis distance (squared): 492 11 120.90953747398606
***** Mahalanobis distance (squared): 492 12 11.732140556893986
***** Mahalanobis distance (squared): 493 1 20.4942203454789
***** Mahalanobis distance (squared): 493 2 4.700545133929858
***** Mahalanobis distance (squared): 493 3 85.27082386842743
***** Mahalanobis distance (squared): 493 4 123.86031645304668
***** Mahalanobis distance (squared): 493 5 64.77794046710326
***** Mahalanobis distance (squared): 493 6 60.60018672610636
***** Mahalanobis distance (squared): 493 7 49.29690273287829
***** Mahalanobis distance (squared): 493 8 124.53993972898044
***** Mahalanobis distance (squared): 493 9 164.19648334285506
***** Mahalanobis distance (squared): 493 10 2.8385103392796154
***** Mahalanobis distance (squared): 493 11 3.826908746219924
***** Mahalanobis distance (squared): 493 12 117.95492336733545
***** Mahalanobis distance (squared): 494 1 10.987532620598254
***** Mahalanobis distance (squared): 494 2 37.31938130912068
***** Mahalanobis distance (squared): 494 3 25.79107106629417
***** Mahalanobis distance (squared): 494 4 75.46701133310937
***** Mahalanobis distance (squared): 494 5 41.07698057680874
***** Mahalanobis distance (squared): 494 6 38.267271033993914
***** Mahalanobis distance (squared): 494 7 2.560853519111272
***** Mahalanobis distance (squared): 494 8 71.72716137186977
***** Mahalanobis distance (squared): 494 9 123.99265489870236
***** Mahalanobis distance (squared): 494 10 33.81806040959628
***** Mahalanobis distance (squared): 494 11 74.51359445396055
***** Mahalanobis distance (squared): 494 12 103.30195047778719
***** Mahalanobis distance (squared): 495 1 19.58622672070648
***** Mahalanobis distance (squared): 495 2 3.8587943460368135
***** Mahalanobis distance (squared): 495 3 83.26133056087824
***** Mahalanobis distance (squared): 495 4 120.59824481718015
***** Mahalanobis distance (squared): 495 5 63.70021848516215
***** Mahalanobis distance (squared): 495 6 59.159839197743686
***** Mahalanobis distance (squared): 495 7 48.10676935259732
***** Mahalanobis distance (squared): 495 8 121.36507974934403
***** Mahalanobis distance (squared): 495 9 159.6826529073483
***** Mahalanobis distance (squared): 495 10 2.533983677826819
***** Mahalanobis distance (squared): 495 11 4.097387437551224
***** Mahalanobis distance (squared): 495 12 116.29412202735202
***** Mahalanobis distance (squared): 496 1 3.9689358887925406
***** Mahalanobis distance (squared): 496 2 15.288110839904611
***** Mahalanobis distance (squared): 496 3 28.438691629370922
***** Mahalanobis distance (squared): 496 4 68.00661401327542
***** Mahalanobis distance (squared): 496 5 30.1944611551926
***** Mahalanobis distance (squared): 496 6 26.771738580921895
***** Mahalanobis distance (squared): 496 7 7.518741621540607
***** Mahalanobis distance (squared): 496 8 66.23157023702886
***** Mahalanobis distance (squared): 496 9 109.45778769724068
***** Mahalanobis distance (squared): 496 10 11.06428260439429
***** Mahalanobis distance (squared): 496 11 35.60327739367372
***** Mahalanobis distance (squared): 496 12 83.50145967380674
***** Mahalanobis distance (squared): 497 1 70.86025973577564
***** Mahalanobis distance (squared): 497 2 94.24080962682149
***** Mahalanobis distance (squared): 497 3 11.959186058454945
***** Mahalanobis distance (squared): 497 4 10.207880583887649
***** Mahalanobis distance (squared): 497 5 2.2080040343945058
***** Mahalanobis distance (squared): 497 6 3.5419673504003337
***** Mahalanobis distance (squared): 497 7 53.75392073763892
***** Mahalanobis distance (squared): 497 8 9.770285745776297
***** Mahalanobis distance (squared): 497 9 30.30866981479721
***** Mahalanobis distance (squared): 497 10 67.51506741273059
***** Mahalanobis distance (squared): 497 11 74.51985891299864
***** Mahalanobis distance (squared): 497 12 7.985385268760284
***** Mahalanobis distance (squared): 498 1 155.57492149922558
***** Mahalanobis distance (squared): 498 2 183.52970122312425
***** Mahalanobis distance (squared): 498 3 45.36321499480758
***** Mahalanobis distance (squared): 498 4 7.436395022635193
***** Mahalanobis distance (squared): 498 5 40.37155616837421
***** Mahalanobis distance (squared): 498 6 39.25907604140835
***** Mahalanobis distance (squared): 498 7 126.8178548938019
***** Mahalanobis distance (squared): 498 8 8.959786004620138
***** Mahalanobis distance (squared): 498 9 0.9921119759375774
***** Mahalanobis distance (squared): 498 10 153.07102057693783
***** Mahalanobis distance (squared): 498 11 157.22142956967187
***** Mahalanobis distance (squared): 498 12 15.688207504571045
***** Mahalanobis distance (squared): 499 1 93.66993992142197
***** Mahalanobis distance (squared): 499 2 114.03750813073172
***** Mahalanobis distance (squared): 499 3 21.11785947147467
***** Mahalanobis distance (squared): 499 4 5.047026120871628
***** Mahalanobis distance (squared): 499 5 8.144286217399955
***** Mahalanobis distance (squared): 499 6 8.76177395921889
***** Mahalanobis distance (squared): 499 7 76.43277436792958
***** Mahalanobis distance (squared): 499 8 5.79580893783191
***** Mahalanobis distance (squared): 499 9 15.019522936206997
***** Mahalanobis distance (squared): 499 10 85.37733819382078
***** Mahalanobis distance (squared): 499 11 86.07311663579742
***** Mahalanobis distance (squared): 499 12 1.3504268213224777
***** Mahalanobis distance (squared): 500 1 110.8790627080959
***** Mahalanobis distance (squared): 500 2 142.09606475042688
***** Mahalanobis distance (squared): 500 3 20.62376471951646
***** Mahalanobis distance (squared): 500 4 1.3013113753479015
***** Mahalanobis distance (squared): 500 5 21.21083486177851
***** Mahalanobis distance (squared): 500 6 20.38217475466278
***** Mahalanobis distance (squared): 500 7 82.98389997999881
***** Mahalanobis distance (squared): 500 8 1.366443146740003
***** Mahalanobis distance (squared): 500 9 7.2485032125461055
***** Mahalanobis distance (squared): 500 10 115.71548618783845
***** Mahalanobis distance (squared): 500 11 129.22399747171275
***** Mahalanobis distance (squared): 500 12 13.950757699933712
***** Mahalanobis distance (squared): 501 1 47.33533645956519
***** Mahalanobis distance (squared): 501 2 62.29518778041753
***** Mahalanobis distance (squared): 501 3 11.431383122115056
***** Mahalanobis distance (squared): 501 4 14.445199966506623
***** Mahalanobis distance (squared): 501 5 1.3672013762674422
***** Mahalanobis distance (squared): 501 6 0.6223257418155368
***** Mahalanobis distance (squared): 501 7 39.380873632358835
***** Mahalanobis distance (squared): 501 8 14.528127918329737
***** Mahalanobis distance (squared): 501 9 35.279875373934196
***** Mahalanobis distance (squared): 501 10 42.030046402265896
***** Mahalanobis distance (squared): 501 11 48.69517602587865
***** Mahalanobis distance (squared): 501 12 15.108039640837186
***** Mahalanobis distance (squared): 502 1 45.17649149843324
***** Mahalanobis distance (squared): 502 2 86.1747504732845
***** Mahalanobis distance (squared): 502 3 3.0840670099193557
***** Mahalanobis distance (squared): 502 4 32.79277911480218
***** Mahalanobis distance (squared): 502 5 15.21341623292316
***** Mahalanobis distance (squared): 502 6 16.51429732831476
***** Mahalanobis distance (squared): 502 7 18.271048853107658
***** Mahalanobis distance (squared): 502 8 28.855466797121178
***** Mahalanobis distance (squared): 502 9 73.03933600916486
***** Mahalanobis distance (squared): 502 10 67.20698502279826
***** Mahalanobis distance (squared): 502 11 102.7044071665267
***** Mahalanobis distance (squared): 502 12 51.540064944941015
***** Mahalanobis distance (squared): 503 1 21.304744560120643
***** Mahalanobis distance (squared): 503 2 2.9150728683418614
***** Mahalanobis distance (squared): 503 3 112.45127462619953
***** Mahalanobis distance (squared): 503 4 164.1673947764875
***** Mahalanobis distance (squared): 503 5 99.4310764282075
***** Mahalanobis distance (squared): 503 6 92.85714725985623
***** Mahalanobis distance (squared): 503 7 55.62519632648109
***** Mahalanobis distance (squared): 503 8 164.35035941818882
***** Mahalanobis distance (squared): 503 9 210.20284212255814
***** Mahalanobis distance (squared): 503 10 10.278131422443053
***** Mahalanobis distance (squared): 503 11 20.406398425875224
***** Mahalanobis distance (squared): 503 12 169.2364526440232
***** Mahalanobis distance (squared): 504 1 110.8783085211926
***** Mahalanobis distance (squared): 504 2 139.61778916565052
***** Mahalanobis distance (squared): 504 3 21.891083689113458
***** Mahalanobis distance (squared): 504 4 0.7706826209434395
***** Mahalanobis distance (squared): 504 5 19.98364925654152
***** Mahalanobis distance (squared): 504 6 19.131371789058967
***** Mahalanobis distance (squared): 504 7 84.92226082669156
***** Mahalanobis distance (squared): 504 8 1.165027903837
***** Mahalanobis distance (squared): 504 9 5.559150110549117
***** Mahalanobis distance (squared): 504 10 112.89890695838562
***** Mahalanobis distance (squared): 504 11 123.47964295289175
***** Mahalanobis distance (squared): 504 12 10.995236641282085
***** Mahalanobis distance (squared): 505 1 53.42666231466222
***** Mahalanobis distance (squared): 505 2 31.403372561705364
***** Mahalanobis distance (squared): 505 3 97.75328482999298
***** Mahalanobis distance (squared): 505 4 117.03331783603275
***** Mahalanobis distance (squared): 505 5 62.67975369505648
***** Mahalanobis distance (squared): 505 6 60.24623164490761
***** Mahalanobis distance (squared): 505 7 83.73799780389105
***** Mahalanobis distance (squared): 505 8 119.39153187907179
***** Mahalanobis distance (squared): 505 9 147.0043020589883
***** Mahalanobis distance (squared): 505 10 20.52504715208751
***** Mahalanobis distance (squared): 505 11 3.580675956323682
***** Mahalanobis distance (squared): 505 12 94.25136615840567
***** Mahalanobis distance (squared): 506 1 6.950335570279718
***** Mahalanobis distance (squared): 506 2 30.58063861982453
***** Mahalanobis distance (squared): 506 3 25.43674762402293
***** Mahalanobis distance (squared): 506 4 77.93061221754505
***** Mahalanobis distance (squared): 506 5 32.265077464829794
***** Mahalanobis distance (squared): 506 6 31.60117981334243
***** Mahalanobis distance (squared): 506 7 1.3785739022494161
***** Mahalanobis distance (squared): 506 8 74.16302010249562
***** Mahalanobis distance (squared): 506 9 130.91158382560985
***** Mahalanobis distance (squared): 506 10 22.771066397432403
***** Mahalanobis distance (squared): 506 11 56.161453231218275
***** Mahalanobis distance (squared): 506 12 93.49211076787475
***** Mahalanobis distance (squared): 507 1 14.327749454014612
***** Mahalanobis distance (squared): 507 2 8.492751536209461
***** Mahalanobis distance (squared): 507 3 62.80865635413035
***** Mahalanobis distance (squared): 507 4 102.956506784861
***** Mahalanobis distance (squared): 507 5 45.785396469173726
***** Mahalanobis distance (squared): 507 6 43.49690257666234
***** Mahalanobis distance (squared): 507 7 33.90608891172169
***** Mahalanobis distance (squared): 507 8 102.59416626275643
***** Mahalanobis distance (squared): 507 9 146.4198952621686
***** Mahalanobis distance (squared): 507 10 2.226474243139951
***** Mahalanobis distance (squared): 507 11 7.916665151665902
***** Mahalanobis distance (squared): 507 12 97.41559708796292
***** Mahalanobis distance (squared): 508 1 2.9825042256415224
***** Mahalanobis distance (squared): 508 2 3.6355972516951947
***** Mahalanobis distance (squared): 508 3 67.33011794097287
***** Mahalanobis distance (squared): 508 4 124.5273609972298
***** Mahalanobis distance (squared): 508 5 62.92285131194753
***** Mahalanobis distance (squared): 508 6 59.46902174142854
***** Mahalanobis distance (squared): 508 7 20.257524283247392
***** Mahalanobis distance (squared): 508 8 122.58161549383406
***** Mahalanobis distance (squared): 508 9 177.57760408398596
***** Mahalanobis distance (squared): 508 10 4.405707772818494
***** Mahalanobis distance (squared): 508 11 25.824905160938673
***** Mahalanobis distance (squared): 508 12 133.00888343552725
***** Mahalanobis distance (squared): 509 1 49.616865943489735
***** Mahalanobis distance (squared): 509 2 65.19637645268483
***** Mahalanobis distance (squared): 509 3 14.99948087868167
***** Mahalanobis distance (squared): 509 4 21.59448005664663
***** Mahalanobis distance (squared): 509 5 1.9512436347794102
***** Mahalanobis distance (squared): 509 6 2.585657621495361
***** Mahalanobis distance (squared): 509 7 41.668932273616896
***** Mahalanobis distance (squared): 509 8 21.343651646452866
***** Mahalanobis distance (squared): 509 9 46.40695102001478
***** Mahalanobis distance (squared): 509 10 42.55299155936674
***** Mahalanobis distance (squared): 509 11 47.391141287933145
***** Mahalanobis distance (squared): 509 12 16.790105592142886
***** Mahalanobis distance (squared): 510 1 176.34231063768013
***** Mahalanobis distance (squared): 510 2 193.94287257611884
***** Mahalanobis distance (squared): 510 3 65.20329628048391
***** Mahalanobis distance (squared): 510 4 17.342174175613206
***** Mahalanobis distance (squared): 510 5 44.70566417380461
***** Mahalanobis distance (squared): 510 6 45.006589418268625
***** Mahalanobis distance (squared): 510 7 154.98472630483698
***** Mahalanobis distance (squared): 510 8 20.331267957579993
***** Mahalanobis distance (squared): 510 9 6.298715410063644
***** Mahalanobis distance (squared): 510 10 157.8277479352565
***** Mahalanobis distance (squared): 510 11 144.6860261012558
***** Mahalanobis distance (squared): 510 12 7.902322285380583
***** Mahalanobis distance (squared): 511 1 157.5478470723103
***** Mahalanobis distance (squared): 511 2 171.3092897991687
***** Mahalanobis distance (squared): 511 3 64.51559288296352
***** Mahalanobis distance (squared): 511 4 28.887347645875817
***** Mahalanobis distance (squared): 511 5 36.18102371726778
***** Mahalanobis distance (squared): 511 6 38.67194208019122
***** Mahalanobis distance (squared): 511 7 142.10263677417015
***** Mahalanobis distance (squared): 511 8 31.357781599738463
***** Mahalanobis distance (squared): 511 9 28.49464463691609
***** Mahalanobis distance (squared): 511 10 133.27089411380436
***** Mahalanobis distance (squared): 511 11 115.2356682690433
***** Mahalanobis distance (squared): 511 12 7.317279096141727
***** Mahalanobis distance (squared): 512 1 92.74790072436174
***** Mahalanobis distance (squared): 512 2 116.3844976498994
***** Mahalanobis distance (squared): 512 3 19.691339403024852
***** Mahalanobis distance (squared): 512 4 8.367668991901194
***** Mahalanobis distance (squared): 512 5 7.198102726739181
***** Mahalanobis distance (squared): 512 6 8.912789415938295
***** Mahalanobis distance (squared): 512 7 73.32178409269736
***** Mahalanobis distance (squared): 512 8 8.490402528870241
***** Mahalanobis distance (squared): 512 9 22.695377943245305
***** Mahalanobis distance (squared): 512 10 86.24442977155537
***** Mahalanobis distance (squared): 512 11 88.79549297327549
***** Mahalanobis distance (squared): 512 12 3.1478796008342877
***** Mahalanobis distance (squared): 513 1 51.913006024984185
***** Mahalanobis distance (squared): 513 2 68.23155837293776
***** Mahalanobis distance (squared): 513 3 15.5460377483257
***** Mahalanobis distance (squared): 513 4 22.07756082965823
***** Mahalanobis distance (squared): 513 5 2.253968205736184
***** Mahalanobis distance (squared): 513 6 3.1814705385335613
***** Mahalanobis distance (squared): 513 7 43.22320855482466
***** Mahalanobis distance (squared): 513 8 21.754392763568113
***** Mahalanobis distance (squared): 513 9 47.18937563733275
***** Mahalanobis distance (squared): 513 10 44.849484715568174
***** Mahalanobis distance (squared): 513 11 49.55035771542971
***** Mahalanobis distance (squared): 513 12 16.545853552718267
***** Mahalanobis distance (squared): 514 1 32.807792882605575
***** Mahalanobis distance (squared): 514 2 61.52755761208031
***** Mahalanobis distance (squared): 514 3 6.442442107561663
***** Mahalanobis distance (squared): 514 4 34.47135154902091
***** Mahalanobis distance (squared): 514 5 6.933935869175594
***** Mahalanobis distance (squared): 514 6 8.327391561131517
***** Mahalanobis distance (squared): 514 7 17.02115228282801
***** Mahalanobis distance (squared): 514 8 31.7053073412549
***** Mahalanobis distance (squared): 514 9 73.93082717758183
***** Mahalanobis distance (squared): 514 10 42.26905275944496
***** Mahalanobis distance (squared): 514 11 65.44184596376813
***** Mahalanobis distance (squared): 514 12 41.27531724796827
***** Mahalanobis distance (squared): 515 1 12.921326631315726
***** Mahalanobis distance (squared): 515 2 1.4116030649339892
***** Mahalanobis distance (squared): 515 3 86.81189798023405
***** Mahalanobis distance (squared): 515 4 136.6586424279104
***** Mahalanobis distance (squared): 515 5 72.49956824838495
***** Mahalanobis distance (squared): 515 6 68.25533828109103
***** Mahalanobis distance (squared): 515 7 40.11445594569156
***** Mahalanobis distance (squared): 515 8 136.26424488704262
***** Mahalanobis distance (squared): 515 9 184.16980293656633
***** Mahalanobis distance (squared): 515 10 2.5167141367175754
***** Mahalanobis distance (squared): 515 11 11.96921361030401
***** Mahalanobis distance (squared): 515 12 136.66541180266216
***** Mahalanobis distance (squared): 516 1 82.25324685947956
***** Mahalanobis distance (squared): 516 2 114.10308549019744
***** Mahalanobis distance (squared): 516 3 10.092943451301664
***** Mahalanobis distance (squared): 516 4 9.038727688811951
***** Mahalanobis distance (squared): 516 5 5.469510222448379
***** Mahalanobis distance (squared): 516 6 7.659402733270697
***** Mahalanobis distance (squared): 516 7 57.26349025337168
***** Mahalanobis distance (squared): 516 8 7.784732279385942
***** Mahalanobis distance (squared): 516 9 30.487866762269746
***** Mahalanobis distance (squared): 516 10 85.26086828312623
***** Mahalanobis distance (squared): 516 11 98.07669661842382
***** Mahalanobis distance (squared): 516 12 10.607183238213342
***** Mahalanobis distance (squared): 517 1 64.41135471914575
***** Mahalanobis distance (squared): 517 2 34.22426467157228
***** Mahalanobis distance (squared): 517 3 110.29822221135396
***** Mahalanobis distance (squared): 517 4 118.14791117921334
***** Mahalanobis distance (squared): 517 5 73.66636429102012
***** Mahalanobis distance (squared): 517 6 68.63636438022584
***** Mahalanobis distance (squared): 517 7 100.26126882714289
***** Mahalanobis distance (squared): 517 8 122.03719605324575
***** Mahalanobis distance (squared): 517 9 137.6914915097301
***** Mahalanobis distance (squared): 517 10 26.809668123031752
***** Mahalanobis distance (squared): 517 11 5.00169013852919
***** Mahalanobis distance (squared): 517 12 98.54934462760585
***** Mahalanobis distance (squared): 518 1 6.72651819144017
***** Mahalanobis distance (squared): 518 2 31.06401347390553
***** Mahalanobis distance (squared): 518 3 26.290503371391132
***** Mahalanobis distance (squared): 518 4 78.19183399333555
***** Mahalanobis distance (squared): 518 5 38.26964944180504
***** Mahalanobis distance (squared): 518 6 36.09253768632145
***** Mahalanobis distance (squared): 518 7 0.5582788325188077
***** Mahalanobis distance (squared): 518 8 74.46106395895097
***** Mahalanobis distance (squared): 518 9 128.95709565169375
***** Mahalanobis distance (squared): 518 10 26.69241810875434
***** Mahalanobis distance (squared): 518 11 64.65113662316516
***** Mahalanobis distance (squared): 518 12 101.5173852457418
***** Mahalanobis distance (squared): 519 1 9.271584949344966
***** Mahalanobis distance (squared): 519 2 2.2433560331233493
***** Mahalanobis distance (squared): 519 3 63.53832866198896
***** Mahalanobis distance (squared): 519 4 104.3306858233661
***** Mahalanobis distance (squared): 519 5 50.51818868004553
***** Mahalanobis distance (squared): 519 6 46.6095415920115
***** Mahalanobis distance (squared): 519 7 30.30749540470704
***** Mahalanobis distance (squared): 519 8 104.09783780410646
***** Mahalanobis distance (squared): 519 9 146.28456621967823
***** Mahalanobis distance (squared): 519 10 0.05023545711691574
***** Mahalanobis distance (squared): 519 11 9.303709271308463
***** Mahalanobis distance (squared): 519 12 105.50458355958675
***** Mahalanobis distance (squared): 520 1 2.3174688389046145
***** Mahalanobis distance (squared): 520 2 4.001202712798246
***** Mahalanobis distance (squared): 520 3 60.19434348782507
***** Mahalanobis distance (squared): 520 4 111.9827353298139
***** Mahalanobis distance (squared): 520 5 59.51605241719062
***** Mahalanobis distance (squared): 520 6 54.811578806938165
***** Mahalanobis distance (squared): 520 7 17.637784792214138
***** Mahalanobis distance (squared): 520 8 110.3358962918654
***** Mahalanobis distance (squared): 520 9 159.9948370913492
***** Mahalanobis distance (squared): 520 10 6.315953317001236
***** Mahalanobis distance (squared): 520 11 30.049692983676536
***** Mahalanobis distance (squared): 520 12 126.56055296868948
***** Mahalanobis distance (squared): 521 1 41.931836567024746
***** Mahalanobis distance (squared): 521 2 57.83251646766813
***** Mahalanobis distance (squared): 521 3 10.266749156302769
***** Mahalanobis distance (squared): 521 4 17.875423752080234
***** Mahalanobis distance (squared): 521 5 0.9292572589981641
***** Mahalanobis distance (squared): 521 6 0.5071505055107934
***** Mahalanobis distance (squared): 521 7 34.031940413821474
***** Mahalanobis distance (squared): 521 8 17.576160212858845
***** Mahalanobis distance (squared): 521 9 42.072119057256025
***** Mahalanobis distance (squared): 521 10 37.96709672169005
***** Mahalanobis distance (squared): 521 11 46.37865532967622
***** Mahalanobis distance (squared): 521 12 18.54537041563742
***** Mahalanobis distance (squared): 522 1 167.20977437946738
***** Mahalanobis distance (squared): 522 2 180.6604991931291
***** Mahalanobis distance (squared): 522 3 65.13734743293456
***** Mahalanobis distance (squared): 522 4 16.632691720798483
***** Mahalanobis distance (squared): 522 5 46.77364833115337
***** Mahalanobis distance (squared): 522 6 45.116954754339645
***** Mahalanobis distance (squared): 522 7 149.84493386937282
***** Mahalanobis distance (squared): 522 8 20.103124880971933
***** Mahalanobis distance (squared): 522 9 2.882984521787962
***** Mahalanobis distance (squared): 522 10 149.17716350666774
***** Mahalanobis distance (squared): 522 11 137.27727467130322
***** Mahalanobis distance (squared): 522 12 12.613375502985452
***** Mahalanobis distance (squared): 523 1 116.71027583388306
***** Mahalanobis distance (squared): 523 2 125.38851948613751
***** Mahalanobis distance (squared): 523 3 44.551765629513916
***** Mahalanobis distance (squared): 523 4 14.697048404424383
***** Mahalanobis distance (squared): 523 5 21.380556802490343
***** Mahalanobis distance (squared): 523 6 21.04512024317263
***** Mahalanobis distance (squared): 523 7 107.60295535221874
***** Mahalanobis distance (squared): 523 8 17.364481996817346
***** Mahalanobis distance (squared): 523 9 14.742754859276832
***** Mahalanobis distance (squared): 523 10 95.75881172984961
***** Mahalanobis distance (squared): 523 11 82.91882646126683
***** Mahalanobis distance (squared): 523 12 2.7793483500875857
***** Mahalanobis distance (squared): 524 1 101.55637332292325
***** Mahalanobis distance (squared): 524 2 128.89996921189626
***** Mahalanobis distance (squared): 524 3 18.10294491057342
***** Mahalanobis distance (squared): 524 4 0.044807754275127905
***** Mahalanobis distance (squared): 524 5 14.405714301659724
***** Mahalanobis distance (squared): 524 6 13.917564075135655
***** Mahalanobis distance (squared): 524 7 77.51041081442396
***** Mahalanobis distance (squared): 524 8 0.3546860708449358
***** Mahalanobis distance (squared): 524 9 7.285061133730871
***** Mahalanobis distance (squared): 524 10 102.15233579465925
***** Mahalanobis distance (squared): 524 11 111.60643995123026
***** Mahalanobis distance (squared): 524 12 7.7106584929692055
***** Mahalanobis distance (squared): 525 1 40.27384237197074
***** Mahalanobis distance (squared): 525 2 55.30090331975839
***** Mahalanobis distance (squared): 525 3 10.134262361291075
***** Mahalanobis distance (squared): 525 4 17.10169843570069
***** Mahalanobis distance (squared): 525 5 1.6328133696268012
***** Mahalanobis distance (squared): 525 6 0.6408470701223404
***** Mahalanobis distance (squared): 525 7 33.12702463790686
***** Mahalanobis distance (squared): 525 8 16.94177072883248
***** Mahalanobis distance (squared): 525 9 40.21005620670955
***** Mahalanobis distance (squared): 525 10 36.65532768811389
***** Mahalanobis distance (squared): 525 11 45.56653999807184
***** Mahalanobis distance (squared): 525 12 19.588720422062142
***** Mahalanobis distance (squared): 526 1 43.08595830336765
***** Mahalanobis distance (squared): 526 2 72.75734389032203
***** Mahalanobis distance (squared): 526 3 0.5225560649632397
***** Mahalanobis distance (squared): 526 4 15.715380728357777
***** Mahalanobis distance (squared): 526 5 3.6982863784257063
***** Mahalanobis distance (squared): 526 6 3.700739187512846
***** Mahalanobis distance (squared): 526 7 23.859461157855197
***** Mahalanobis distance (squared): 526 8 13.724894786033193
***** Mahalanobis distance (squared): 526 9 45.13791050985319
***** Mahalanobis distance (squared): 526 10 53.443300440298664
***** Mahalanobis distance (squared): 526 11 76.40750476183062
***** Mahalanobis distance (squared): 526 12 28.11000627941383
***** Mahalanobis distance (squared): 527 1 16.093188121121653
***** Mahalanobis distance (squared): 527 2 1.0040147142096767
***** Mahalanobis distance (squared): 527 3 92.08264272623187
***** Mahalanobis distance (squared): 527 4 137.05124576491568
***** Mahalanobis distance (squared): 527 5 79.05755309378758
***** Mahalanobis distance (squared): 527 6 73.03870862282137
***** Mahalanobis distance (squared): 527 7 45.82334724409302
***** Mahalanobis distance (squared): 527 8 137.34563513434767
***** Mahalanobis distance (squared): 527 9 179.31256482922257
***** Mahalanobis distance (squared): 527 10 5.181947431830969
***** Mahalanobis distance (squared): 527 11 14.2917538193696
***** Mahalanobis distance (squared): 527 12 141.5021593646487
***** Mahalanobis distance (squared): 528 1 137.13975870865562
***** Mahalanobis distance (squared): 528 2 154.82859820313243
***** Mahalanobis distance (squared): 528 3 43.589123584566465
***** Mahalanobis distance (squared): 528 4 7.018745984400385
***** Mahalanobis distance (squared): 528 5 28.99616952414713
***** Mahalanobis distance (squared): 528 6 28.089446201428586
***** Mahalanobis distance (squared): 528 7 118.24896537660445
***** Mahalanobis distance (squared): 528 8 9.343706311251093
***** Mahalanobis distance (squared): 528 9 1.8666308039029669
***** Mahalanobis distance (squared): 528 10 124.540614200011
***** Mahalanobis distance (squared): 528 11 119.0888617408144
***** Mahalanobis distance (squared): 528 12 5.0832276536962935
***** Mahalanobis distance (squared): 529 1 57.89840036921601
***** Mahalanobis distance (squared): 529 2 25.290698376245746
***** Mahalanobis distance (squared): 529 3 123.45326365001199
***** Mahalanobis distance (squared): 529 4 138.58853163712763
***** Mahalanobis distance (squared): 529 5 95.73706652302066
***** Mahalanobis distance (squared): 529 6 87.52972725277326
***** Mahalanobis distance (squared): 529 7 97.96052109058836
***** Mahalanobis distance (squared): 529 8 142.36254505280291
***** Mahalanobis distance (squared): 529 9 159.09002410006528
***** Mahalanobis distance (squared): 529 10 27.43755695210244
***** Mahalanobis distance (squared): 529 11 14.839705564641113
***** Mahalanobis distance (squared): 529 12 132.97776502589656
***** Mahalanobis distance (squared): 530 1 11.2528685483559
***** Mahalanobis distance (squared): 530 2 39.43614233073593
***** Mahalanobis distance (squared): 530 3 26.938459632722115
***** Mahalanobis distance (squared): 530 4 83.40476960378665
***** Mahalanobis distance (squared): 530 5 36.298600614418625
***** Mahalanobis distance (squared): 530 6 36.390593568249244
***** Mahalanobis distance (squared): 530 7 2.1695612525088737
***** Mahalanobis distance (squared): 530 8 78.96149452180062
***** Mahalanobis distance (squared): 530 9 139.80639157532502
***** Mahalanobis distance (squared): 530 10 30.72110494613883
***** Mahalanobis distance (squared): 530 11 67.79943453656648
***** Mahalanobis distance (squared): 530 12 100.12977741226645
***** Mahalanobis distance (squared): 531 1 11.898294811490203
***** Mahalanobis distance (squared): 531 2 13.611782058968107
***** Mahalanobis distance (squared): 531 3 49.1377262040164
***** Mahalanobis distance (squared): 531 4 90.79125382707228
***** Mahalanobis distance (squared): 531 5 35.86025423035655
***** Mahalanobis distance (squared): 531 6 34.65889040463324
***** Mahalanobis distance (squared): 531 7 24.597161493959774
***** Mahalanobis distance (squared): 531 8 89.63285267538411
***** Mahalanobis distance (squared): 531 9 136.42147515032278
***** Mahalanobis distance (squared): 531 10 4.91548644057296
***** Mahalanobis distance (squared): 531 11 15.235995713801458
***** Mahalanobis distance (squared): 531 12 87.21661713025853
***** Mahalanobis distance (squared): 532 1 0.2256494207998828
***** Mahalanobis distance (squared): 532 2 9.736860588313968
***** Mahalanobis distance (squared): 532 3 52.21755181465778
***** Mahalanobis distance (squared): 532 4 110.4255472986936
***** Mahalanobis distance (squared): 532 5 55.007385049754404
***** Mahalanobis distance (squared): 532 6 51.8664126469425
***** Mahalanobis distance (squared): 532 7 9.388595224152002
***** Mahalanobis distance (squared): 532 8 107.6319633914567
***** Mahalanobis distance (squared): 532 9 164.36917658504387
***** Mahalanobis distance (squared): 532 10 9.757600422005561
***** Mahalanobis distance (squared): 532 11 38.9538215487224
***** Mahalanobis distance (squared): 532 12 125.68623809429937
***** Mahalanobis distance (squared): 533 1 46.96082317462627
***** Mahalanobis distance (squared): 533 2 60.72642937371584
***** Mahalanobis distance (squared): 533 3 18.992668666954035
***** Mahalanobis distance (squared): 533 4 28.851917329371723
***** Mahalanobis distance (squared): 533 5 4.165532216497878
***** Mahalanobis distance (squared): 533 6 5.050095573353059
***** Mahalanobis distance (squared): 533 7 41.371313570171935
***** Mahalanobis distance (squared): 533 8 28.54505897610147
***** Mahalanobis distance (squared): 533 9 56.11716272614574
***** Mahalanobis distance (squared): 533 10 38.39173727160174
***** Mahalanobis distance (squared): 533 11 42.10267413733935
***** Mahalanobis distance (squared): 533 12 21.678268082088383
***** Mahalanobis distance (squared): 534 1 153.30439518919405
***** Mahalanobis distance (squared): 534 2 170.6139798359492
***** Mahalanobis distance (squared): 534 3 52.46708328466347
***** Mahalanobis distance (squared): 534 4 10.988051172855076
***** Mahalanobis distance (squared): 534 5 34.77148528567951
***** Mahalanobis distance (squared): 534 6 34.46473164014063
***** Mahalanobis distance (squared): 534 7 133.65061326049684
***** Mahalanobis distance (squared): 534 8 13.62840856018796
***** Mahalanobis distance (squared): 534 9 3.370160067949804
***** Mahalanobis distance (squared): 534 10 137.62389929769134
***** Mahalanobis distance (squared): 534 11 128.30674650471167
***** Mahalanobis distance (squared): 534 12 5.120824344115535
***** Mahalanobis distance (squared): 535 1 105.59217280227799
***** Mahalanobis distance (squared): 535 2 120.92058918119744
***** Mahalanobis distance (squared): 535 3 35.9957577230137
***** Mahalanobis distance (squared): 535 4 18.4128572418184
***** Mahalanobis distance (squared): 535 5 14.338133209349259
***** Mahalanobis distance (squared): 535 6 16.220803749102235
***** Mahalanobis distance (squared): 535 7 92.58872614540408
***** Mahalanobis distance (squared): 535 8 19.643916219689103
***** Mahalanobis distance (squared): 535 9 29.0024393067091
***** Mahalanobis distance (squared): 535 10 88.99574022816785
***** Mahalanobis distance (squared): 535 11 80.9654017480073
***** Mahalanobis distance (squared): 535 12 3.850543738341392
***** Mahalanobis distance (squared): 536 1 83.64884667259538
***** Mahalanobis distance (squared): 536 2 115.46645837698635
***** Mahalanobis distance (squared): 536 3 8.161924337946425
***** Mahalanobis distance (squared): 536 4 2.618946156804801
***** Mahalanobis distance (squared): 536 5 6.984268982687237
***** Mahalanobis distance (squared): 536 6 7.760503442676766
***** Mahalanobis distance (squared): 536 7 57.91464943840432
***** Mahalanobis distance (squared): 536 8 1.7056149663259386
***** Mahalanobis distance (squared): 536 9 19.449307593339558
***** Mahalanobis distance (squared): 536 10 88.83014145555744
***** Mahalanobis distance (squared): 536 11 103.76755799099107
***** Mahalanobis distance (squared): 536 12 10.222036867236525
***** Mahalanobis distance (squared): 537 1 75.4928759856889
***** Mahalanobis distance (squared): 537 2 86.00287294889989
***** Mahalanobis distance (squared): 537 3 26.557051851098073
***** Mahalanobis distance (squared): 537 4 16.497258272192486
***** Mahalanobis distance (squared): 537 5 7.1540407519194735
***** Mahalanobis distance (squared): 537 6 7.347545540347956
***** Mahalanobis distance (squared): 537 7 68.80755498298046
***** Mahalanobis distance (squared): 537 8 17.7467585944254
***** Mahalanobis distance (squared): 537 9 30.026189501360466
***** Mahalanobis distance (squared): 537 10 60.21943491615431
***** Mahalanobis distance (squared): 537 11 55.190012499210496
***** Mahalanobis distance (squared): 537 12 6.67576833148315
***** Mahalanobis distance (squared): 538 1 45.08766021806911
***** Mahalanobis distance (squared): 538 2 72.03371682289304
***** Mahalanobis distance (squared): 538 3 2.38978112308552
***** Mahalanobis distance (squared): 538 4 15.210571121841749
***** Mahalanobis distance (squared): 538 5 1.1812443854418633
***** Mahalanobis distance (squared): 538 6 1.6697906693731914
***** Mahalanobis distance (squared): 538 7 27.845923974382185
***** Mahalanobis distance (squared): 538 8 13.586072619963304
***** Mahalanobis distance (squared): 538 9 43.717601020526736
***** Mahalanobis distance (squared): 538 10 51.02175965977752
***** Mahalanobis distance (squared): 538 11 69.21533051665473
***** Mahalanobis distance (squared): 538 12 22.441535956547007
***** Mahalanobis distance (squared): 539 1 12.254555829415267
***** Mahalanobis distance (squared): 539 2 2.6436702719361334
***** Mahalanobis distance (squared): 539 3 91.11808405344935
***** Mahalanobis distance (squared): 539 4 147.21165676207264
***** Mahalanobis distance (squared): 539 5 78.55353525775953
***** Mahalanobis distance (squared): 539 6 74.68182417046516
***** Mahalanobis distance (squared): 539 7 38.95042285726838
***** Mahalanobis distance (squared): 539 8 146.24633951828
***** Mahalanobis distance (squared): 539 9 199.2040682242622
***** Mahalanobis distance (squared): 539 10 4.431928317919584
***** Mahalanobis distance (squared): 539 11 17.01691147690613
***** Mahalanobis distance (squared): 539 12 148.11170565146176
***** Mahalanobis distance (squared): 540 1 104.73633340488247
***** Mahalanobis distance (squared): 540 2 131.27068053144976
***** Mahalanobis distance (squared): 540 3 20.003865699504463
***** Mahalanobis distance (squared): 540 4 2.074805481145092
***** Mahalanobis distance (squared): 540 5 11.416059066129945
***** Mahalanobis distance (squared): 540 6 12.297382469808404
***** Mahalanobis distance (squared): 540 7 81.30207231290721
***** Mahalanobis distance (squared): 540 8 2.391548932686903
***** Mahalanobis distance (squared): 540 9 11.058115930111489
***** Mahalanobis distance (squared): 540 10 101.31049426983856
***** Mahalanobis distance (squared): 540 11 106.31734350597372
***** Mahalanobis distance (squared): 540 12 2.4986262065179163
***** Mahalanobis distance (squared): 541 1 39.057638647996725
***** Mahalanobis distance (squared): 541 2 19.30859119576115
***** Mahalanobis distance (squared): 541 3 80.39878785639958
***** Mahalanobis distance (squared): 541 4 97.54459870576767
***** Mahalanobis distance (squared): 541 5 52.159851280549425
***** Mahalanobis distance (squared): 541 6 48.027909384711265
***** Mahalanobis distance (squared): 541 7 67.00251862183931
***** Mahalanobis distance (squared): 541 8 99.90691282254433
***** Mahalanobis distance (squared): 541 9 124.04958132893252
***** Mahalanobis distance (squared): 541 10 11.861277404420289
***** Mahalanobis distance (squared): 541 11 0.8622220324634079
***** Mahalanobis distance (squared): 541 12 84.61600061857827
***** Mahalanobis distance (squared): 542 1 14.475256375749826
***** Mahalanobis distance (squared): 542 2 40.127086551373445
***** Mahalanobis distance (squared): 542 3 9.643024378177282
***** Mahalanobis distance (squared): 542 4 46.55076877540901
***** Mahalanobis distance (squared): 542 5 16.774537729990417
***** Mahalanobis distance (squared): 542 6 15.642992872093782
***** Mahalanobis distance (squared): 542 7 3.762360411372241
***** Mahalanobis distance (squared): 542 8 43.59983497675345
***** Mahalanobis distance (squared): 542 9 88.7989916241052
***** Mahalanobis distance (squared): 542 10 29.307257140950284
***** Mahalanobis distance (squared): 542 11 59.9123048579819
***** Mahalanobis distance (squared): 542 12 63.8800108667788
***** Mahalanobis distance (squared): 543 1 5.416361654571371
***** Mahalanobis distance (squared): 543 2 1.9157210402742997
***** Mahalanobis distance (squared): 543 3 58.50832269031653
***** Mahalanobis distance (squared): 543 4 102.13878689459177
***** Mahalanobis distance (squared): 543 5 49.4899751077288
***** Mahalanobis distance (squared): 543 6 45.484960729300866
***** Mahalanobis distance (squared): 543 7 23.766733616702503
***** Mahalanobis distance (squared): 543 8 101.4250920689666
***** Mahalanobis distance (squared): 543 9 145.7671467213823
***** Mahalanobis distance (squared): 543 10 0.5872991128685944
***** Mahalanobis distance (squared): 543 11 14.470849755192905
***** Mahalanobis distance (squared): 543 12 107.4254292914965
***** Mahalanobis distance (squared): 544 1 0.45314741343215625
***** Mahalanobis distance (squared): 544 2 9.273435981790836
***** Mahalanobis distance (squared): 544 3 53.33782895176467
***** Mahalanobis distance (squared): 544 4 110.62462359760772
***** Mahalanobis distance (squared): 544 5 57.10554350856109
***** Mahalanobis distance (squared): 544 6 53.38474088388662
***** Mahalanobis distance (squared): 544 7 10.140073228358542
***** Mahalanobis distance (squared): 544 8 107.97235089157753
***** Mahalanobis distance (squared): 544 9 163.2829257894979
***** Mahalanobis distance (squared): 544 10 10.459305347973482
***** Mahalanobis distance (squared): 544 11 40.24572121272005
***** Mahalanobis distance (squared): 544 12 127.87578486545809
***** Mahalanobis distance (squared): 545 1 66.33365717189335
***** Mahalanobis distance (squared): 545 2 88.27804245774018
***** Mahalanobis distance (squared): 545 3 9.863915074465929
***** Mahalanobis distance (squared): 545 4 6.957502491579787
***** Mahalanobis distance (squared): 545 5 1.5643391196183762
***** Mahalanobis distance (squared): 545 6 1.9300073984505455
***** Mahalanobis distance (squared): 545 7 50.44786274415419
***** Mahalanobis distance (squared): 545 8 6.756551798791716
***** Mahalanobis distance (squared): 545 9 25.165620276912655
***** Mahalanobis distance (squared): 545 10 63.60649249755624
***** Mahalanobis distance (squared): 545 11 71.48023111243624
***** Mahalanobis distance (squared): 545 12 7.857074891487708
***** Mahalanobis distance (squared): 546 1 147.02616977558927
***** Mahalanobis distance (squared): 546 2 170.3932366641622
***** Mahalanobis distance (squared): 546 3 48.00086097889405
***** Mahalanobis distance (squared): 546 4 10.89783781128623
***** Mahalanobis distance (squared): 546 5 44.19414544765549
***** Mahalanobis distance (squared): 546 6 41.39631456346268
***** Mahalanobis distance (squared): 546 7 122.94865877565489
***** Mahalanobis distance (squared): 546 8 12.837994365428335
***** Mahalanobis distance (squared): 546 9 3.036018805634596
***** Mahalanobis distance (squared): 546 10 144.31209380309045
***** Mahalanobis distance (squared): 546 11 149.1122432127252
***** Mahalanobis distance (squared): 546 12 23.090305215429826
***** Mahalanobis distance (squared): 547 1 135.75467146356854
***** Mahalanobis distance (squared): 547 2 159.2303815590859
***** Mahalanobis distance (squared): 547 3 38.12745899439297
***** Mahalanobis distance (squared): 547 4 8.304618717960235
***** Mahalanobis distance (squared): 547 5 22.607776759646136
***** Mahalanobis distance (squared): 547 6 24.122191263247622
***** Mahalanobis distance (squared): 547 7 112.57699912007922
***** Mahalanobis distance (squared): 547 8 9.605365847472681
***** Mahalanobis distance (squared): 547 9 10.360634757159582
***** Mahalanobis distance (squared): 547 10 124.74702944116841
***** Mahalanobis distance (squared): 547 11 120.6389893873133
***** Mahalanobis distance (squared): 547 12 1.1475022736731988
***** Mahalanobis distance (squared): 548 1 108.25176738379085
***** Mahalanobis distance (squared): 548 2 141.42364357824826
***** Mahalanobis distance (squared): 548 3 18.40758260636954
***** Mahalanobis distance (squared): 548 4 1.7092044402355502
***** Mahalanobis distance (squared): 548 5 20.8274312168656
***** Mahalanobis distance (squared): 548 6 20.1361800945473
***** Mahalanobis distance (squared): 548 7 79.06747834991991
***** Mahalanobis distance (squared): 548 8 1.4344338437763606
***** Mahalanobis distance (squared): 548 9 9.497570531674128
***** Mahalanobis distance (squared): 548 10 115.34084090179417
***** Mahalanobis distance (squared): 548 11 131.29467721023036
***** Mahalanobis distance (squared): 548 12 15.885320384804437
***** Mahalanobis distance (squared): 549 1 103.19730733786578
***** Mahalanobis distance (squared): 549 2 134.392845067117
***** Mahalanobis distance (squared): 549 3 26.046946912401488
***** Mahalanobis distance (squared): 549 4 12.902100377249516
***** Mahalanobis distance (squared): 549 5 35.13222136468739
***** Mahalanobis distance (squared): 549 6 31.89961640392216
***** Mahalanobis distance (squared): 549 7 76.93703473597839
***** Mahalanobis distance (squared): 549 8 12.680706314034106
***** Mahalanobis distance (squared): 549 9 19.978233697686992
***** Mahalanobis distance (squared): 549 10 115.36564146148592
***** Mahalanobis distance (squared): 549 11 137.78126797964165
***** Mahalanobis distance (squared): 549 12 37.8921151849328
***** Mahalanobis distance (squared): 550 1 83.48973689911799
***** Mahalanobis distance (squared): 550 2 119.39573159976835
***** Mahalanobis distance (squared): 550 3 8.208284971218228
***** Mahalanobis distance (squared): 550 4 5.249368052399333
***** Mahalanobis distance (squared): 550 5 15.523424657958317
***** Mahalanobis distance (squared): 550 6 14.883732817047672
***** Mahalanobis distance (squared): 550 7 54.65791150759468
***** Mahalanobis distance (squared): 550 8 3.8757595836176004
***** Mahalanobis distance (squared): 550 9 21.99379715316926
***** Mahalanobis distance (squared): 550 10 96.69231654091907
***** Mahalanobis distance (squared): 550 11 120.29166350197805
***** Mahalanobis distance (squared): 550 12 23.723365810565394
***** Mahalanobis distance (squared): 551 1 3.8013196973365377
***** Mahalanobis distance (squared): 551 2 1.6933178677536256
***** Mahalanobis distance (squared): 551 3 70.22327890310994
***** Mahalanobis distance (squared): 551 4 124.36151868953844
***** Mahalanobis distance (squared): 551 5 66.1476446306909
***** Mahalanobis distance (squared): 551 6 61.58467735823975
***** Mahalanobis distance (squared): 551 7 23.149994851793085
***** Mahalanobis distance (squared): 551 8 122.89256146336082
***** Mahalanobis distance (squared): 551 9 174.132286378664
***** Mahalanobis distance (squared): 551 10 4.397027257094192
***** Mahalanobis distance (squared): 551 11 25.110406518652137
***** Mahalanobis distance (squared): 551 12 135.1389398347061
***** Mahalanobis distance (squared): 552 1 108.84410302185073
***** Mahalanobis distance (squared): 552 2 142.29546402074192
***** Mahalanobis distance (squared): 552 3 18.33827515988348
***** Mahalanobis distance (squared): 552 4 1.6158921221398685
***** Mahalanobis distance (squared): 552 5 20.665913263829964
***** Mahalanobis distance (squared): 552 6 20.085499897631127
***** Mahalanobis distance (squared): 552 7 79.37926199719135
***** Mahalanobis distance (squared): 552 8 1.3137647056460204
***** Mahalanobis distance (squared): 552 9 9.517461622907707
***** Mahalanobis distance (squared): 552 10 115.93331006276203
***** Mahalanobis distance (squared): 552 11 131.8352321795202
***** Mahalanobis distance (squared): 552 12 15.516951286183984
***** Mahalanobis distance (squared): 553 1 33.054282111359335
***** Mahalanobis distance (squared): 553 2 17.40130455747599
***** Mahalanobis distance (squared): 553 3 80.47334390811552
***** Mahalanobis distance (squared): 553 4 108.77258993942024
***** Mahalanobis distance (squared): 553 5 53.220009558332315
***** Mahalanobis distance (squared): 553 6 50.65889344155032
***** Mahalanobis distance (squared): 553 7 59.33675698130801
***** Mahalanobis distance (squared): 553 8 110.01727504691745
***** Mahalanobis distance (squared): 553 9 144.35625961492596
***** Mahalanobis distance (squared): 553 10 8.989551792411755
***** Mahalanobis distance (squared): 553 11 1.764930531441343
***** Mahalanobis distance (squared): 553 12 93.77406852781571
***** Mahalanobis distance (squared): 554 1 2.8708372199035384
***** Mahalanobis distance (squared): 554 2 19.704376645877232
***** Mahalanobis distance (squared): 554 3 30.67815717628704
***** Mahalanobis distance (squared): 554 4 79.21594369365987
***** Mahalanobis distance (squared): 554 5 37.966961681589154
***** Mahalanobis distance (squared): 554 6 34.90995132012161
***** Mahalanobis distance (squared): 554 7 3.119842352623697
***** Mahalanobis distance (squared): 554 8 76.38502361870674
***** Mahalanobis distance (squared): 554 9 126.85426722285861
***** Mahalanobis distance (squared): 554 10 16.781847174740346
***** Mahalanobis distance (squared): 554 11 48.87658294666498
***** Mahalanobis distance (squared): 554 12 99.35398692393443
***** Mahalanobis distance (squared): 555 1 4.623092309171635
***** Mahalanobis distance (squared): 555 2 1.3716872184458666
***** Mahalanobis distance (squared): 555 3 61.293077347729124
***** Mahalanobis distance (squared): 555 4 107.41851166825496
***** Mahalanobis distance (squared): 555 5 53.83627882728309
***** Mahalanobis distance (squared): 555 6 49.54796942257987
***** Mahalanobis distance (squared): 555 7 23.30571502160105
***** Mahalanobis distance (squared): 555 8 106.53870648616733
***** Mahalanobis distance (squared): 555 9 152.32531710954902
***** Mahalanobis distance (squared): 555 10 1.3632698167870496
***** Mahalanobis distance (squared): 555 11 17.204899807839936
***** Mahalanobis distance (squared): 555 12 114.65221442655852
***** Mahalanobis distance (squared): 556 1 1.3912625944333559
***** Mahalanobis distance (squared): 556 2 7.482348003289846
***** Mahalanobis distance (squared): 556 3 45.88997894571633
***** Mahalanobis distance (squared): 556 4 93.41356687644351
***** Mahalanobis distance (squared): 556 5 46.72979867473289
***** Mahalanobis distance (squared): 556 6 42.561090228365664
***** Mahalanobis distance (squared): 556 7 11.615286616067372
***** Mahalanobis distance (squared): 556 8 91.62735029233966
***** Mahalanobis distance (squared): 556 9 139.2257731902123
***** Mahalanobis distance (squared): 556 10 7.272618020403686
***** Mahalanobis distance (squared): 556 11 32.018200228006876
***** Mahalanobis distance (squared): 556 12 108.84783442392687
***** Mahalanobis distance (squared): 557 1 34.85986323403804
***** Mahalanobis distance (squared): 557 2 57.70164336612967
***** Mahalanobis distance (squared): 557 3 6.01829794764735
***** Mahalanobis distance (squared): 557 4 24.65600265828852
***** Mahalanobis distance (squared): 557 5 1.984685878408643
***** Mahalanobis distance (squared): 557 6 2.549871770159283
***** Mahalanobis distance (squared): 557 7 22.683119350371634
***** Mahalanobis distance (squared): 557 8 23.022628542367933
***** Mahalanobis distance (squared): 557 9 57.103951451505175
***** Mahalanobis distance (squared): 557 10 38.14749034393991
***** Mahalanobis distance (squared): 557 11 54.52958572156272
***** Mahalanobis distance (squared): 557 12 28.623061790596058
***** Mahalanobis distance (squared): 558 1 139.425085872683
***** Mahalanobis distance (squared): 558 2 162.97535490455363
***** Mahalanobis distance (squared): 558 3 41.636970810770364
***** Mahalanobis distance (squared): 558 4 6.723647189869085
***** Mahalanobis distance (squared): 558 5 36.08308366622834
***** Mahalanobis distance (squared): 558 6 34.04576684553151
***** Mahalanobis distance (squared): 558 7 115.5450935164977
***** Mahalanobis distance (squared): 558 8 8.480147063966715
***** Mahalanobis distance (squared): 558 9 1.1975392943163485
***** Mahalanobis distance (squared): 558 10 135.6437710873656
***** Mahalanobis distance (squared): 558 11 139.37108620809303
***** Mahalanobis distance (squared): 558 12 15.78825716650878
***** Mahalanobis distance (squared): 559 1 124.17298956097095
***** Mahalanobis distance (squared): 559 2 148.90702021542438
***** Mahalanobis distance (squared): 559 3 31.948986939644925
***** Mahalanobis distance (squared): 559 4 7.977013995221036
***** Mahalanobis distance (squared): 559 5 17.558780435345618
***** Mahalanobis distance (squared): 559 6 19.435161776854557
***** Mahalanobis distance (squared): 559 7 101.01455832315081
***** Mahalanobis distance (squared): 559 8 8.787831173094478
***** Mahalanobis distance (squared): 559 9 14.254165292289112
***** Mahalanobis distance (squared): 559 10 115.0479379798133
***** Mahalanobis distance (squared): 559 11 113.35388136242727
***** Mahalanobis distance (squared): 559 12 1.1176445704979574
***** Mahalanobis distance (squared): 560 1 104.69322813244877
***** Mahalanobis distance (squared): 560 2 139.18025208160347
***** Mahalanobis distance (squared): 560 3 14.624339157621392
***** Mahalanobis distance (squared): 560 4 1.6258650560210817
***** Mahalanobis distance (squared): 560 5 13.694184658694605
***** Mahalanobis distance (squared): 560 6 14.71369872815862
***** Mahalanobis distance (squared): 560 7 74.848187401223
***** Mahalanobis distance (squared): 560 8 0.9358516633786669
***** Mahalanobis distance (squared): 560 9 13.856723785045101
***** Mahalanobis distance (squared): 560 10 109.9376848002024
***** Mahalanobis distance (squared): 560 11 123.85129759217266
***** Mahalanobis distance (squared): 560 12 9.411789896303347
***** Mahalanobis distance (squared): 561 1 46.57357369054397
***** Mahalanobis distance (squared): 561 2 69.48859597967088
***** Mahalanobis distance (squared): 561 3 7.27217284633174
***** Mahalanobis distance (squared): 561 4 18.92149983712637
***** Mahalanobis distance (squared): 561 5 0.6706684083091743
***** Mahalanobis distance (squared): 561 6 1.6654972056455597
***** Mahalanobis distance (squared): 561 7 32.79047830971925
***** Mahalanobis distance (squared): 561 8 17.70094730726759
***** Mahalanobis distance (squared): 561 9 47.338921524477456
***** Mahalanobis distance (squared): 561 10 47.082934475988594
***** Mahalanobis distance (squared): 561 11 59.69309889668319
***** Mahalanobis distance (squared): 561 12 19.874020162458336
***** Mahalanobis distance (squared): 562 1 32.67639294743848
***** Mahalanobis distance (squared): 562 2 62.9438860082034
***** Mahalanobis distance (squared): 562 3 1.2825189294134935
***** Mahalanobis distance (squared): 562 4 24.696058333013443
***** Mahalanobis distance (squared): 562 5 7.89692414306152
***** Mahalanobis distance (squared): 562 6 7.457857453358
***** Mahalanobis distance (squared): 562 7 14.693161161731721
***** Mahalanobis distance (squared): 562 8 22.15790054809265
***** Mahalanobis distance (squared): 562 9 58.925864961255826
***** Mahalanobis distance (squared): 562 10 46.81113459945688
***** Mahalanobis distance (squared): 562 11 74.67295996555971
***** Mahalanobis distance (squared): 562 12 40.957981597900115
***** Mahalanobis distance (squared): 563 1 28.82203975014431
***** Mahalanobis distance (squared): 563 2 8.841765215994792
***** Mahalanobis distance (squared): 563 3 140.39015818819135
***** Mahalanobis distance (squared): 563 4 205.26360608645598
***** Mahalanobis distance (squared): 563 5 128.65157672684887
***** Mahalanobis distance (squared): 563 6 122.00365671270681
***** Mahalanobis distance (squared): 563 7 67.43318801992027
***** Mahalanobis distance (squared): 563 8 204.76610141748833
***** Mahalanobis distance (squared): 563 9 259.79396232663385
***** Mahalanobis distance (squared): 563 10 19.86199598805665
***** Mahalanobis distance (squared): 563 11 33.73071785584671
***** Mahalanobis distance (squared): 563 12 211.1782078203821
***** Mahalanobis distance (squared): 564 1 80.4981890693186
***** Mahalanobis distance (squared): 564 2 110.6449160060269
***** Mahalanobis distance (squared): 564 3 8.161412467442567
***** Mahalanobis distance (squared): 564 4 1.698824136039202
***** Mahalanobis distance (squared): 564 5 8.348113714941535
***** Mahalanobis distance (squared): 564 6 8.130130196557458
***** Mahalanobis distance (squared): 564 7 56.25739440500266
***** Mahalanobis distance (squared): 564 8 1.0289310220891612
***** Mahalanobis distance (squared): 564 9 16.76225402638508
***** Mahalanobis distance (squared): 564 10 86.19318646169292
***** Mahalanobis distance (squared): 564 11 101.9417212298737
***** Mahalanobis distance (squared): 564 12 12.367186703625544
***** Mahalanobis distance (squared): 565 1 57.24638488122617
***** Mahalanobis distance (squared): 565 2 37.57662586519032
***** Mahalanobis distance (squared): 565 3 96.00133655203702
***** Mahalanobis distance (squared): 565 4 115.07922546196558
***** Mahalanobis distance (squared): 565 5 60.151304305094996
***** Mahalanobis distance (squared): 565 6 58.65114271569457
***** Mahalanobis distance (squared): 565 7 85.19520289848495
***** Mahalanobis distance (squared): 565 8 117.20706878074851
***** Mahalanobis distance (squared): 565 9 146.00349121992417
***** Mahalanobis distance (squared): 565 10 24.34589410989936
***** Mahalanobis distance (squared): 565 11 6.964355512336421
***** Mahalanobis distance (squared): 565 12 89.981031265626
***** Mahalanobis distance (squared): 566 1 5.345571578908757
***** Mahalanobis distance (squared): 566 2 28.199108750822447
***** Mahalanobis distance (squared): 566 3 32.41438369735211
***** Mahalanobis distance (squared): 566 4 87.70940492693806
***** Mahalanobis distance (squared): 566 5 44.778878377834396
***** Mahalanobis distance (squared): 566 6 42.24911851018687
***** Mahalanobis distance (squared): 566 7 1.3306134499830204
***** Mahalanobis distance (squared): 566 8 83.91023392646174
***** Mahalanobis distance (squared): 566 9 140.28177754694457
***** Mahalanobis distance (squared): 566 10 25.599649070709248
***** Mahalanobis distance (squared): 566 11 64.43529469335539
***** Mahalanobis distance (squared): 566 12 111.85693981342872
***** Mahalanobis distance (squared): 567 1 27.074474564613027
***** Mahalanobis distance (squared): 567 2 26.842520263560107
***** Mahalanobis distance (squared): 567 3 63.191140191883434
***** Mahalanobis distance (squared): 567 4 104.04595285830752
***** Mahalanobis distance (squared): 567 5 43.41052037804061
***** Mahalanobis distance (squared): 567 6 43.714668286662615
***** Mahalanobis distance (squared): 567 7 41.23387077735219
***** Mahalanobis distance (squared): 567 8 103.04588335968215
***** Mahalanobis distance (squared): 567 9 150.9972312237892
***** Mahalanobis distance (squared): 567 10 14.40084051393055
***** Mahalanobis distance (squared): 567 11 18.490599085397427
***** Mahalanobis distance (squared): 567 12 91.40273711466473
***** Mahalanobis distance (squared): 568 1 5.331568497778017
***** Mahalanobis distance (squared): 568 2 3.4071069473196722
***** Mahalanobis distance (squared): 568 3 60.523824627726846
***** Mahalanobis distance (squared): 568 4 108.73113099102757
***** Mahalanobis distance (squared): 568 5 50.949835462038045
***** Mahalanobis distance (squared): 568 6 47.87263210307822
***** Mahalanobis distance (squared): 568 7 23.06194231529767
***** Mahalanobis distance (squared): 568 8 107.55643702125516
***** Mahalanobis distance (squared): 568 9 156.42707643389403
***** Mahalanobis distance (squared): 568 10 1.0096956262459684
***** Mahalanobis distance (squared): 568 11 15.570559785364454
***** Mahalanobis distance (squared): 568 12 111.72417533495
***** Mahalanobis distance (squared): 569 1 49.51291185993113
***** Mahalanobis distance (squared): 569 2 68.13667830628523
***** Mahalanobis distance (squared): 569 3 11.951757082272302
***** Mahalanobis distance (squared): 569 4 20.053126390949103
***** Mahalanobis distance (squared): 569 5 1.1601444520939515
***** Mahalanobis distance (squared): 569 6 2.044571444218812
***** Mahalanobis distance (squared): 569 7 39.00519013205096
***** Mahalanobis distance (squared): 569 8 19.43272106056557
***** Mahalanobis distance (squared): 569 9 46.09784191417872
***** Mahalanobis distance (squared): 569 10 45.197842596739456
***** Mahalanobis distance (squared): 569 11 52.76135508509673
***** Mahalanobis distance (squared): 569 12 17.072057683368303
***** Mahalanobis distance (squared): 570 1 182.25895994239266
***** Mahalanobis distance (squared): 570 2 191.10941006911116
***** Mahalanobis distance (squared): 570 3 80.72461398260583
***** Mahalanobis distance (squared): 570 4 25.83295361401726
***** Mahalanobis distance (squared): 570 5 60.83883071788419
***** Mahalanobis distance (squared): 570 6 57.932967125553226
***** Mahalanobis distance (squared): 570 7 167.99955209857097
***** Mahalanobis distance (squared): 570 8 30.154083769625498
***** Mahalanobis distance (squared): 570 9 6.499716698521925
***** Mahalanobis distance (squared): 570 10 161.08103621889225
***** Mahalanobis distance (squared): 570 11 145.87636093125062
***** Mahalanobis distance (squared): 570 12 22.597004727536806
***** Mahalanobis distance (squared): 571 1 174.38902686917302
***** Mahalanobis distance (squared): 571 2 186.30604174401256
***** Mahalanobis distance (squared): 571 3 71.98607502866572
***** Mahalanobis distance (squared): 571 4 25.266662937561644
***** Mahalanobis distance (squared): 571 5 44.636922912293095
***** Mahalanobis distance (squared): 571 6 45.57821059503818
***** Mahalanobis distance (squared): 571 7 158.51025115076342
***** Mahalanobis distance (squared): 571 8 28.653744504666815
***** Mahalanobis distance (squared): 571 9 15.825621776110836
***** Mahalanobis distance (squared): 571 10 149.13011907324176
***** Mahalanobis distance (squared): 571 11 129.38247528882724
***** Mahalanobis distance (squared): 571 12 7.738530417625507
***** Mahalanobis distance (squared): 572 1 88.68151757277839
***** Mahalanobis distance (squared): 572 2 119.44040500608169
***** Mahalanobis distance (squared): 572 3 12.202936398991904
***** Mahalanobis distance (squared): 572 4 2.1337908926107745
***** Mahalanobis distance (squared): 572 5 14.90576843611954
***** Mahalanobis distance (squared): 572 6 13.822093160919898
***** Mahalanobis distance (squared): 572 7 63.2115797717732
***** Mahalanobis distance (squared): 572 8 1.6710364107259954
***** Mahalanobis distance (squared): 572 9 13.800835944345755
***** Mahalanobis distance (squared): 572 10 96.09676549444585
***** Mahalanobis distance (squared): 572 11 113.40558795047919
***** Mahalanobis distance (squared): 572 12 16.949575393629665
***** Mahalanobis distance (squared): 573 1 34.46376139385412
***** Mahalanobis distance (squared): 573 2 49.15812388723802
***** Mahalanobis distance (squared): 573 3 9.714409438445504
***** Mahalanobis distance (squared): 573 4 19.10593760565579
***** Mahalanobis distance (squared): 573 5 3.8890539414739997
***** Mahalanobis distance (squared): 573 6 2.073835745423268
***** Mahalanobis distance (squared): 573 7 28.246701612454093
***** Mahalanobis distance (squared): 573 8 18.85696395605402
***** Mahalanobis distance (squared): 573 9 42.806746684073815
***** Mahalanobis distance (squared): 573 10 33.121034029701015
***** Mahalanobis distance (squared): 573 11 44.89736621280571
***** Mahalanobis distance (squared): 573 12 25.56665712465031
***** Mahalanobis distance (squared): 574 1 33.96019377575615
***** Mahalanobis distance (squared): 574 2 63.0442170734776
***** Mahalanobis distance (squared): 574 3 6.732509310852761
***** Mahalanobis distance (squared): 574 4 34.73013268586134
***** Mahalanobis distance (squared): 574 5 7.103823132233088
***** Mahalanobis distance (squared): 574 6 8.641736060186322
***** Mahalanobis distance (squared): 574 7 17.807903720759025
***** Mahalanobis distance (squared): 574 8 31.928433745031054
***** Mahalanobis distance (squared): 574 9 74.33714875722545
***** Mahalanobis distance (squared): 574 10 43.4216276758788
***** Mahalanobis distance (squared): 574 11 66.5267599954872
***** Mahalanobis distance (squared): 574 12 41.17561095554225
***** Mahalanobis distance (squared): 575 1 7.200377031798785
***** Mahalanobis distance (squared): 575 2 5.778739012671101
***** Mahalanobis distance (squared): 575 3 57.03420942001524
***** Mahalanobis distance (squared): 575 4 102.6819515253826
***** Mahalanobis distance (squared): 575 5 45.65054411941527
***** Mahalanobis distance (squared): 575 6 43.15488648513106
***** Mahalanobis distance (squared): 575 7 23.843569377578383
***** Mahalanobis distance (squared): 575 8 101.59975409159298
***** Mahalanobis distance (squared): 575 9 149.40406773245823
***** Mahalanobis distance (squared): 575 10 1.3096234045859605
***** Mahalanobis distance (squared): 575 11 13.772713543530402
***** Mahalanobis distance (squared): 575 12 102.98779171788904
***** Mahalanobis distance (squared): 576 1 59.90246610142054
***** Mahalanobis distance (squared): 576 2 80.41473063151982
***** Mahalanobis distance (squared): 576 3 9.444672801156914
***** Mahalanobis distance (squared): 576 4 6.262466118647006
***** Mahalanobis distance (squared): 576 5 6.535670267255279
***** Mahalanobis distance (squared): 576 6 4.700355488138412
***** Mahalanobis distance (squared): 576 7 45.575642160468206
***** Mahalanobis distance (squared): 576 8 6.292908874531356
***** Mahalanobis distance (squared): 576 9 21.667978463512604
***** Mahalanobis distance (squared): 576 10 60.970518996109064
***** Mahalanobis distance (squared): 576 11 73.42163654174645
***** Mahalanobis distance (squared): 576 12 16.28650681458309
***** Mahalanobis distance (squared): 577 1 42.2463986612375
***** Mahalanobis distance (squared): 577 2 33.27295208905926
***** Mahalanobis distance (squared): 577 3 52.30763411625818
***** Mahalanobis distance (squared): 577 4 60.91191433397412
***** Mahalanobis distance (squared): 577 5 26.338268945489467
***** Mahalanobis distance (squared): 577 6 24.104318633946786
***** Mahalanobis distance (squared): 577 7 58.057375132352924
***** Mahalanobis distance (squared): 577 8 62.7917749011838
***** Mahalanobis distance (squared): 577 9 83.97183132278599
***** Mahalanobis distance (squared): 577 10 18.740978403596625
***** Mahalanobis distance (squared): 577 11 9.327658311851229
***** Mahalanobis distance (squared): 577 12 47.55722640113846
***** Mahalanobis distance (squared): 578 1 7.61695007951887
***** Mahalanobis distance (squared): 578 2 30.83138731882371
***** Mahalanobis distance (squared): 578 3 18.48162898424965
***** Mahalanobis distance (squared): 578 4 64.04706786409817
***** Mahalanobis distance (squared): 578 5 25.519294374487785
***** Mahalanobis distance (squared): 578 6 24.236692274392922
***** Mahalanobis distance (squared): 578 7 1.0414214387758804
***** Mahalanobis distance (squared): 578 8 60.77373634491589
***** Mahalanobis distance (squared): 578 9 111.78400036784436
***** Mahalanobis distance (squared): 578 10 22.704252437270984
***** Mahalanobis distance (squared): 578 11 54.75563074811987
***** Mahalanobis distance (squared): 578 12 81.14537203724834
***** Mahalanobis distance (squared): 579 1 12.31937289727305
***** Mahalanobis distance (squared): 579 2 14.693217377019081
***** Mahalanobis distance (squared): 579 3 33.36760019676649
***** Mahalanobis distance (squared): 579 4 62.25200640232211
***** Mahalanobis distance (squared): 579 5 21.711103982228625
***** Mahalanobis distance (squared): 579 6 19.384974022895268
***** Mahalanobis distance (squared): 579 7 21.831497883547183
***** Mahalanobis distance (squared): 579 8 61.87955483154192
***** Mahalanobis distance (squared): 579 9 98.21350180261328
***** Mahalanobis distance (squared): 579 10 5.331781498557511
***** Mahalanobis distance (squared): 579 11 14.47039893649392
***** Mahalanobis distance (squared): 579 12 62.74357115038937
***** Mahalanobis distance (squared): 580 1 1.8189031596932568
***** Mahalanobis distance (squared): 580 2 8.35048084535433
***** Mahalanobis distance (squared): 580 3 44.5728197779931
***** Mahalanobis distance (squared): 580 4 91.1320079790211
***** Mahalanobis distance (squared): 580 5 45.97595011428808
***** Mahalanobis distance (squared): 580 6 41.69294200425182
***** Mahalanobis distance (squared): 580 7 11.440507378584934
***** Mahalanobis distance (squared): 580 8 89.37230017545116
***** Mahalanobis distance (squared): 580 9 136.17250942692016
***** Mahalanobis distance (squared): 580 10 8.148883236245783
***** Mahalanobis distance (squared): 580 11 33.249075575072034
***** Mahalanobis distance (squared): 580 12 107.37111524125505
***** Mahalanobis distance (squared): 581 1 66.97543981820266
***** Mahalanobis distance (squared): 581 2 78.72146715037715
***** Mahalanobis distance (squared): 581 3 20.731135755238544
***** Mahalanobis distance (squared): 581 4 13.184862940620123
***** Mahalanobis distance (squared): 581 5 4.648782420415386
***** Mahalanobis distance (squared): 581 6 4.274944165336081
***** Mahalanobis distance (squared): 581 7 59.73895473750313
***** Mahalanobis distance (squared): 581 8 14.192626139204263
***** Mahalanobis distance (squared): 581 9 27.647226518950507
***** Mahalanobis distance (squared): 581 10 54.91160203584384
***** Mahalanobis distance (squared): 581 11 53.542378438055344
***** Mahalanobis distance (squared): 581 12 7.569834329525596
***** Mahalanobis distance (squared): 582 1 157.45944161855257
***** Mahalanobis distance (squared): 582 2 179.56854802205405
***** Mahalanobis distance (squared): 582 3 50.083053557851734
***** Mahalanobis distance (squared): 582 4 8.696335787422298
***** Mahalanobis distance (squared): 582 5 37.424918457649156
***** Mahalanobis distance (squared): 582 6 36.887407866966036
***** Mahalanobis distance (squared): 582 7 133.36419771988275
***** Mahalanobis distance (squared): 582 8 10.922015433999182
***** Mahalanobis distance (squared): 582 9 0.785135268593178
***** Mahalanobis distance (squared): 582 10 147.00955490344083
***** Mahalanobis distance (squared): 582 11 142.8265082410071
***** Mahalanobis distance (squared): 582 12 8.340200836807261
***** Mahalanobis distance (squared): 583 1 136.57388205194854
***** Mahalanobis distance (squared): 583 2 155.75826863236858
***** Mahalanobis distance (squared): 583 3 42.31792681922593
***** Mahalanobis distance (squared): 583 4 9.36128502604357
***** Mahalanobis distance (squared): 583 5 24.369502131388124
***** Mahalanobis distance (squared): 583 6 25.2230438790862
***** Mahalanobis distance (squared): 583 7 116.82902612604275
***** Mahalanobis distance (squared): 583 8 11.258655207484411
***** Mahalanobis distance (squared): 583 9 8.652261358191863
***** Mahalanobis distance (squared): 583 10 122.16440966702227
***** Mahalanobis distance (squared): 583 11 114.67221338717985
***** Mahalanobis distance (squared): 583 12 0.9524897857039311
***** Mahalanobis distance (squared): 584 1 129.48198359378378
***** Mahalanobis distance (squared): 584 2 157.6152623134115
***** Mahalanobis distance (squared): 584 3 30.008693819141538
***** Mahalanobis distance (squared): 584 4 2.0029133514619537
***** Mahalanobis distance (squared): 584 5 23.09076453764692
***** Mahalanobis distance (squared): 584 6 23.273571538894
***** Mahalanobis distance (squared): 584 7 102.50071162083853
***** Mahalanobis distance (squared): 584 8 2.8382793561430932
***** Mahalanobis distance (squared): 584 9 3.5664260395854748
***** Mahalanobis distance (squared): 584 10 126.64624915935772
***** Mahalanobis distance (squared): 584 11 131.20698446427224
***** Mahalanobis distance (squared): 584 12 5.723229230492822
***** Mahalanobis distance (squared): 585 1 52.43926872265327
***** Mahalanobis distance (squared): 585 2 65.95466045877451
***** Mahalanobis distance (squared): 585 3 13.762332068931654
***** Mahalanobis distance (squared): 585 4 12.783664165058536
***** Mahalanobis distance (squared): 585 5 2.473339717842709
***** Mahalanobis distance (squared): 585 6 1.4577502009901337
***** Mahalanobis distance (squared): 585 7 45.02272421139036
***** Mahalanobis distance (squared): 585 8 13.252924366593104
***** Mahalanobis distance (squared): 585 9 30.71870355636124
***** Mahalanobis distance (squared): 585 10 45.33775868972181
***** Mahalanobis distance (squared): 585 11 49.87510037995428
***** Mahalanobis distance (squared): 585 12 12.819323557843841
***** Mahalanobis distance (squared): 586 1 45.17739064721041
***** Mahalanobis distance (squared): 586 2 71.60540276624465
***** Mahalanobis distance (squared): 586 3 1.7926373389355346
***** Mahalanobis distance (squared): 586 4 12.13257439974642
***** Mahalanobis distance (squared): 586 5 2.6864178651361383
***** Mahalanobis distance (squared): 586 6 2.181880059574493
***** Mahalanobis distance (squared): 586 7 28.018929122858964
***** Mahalanobis distance (squared): 586 8 10.748547368180171
***** Mahalanobis distance (squared): 586 9 37.84022112261737
***** Mahalanobis distance (squared): 586 10 52.33339168240016
***** Mahalanobis distance (squared): 586 11 71.81267913899893
***** Mahalanobis distance (squared): 586 12 23.248496700103683
***** Mahalanobis distance (squared): 587 1 7.445703159372264
***** Mahalanobis distance (squared): 587 2 1.868097899272973
***** Mahalanobis distance (squared): 587 3 60.31759977181045
***** Mahalanobis distance (squared): 587 4 100.4482487567225
***** Mahalanobis distance (squared): 587 5 51.08932928175037
***** Mahalanobis distance (squared): 587 6 46.32618031810828
***** Mahalanobis distance (squared): 587 7 27.091823741081594
***** Mahalanobis distance (squared): 587 8 100.16501359160422
***** Mahalanobis distance (squared): 587 9 140.9215148195891
***** Mahalanobis distance (squared): 587 10 1.4994786105348379
***** Mahalanobis distance (squared): 587 11 14.186579209114772
***** Mahalanobis distance (squared): 587 12 106.92146601258187
***** Mahalanobis distance (squared): 588 1 84.41657376568301
***** Mahalanobis distance (squared): 588 2 112.22849440447706
***** Mahalanobis distance (squared): 588 3 11.68060928436808
***** Mahalanobis distance (squared): 588 4 1.275584461902115
***** Mahalanobis distance (squared): 588 5 11.407770631104286
***** Mahalanobis distance (squared): 588 6 10.410143668688011
***** Mahalanobis distance (squared): 588 7 61.62149667779245
***** Mahalanobis distance (squared): 588 8 1.0871508458408945
***** Mahalanobis distance (squared): 588 9 12.874225032014865
***** Mahalanobis distance (squared): 588 10 88.6801955145056
***** Mahalanobis distance (squared): 588 11 102.8821854664034
***** Mahalanobis distance (squared): 588 12 12.930961546137999
***** Mahalanobis distance (squared): 589 1 40.81240103110425
***** Mahalanobis distance (squared): 589 2 23.940859635386005
***** Mahalanobis distance (squared): 589 3 85.77225098606355
***** Mahalanobis distance (squared): 589 4 111.64351940177193
***** Mahalanobis distance (squared): 589 5 55.45365208124831
***** Mahalanobis distance (squared): 589 6 53.386774680531325
***** Mahalanobis distance (squared): 589 7 67.65708371909818
***** Mahalanobis distance (squared): 589 8 113.12604231419563
***** Mahalanobis distance (squared): 589 9 146.2612441025663
***** Mahalanobis distance (squared): 589 10 13.751912487184015
***** Mahalanobis distance (squared): 589 11 3.1157968199911337
***** Mahalanobis distance (squared): 589 12 92.81524884916526
***** Mahalanobis distance (squared): 590 1 5.039863909016826
***** Mahalanobis distance (squared): 590 2 23.909587270658786
***** Mahalanobis distance (squared): 590 3 21.528422511561867
***** Mahalanobis distance (squared): 590 4 65.96806825160597
***** Mahalanobis distance (squared): 590 5 25.58263114333763
***** Mahalanobis distance (squared): 590 6 23.928912818635315
***** Mahalanobis distance (squared): 590 7 2.336837985082466
***** Mahalanobis distance (squared): 590 8 63.158785611555686
***** Mahalanobis distance (squared): 590 9 112.59531643038935
***** Mahalanobis distance (squared): 590 10 16.50544864270608
***** Mahalanobis distance (squared): 590 11 45.096967036654696
***** Mahalanobis distance (squared): 590 12 80.68412535382556
***** Mahalanobis distance (squared): 591 1 23.918387386940736
***** Mahalanobis distance (squared): 591 2 4.734373708423538
***** Mahalanobis distance (squared): 591 3 98.68352128509471
***** Mahalanobis distance (squared): 591 4 140.15433727124653
***** Mahalanobis distance (squared): 591 5 77.32827010614069
***** Mahalanobis distance (squared): 591 6 72.61382313297062
***** Mahalanobis distance (squared): 591 7 56.572305312463534
***** Mahalanobis distance (squared): 591 8 140.97118560695333
***** Mahalanobis distance (squared): 591 9 181.77325108681842
***** Mahalanobis distance (squared): 591 10 5.0075578433489065
***** Mahalanobis distance (squared): 591 11 5.405707282094788
***** Mahalanobis distance (squared): 591 12 134.12386808433618
***** Mahalanobis distance (squared): 592 1 2.452057294401967
***** Mahalanobis distance (squared): 592 2 4.202401433423037
***** Mahalanobis distance (squared): 592 3 48.93032217043539
***** Mahalanobis distance (squared): 592 4 93.92652246021036
***** Mahalanobis distance (squared): 592 5 43.796910644141
***** Mahalanobis distance (squared): 592 6 40.14944547669062
***** Mahalanobis distance (squared): 592 7 16.134719309050272
***** Mahalanobis distance (squared): 592 8 92.6553560659156
***** Mahalanobis distance (squared): 592 9 138.78999434158442
***** Mahalanobis distance (squared): 592 10 2.2187778117385855
***** Mahalanobis distance (squared): 592 11 20.534503700820416
***** Mahalanobis distance (squared): 592 12 102.52619754602654
***** Mahalanobis distance (squared): 593 1 46.713680441749574
***** Mahalanobis distance (squared): 593 2 61.12119779044302
***** Mahalanobis distance (squared): 593 3 15.446145406728034
***** Mahalanobis distance (squared): 593 4 22.901165850377353
***** Mahalanobis distance (squared): 593 5 2.2038225276570107
***** Mahalanobis distance (squared): 593 6 2.6102877385642214
***** Mahalanobis distance (squared): 593 7 40.07354292574296
***** Mahalanobis distance (squared): 593 8 22.70799470969816
***** Mahalanobis distance (squared): 593 9 48.01759426191024
***** Mahalanobis distance (squared): 593 10 39.28175216990793
***** Mahalanobis distance (squared): 593 11 43.97992559943135
***** Mahalanobis distance (squared): 593 12 18.235334556468565
***** Mahalanobis distance (squared): 594 1 120.41491026270931
***** Mahalanobis distance (squared): 594 2 139.20651762699532
***** Mahalanobis distance (squared): 594 3 33.87668771447307
***** Mahalanobis distance (squared): 594 4 4.456163710287368
***** Mahalanobis distance (squared): 594 5 19.902432918803445
***** Mahalanobis distance (squared): 594 6 19.559231452139446
***** Mahalanobis distance (squared): 594 7 101.93922645475709
***** Mahalanobis distance (squared): 594 8 6.215405016976118
***** Mahalanobis distance (squared): 594 9 4.614915961216897
***** Mahalanobis distance (squared): 594 10 109.40503042627402
***** Mahalanobis distance (squared): 594 11 106.1670605986746
***** Mahalanobis distance (squared): 594 12 1.908937308179803
***** Mahalanobis distance (squared): 595 1 133.1977291594879
***** Mahalanobis distance (squared): 595 2 151.4436718000215
***** Mahalanobis distance (squared): 595 3 46.092243656403554
***** Mahalanobis distance (squared): 595 4 19.72180446998988
***** Mahalanobis distance (squared): 595 5 23.47792422213814
***** Mahalanobis distance (squared): 595 6 25.988350988317446
***** Mahalanobis distance (squared): 595 7 115.52001569458247
***** Mahalanobis distance (squared): 595 8 21.222178209695354
***** Mahalanobis distance (squared): 595 9 25.303670663207015
***** Mahalanobis distance (squared): 595 10 115.6394050644772
***** Mahalanobis distance (squared): 595 11 105.25725464146925
***** Mahalanobis distance (squared): 595 12 3.5418673200898696
***** Mahalanobis distance (squared): 596 1 99.45441196125272
***** Mahalanobis distance (squared): 596 2 121.36525881615971
***** Mahalanobis distance (squared): 596 3 21.906317151109743
***** Mahalanobis distance (squared): 596 4 3.9309457029547543
***** Mahalanobis distance (squared): 596 5 9.778793641334486
***** Mahalanobis distance (squared): 596 6 10.455642631788363
***** Mahalanobis distance (squared): 596 7 80.36161758352735
***** Mahalanobis distance (squared): 596 8 4.6618211537512835
***** Mahalanobis distance (squared): 596 9 12.71149916619374
***** Mahalanobis distance (squared): 596 10 92.0201052945461
***** Mahalanobis distance (squared): 596 11 93.26386190008651
***** Mahalanobis distance (squared): 596 12 1.083773905093296
***** Mahalanobis distance (squared): 597 1 48.33498822739804
***** Mahalanobis distance (squared): 597 2 63.62768806566761
***** Mahalanobis distance (squared): 597 3 13.829800543845753
***** Mahalanobis distance (squared): 597 4 19.701324887898817
***** Mahalanobis distance (squared): 597 5 1.4483483329264406
***** Mahalanobis distance (squared): 597 6 1.7356892357833467
***** Mahalanobis distance (squared): 597 7 40.545578209326706
***** Mahalanobis distance (squared): 597 8 19.53478597126692
***** Mahalanobis distance (squared): 597 9 43.63049609122099
***** Mahalanobis distance (squared): 597 10 41.633026236658985
***** Mahalanobis distance (squared): 597 11 46.876825434990494
***** Mahalanobis distance (squared): 597 12 16.17906265679293
***** Mahalanobis distance (squared): 598 1 47.807373912878504
***** Mahalanobis distance (squared): 598 2 77.63061980184604
***** Mahalanobis distance (squared): 598 3 2.1423185047373394
***** Mahalanobis distance (squared): 598 4 16.68779537139923
***** Mahalanobis distance (squared): 598 5 2.1847476186470134
***** Mahalanobis distance (squared): 598 6 3.2165670228947327
***** Mahalanobis distance (squared): 598 7 28.171494853890458
***** Mahalanobis distance (squared): 598 8 14.682733625153213
***** Mahalanobis distance (squared): 598 9 46.92426333637594
***** Mahalanobis distance (squared): 598 10 55.68483342816673
***** Mahalanobis distance (squared): 598 11 75.72996070682635
***** Mahalanobis distance (squared): 598 12 24.225234672045172
***** Mahalanobis distance (squared): 599 1 28.217520698265716
***** Mahalanobis distance (squared): 599 2 6.939892891498889
***** Mahalanobis distance (squared): 599 3 94.92339766067464
***** Mahalanobis distance (squared): 599 4 127.31073335134437
***** Mahalanobis distance (squared): 599 5 71.88070288426367
***** Mahalanobis distance (squared): 599 6 66.54151640293964
***** Mahalanobis distance (squared): 599 7 60.98053022941925
***** Mahalanobis distance (squared): 599 8 128.90295458501905
***** Mahalanobis distance (squared): 599 9 162.30306880705007
***** Mahalanobis distance (squared): 599 10 6.3980437048636265
***** Mahalanobis distance (squared): 599 11 3.089688963430187
***** Mahalanobis distance (squared): 599 12 120.98852922397552
***** Mahalanobis distance (squared): 600 1 93.08361776324826
***** Mahalanobis distance (squared): 600 2 116.70995865989396
***** Mahalanobis distance (squared): 600 3 17.786915689292304
***** Mahalanobis distance (squared): 600 4 3.4752995451798947
***** Mahalanobis distance (squared): 600 5 7.582932558401947
***** Mahalanobis distance (squared): 600 6 8.361357390519391
***** Mahalanobis distance (squared): 600 7 73.1508917803294
***** Mahalanobis distance (squared): 600 8 3.8236281570042885
***** Mahalanobis distance (squared): 600 9 14.734038953947662
***** Mahalanobis distance (squared): 600 10 88.02659295678637
***** Mahalanobis distance (squared): 600 11 91.98735927255028
***** Mahalanobis distance (squared): 600 12 2.260162796738852
Computed correct: 0.74
Discriminant3 OK
### executing D:/Praat-work/稳定早期版/test/dwtools/EditCostsTable.praat:
### executing D:/Praat-work/稳定早期版/test/dwtools/KlattSlope.praat:
-17.888026 dB
-15.443032 dB
### executing D:/Praat-work/稳定早期版/test/dwtools/KlattTable.praat:
### executing D:/Praat-work/稳定早期版/test/dwtools/MFCC.praat:
### executing D:/Praat-work/稳定早期版/test/dwtools/SpeechSynthesizer.praat:
testing SpeechSynthesizer...
testing French...
29 27 vwasi le- kle də- tɔ̃ bɔnœʁ
testing Hindi...
7 9 ʌʋʌɡɾəhəh
testing clearing of buffer...
testing appearance of clause and word tiers...
OK
### executing D:/Praat-work/稳定早期版/test/fileSystem/Melder_fopen.praat:
### executing D:/Praat-work/稳定早期版/test/fon/ASR.praat:
### executing D:/Praat-work/稳定早期版/test/fon/Formant.praat:
### executing D:/Praat-work/稳定早期版/test/fon/FormantGrid.praat:
### executing D:/Praat-work/稳定早期版/test/fon/Harmonicity.praat:
--undefined--
### executing D:/Praat-work/稳定早期版/test/fon/LongSound.praat:
Testing `LongSound: Save as stereo WAV file`...
27 seconds...
60 seconds...
110 seconds...
120 seconds...
180 seconds...
205 seconds...
OK
### executing D:/Praat-work/稳定早期版/test/fon/LongSoundEditor_GUI_.praat:
SKIP GUI-only test in batch: D:/Praat-work/稳定早期版/test/fon/LongSoundEditor_GUI_.praat
### executing D:/Praat-work/稳定早期版/test/fon/PitchEditor_GUI_.praat:
SKIP GUI-only test in batch: D:/Praat-work/稳定早期版/test/fon/PitchEditor_GUI_.praat
### executing D:/Praat-work/稳定早期版/test/fon/PitchTier.praat:
PitchTier test
OK
### executing D:/Praat-work/稳定早期版/test/fon/PointEditor_GUI_.praat:
SKIP GUI-only test in batch: D:/Praat-work/稳定早期版/test/fon/PointEditor_GUI_.praat
### executing D:/Praat-work/稳定早期版/test/fon/PointProcess.praat:
### executing D:/Praat-work/稳定早期版/test/fon/RealTier.praat:
RealTier
OK
### executing D:/Praat-work/稳定早期版/test/fon/SoundEditor_GUI_.praat:
SKIP GUI-only test in batch: D:/Praat-work/稳定早期版/test/fon/SoundEditor_GUI_.praat
### executing D:/Praat-work/稳定早期版/test/fon/Sound_concatenate.praat:
### executing D:/Praat-work/稳定早期版/test/fon/Sound_to_Formant.praat:
### executing D:/Praat-work/稳定早期版/test/fon/Sound_to_Pitch.praat:
### executing D:/Praat-work/稳定早期版/test/fon/Sound_to_Spectrogram.praat:
### executing D:/Praat-work/稳定早期版/test/fon/Spectrum.praat:
285 286
### executing D:/Praat-work/稳定早期版/test/fon/Spectrum_draw.praat:
### executing D:/Praat-work/稳定早期版/test/fon/TextGrid.praat:
### executing D:/Praat-work/稳定早期版/test/fon/TextGridEditor_GUI_.praat:
SKIP GUI-only test in batch: D:/Praat-work/稳定早期版/test/fon/TextGridEditor_GUI_.praat
### executing D:/Praat-work/稳定早期版/test/fon/TextGrid_Sound_extractIntervals.praat:
### executing D:/Praat-work/稳定早期版/test/fon/TextGrid_wordBoundaries.praat:
### executing D:/Praat-work/稳定早期版/test/fon/closeEditor_GUI_.praat:
SKIP GUI-only test in batch: D:/Praat-work/稳定早期版/test/fon/closeEditor_GUI_.praat
### executing D:/Praat-work/稳定早期版/test/fon/data.praat:
Data test
Sound
Pitch
Formant
Spectrogram
Cochleagram
MelSpectrogram
BarkSpectrogram
PointProcess
PitchTier
Manipulation
Matrix
Speaker
OTGrammar
Table
TableOfReal
EditDistanceTable
FFNet
Discriminant
DTW
TextGrid
Network
text Collection
short text Collection
binary Collection
OK (2.170 seconds)
### executing D:/Praat-work/稳定早期版/test/fon/endian.praat:
Endian...
Optimized:
0.038 0.038 0.050 0.036
0.038 0.037 0.050 0.035
Portable:
0.038 0.037 0.119 0.035
0.038 0.036 0.121 0.035
Native:
0.037 0.036 0.048 0.036
0.038 0.036 0.049 0.036
OK
### executing D:/Praat-work/稳定早期版/test/fon/fftSpeed.praat:
FFT speed:
0.626 seconds
### executing D:/Praat-work/稳定早期版/test/fon/fourier.praat:
Fourier test
Low sampling frequencies:
..................................................
Random sampling frequencies:
..................................................
Fourier test SUCCEEDED.
### executing D:/Praat-work/稳定早期版/test/fon/manual_Script.cpp.praat:
fon/manual_Script.cpp.praat OK
### executing D:/Praat-work/稳定早期版/test/fon/manual_formulas.cpp.praat:
fon/manual_formulas.cpp.praat OK
### executing D:/Praat-work/稳定早期版/test/fon/pitch.praat:
Pitch test
76.1 -0.034131 -0.034128 0.045%
77.1 0.032443 0.032588 0.042%
78.1 -0.036703 -0.035602 0.047%
79.1 0.034530 0.036361 0.046%
80.1 0.015799 0.018353 0.023%
81.1 0.003150 0.003806 0.005%
82.1 0.002937 0.004076 0.005%
83.1 0.003977 0.005808 0.007%
84.1 -0.002106 -0.001314 0.003%
85.1 -0.001695 -0.000886 0.002%
86.1 0.000890 0.002013 0.002%
87.1 -0.000055 0.000342 0.0004%
88.1 -0.001130 -0.000639 0.001%
89.1 -0.000260 0.000549 0.0006%
90.1 0.000224 0.000327 0.0004%
91.1 0.000099 0.001044 0.001%
92.1 -0.000149 0.000433 0.0005%
93.1 -0.000080 0.000182 0.0002%
94.1 -0.000180 0.000072 0.0002%
95.1 -0.000183 -0.000135 0.0002%
96.1 -0.000164 0.000181 0.0002%
97.1 -0.000075 0.000256 0.0003%
98.1 -0.000094 -0.000044 0.00010%
99.1 -0.000127 0.000060 0.0001%
100.1 0.000055 0.000159 0.0002%
101.1 -0.000198 -0.000021 0.0002%
102.1 0.000247 0.000482 0.0005%
103.1 0.000043 0.000132 0.0001%
104.1 -0.000056 -0.000013 0.00005%
105.1 -0.000084 -0.000044 0.00008%
106.1 -0.000043 -0.000005 0.00004%
107.1 0.000095 0.000153 0.0001%
108.1 0.000412 0.000532 0.0005%
109.1 -0.000166 -0.000108 0.0002%
110.1 0.000147 0.000178 0.0002%
111.1 0.000032 0.000044 0.00004%
112.1 -0.000191 -0.000181 0.0002%
113.1 0.000428 0.000436 0.0004%
114.1 0.000164 0.000172 0.0002%
115.1 -0.000114 -0.000096 0.00010%
116.1 0.000265 0.000294 0.0003%
117.1 0.000194 0.000240 0.0002%
118.1 -0.000226 -0.000191 0.0002%
119.1 -0.000097 -0.000055 0.00008%
120.1 -0.000172 -0.000121 0.0001%
121.1 -0.000390 -0.000257 0.0003%
122.1 -0.000171 -0.000110 0.0001%
123.1 -0.000180 -0.000104 0.0001%
124.1 -0.000275 -0.000192 0.0002%
125.1 0.000181 0.000270 0.0002%
126.1 0.000041 0.000081 0.00006%
127.1 0.000008 0.000041 0.00003%
128.1 -0.000146 -0.000078 0.0001%
129.1 -0.000169 -0.000102 0.0001%
130.1 0.000012 0.000073 0.00006%
131.1 0.000085 0.000132 0.0001%
132.1 0.000313 0.000371 0.0003%
133.1 -0.000322 -0.000211 0.0002%
134.1 0.000115 0.000198 0.0001%
135.1 0.000136 0.000207 0.0002%
136.1 -0.000967 -0.000641 0.0007%
137.1 -0.000057 -0.000034 0.00004%
138.1 -0.000336 -0.000237 0.0002%
139.1 -0.000053 -0.000033 0.00004%
140.1 0.000229 0.000244 0.0002%
141.1 0.000245 0.000325 0.0002%
142.1 0.000054 0.000071 0.00005%
143.1 -0.000381 -0.000305 0.0003%
144.1 -0.000877 -0.000733 0.0006%
145.1 0.000631 0.000744 0.0005%
146.1 0.000393 0.000450 0.0003%
147.1 0.000253 0.000281 0.0002%
148.1 0.000204 0.000208 0.0001%
149.1 0.000203 0.000213 0.0001%
150.1 0.000289 0.000296 0.0002%
151.1 0.000465 0.000466 0.0003%
152.1 0.000740 0.000760 0.0005%
153.1 -0.000794 -0.000776 0.0005%
154.1 -0.000360 -0.000334 0.0002%
155.1 0.000047 0.000051 0.00003%
156.1 0.000274 0.000309 0.0002%
157.1 0.000280 0.000321 0.0002%
158.1 0.000075 0.000087 0.00006%
159.1 -0.000238 -0.000201 0.0001%
160.1 -0.000344 -0.000285 0.0002%
161.1 0.000107 0.000133 0.00008%
162.1 -0.000848 -0.000693 0.0005%
163.1 0.000134 0.000168 0.0001%
164.1 0.000252 0.000301 0.0002%
165.1 -0.000157 -0.000119 0.00010%
166.1 -0.000320 -0.000246 0.0002%
167.1 0.000547 0.000715 0.0004%
168.1 0.000066 0.000086 0.00005%
169.1 0.000222 0.000246 0.0001%
170.1 -0.000318 -0.000238 0.0002%
171.1 0.000092 0.000130 0.00008%
172.1 -0.000156 -0.000122 0.00009%
173.1 0.000232 0.000294 0.0002%
174.1 -0.000340 -0.000256 0.0002%
175.1 0.000357 0.000476 0.0003%
176.1 0.000181 0.000230 0.0001%
177.1 -0.000011 -0.000008 0.000006%
178.1 -0.000164 -0.000138 0.00009%
179.1 -0.000181 -0.000152 0.0001%
180.1 0.000153 0.000178 0.00010%
181.1 -0.000282 -0.000243 0.0002%
182.1 -0.000330 -0.000288 0.0002%
183.1 0.000161 0.000180 0.00010%
184.1 -0.000243 -0.000219 0.0001%
185.1 -0.000112 -0.000111 0.00006%
186.1 0.000034 0.000042 0.00002%
187.1 0.0000006 0.000004 0.000002%
188.1 0.000215 0.000218 0.0001%
189.1 -0.000215 -0.000211 0.0001%
190.1 0.000718 0.000734 0.0004%
191.1 0.000213 0.000224 0.0001%
192.1 -0.000196 -0.000184 0.0001%
193.1 0.000123 0.000138 0.00007%
194.1 -0.000217 -0.000179 0.0001%
195.1 -0.000645 -0.000554 0.0003%
196.1 0.000088 0.000126 0.00006%
197.1 0.000051 0.000090 0.00005%
198.1 0.000224 0.000281 0.0001%
199.1 -0.000251 -0.000200 0.0001%
200.1 0.000118 0.000153 0.00008%
201.1 -0.000216 -0.000185 0.0001%
202.1 -0.000168 -0.000095 0.00008%
203.1 -0.000162 -0.000078 0.00008%
204.1 -0.000493 -0.000338 0.0002%
205.1 -0.000066 0.000026 0.00003%
206.1 0.000396 0.000440 0.0002%
207.1 -0.000007 0.000091 0.00004%
208.1 0.000264 0.000441 0.0002%
209.1 0.000018 0.000121 0.00006%
210.1 0.000216 0.000359 0.0002%
211.1 0.000032 0.000118 0.00006%
212.1 0.000226 0.000392 0.0002%
213.1 -0.000015 0.000088 0.00004%
214.1 0.000319 0.000444 0.0002%
215.1 -0.000063 0.000034 0.00003%
216.1 -0.000335 -0.000198 0.0002%
217.1 -0.000118 -0.000038 0.00005%
218.1 -0.000104 -0.000037 0.00005%
219.1 -0.000160 -0.000104 0.00007%
220.1 0.000066 0.000088 0.00004%
221.1 -0.000149 -0.000125 0.00007%
222.1 0.000141 0.000147 0.00007%
223.1 -0.000061 -0.000046 0.00003%
224.1 0.000075 0.000096 0.00004%
225.1 0.000115 0.000139 0.00006%
277 0.000133 0.000178 0.00006%
377 -0.000024 -0.000005 0.000006%
477 0.000219 0.000292 0.00006%
577 -0.000090 0.000077 0.00002%
677 0.000135 0.000169 0.00002%
777 0.000099 0.000421 0.00005%
877 -0.000361 0.000700 0.00008%
977 0.000085 0.000318 0.00003%
1077 -0.000070 0.000161 0.00001%
1177 -0.001257 0.000646 0.0001%
1277 -0.001700 0.000838 0.0001%
1377 -0.004764 0.004195 0.0003%
1477 -0.002267 0.002243 0.0002%
1577 -0.005931 0.004378 0.0004%
1677 -0.008817 0.007876 0.0005%
1777 -0.000271 0.000990 0.00006%
1877 -0.008727 0.003523 0.0005%
1977 -0.006887 0.014634 0.0007%
2077 -0.001029 -0.000077 0.00005%
2177 -0.020571 0.022681 0.001%
2277 -0.013107 0.019779 0.0009%
2377 -0.002734 0.003860 0.0002%
2477 -0.047500 0.040703 0.002%
2577 -0.007438 0.010052 0.0004%
2677 -0.010327 0.016468 0.0006%
2777 -0.087976 0.090242 0.003%
2877 -0.032061 0.035229 0.001%
2977 -0.016120 0.016389 0.0006%
3077 -0.132030 0.017010 0.004%
3177 -0.095562 0.094839 0.003%
3277 -0.115175 0.114619 0.004%
3377 -0.046272 0.045842 0.001%
3477 -0.033433 0.038009 0.001%
3577 -0.440863 0.422644 0.012%
3677 -1.507532 1.480386 0.041%
3777 -0.238048 0.239629 0.006%
3877 -0.605786 1.351050 0.035%
3977 -0.405017 0.397421 0.010%
4077 -0.066213 0.066846 0.002%
4177 -2.147048 2.082283 0.051%
4277 -1.191391 2.466946 0.058%
4377 -0.834302 0.835375 0.019%
4477 -3.400427 3.377529 0.076%
4577 -1.912970 1.847494 0.042%
4677 -0.890116 0.891964 0.019%
4777 -1.540167 1.535422 0.032%
4877 -0.530641 0.497388 0.011%
4977 -0.633678 0.591911 0.013%
5077 -1.549986 1.455563 0.031%
5177 -0.701213 0.690293 0.014%
5277 -1.348678 1.566416 0.030%
5377 -2.323236 1.938232 0.043%
5477 -0.477726 0.439008 0.009%
5577 -2.000015 2.005731 0.036%
5677 -2.183233 2.080931 0.038%
5777 -0.028012 0.036551 0.0006%
5877 -1.838318 1.856315 0.032%
5977 -1.629804 1.525909 0.027%
6077 -0.295883 0.252232 0.005%
6177 -1.877327 1.770676 0.030%
6277 -1.484551 1.424751 0.024%
6377 -0.741388 0.706475 0.012%
6477 -2.543990 2.565069 0.040%
6577 -1.631680 1.395192 0.025%
6677 -1.483693 1.490856 0.022%
6777 -3.359970 3.380570 0.050%
6877 -1.521750 1.516555 0.022%
6977 -2.344575 2.294852 0.034%
7077 -3.867611 3.846820 0.055%
7177 -1.063488 1.063058 0.015%
7277 -3.059976 2.998778 0.042%
7377 1.656817 3.921833 0.053%
7477 -0.420666 0.400366 0.006%
7577 -3.596872 3.340992 0.047%
7677 -3.352108 3.996803 0.052%
7777 -0.356941 0.324973 0.005%
7877 -4.591383 4.486200 0.058%
7977 -3.886353 3.772241 0.049%
8077 -1.309235 1.198465 0.016%
8177 -4.259024 5.056877 0.062%
8277 -3.706365 3.345978 0.045%
8377 -2.456101 2.369056 0.029%
8477 -6.390796 6.326938 0.075%
8577 -2.571430 3.172615 0.037%
8677 -3.821498 3.255753 0.044%
8777 -7.155727 7.030207 0.082%
8877 -2.328435 2.510657 0.028%
8977 -5.264469 5.279091 0.059%
9077 -7.056146 7.536021 0.083%
9177 -1.397654 1.382744 0.015%
9277 -6.642776 6.533704 0.072%
9377 -7.211914 7.472044 0.080%
9477 -0.017746 0.015375 0.0002%
9577 -7.757454 7.763708 0.081%
9677 -7.132394 -3.033202 0.074%
9777 -1.478366 1.491589 0.015%
9877 -7.765171 8.536229 0.086%
9977 -6.223859 6.215312 0.062%
10077 -3.005305 2.783618 0.030%
10177 -8.948586 7.716059 0.088%
10277 -4.932930 5.034102 0.049%
10377 -4.209853 4.168257 0.041%
10477 -8.958942 8.752552 0.086%
10577 -3.651506 3.131161 0.035%
10677 -5.545714 5.244116 0.052%
10777 -8.879895 8.269474 0.082%
10799.9 -1.141625 0.948168 0.011%
10809.9 -7.437596 5.695054 0.069%
10819.9 -8.318951 8.443225 0.078%
10829.9 -4.368151 4.505509 0.042%
10839.9 -1.077605 0.905467 0.010%
10849.9 -8.277776 7.768626 0.076%
10859.9 -8.331388 7.694432 0.077%
10869.9 -3.194893 1.733963 0.029%
10879.9 -4.325406 3.906291 0.040%
10889.9 -8.576569 8.117615 0.079%
10899.9 -5.685126 7.193337 0.066%
10909.9 -0.925402 1.725374 0.016%
10919.9 -5.188439 5.316463 0.049%
10929.9 6.654068 8.075584 0.074%
10939.9 -7.315338 5.270320 0.067%
10949.9 -1.279187 -0.691881 0.012%
76.1 -0.027875 -0.027400 0.037%
77.1 -0.000990 -0.000480 0.001%
78.1 0.006605 0.019939 0.026%
79.1 -0.042568 -0.005891 0.054%
80.1 0.004639 0.005191 0.006%
81.1 -0.002469 -0.001744 0.003%
82.1 -0.002528 0.001211 0.003%
83.1 0.002235 0.003445 0.004%
84.1 0.002406 0.004049 0.005%
85.1 -0.000571 0.007138 0.008%
86.1 -0.000649 0.002522 0.003%
87.1 0.001648 0.005292 0.006%
88.1 0.001452 0.004301 0.005%
89.1 -0.001929 0.005015 0.006%
90.1 -0.003303 0.000904 0.004%
91.1 -0.000448 0.002121 0.002%
92.1 -0.000756 0.002330 0.003%
93.1 -0.005544 0.031868 0.034%
94.1 0.000200 0.004594 0.005%
95.1 -0.005057 0.002748 0.005%
96.1 -0.017436 0.003575 0.018%
97.1 -0.000285 0.002548 0.003%
98.1 -0.004163 -0.000686 0.004%
99.1 -0.002144 0.001719 0.002%
100.1 0.001210 0.005131 0.005%
101.1 0.000613 0.004847 0.005%
102.1 -0.000512 0.000596 0.0006%
103.1 -0.000965 -0.000112 0.0009%
104.1 -0.045644 -0.000730 0.044%
105.1 -0.001812 0.000807 0.002%
106.1 -0.002848 0.005834 0.005%
107.1 -0.001940 0.007252 0.007%
108.1 -0.000668 0.016003 0.015%
109.1 -0.000198 0.049626 0.045%
110.1 0.000260 0.012338 0.011%
111.1 -0.010384 0.004768 0.009%
112.1 -0.004744 -0.001517 0.004%
113.1 -0.001985 0.002964 0.003%
114.1 -0.000900 0.006521 0.006%
115.1 -0.002067 0.001087 0.002%
116.1 -0.004661 0.075271 0.065%
117.1 0.000063 0.011665 0.010%
118.1 -0.003923 0.000077 0.003%
119.1 -0.000166 0.007001 0.006%
120.1 -0.011047 -0.000553 0.009%
121.1 0.000531 0.005746 0.005%
122.1 -0.020676 0.008446 0.017%
123.1 -0.000065 0.007914 0.006%
124.1 -0.003362 0.014916 0.012%
125.1 0.001586 0.010394 0.008%
126.1 -0.003874 0.002071 0.003%
127.1 -0.020707 0.001946 0.016%
128.1 -0.009398 0.008206 0.007%
129.1 -0.018387 -0.001366 0.014%
130.1 -0.006763 0.003977 0.005%
131.1 0.002004 0.008389 0.006%
132.1 -0.005900 0.010023 0.008%
133.1 -0.010711 0.003064 0.008%
134.1 -0.005046 0.015016 0.011%
135.1 0.000522 0.015711 0.012%
136.1 -0.001853 0.007610 0.006%
137.1 -0.113517 -0.000169 0.083%
138.1 -0.061468 -0.001284 0.045%
139.1 -0.003648 0.011018 0.008%
140.1 -0.002070 0.002281 0.002%
141.1 0.001043 0.056378 0.040%
142.1 -0.004308 0.006588 0.005%
143.1 -0.000945 0.153303 0.107%
144.1 -0.000444 0.012018 0.008%
145.1 -0.000812 0.141618 0.098%
146.1 -0.017108 -0.001129 0.012%
147.1 -0.026925 0.002112 0.018%
148.1 -0.002995 -0.002398 0.002%
149.1 -0.003624 0.004256 0.003%
150.1 -0.002625 -0.001038 0.002%
151.1 -0.000842 0.001406 0.0009%
152.1 -0.006107 -0.000732 0.004%
153.1 -0.012453 0.002259 0.008%
154.1 0.001687 0.004070 0.003%
155.1 -0.004327 0.011283 0.007%
156.1 -0.005433 0.006009 0.004%
157.1 0.001051 0.011235 0.007%
158.1 0.000212 0.000612 0.0004%
159.1 -0.016480 0.004528 0.010%
160.1 -0.005704 0.000491 0.004%
161.1 -0.006985 0.000058 0.004%
162.1 -0.002271 0.003734 0.002%
163.1 -0.001895 0.013008 0.008%
164.1 0.000950 0.013952 0.009%
165.1 -0.024975 0.000345 0.015%
166.1 -0.011207 -0.003783 0.007%
167.1 -0.007891 0.014804 0.009%
168.1 -0.000612 0.050723 0.030%
169.1 -0.008584 0.029823 0.018%
170.1 -0.007020 0.011873 0.007%
171.1 -0.006151 0.002653 0.004%
172.1 -0.009584 0.002821 0.006%
173.1 -0.043729 0.005152 0.025%
174.1 -0.010801 -0.000971 0.006%
175.1 -0.004478 0.007762 0.004%
176.1 0.002506 0.006259 0.004%
177.1 -0.006468 0.009098 0.005%
178.1 -0.023886 -0.001021 0.013%
179.1 -0.000335 0.005677 0.003%
180.1 -0.007002 0.028069 0.016%
181.1 -0.015406 0.003995 0.009%
182.1 -0.013445 0.114449 0.063%
183.1 -0.006624 0.021099 0.012%
184.1 -0.007242 -0.001996 0.004%
185.1 -0.099023 0.012596 0.053%
186.1 -0.003250 0.004901 0.003%
187.1 -0.007380 0.001117 0.004%
188.1 -0.006973 0.011689 0.006%
189.1 -0.014378 -0.001494 0.008%
190.1 -0.007569 0.020718 0.011%
191.1 -0.007186 0.010926 0.006%
192.1 -0.014816 0.003558 0.008%
193.1 0.003021 0.037886 0.020%
194.1 -0.005993 0.001366 0.003%
195.1 -0.005356 0.006169 0.003%
196.1 -0.005967 0.023997 0.012%
197.1 -0.006614 0.002082 0.003%
198.1 -0.002745 0.027269 0.014%
199.1 -0.023504 -0.005207 0.012%
200.1 -0.002644 0.029181 0.015%
201.1 -0.023291 0.005775 0.012%
202.1 0.000069 0.009226 0.005%
203.1 -0.008137 0.019175 0.009%
204.1 -0.022658 0.010190 0.011%
205.1 -0.004471 0.043222 0.021%
206.1 -0.163074 0.013845 0.079%
207.1 -0.002699 0.013728 0.007%
208.1 -0.003727 0.002172 0.002%
209.1 -0.001974 0.009869 0.005%
210.1 -0.127656 0.170944 0.081%
211.1 -0.011568 0.019398 0.009%
212.1 -0.026894 0.003157 0.013%
213.1 -0.004131 0.008531 0.004%
214.1 -0.004751 0.013584 0.006%
215.1 -0.034906 0.017885 0.016%
216.1 -0.003111 0.007645 0.004%
217.1 -0.031875 0.007111 0.015%
218.1 -0.027014 0.069961 0.032%
219.1 -0.038500 0.004595 0.018%
220.1 0.007844 0.044061 0.020%
221.1 -0.003291 0.009188 0.004%
222.1 0.003915 0.005709 0.003%
223.1 -0.014029 -0.002640 0.006%
224.1 0.004220 0.019975 0.009%
225.1 -0.004930 0.000719 0.002%
277 -0.010868 0.000379 0.004%
377 -0.097463 0.043866 0.026%
477 0.019229 0.203645 0.043%
577 0.139832 0.697330 0.121%
677 -0.288426 0.091405 0.043%
777 0.032574 0.226497 0.029%
877 -0.616077 0.078458 0.070%
977 -0.065520 0.247199 0.025%
1077 -0.378439 0.513709 0.048%
1177 -0.104865 0.804838 0.068%
1277 -0.224526 0.814134 0.064%
1377 -0.057651 0.699133 0.051%
1477 -0.156236 1.073083 0.073%
1577 -0.266343 0.287498 0.018%
1677 -0.435956 0.389099 0.026%
1777 -1.139722 0.678589 0.064%
1877 -0.197784 0.273358 0.015%
1977 -0.201131 0.135212 0.010%
2077 -0.971079 0.467807 0.047%
2177 0.989004 4.175662 0.192%
2187 4.498786 5.071769 0.232%
2197 2.537874 3.867478 0.176%
2207 -0.450644 0.274739 0.020%
2217 -1.171092 0.972694 0.053%
2227 -0.418199 1.231504 0.055%
2237 -0.886542 0.832509 0.040%
2247 -0.066322 1.041067 0.046%
2257 -0.165855 0.773139 0.034%
2267 -0.256623 0.114381 0.011%
2277 -0.557570 0.483596 0.024%
2377 -0.425712 1.207713 0.051%
2477 -0.490712 0.655925 0.026%
2577 -0.473831 1.024847 0.040%
2677 -0.355597 1.748275 0.065%
2777 -1.016959 1.228853 0.044%
2877 -1.032738 0.297780 0.036%
2977 -0.938195 0.841215 0.032%
3077 -0.853183 0.614914 0.028%
3177 -1.596415 2.834767 0.089%
3277 -2.301671 1.830294 0.070%
3377 -2.050096 2.185932 0.065%
3477 -2.002223 1.641882 0.058%
3577 -2.617591 0.971818 0.073%
3677 -1.350546 0.834387 0.037%
3777 -0.149326 0.283457 0.008%
3877 -0.752602 0.866545 0.022%
3977 -0.837195 0.734845 0.021%
4077 -0.180499 0.058597 0.004%
4177 -0.452637 1.545177 0.037%
4277 -2.874713 1.359499 0.067%
4377 -0.793010 0.538376 0.018%
4477 -2.017413 0.948358 0.045%
4577 -1.149908 2.570498 0.056%
4677 -2.420782 2.288626 0.052%
4777 -0.498478 1.331912 0.028%
4877 -2.018444 3.245531 0.067%
4977 -3.040801 3.360508 0.068%
5077 -2.274219 1.025740 0.045%
5177 -2.477608 3.331575 0.064%
5277 -4.575698 3.891893 0.087%
5377 -2.685140 2.942568 0.055%
219 -0.018537 -0.007036 0.008%
220 0.009420 0.030611 0.014%
75.1 -0.042753 0.037015 0.057%
76.1 -0.049270 0.031854 0.065%
77.1 -0.050632 0.029191 0.066%
78.1 -0.046593 0.021705 0.060%
79.1 -0.021664 0.013756 0.027%
80.1 -0.035386 0.005087 0.044%
81.1 -0.025756 -0.002821 0.032%
82.1 -0.016416 -0.007725 0.020%
83.1 -0.012906 -0.006563 0.016%
84.1 -0.016909 0.002651 0.020%
85.1 -0.019462 0.011083 0.023%
86.1 -0.020024 0.018088 0.023%
87.1 -0.020382 0.023930 0.027%
88.1 -0.015192 0.027274 0.031%
89.1 -0.015521 0.031339 0.035%
90.1 -0.013531 0.018450 0.020%
91.1 -0.009888 0.031268 0.034%
92.1 -0.006071 0.031907 0.035%
93.1 -0.001470 0.030133 0.032%
94.1 0.003558 0.027869 0.030%
95.1 0.004912 0.009209 0.010%
96.1 0.007250 0.021860 0.023%
97.1 0.008954 0.018749 0.019%
98.1 0.010313 0.016087 0.016%
99.1 0.011085 0.013573 0.014%
100.1 0.010843 0.011659 0.012%
101.1 0.009648 0.009744 0.010%
102.1 0.008715 0.008870 0.009%
103.1 0.006963 0.007456 0.007%
104.1 0.004841 0.006766 0.006%
105.1 0.002702 0.006396 0.006%
106.1 0.000676 0.006126 0.006%
107.1 -0.000828 0.005940 0.006%
108.1 -0.002612 0.006668 0.006%
109.1 -0.004624 0.006242 0.006%
110.1 -0.005286 0.006416 0.006%
111.1 -0.006063 -0.002700 0.005%
112.1 -0.005767 0.006239 0.006%
113.1 -0.005196 0.006564 0.006%
114.1 -0.005449 0.005934 0.005%
115.1 -0.004868 0.004975 0.004%
116.1 -0.003357 0.002108 0.003%
117.1 -0.002140 0.004501 0.004%
118.1 -0.001068 0.003399 0.003%
119.1 -0.000004 0.003123 0.003%
120.1 0.001100 0.002608 0.002%
121.1 0.001929 0.002082 0.002%
122.1 0.002014 0.002911 0.002%
123.1 0.001905 0.003461 0.003%
124.1 0.001813 0.003695 0.003%
125.1 0.002418 0.004074 0.003%
126.1 0.002449 0.003809 0.003%
127.1 0.002955 0.003421 0.003%
128.1 0.002676 0.002908 0.002%
129.1 0.001932 0.003248 0.003%
130.1 0.001386 0.003771 0.003%
131.1 0.000800 0.004108 0.003%
132.1 0.000058 0.001117 0.0008%
133.1 -0.001335 0.003937 0.003%
134.1 -0.001550 0.004350 0.003%
135.1 -0.001989 0.004128 0.003%
136.1 -0.002997 0.002534 0.002%
137.1 -0.002622 0.003137 0.002%
138.1 -0.002884 0.002632 0.002%
139.1 -0.002435 0.002256 0.002%
140.1 -0.001561 0.001580 0.001%
141.1 -0.001360 0.001268 0.0010%
142.1 -0.001095 0.000385 0.0008%
143.1 -0.000960 -0.000657 0.0007%
144.1 -0.001610 -0.000927 0.001%
145.1 -0.000607 0.001140 0.0008%
146.1 -0.001230 0.001342 0.0009%
147.1 -0.001550 0.001558 0.001%
148.1 0.000890 0.001750 0.001%
149.1 -0.001744 0.001696 0.001%
150.1 -0.001492 0.001984 0.001%
151.1 -0.001036 0.002217 0.001%
152.1 -0.000326 0.002315 0.002%
153.1 -0.000850 0.000529 0.0006%
154.1 -0.000639 0.000646 0.0004%
155.1 0.000232 0.000664 0.0004%
156.1 0.000559 0.000897 0.0006%
157.1 0.000206 0.001300 0.0008%
158.1 -0.000393 0.001411 0.0009%
159.1 -0.000999 0.001324 0.0008%
160.1 -0.001326 0.001386 0.0009%
161.1 -0.001061 0.001848 0.001%
162.1 -0.001858 0.000857 0.001%
163.1 -0.001053 0.001645 0.001%
164.1 -0.000926 0.000671 0.0006%
165.1 -0.001214 0.000702 0.0007%
166.1 -0.001151 0.000244 0.0007%
167.1 0.000052 0.000748 0.0004%
168.1 -0.000267 -0.000230 0.0002%
169.1 0.0000005 0.000168 0.00010%
170.1 -0.001340 -0.000086 0.0008%
171.1 -0.001258 0.000558 0.0007%
172.1 -0.001723 0.000516 0.001%
173.1 -0.001379 0.000983 0.0008%
174.1 -0.002128 0.000594 0.001%
175.1 -0.001489 0.001364 0.0009%
176.1 -0.001613 0.001117 0.0009%
177.1 -0.001490 0.000660 0.0008%
178.1 -0.001600 0.000541 0.0009%
179.1 -0.001354 0.000382 0.0008%
180.1 -0.000684 0.000513 0.0004%
181.1 -0.000798 -0.000156 0.0004%
182.1 -0.000582 -0.000348 0.0003%
183.1 -0.000071 0.000170 0.00009%
184.1 -0.000638 0.000010 0.0003%
185.1 -0.000636 -0.000419 0.0003%
186.1 -0.000506 0.000644 0.0003%
187.1 -0.000663 0.000691 0.0004%
188.1 -0.000495 0.000925 0.0005%
189.1 -0.000873 0.000425 0.0005%
190.1 0.000134 0.000947 0.0005%
191.1 -0.000258 0.000668 0.0003%
192.1 -0.000496 0.000056 0.0003%
193.1 -0.000079 0.000201 0.0001%
194.1 -0.000331 -0.000246 0.0002%
195.1 -0.000957 -0.000507 0.0005%
196.1 -0.000425 0.000356 0.0002%
197.1 -0.000657 0.000426 0.0003%
198.1 -0.000612 0.000703 0.0004%
199.1 -0.001179 0.000208 0.0006%
200.1 -0.000890 0.000626 0.0004%
201.1 -0.000677 0.000314 0.0003%
202.1 -0.001089 0.000358 0.0005%
203.1 -0.001047 0.000308 0.0005%
204.1 -0.001236 -0.000141 0.0006%
205.1 -0.000706 0.000164 0.0003%
206.1 0.000419 0.000598 0.0003%
207.1 -0.000313 0.000028 0.0002%
208.1 0.000144 0.000219 0.0001%
209.1 -0.000161 0.000021 0.00008%
210.1 -0.000021 0.000347 0.0002%
211.1 -0.000310 0.000263 0.0001%
212.1 -0.000105 0.000606 0.0003%
213.1 -0.000382 0.000395 0.0002%
214.1 0.000022 0.000706 0.0003%
215.1 -0.000359 0.000369 0.0002%
216.1 -0.000566 0.000075 0.0003%
217.1 -0.000291 0.000189 0.0001%
218.1 -0.000172 0.000119 0.00008%
219.1 -0.000165 -0.000004 0.00008%
220.1 0.000107 0.000133 0.00006%
221.1 -0.000198 0.000006 0.00009%
222.1 0.000271 0.000342 0.0002%
223.1 -0.000280 0.000188 0.0001%
224.1 -0.000217 0.000380 0.0002%
225.1 -0.000204 0.000461 0.0002%
277 0.000113 0.000285 0.0001%
377 -0.000045 0.000037 0.00001%
477 0.000239 0.000275 0.00006%
577 0.000017 0.000030 0.000005%
677 0.000169 0.000174 0.00003%
777 0.000192 0.000193 0.00002%
877 0.000159 0.000162 0.00002%
977 0.000196 0.000198 0.00002%
1077 0.000048 0.000049 0.000005%
1177 -0.000277 -0.000276 0.00002%
1277 -0.000431 -0.000431 0.00003%
1377 -0.000476 -0.000475 0.00003%
1477 0.000013 0.000013 0.0000009%
1577 -0.000838 -0.000838 0.00005%
1677 -0.000260 -0.000260 0.00002%
1777 0.000335 0.000335 0.00002%
1877 0.000294 0.000294 0.00002%
1977 -0.000364 -0.000364 0.00002%
2077 -0.000618 -0.000618 0.00003%
2177 0.000199 0.000199 0.000009%
2277 0.000530 0.000530 0.00002%
2377 0.000645 0.000645 0.00003%
2477 -0.000386 -0.000386 0.00002%
2577 0.000201 0.000201 0.000008%
2677 0.001153 0.001153 0.00004%
2777 -0.000480 -0.000480 0.00002%
2877 0.000880 0.000880 0.00003%
2977 0.000393 0.000393 0.00001%
3077 0.000588 0.000588 0.00002%
3177 -0.000291 -0.000291 0.000009%
3277 -0.000145 -0.000145 0.000004%
3377 -0.000469 -0.000469 0.00001%
3477 -0.001100 -0.001100 0.00003%
3577 -0.000416 -0.000416 0.00001%
3677 0.000436 0.000436 0.00001%
3777 0.000659 0.000659 0.00002%
3877 0.000791 0.000791 0.00002%
3977 -0.001378 -0.001378 0.00003%
4077 0.000361 0.000361 0.000009%
4177 -0.001172 -0.001172 0.00003%
4277 0.000809 0.000809 0.00002%
4377 0.000572 0.000572 0.00001%
4477 0.000012 0.000012 0.0000003%
4577 -0.001086 -0.001086 0.00002%
4677 0.000173 0.000173 0.000004%
4777 0.001135 0.001135 0.00002%
4877 0.002181 0.002181 0.00004%
4977 -0.001146 -0.001146 0.00002%
5077 -0.004119 -0.004119 0.00008%
5177 0.000963 0.000963 0.00002%
5277 0.000920 0.000920 0.00002%
5377 -0.000990 -0.000990 0.00002%
5477 -0.000628 -0.000628 0.00001%
5577 -0.000575 -0.000575 0.00001%
5677 0.002131 0.002131 0.00004%
5777 0.001323 0.001323 0.00002%
5877 -0.003284 -0.003284 0.00006%
5977 -0.001193 -0.001193 0.00002%
6077 0.004278 0.004278 0.00007%
6177 -0.001811 -0.001811 0.00003%
6277 0.000238 0.000238 0.000004%
6377 -0.000715 -0.000715 0.00001%
6477 0.002867 0.002867 0.00004%
6577 -0.0000005 -0.0000005 0.000000007%
6677 0.003301 0.003301 0.00005%
6777 -0.000515 -0.000515 0.000008%
6877 -0.000890 -0.000890 0.00001%
6977 0.004777 0.004777 0.00007%
7077 -0.002297 -0.002297 0.00003%
7177 0.000007 0.000007 0.00000010%
7277 -0.000220 -0.000220 0.000003%
7377 0.000652 0.000652 0.000009%
7477 -0.0000006 -0.0000006 0.000000008%
7577 0.005088 0.005088 0.00007%
7677 -0.005684 -0.005684 0.00007%
7777 -0.003389 -0.003389 0.00004%
7877 0.002701 0.002701 0.00003%
7977 -0.000055 -0.000055 0.0000007%
8077 0.005590 0.005590 0.00007%
8177 -0.000068 -0.000068 0.0000008%
8277 -0.000055 -0.000055 0.0000007%
8377 -0.000040 -0.000040 0.0000005%
8477 -0.000029 -0.000029 0.0000003%
8577 0.000055 0.000055 0.0000006%
8677 0.000527 0.000527 0.000006%
8777 0.001499 0.001499 0.00002%
8877 -0.001892 -0.001892 0.00002%
8977 -0.000694 -0.000694 0.000008%
9077 -0.000136 -0.000136 0.000002%
9177 -0.000007 -0.000007 0.00000008%
9277 -0.000012 -0.000012 0.0000001%
9377 -0.000022 -0.000022 0.0000002%
9477 -0.000019 -0.000019 0.0000002%
9577 -0.000034 -0.000034 0.0000004%
9677 -0.000104 -0.000104 0.000001%
9777 -0.006976 -0.006976 0.00007%
9877 -0.000272 -0.000272 0.000003%
9977 -0.006046 -0.006045 0.00006%
10077 0.000309 0.000310 0.000003%
10177 -0.001454 -0.001453 0.00001%
10277 -0.001957 -0.001954 0.00002%
10377 -0.002820 -0.002816 0.00003%
10477 -0.001705 -0.001697 0.00002%
10577 -0.006800 -0.006781 0.00006%
10677 -0.011732 -0.011681 0.0001%
10777 -0.023859 -0.023665 0.0002%
10799.9 0.030989 0.031135 0.0003%
10809.9 0.001299 0.001335 0.00001%
10819.9 -0.038068 -0.037703 0.0004%
10829.9 -0.029653 -0.029010 0.0003%
10839.9 0.024289 0.024417 0.0002%
10849.9 0.050283 0.050670 0.0005%
10859.9 0.001588 0.001674 0.00002%
10869.9 -0.067347 -0.066273 0.0006%
10879.9 -0.054169 -0.052001 0.0005%
10889.9 0.044946 0.046928 0.0004%
10899.9 0.097983 0.099265 0.0009%
10909.9 0.000695 0.000830 0.000008%
10919.9 -0.149725 -0.143750 0.001%
10929.9 -0.122082 -0.119240 0.001%
10939.9 0.125826 0.138892 0.001%
10949.9 0.271784 0.280989 0.003%
75.1 -0.000570 -0.000452 0.0008%
76.1 -0.000782 -0.000734 0.001%
77.1 -0.000077 -0.000012 0.00010%
78.1 0.000065 0.002521 0.003%
79.1 -0.001408 -0.001088 0.002%
80.1 0.000931 0.001048 0.001%
81.1 -0.000610 -0.000501 0.0008%
82.1 -0.001400 0.000085 0.002%
83.1 0.000828 0.000941 0.001%
84.1 0.000558 0.002562 0.003%
85.1 0.000690 0.000780 0.0009%
86.1 0.000465 0.001413 0.002%
87.1 0.001023 0.001081 0.001%
88.1 0.000285 0.003377 0.004%
89.1 0.000136 0.000193 0.0002%
90.1 -0.001765 -0.001508 0.002%
91.1 0.000233 0.000551 0.0006%
92.1 0.000600 0.000669 0.0007%
93.1 -0.001445 -0.001391 0.002%
94.1 0.000183 0.003727 0.004%
95.1 -0.000859 -0.000759 0.0009%
96.1 0.000328 0.000445 0.0005%
97.1 0.000753 0.000834 0.0009%
98.1 -0.001970 -0.001918 0.002%
99.1 -0.000994 0.000909 0.001%
100.1 0.000803 0.004641 0.005%
101.1 0.001018 0.002344 0.002%
102.1 -0.000350 -0.000227 0.0003%
103.1 -0.000898 -0.000791 0.0009%
104.1 -0.001121 -0.001042 0.001%
105.1 -0.001144 -0.001115 0.001%
106.1 -0.001084 -0.001044 0.001%
107.1 -0.000829 -0.000757 0.0008%
108.1 -0.000268 -0.000157 0.0002%
109.1 0.000586 0.003193 0.003%
110.1 0.000713 0.005632 0.005%
111.1 -0.000254 0.001642 0.001%
112.1 -0.002629 -0.002527 0.002%
113.1 -0.000576 -0.000562 0.0005%
114.1 0.001905 0.001983 0.002%
115.1 -0.000711 -0.000694 0.0006%
116.1 -0.000704 -0.000562 0.0006%
117.1 0.001275 0.006278 0.005%
118.1 -0.002958 -0.002830 0.003%
119.1 0.001701 0.001746 0.001%
120.1 -0.000980 -0.000941 0.0008%
121.1 0.000503 0.002974 0.002%
122.1 -0.001976 -0.001782 0.002%
123.1 0.001665 0.001702 0.001%
124.1 -0.001468 -0.001449 0.001%
125.1 0.001167 0.007401 0.006%
126.1 -0.002352 -0.002321 0.002%
127.1 0.000174 0.000194 0.0002%
128.1 0.000784 0.006174 0.005%
129.1 -0.003207 -0.003162 0.002%
130.1 0.000176 0.000201 0.0002%
131.1 0.001116 0.008164 0.006%
132.1 -0.001568 -0.001553 0.001%
133.1 -0.001546 -0.001526 0.001%
134.1 0.000993 0.003082 0.002%
135.1 0.002566 0.002637 0.002%
136.1 0.000114 0.000363 0.0003%
137.1 -0.003226 -0.003180 0.002%
138.1 -0.001630 -0.001607 0.001%
139.1 -0.000811 -0.000490 0.0006%
140.1 0.001557 0.001607 0.001%
141.1 0.002295 0.009651 0.007%
142.1 0.002609 0.002699 0.002%
143.1 0.000628 0.005308 0.004%
144.1 0.000394 0.000416 0.0003%
145.1 -0.000632 -0.000323 0.0004%
146.1 -0.001800 -0.001779 0.001%
147.1 -0.001006 -0.000906 0.0007%
148.1 -0.002706 -0.002691 0.002%
149.1 -0.001086 -0.001001 0.0007%
150.1 -0.002412 -0.002385 0.002%
151.1 -0.000816 -0.000648 0.0005%
152.1 -0.000761 -0.000740 0.0005%
153.1 0.000179 0.000954 0.0006%
154.1 0.001957 0.001989 0.001%
155.1 0.001865 0.011448 0.007%
156.1 0.003214 0.003281 0.002%
157.1 0.003925 0.007294 0.005%
158.1 0.000499 0.000528 0.0003%
159.1 -0.003493 -0.003338 0.002%
160.1 -0.001991 -0.001962 0.001%
161.1 -0.003552 -0.003527 0.002%
162.1 0.000228 0.001526 0.0009%
163.1 0.003430 0.003495 0.002%
164.1 0.004582 0.006923 0.004%
165.1 -0.000898 -0.000866 0.0005%
166.1 -0.005864 -0.005831 0.004%
167.1 -0.000842 -0.000401 0.0005%
168.1 0.003513 0.003539 0.002%
169.1 0.004522 0.005341 0.003%
170.1 -0.001762 -0.001721 0.001%
171.1 -0.003978 -0.003957 0.002%
172.1 0.002130 0.003022 0.002%
173.1 0.002189 0.002224 0.001%
174.1 -0.005838 -0.005708 0.003%
175.1 -0.000862 -0.000665 0.0005%
176.1 0.003966 0.003997 0.002%
177.1 -0.000438 -0.000227 0.0002%
178.1 -0.001770 -0.001735 0.0010%
179.1 0.003100 0.003110 0.002%
180.1 0.003163 0.003961 0.002%
181.1 -0.002058 -0.002022 0.001%
182.1 0.002561 0.002586 0.001%
183.1 0.003642 0.004481 0.002%
184.1 -0.001990 -0.001958 0.001%
185.1 0.003435 0.003453 0.002%
186.1 0.000528 0.001056 0.0006%
187.1 -0.001416 -0.001378 0.0008%
188.1 0.004343 0.004409 0.002%
189.1 -0.005522 -0.005365 0.003%
190.1 -0.000354 -0.000068 0.0002%
191.1 0.002429 0.002451 0.001%
192.1 -0.007462 -0.007446 0.004%
193.1 0.005606 0.019764 0.010%
194.1 -0.001637 -0.001590 0.0008%
195.1 0.000678 0.000716 0.0004%
196.1 0.003646 0.004173 0.002%
197.1 -0.001283 -0.001158 0.0007%
198.1 0.003964 0.004000 0.002%
199.1 -0.008544 -0.008540 0.004%
200.1 0.006572 0.020861 0.010%
201.1 -0.002046 -0.001992 0.001%
202.1 0.003476 0.003500 0.002%
203.1 -0.004519 -0.004341 0.002%
204.1 0.000366 0.004562 0.002%
205.1 -0.000210 -0.000167 0.0001%
206.1 -0.000600 -0.000559 0.0003%
207.1 0.002050 0.002387 0.001%
208.1 -0.000781 -0.000325 0.0004%
209.1 0.001036 0.001069 0.0005%
210.1 -0.002325 -0.002285 0.001%
211.1 0.003765 0.003961 0.002%
212.1 -0.000783 -0.000312 0.0004%
213.1 0.000566 0.000601 0.0003%
214.1 -0.000524 -0.000487 0.0002%
215.1 -0.000929 -0.000678 0.0004%
216.1 0.000437 0.005625 0.003%
217.1 -0.001224 -0.001181 0.0006%
218.1 0.003801 0.003817 0.002%
219.1 -0.009142 -0.009104 0.004%
220.1 0.009451 0.024900 0.011%
221.1 -0.002062 -0.001993 0.0009%
222.1 0.004892 0.004930 0.002%
223.1 -0.008288 -0.008278 0.004%
224.1 0.009262 0.010368 0.005%
225.1 -0.000749 -0.000295 0.0003%
277 -0.001146 -0.001095 0.0004%
377 0.003637 0.003724 0.0010%
477 0.138535 0.139363 0.029%
577 0.221883 0.222197 0.039%
677 -0.022669 -0.022663 0.003%
777 0.135664 0.135755 0.017%
877 0.003365 0.003406 0.0004%
977 0.005697 0.005715 0.0006%
1077 0.001625 0.001655 0.0002%
1177 -0.007182 -0.007168 0.0006%
1277 0.003052 0.003132 0.0002%
1377 0.042580 0.497175 0.036%
1477 0.001963 0.001971 0.0001%
1577 -0.001695 0.000121 0.0001%
1677 -0.003364 -0.003301 0.0002%
1777 -0.038566 -0.038451 0.002%
1877 -0.000279 0.000322 0.00002%
1977 0.002439 0.002511 0.0001%
2077 0.016395 0.016483 0.0008%
2177 2.862192 2.863105 0.132%
2187 3.723115 3.726506 0.170%
2197 2.643113 2.731991 0.124%
2207 -0.016070 0.000019 0.0007%
2217 -0.003306 0.000360 0.0001%
2227 -0.002186 -0.000094 0.00010%
2237 -0.002477 -0.001065 0.0001%
2247 -0.002154 -0.001096 0.00010%
2257 -0.002135 -0.001294 0.00009%
2267 -0.000364 0.000323 0.00002%
2277 0.000541 0.001123 0.00005%
2377 -0.001293 -0.001147 0.00005%
2477 -0.005672 -0.005657 0.0002%
2577 -0.000823 -0.000679 0.00003%
2677 -0.377472 -0.377172 0.014%
2777 -0.005226 -0.000489 0.0002%
2877 -0.001722 -0.000999 0.00006%
2977 0.000387 0.000686 0.00002%
3077 0.001209 0.001321 0.00004%
3177 0.000295 0.000305 0.000010%
3277 0.003600 0.003711 0.0001%
3377 0.003478 0.003692 0.0001%
3477 -0.067172 -0.066826 0.002%
3577 -0.624144 -0.623664 0.017%
3677 -0.159075 -0.002680 0.004%
3777 -0.002492 0.000115 0.00007%
3877 -0.003316 -0.002111 0.00009%
3977 -0.000478 0.000228 0.00001%
4077 -0.001504 -0.001061 0.00004%
4177 0.005636 0.005906 0.0001%
4277 -0.003381 -0.003236 0.00008%
4377 0.000058 0.000105 0.000002%
4477 -0.002951 -0.002915 0.00007%
4577 0.008766 0.008875 0.0002%
4677 -0.007786 -0.007606 0.0002%
4777 -0.003653 -0.003406 0.00008%
4877 0.005284 0.005606 0.0001%
4977 0.021165 0.021574 0.0004%
5077 -0.004973 -0.004465 0.00010%
5177 -0.188164 -0.187520 0.004%
5277 0.612783 0.613601 0.012%
5377 -0.496377 -0.495523 0.009%
219 -0.010315 -0.010307 0.005%
220 0.012837 0.022744 0.010%
Pitch test finished OK 11.655431099999987
### executing D:/Praat-work/稳定早期版/test/fon/resample11_8.praat:
static double filter_11_8 [8] [400] = {
	{ 0.000000062929, -0.000000002524, -0.000000021737, 0.000000430074, -0.000000870334, 0.000000100117, 0.000002154981, -0.000003673767, 0.000001405292, 0.000004442065, -0.000008618087, 0.000004988998, 0.000006127397, -0.000015398795, 0.000011707463, 0.000005809554, -0.000023174619, 0.000022011479, 0.000002020533, -0.000030600316, 0.000035809595, -0.000006577217, -0.000035920626, 0.000052376751, -0.000020984712, -0.000037121482, 0.000070321158, -0.000041670321, -0.000032129260, 0.000087618105, -0.000068403167, -0.000019044088, 0.000101714258, -0.000100134546, 0.000003610813, 0.000109700315, -0.000134943301, 0.000036644595, 0.000108544007, -0.000170057135, 0.000079981253, 0.000095369717, -0.000201956620, 0.000132491113, 0.000067765996, -0.000226562602, 0.000191891336, 0.000024098314, -0.000239501086, 0.000254731856, -0.000036198175, -0.000236433106, 0.000316478061, -0.000112371866, -0.000213430823, 0.000371695142, -0.000202178970, -0.000167375830, 0.000414331867, -0.000301800899, -0.000096351629, 0.000438093910, -0.000405872117, 0, 0.000436889382, -0.000507629466, 0.000120189402, 0.000405322317, -0.000599186340, 0.000260685045, 0.000339204138, -0.000671926636, 0.000415840056, 0.000236048993, -0.000717004604, 0.000577958334, 0.000095516695, -0.000725928201, 0.000737511577, -0.000080232927, -0.000691195805, 0.000883509612, -0.000286307930, -0.000606949827, 0.001004016522, -0.000515003260, -0.000469606270, 0.001086794963, -0.000755892575, -0.000278417100, 0.001120051275, -0.000996105625, -0.000035922679, 0.001093245263, -0.001220793483, 0.000251745457, 0.000997921326, -0.001413772550, 0.000574745437, 0.000828512633, -0.001558326668, 0.000919615272, 0.000583067593, -0.001638135528, 0.001269587941, 0.000263848359, -0.001638287582, 0.001605134859, -0.000122245474, -0.001546327474, 0.001904728414, -0.000563468317, -0.001353282291, 0.002145801053, -0.001043266347, -0.001054608078, 0.002305865821, -0.001540581163, -0.000650998431, 0.002363751868, -0.002030425579, -0.000149000757, 0.002300899181, -0.002484723281, 0.000438607080, 0.002102650210, -0.002873389298, 0.001092716763, 0.001759472693, -0.003165613948, 0.001788090199, 0.001268048383, -0.003331300007, 0.002493869729, 0.000632166551, -0.003342592155, 0.003174390032, -0.000136630597, -0.003175429995, 0.003790266460, -0.001018691405, -0.002811051828, 0.004299717169, -0.001986212159, -0.002237376274, 0.004660059663, -0.003003514167, -0.001450193339, 0.004829307012, -0.004027623751, -0.000454105735, 0.004767774993, -0.005009112336, 0.000736824501, 0.004439598611, -0.005893123328, 0.002098749285, 0.003814043630, -0.006620475382, 0.003598026863, 0.002866483106, -0.007128682743, 0.005191498028, 0.001578884938, -0.007352662256, 0.006826963620, -0.000060386974, -0.007224781626, 0.008443710560, -0.002057740907, -0.006673698783, 0.009972818597, -0.004416953641, -0.005621046716, 0.011336769535, -0.007144029260, -0.003974195981, 0.012447453051, -0.010255996249, -0.001611484909, 0.013200701823, -0.013797334664, 0.001648188578, 0.013463088696, -0.017873012668, 0.006111713008, 0.013039958433, -0.022722775491, 0.012372268545, 0.011591460709, -0.028916155320, 0.021764532142, 0.008373102470, -0.037992028213, 0.038021580776, 0.001167834156, -0.055481911090, 0.076750208654, -0.021624173200, -0.123935066259, 0.384790099177, 0.670553090469, 0.144614207162, -0.145424906995, 0.057968238783, 0.026477946578, -0.059522968225, 0.037993005321, 0.006268425760, -0.034822753387, 0.029848332464, -0.002209749332, -0.022198424538, 0.024646499989, -0.006712716259, -0.014121936920, 0.020566402095, -0.009253160543, -0.008353508748, 0.017028566913, -0.010599062403, -0.004005681292, 0.013816933456, -0.011122035463, -0.000661822449, 0.010852498657, -0.011038438729, 0.001899972864, 0.008115383223, -0.010495405510, 0.003812831444, 0.005612199220, -0.009606050960, 0.005167609177, 0.003360233225, -0.008464990431, 0.006035169129, 0.001378896390, -0.007155271091, 0.006477538777, -0.000315229516, -0.005751246793, 0.006553452558, -0.001711317702, -0.004319459664, 0.006320837546, -0.002805927151, -0.002918561536, 0.005837544333, -0.003603717137, -0.001598835911, 0.005161047653, -0.004117466531, -0.000401644206, 0.004347556804, -0.004367548338, 0.000641010560, 0.003450825533, -0.004380978947, 0.001506688937, 0.002520864737, -0.004190148478, 0.002182428693, 0.001602706321, -0.003831332889, 0.002664345275, 0.000735327293, -0.003343084676, 0.002956926961, -0.000049188113, -0.002764594416, 0.003072055489, -0.000726197438, -0.002134108635, 0.003027800327, -0.001278733398, -0.001487480117, 0.002847047099, -0.001697416822, -0.000856914828, 0.002556028210, -0.001980063709, -0.000269965475, 0.002182826695, -0.002131017725, 0.000251193907, 0.001755923001, -0.002160253102, 0.000690194482, 0.001302849196, -0.002082303044, 0.001036598743, 0.000849006600, -0.001915075217, 0.001285740373, 0.000416691623, -0.001678618520, 0.001438305837, 0.000024361559, -0.001393904361, 0.001499697423, -0.000313842072, -0.001081681160, 0.001479226289, -0.000588309370, -0.000761453418, 0.001389189805, -0.000793927597, -0.000450626822, 0.001243889976, -0.000929819302, -0.000163849344, 0.001058648881, -0.000998886419, 0.000087434277, 0.000848873268, -0.001007201670, 0.000295209992, 0.000629213946, -0.000963293843, 0.000454911435, 0.000412856980, -0.000877375798, 0.000565245014, 0.000210973517, -0.000760563419, 0.000627851003, 0.000032344052, -0.000624130401, 0.000646835537, -0.000116838258, -0.000478838095, 0.000628213006, -0.000232991354, -0.000334372005, 0.000579300307, -0.000315010821, -0.000198907672, 0.000508103730, -0.000364002953, -0.000078818975, 0.000422736283, -0.000382914075, 0.000021467792, 0.000330898107, -0.000376089650, 0.000099480011, 0.000239445947, -0.000348798113, 0.000154579112, 0.000154069777, -0.000306753583, 0.000187736054, 0.000079086262, -0.000255668612, 0.000201227693, 0.000017350348, -0.000200863478, 0.000198282659, -0.000029721623, -0.000146952431, 0.000182706221, -0.000062030704, -0.000097620315, 0.000158512426, -0.000080595008, -0.000055495677, 0.000129588802, -0.000087292930, -0.000022119201, 0.000099414458, -0.000084574687, 0.000002000291, 0.000070846798, -0.000075167000, 0.000017255701, 0.000045985824, -0.000061794186, 0.000024755045, 0.000026118546, -0.000046935756, 0.000026098847, 0.000011739808, -0.000032636252, 0.000023143035, 0.000002640316, -0.000020377816, 0.000017768343, -0.000001951843, -0.000011020308, 0.000011675105, -0.000003193123, -0.000004808075, 0.000006218985, -0.000002428544, -0.000001437204, 0.000002298845, -0.000000996732, -0.000000172505, 0.000000302950, },
	{ 0.000000009548, -0.000000031093, 0.000000147223, 0.000000205745, -0.000001220840, 0.000001596589, 0.000000333035, -0.000003857825, 0.000005148248, -0.000000800802, -0.000007187119, 0.000011106000, -0.000004377555, -0.000010043069, 0.000019263546, -0.000011384649, -0.000010966434, 0.000028855497, -0.000022436317, -0.000008367388, 0.000038567726, -0.000037617904, -0.000000721959, 0.000046610855, -0.000056370415, 0.000013214295, 0.000050855363, -0.000077430054, 0.000034194168, 0.000049021371, -0.000098833828, 0.000062288332, 0.000038910915, -0.000117997504, 0.000096736308, 0.000018665973, -0.000131866613, 0.000135856868, -0.000012968082, -0.000137135178, 0.000177032455, -0.000056396101, -0.000130520801, 0.000216777470, -0.000110967029, -0.000109079203, 0.000250894423, -0.000174830056, -0.000070536569, 0.000274715385, -0.000244872285, -0.000013614658, 0.000283419273, -0.000316752638, 0.000061678228, 0.000272408796, -0.000385040807, 0.000153817260, 0.000237724841, -0.000443463031, 0.000259617048, 0.000176471138, -0.000485248782, 0.000374194574, 0.000087218681, -0.000503564532, 0.000491054472, -0.000029642139, -0.000492013240, 0.000602304805, -0.000171633150, -0.000445171504, 0.000699003183, -0.000334032380, -0.000359131028, 0.000771624074, -0.000509854142, -0.000232007591, 0.000810629082, -0.000689981978, -0.000064379385, 0.000807113409, -0.000863462698, 0.000140382279, 0.000753494223, -0.001017959992, 0.000375923371, 0.000644200773, -0.001140355690, 0.000632886107, 0.000476322402, -0.001217476346, 0.000899075802, 0.000250169289, -0.001236913020, 0.001159824981, -0.000030297763, -0.001187893664, 0.001398552881, -0.000357207989, -0.001062160838, 0.001597506562, -0.000718724320, -0.000854803335, 0.001738657968, -0.001099213317, -0.000564988776, 0.001804720122, -0.001479653287, -0.000196545921, 0.001780235945, -0.001838279793, 0.000241649913, 0.001652685646, -0.002151454292, 0.000735527175, 0.001413553699, -0.002394728189, 0.001265932596, 0.001059294732, -0.002544061987, 0.001809025694, 0.000592139243, -0.002577148210, 0.002336954767, 0.000020685286, -0.002474778191, 0.002818800740, -0.000639769181, -0.002222187138, 0.003221759997, -0.001367186848, -0.001810309894, 0.003512522972, -0.002133063620, -0.001236881601, 0.003658792482, -0.002903015732, -0.000507323492, 0.003630875602, -0.003637665907, 0.000364635815, 0.003403275740, -0.004293794185, 0.001356638751, 0.002956208287, -0.004825699990, 0.002437693783, 0.002276964031, -0.005186703091, 0.003568481110, 0.001361049804, -0.005330692261, 0.004701936023, 0.000213045661, -0.005213610886, 0.005784043718, -0.001152867675, -0.004794746159, 0.006754737304, -0.002712738121, -0.004037658197, 0.007548733315, -0.004433030683, -0.002910537626, 0.008096052763, -0.006271145766, -0.001385695375, 0.008321832668, -0.008176195029, 0.000562274446, 0.008144772144, -0.010089897933, 0.002960449028, 0.007473041297, -0.011947351053, 0.005845150475, 0.006195378263, -0.013677201780, 0.009276268401, 0.004162541523, -0.015200256202, 0.013365501987, 0.001147759043, -0.016424249360, 0.018336836059, -0.003243930227, -0.017228610492, 0.024672948328, -0.009810578008, -0.017419098451, 0.033537912391, -0.020490392388, -0.016567558248, 0.048376511392, -0.041538569437, -0.013194190249, 0.084876879137, -0.110159414661, 0.006308111859, 0.590731029313, 0.531054090984, -0.048854008615, -0.083150440583, 0.088420166541, -0.030678155188, -0.028381184389, 0.048240351982, -0.026033596020, -0.011159644804, 0.031731809722, -0.023131145536, -0.002524908060, 0.021993657100, -0.020649082347, 0.002606265694, 0.015202383315, -0.018260172858, 0.005843038405, 0.010039947549, -0.015873302635, 0.007863174651, 0.005945558488, -0.013478417786, 0.009012875502, 0.002647495773, -0.011099063901, 0.009499415631, 0, -0.008773421591, 0.009465572568, -0.002084085594, -0.006544959725, 0.009021889875, -0.003664545718, -0.004456999463, 0.008261554006, -0.004789385212, -0.002549178082, 0.007267300375, -0.005502859788, -0.000855027220, 0.006114383163, -0.005849496014, 0.000599665250, 0.004871521655, -0.005875816906, 0.001797861269, 0.003600814686, -0.005630681839, 0.002731727930, 0.002357179428, -0.005164768960, 0.003402599815, 0.001187647033, -0.004529537326, 0.003820502787, 0.000130722121, -0.003775903573, 0.004003299077, -0.000784064610, -0.002952807866, 0.003975521584, -0.001536334298, -0.002105804390, 0.003766972863, -0.002114731140, -0.001275781943, 0.003411169630, -0.002516480372, -0.000497895086, 0.002943715766, -0.002746650902, 0.000199236654, 0.002400685317, -0.002817159914, 0.000794025803, 0.001817091855, -0.002745571461, 0.001272095018, 0.001225512024, -0.002553751192, 0.001626140347, 0.000654919621, -0.002266445073, 0.001855500989, 0.000129772850, -0.001909851282, 0.001965471710, -0.000330617827, -0.001510251866, 0.001966405874, -0.000712429631, -0.001092764453, 0.001872665486, -0.001007379203, -0.000680265087, 0.001701479533, -0.001212504677, -0.000292521644, 0.001471773108, -0.001329709392, 0.000054435860, 0.001203027577, -0.001365108940, 0.000348695654, 0.000914226591, -0.001328230753, 0.000582596672, 0.000622934616, -0.001231119885, 0.000752627456, 0.000344544444, -0.001087405830, 0.000859117261, 0.000091718460, -0.000911383381, 0.000905754461, -0.000125963813, -0.000717155782, 0.000898974113, -0.000302151676, -0.000517881339, 0.000847260561, -0.000433673950, -0.000325155648, 0.000760412099, -0.000520315737, -0.000148551385, 0.000648813087, -0.000564450780, 0.000004673221, 0.000522754771, -0.000570564861, 0.000129696816, 0.000391839810, -0.000544709123, 0.000224097837, 0.000264497587, -0.000493923074, 0.000287676215, 0.000147628450, -0.000425665474, 0.000322159168, 0.000046385586, -0.000347287505, 0.000330821317, -0.000035906019, -0.000265577031, 0.000318052076, -0.000097702642, -0.000186395714, 0.000288903733, -0.000139083393, -0.000114422906, 0.000248651916, -0.000161502523, -0.000053012048, 0.000202396544, -0.000167478625, -0.000004157342, 0.000154726176, -0.000160248791, 0.000031438736, 0.000109462370, -0.000143415701, 0.000054212601, 0.000069493684, -0.000120613655, 0.000065521504, 0.000036701865, -0.000095215965, 0.000067383202, 0.000011975965, -0.000070101248, 0.000062197438, -0.000004695871, -0.000047490369, 0.000052472569, -0.000014072076, -0.000028859595, 0.000040578424, -0.000017459372, -0.000014929298, 0.000028542777, -0.000016491013, -0.000005721818, 0.000017904110, -0.000012902271, -0.000000677170, 0.000009627998, -0.000008322639, 0.000001188517, 0.000004088842, -0.000004101475, 0.000001099321, 0.000001113270, -0.000001180066, 0.000000329112, 0.000000076678, },
	{ -0.000000000105, -0.000000055724, 0.000000370132, -0.000000405726, -0.000000722833, 0.000002437809, -0.000002310515, -0.000001307633, 0.000006097715, -0.000006515197, -0.000000579925, 0.000010643665, -0.000013433703, 0.000002732772, 0.000014917625, -0.000022974516, 0.000009758246, 0.000017411025, -0.000034469366, 0.000021290238, 0.000016417246, -0.000046659881, 0.000037615094, 0.000010224573, -0.000057748398, 0.000058372621, -0.000002665351, -0.000065513958, 0.000082467623, -0.000023311848, -0.000067488942, 0.000108045485, -0.000052122565, -0.000061186312, 0.000132540792, -0.000088674689, -0.000044362298, 0.000152802577, -0.000131589744, -0.000015295152, 0.000165293792, -0.000178479020, 0.000026942416, 0.000166356313, -0.000225972495, 0.000082241072, 0.000152526749, -0.000269838614, 0.000149266672, 0.000120882943, -0.000305195875, 0.000225347831, 0.000069396769, -0.000326810115, 0.000306457235, -0.000002734006, -0.000329464363, 0.000387299357, -0.000094803035, -0.000308381340, 0.000461510515, -0.000204389262, -0.000259672973, 0.000521969602, -0.000327251773, -0.000180786774, 0.000561209638, -0.000457345223, -0.000070916285, 0.000571912243, -0.000586968783, 0.000068657870, 0.000547459599, -0.000707053590, 0.000234328215, 0.000482512088, -0.000807584646, 0.000420049958, 0.000373575059, -0.000878143749, 0.000617381887, 0.000219515441, -0.000908550726, 0.000815692747, 0.000021988569, -0.000889571781, 0.001002537826, -0.000214262258, -0.000813656569, 0.001164200012, -0.000481266278, -0.000675660409, 0.001286378779, -0.000767871519, -0.000473505068, 0.001354999925, -0.001059993296, -0.000208731325, 0.001357109206, -0.001341070590, 0.000113100906, 0.001281804888, -0.001592723995, 0.000482203725, 0.001121158257, -0.001795596555, 0.000884574375, 0.000871067791, -0.001930346722, 0.001302250654, 0.000531992346, -0.001978751677, 0.001713816628, 0.000109511529, -0.001924869932, 0.002095153200, -0.000385332574, -0.001756205359, 0.002420414119, -0.000935949133, -0.001464810813, 0.002663194415, -0.001520392971, -0.001048269037, 0.002797845734, -0.002111851073, -0.000510491542, 0.002800882570, -0.002679417475, 0.000137717147, 0.002652415537, -0.003189136999, 0.000878372346, 0.002337543303, -0.003605282675, 0.001686328240, 0.001847634161, -0.003891817105, 0.002529616078, 0.001181431672, -0.004013975371, 0.003370096241, 0.000345926738, -0.003939896985, 0.004164398858, -0.000643049142, -0.003642227503, 0.004865106531, -0.001760537637, -0.003099607091, 0.005422110344, -0.002972480726, -0.002297963727, 0.005784046546, -0.004236040202, -0.001231532499, 0.005899694295, -0.005500154066, 0.000096470864, 0.005719181194, -0.006706229208, 0.001673586025, 0.005194795395, -0.007788806386, 0.003478310168, 0.004281125651, -0.008675935976, 0.005480820686, 0.002934112125, -0.009288837303, 0.007644284260, 0.001108323305, -0.009540105621, 0.009926860382, -0.001248775632, -0.009329103970, 0.012284620249, -0.004208003619, -0.008531794547, 0.014675886261, -0.007880382572, -0.006978929401, 0.017068235640, -0.012462467142, -0.004407578401, 0.019451503900, -0.018339357829, -0.000343535243, 0.021866928789, -0.026354039734, 0.006228944730, 0.024489680726, -0.038675181756, 0.018041222597, 0.027949864633, -0.062744421730, 0.045917716787, 0.035528299478, -0.149655115537, 0.223190384075, 0.687239330924, 0.304298327257, -0.142826907286, 0.008478137643, 0.063143302703, -0.061443132232, 0.015402967339, 0.028902976187, -0.039788109397, 0.017170558739, 0.014423128798, -0.028664190885, 0.017418316795, 0.006176617919, -0.021286180845, 0.016888374734, 0.000840113048, -0.015719571938, 0.015856209702, -0.002796977675, -0.011228329988, 0.014469934196, -0.005285018690, -0.007487121002, 0.012832959027, -0.006918070698, -0.004339029707, 0.011029959300, -0.007877086354, -0.001703156472, 0.009135872891, -0.008289077393, 0.000466188658, 0.007218783623, -0.008254034229, 0.002199439774, 0.005340357225, -0.007857782931, 0.003522165649, 0.003555289874, -0.007178088892, 0.004460576004, 0.001910434252, -0.006287283867, 0.005044286849, 0.000443940851, -0.005253031397, 0.005307421603, -0.000815401499, -0.004138098653, 0.005288642731, -0.001848525011, -0.002999639536, 0.005030477865, -0.002646093302, -0.001888302720, 0.004578187781, -0.003208150350, -0.000847368586, 0.003978360688, -0.003543423486, 0.000087950501, 0.003277379952, -0.003668317686, 0.000890960766, 0.002519886698, -0.003605655228, 0.001543639676, 0.001747338078, -0.003383226914, 0.002036471863, 0.000996742953, -0.003032228571, 0.002367974348, 0.000299637919, -0.002585659616, 0.002543937593, -0.000318652447, -0.002076759145, 0.002576425342, -0.000839446201, -0.001537549767, 0.002482588461, -0.001250819205, -0.000997550639, 0.002283356090, -0.001547415871, -0.000482709596, 0.002002071311, -0.001729982154, -0.000014590558, 0.001663138369, -0.001804660569, 0.000390162458, 0.001290744615, -0.001782097249, 0.000720078744, 0.000907713138, -0.001676417945, 0.000968840506, 0.000534532130, -0.001504133289, 0.001135011051, 0.000188595187, -0.001283033553, 0.001221545516, -0.000116326446, -0.001031129797, 0.001235127225, -0.000370372173, -0.000765691997, 0.001185378994, -0.000567646604, -0.000502426026, 0.001084001867, -0.000706058176, -0.000254820870, 0.000943893839, -0.000786970024, -0.000033685858, 0.000778298227, -0.000814699454, 0.000153114332, 0.000600025903, -0.000795907947, 0.000300730755, 0.000420787950, -0.000738926470, 0.000407221901, 0.000250666078, -0.000653060927, 0.000473289689, 0.000097737961, -0.000547920053, 0.000501890478, -0.000032135805, -0.000432803189, 0.000497756658, -0.000135366629, -0.000316178659, 0.000466866696, -0.000210547378, -0.000205275341, 0.000415901395, -0.000258236856, -0.000105801146, 0.000351721695, -0.000280645741, -0.000021793009, 0.000280898936, -0.000281254284, 0.000044405716, 0.000209322413, -0.000264393814, 0.000092052386, 0.000141901911, -0.000234823563, 0.000121815146, 0.000082375091, -0.000197331878, 0.000135509170, 0.000033221749, -0.000156386694, 0.000135785213, -0.000004320473, -0.000115854545, 0.000125797597, -0.000030150839, -0.000078801019, 0.000108877819, -0.000045127911, -0.000047378636, 0.000088237301, -0.000050840419, -0.000022801380, 0.000066718698, -0.000049349458, -0.000005398855, 0.000046609986, -0.000042925034, 0.000005262343, 0.000029529698, -0.000033798569, 0.000010206468, 0.000016385593, -0.000023950044, 0.000010844803, 0.000007403192, -0.000014944349, 0.000008760296, 0.000002215379, -0.000007826453, 0.000005500285, 0, -0.000003079637, 0.000002394967, -0.000000350649, -0.000000645600, 0.000000416042, -0.000000046187, },
	{ -0.000000008513, 0.000000019361, 0.000000403166, -0.000001056288, 0.000000600382, 0.000001717647, -0.000004030464, 0.000002804964, 0.000002975555, -0.000008799597, 0.000007528338, 0.000002909364, -0.000014717147, 0.000015307265, 0.000000153658, -0.000020645395, 0.000026183341, -0.000006567168, -0.000025038860, 0.000039609292, -0.000018241125, -0.000026083599, 0.000054410883, -0.000035379216, -0.000021883634, 0.000068813020, -0.000057853377, -0.000010681032, 0.000080533644, -0.000084779761, 0.000008907714, 0.000086943498, -0.000114462842, 0.000037659140, 0.000085284053, -0.000144411979, 0.000075535536, 0.000072930438, -0.000171436969, 0.000121524156, 0.000047681286, -0.000191823258, 0.000173542165, 0.000008053678, -0.000201581057, 0.000228423071, -0.000046441104, -0.000196756212, 0.000281995380, -0.000115066010, -0.000173784700, 0.000329258027, -0.000195694802, -0.000129867515, 0.000364650166, -0.000284737834, -0.000063338946, 0.000382405536, -0.000377173419, 0.000026000858, 0.000376974390, -0.000466694950, 0.000136618366, 0.000343489414, -0.000545976535, 0.000265071638, 0.000278246576, -0.000607051697, 0.000405951326, 0.000179168030, -0.000641791203, 0.000551955401, 0.000046212232, -0.000642457885, 0.000694107786, -0.000118303241, -0.000602308988, 0.000822122280, -0.000309498109, -0.000516210564, 0.000924903614, -0.000519872028, -0.000381224346, 0.000991167697, -0.000739413423, -0.000197125676, 0.001010153770, -0.000955885578, 0.000033188328, 0.000972392839, -0.001155290866, 0.000303437881, 0.000870490075, -0.001322502915, 0.000603878626, 0.000699874313, -0.001442045330, 0.000921422180, 0.000459465733, -0.001498984915, 0.001239972430, 0.000152213681, -0.001479897814, 0.001540979110, -0.000214539713, -0.001373859411, 0.001804197674, -0.000628907803, -0.001173403564, 0.002008631705, -0.001074547987, -0.000875394430, 0.002133621982, -0.001531007489, -0.000481754926, 0.002160035528, -0.001974330085, 0, 0.002071499286, -0.002377913393, 0.000556469804, 0.001855617038, -0.002713591949, 0.001168348661, 0.001505105405, -0.002952907644, 0.001810700978, 0.001018785577, -0.003068516829, 0.002453538558, 0.000402371952, -0.003035673472, 0.003062689808, -0.000330992794, -0.002833720814, 0.003600934799, -0.001160494767, -0.002447520640, 0.004029363830, -0.002057721358, -0.001868750074, 0.004308902165, -0.002987054364, -0.001097001039, 0.004401930494, -0.003906368220, -0.000140627422, 0.004273919975, -0.004767994857, 0.000982700176, 0.003894992690, -0.005519891265, 0.002245752184, 0.003241312758, -0.006106917059, 0.003611804337, 0.002296209381, -0.006472094668, 0.005034968864, 0.001050928812, -0.006557678986, 0.006460707886, -0.000495096297, -0.006305795403, 0.007826379985, -0.002334591890, -0.005658292455, 0.009061570302, -0.004453580568, -0.004555250475, 0.010087780763, -0.006833596938, -0.002931185648, 0.010816726225, -0.009455500166, -0.000707144814, 0.011145792416, -0.012305943995, 0.002225017764, 0.010947636812, -0.015388874839, 0.006034563226, 0.010046946162, -0.018747892171, 0.011021114724, 0.008166107883, -0.022515638261, 0.017782252795, 0.004784284636, -0.027042860751, 0.027691650657, -0.001298737265, -0.033324421129, 0.044661509529, -0.013782627483, -0.045052457934, 0.085501007955, -0.052881120986, -0.092546848086, 0.461429901411, 0.637910172865, 0.071476962290, -0.131632468939, 0.074649697944, 0.006294860825, -0.052220316084, 0.044924211364, -0.005548095502, -0.028589107352, 0.032916987627, -0.010282294823, -0.016537264934, 0.025591919741, -0.012475474211, -0.008960570584, 0.020177105764, -0.013353419567, -0.003702130167, 0.015757916409, -0.013403393030, 0.000108816277, 0.011968423359, -0.012876171724, 0.002891725215, 0.008650037620, -0.011929804108, 0.004878570004, 0.005733845121, -0.010680658097, 0.006215401137, 0.003191870202, -0.009223851414, 0.007006814924, 0.001014049150, -0.007641793355, 0.007337051993, -0.000803709363, -0.006007582757, 0.007280363118, -0.002266058053, -0.004386045742, 0.006905984590, -0.003381797605, -0.002833698575, 0.006280220848, -0.004165684762, -0.001398287797, 0.005466913454, -0.004639072437, -0.000118263609, 0.004527010382, -0.004829736714, 0.000977610977, 0.003517667756, -0.004771123483, 0.001870401421, 0.002491164385, -0.004501186953, 0.002550836501, 0.001493820199, -0.004060960458, 0.003018819956, 0.000565051477, -0.003492981159, 0.003282631991, -0.000263346327, -0.002839676454, 0.003357856461, -0.000967630756, -0.002141807338, 0.003266086433, -0.001532230203, -0.001437050654, 0.003033472545, -0.001949542336, -0.000758787459, 0.002689185407, -0.002219428942, -0.000135148651, 0.002263865421, -0.002348440521, 0.000411648151, 0.001788131304, -0.002348817952, 0.000865653955, 0.001291212513, -0.002237328729, 0.001217236642, 0.000799761521, -0.002034001446, 0.001462838771, 0.000336889958, -0.001760824550, 0.001604475782, -0.000078541077, -0.001440473758, 0.001649017141, -0.000432360847, -0.001095127596, 0.001607301664, -0.000715258038, -0.000745422446, 0.001493143766, -0.000922692143, -0.000409588113, 0.001322289399, -0.001054572804, -0.000102792827, 0.001111379216, -0.001114743196, 0.000163286378, 0.000876972127, -0.001110311400, 0.000380665098, 0.000634675398, -0.001050878696, 0.000545034468, 0.000398418293, -0.000947715653, 0.000655546400, 0.000179895600, -0.000812935898, 0.000714431314, -0.000011804087, -0.000658713651, 0.000726485519, -0.000170382006, -0.000496585018, 0.000698469817, -0.000292332441, -0.000336864935, 0.000638462604, -0.000376782969, -0.000188202372, 0.000555209820, -0.000425197270, -0.000057286347, 0.000457510716, -0.000440972061, 0.000051294762, 0.000353672934, -0.000428963376, 0.000135047600, 0.000251063339, -0.000394978712, 0.000193437316, 0.000155772764, -0.000345270508, 0.000227642350, 0.000072404171, -0.000286063213, 0.000240227681, 0.000003984987, -0.000223141239, 0.000234766549, -0.000048003709, -0.000161518697, 0.000215441376, -0.000083495504, -0.000105204579, 0.000186653270, -0.000103624415, -0.000057069432, 0.000152666350, -0.000110451886, -0.000018812085, 0.000117308391, -0.000106660785, 0.000008981810, 0.000083743530, -0.000095242244, 0.000026703453, 0.000054326235, -0.000079199470, 0.000035525216, 0.000030539130, -0.000061289392, 0.000037166804, 0.000013010848, -0.000043818463, 0.000033645592, 0.000001604405, -0.000028503545, 0.000027032840, -0.000004438012, -0.000016402958, 0.000019235392, -0.000006311283, -0.000007916920, 0.000011818976, -0.000005443811, -0.000002851159, 0.000005884802, -0.000003293672, -0.000000532816, 0.000002006025, -0.000001162688, 0.000000035821, 0.000000225341, -0.000000044031, },
	{ -0.000000044031, 0.000000225341, 0.000000035821, -0.000001162688, 0.000002006025, -0.000000532816, -0.000003293672, 0.000005884802, -0.000002851159, -0.000005443811, 0.000011818976, -0.000007916920, -0.000006311283, 0.000019235392, -0.000016402958, -0.000004438012, 0.000027032840, -0.000028503545, 0.000001604405, 0.000033645592, -0.000043818463, 0.000013010848, 0.000037166804, -0.000061289392, 0.000030539130, 0.000035525216, -0.000079199470, 0.000054326235, 0.000026703453, -0.000095242244, 0.000083743530, 0.000008981810, -0.000106660785, 0.000117308391, -0.000018812085, -0.000110451886, 0.000152666350, -0.000057069432, -0.000103624415, 0.000186653270, -0.000105204579, -0.000083495504, 0.000215441376, -0.000161518697, -0.000048003709, 0.000234766549, -0.000223141239, 0.000003984987, 0.000240227681, -0.000286063213, 0.000072404171, 0.000227642350, -0.000345270508, 0.000155772764, 0.000193437316, -0.000394978712, 0.000251063339, 0.000135047600, -0.000428963376, 0.000353672934, 0.000051294762, -0.000440972061, 0.000457510716, -0.000057286347, -0.000425197270, 0.000555209820, -0.000188202372, -0.000376782969, 0.000638462604, -0.000336864935, -0.000292332441, 0.000698469817, -0.000496585018, -0.000170382006, 0.000726485519, -0.000658713651, -0.000011804087, 0.000714431314, -0.000812935898, 0.000179895600, 0.000655546400, -0.000947715653, 0.000398418293, 0.000545034468, -0.001050878696, 0.000634675398, 0.000380665098, -0.001110311400, 0.000876972127, 0.000163286378, -0.001114743196, 0.001111379216, -0.000102792827, -0.001054572804, 0.001322289399, -0.000409588113, -0.000922692143, 0.001493143766, -0.000745422446, -0.000715258038, 0.001607301664, -0.001095127596, -0.000432360847, 0.001649017141, -0.001440473758, -0.000078541077, 0.001604475782, -0.001760824550, 0.000336889958, 0.001462838771, -0.002034001446, 0.000799761521, 0.001217236642, -0.002237328729, 0.001291212513, 0.000865653955, -0.002348817952, 0.001788131304, 0.000411648151, -0.002348440521, 0.002263865421, -0.000135148651, -0.002219428942, 0.002689185407, -0.000758787459, -0.001949542336, 0.003033472545, -0.001437050654, -0.001532230203, 0.003266086433, -0.002141807338, -0.000967630756, 0.003357856461, -0.002839676454, -0.000263346327, 0.003282631991, -0.003492981159, 0.000565051477, 0.003018819956, -0.004060960458, 0.001493820199, 0.002550836501, -0.004501186953, 0.002491164385, 0.001870401421, -0.004771123483, 0.003517667756, 0.000977610977, -0.004829736714, 0.004527010382, -0.000118263609, -0.004639072437, 0.005466913454, -0.001398287797, -0.004165684762, 0.006280220848, -0.002833698575, -0.003381797605, 0.006905984590, -0.004386045742, -0.002266058053, 0.007280363118, -0.006007582757, -0.000803709363, 0.007337051993, -0.007641793355, 0.001014049150, 0.007006814924, -0.009223851414, 0.003191870202, 0.006215401137, -0.010680658097, 0.005733845121, 0.004878570004, -0.011929804108, 0.008650037620, 0.002891725215, -0.012876171724, 0.011968423359, 0.000108816277, -0.013403393030, 0.015757916409, -0.003702130167, -0.013353419567, 0.020177105764, -0.008960570584, -0.012475474211, 0.025591919741, -0.016537264934, -0.010282294823, 0.032916987627, -0.028589107352, -0.005548095502, 0.044924211364, -0.052220316084, 0.006294860825, 0.074649697944, -0.131632468939, 0.071476962290, 0.637910172865, 0.461429901411, -0.092546848086, -0.052881120986, 0.085501007955, -0.045052457934, -0.013782627483, 0.044661509529, -0.033324421129, -0.001298737265, 0.027691650657, -0.027042860751, 0.004784284636, 0.017782252795, -0.022515638261, 0.008166107883, 0.011021114724, -0.018747892171, 0.010046946162, 0.006034563226, -0.015388874839, 0.010947636812, 0.002225017764, -0.012305943995, 0.011145792416, -0.000707144814, -0.009455500166, 0.010816726225, -0.002931185648, -0.006833596938, 0.010087780763, -0.004555250475, -0.004453580568, 0.009061570302, -0.005658292455, -0.002334591890, 0.007826379985, -0.006305795403, -0.000495096297, 0.006460707886, -0.006557678986, 0.001050928812, 0.005034968864, -0.006472094668, 0.002296209381, 0.003611804337, -0.006106917059, 0.003241312758, 0.002245752184, -0.005519891265, 0.003894992690, 0.000982700176, -0.004767994857, 0.004273919975, -0.000140627422, -0.003906368220, 0.004401930494, -0.001097001039, -0.002987054364, 0.004308902165, -0.001868750074, -0.002057721358, 0.004029363830, -0.002447520640, -0.001160494767, 0.003600934799, -0.002833720814, -0.000330992794, 0.003062689808, -0.003035673472, 0.000402371952, 0.002453538558, -0.003068516829, 0.001018785577, 0.001810700978, -0.002952907644, 0.001505105405, 0.001168348661, -0.002713591949, 0.001855617038, 0.000556469804, -0.002377913393, 0.002071499286, 0, -0.001974330085, 0.002160035528, -0.000481754926, -0.001531007489, 0.002133621982, -0.000875394430, -0.001074547987, 0.002008631705, -0.001173403564, -0.000628907803, 0.001804197674, -0.001373859411, -0.000214539713, 0.001540979110, -0.001479897814, 0.000152213681, 0.001239972430, -0.001498984915, 0.000459465733, 0.000921422180, -0.001442045330, 0.000699874313, 0.000603878626, -0.001322502915, 0.000870490075, 0.000303437881, -0.001155290866, 0.000972392839, 0.000033188328, -0.000955885578, 0.001010153770, -0.000197125676, -0.000739413423, 0.000991167697, -0.000381224346, -0.000519872028, 0.000924903614, -0.000516210564, -0.000309498109, 0.000822122280, -0.000602308988, -0.000118303241, 0.000694107786, -0.000642457885, 0.000046212232, 0.000551955401, -0.000641791203, 0.000179168030, 0.000405951326, -0.000607051697, 0.000278246576, 0.000265071638, -0.000545976535, 0.000343489414, 0.000136618366, -0.000466694950, 0.000376974390, 0.000026000858, -0.000377173419, 0.000382405536, -0.000063338946, -0.000284737834, 0.000364650166, -0.000129867515, -0.000195694802, 0.000329258027, -0.000173784700, -0.000115066010, 0.000281995380, -0.000196756212, -0.000046441104, 0.000228423071, -0.000201581057, 0.000008053678, 0.000173542165, -0.000191823258, 0.000047681286, 0.000121524156, -0.000171436969, 0.000072930438, 0.000075535536, -0.000144411979, 0.000085284053, 0.000037659140, -0.000114462842, 0.000086943498, 0.000008907714, -0.000084779761, 0.000080533644, -0.000010681032, -0.000057853377, 0.000068813020, -0.000021883634, -0.000035379216, 0.000054410883, -0.000026083599, -0.000018241125, 0.000039609292, -0.000025038860, -0.000006567168, 0.000026183341, -0.000020645395, 0.000000153658, 0.000015307265, -0.000014717147, 0.000002909364, 0.000007528338, -0.000008799597, 0.000002975555, 0.000002804964, -0.000004030464, 0.000001717647, 0.000000600382, -0.000001056288, 0.000000403166, 0.000000019361, -0.000000008513, },
	{ -0.000000046187, 0.000000416042, -0.000000645600, -0.000000350649, 0.000002394967, -0.000003079637, 0, 0.000005500285, -0.000007826453, 0.000002215379, 0.000008760296, -0.000014944349, 0.000007403192, 0.000010844803, -0.000023950044, 0.000016385593, 0.000010206468, -0.000033798569, 0.000029529698, 0.000005262343, -0.000042925034, 0.000046609986, -0.000005398855, -0.000049349458, 0.000066718698, -0.000022801380, -0.000050840419, 0.000088237301, -0.000047378636, -0.000045127911, 0.000108877819, -0.000078801019, -0.000030150839, 0.000125797597, -0.000115854545, -0.000004320473, 0.000135785213, -0.000156386694, 0.000033221749, 0.000135509170, -0.000197331878, 0.000082375091, 0.000121815146, -0.000234823563, 0.000141901911, 0.000092052386, -0.000264393814, 0.000209322413, 0.000044405716, -0.000281254284, 0.000280898936, -0.000021793009, -0.000280645741, 0.000351721695, -0.000105801146, -0.000258236856, 0.000415901395, -0.000205275341, -0.000210547378, 0.000466866696, -0.000316178659, -0.000135366629, 0.000497756658, -0.000432803189, -0.000032135805, 0.000501890478, -0.000547920053, 0.000097737961, 0.000473289689, -0.000653060927, 0.000250666078, 0.000407221901, -0.000738926470, 0.000420787950, 0.000300730755, -0.000795907947, 0.000600025903, 0.000153114332, -0.000814699454, 0.000778298227, -0.000033685858, -0.000786970024, 0.000943893839, -0.000254820870, -0.000706058176, 0.001084001867, -0.000502426026, -0.000567646604, 0.001185378994, -0.000765691997, -0.000370372173, 0.001235127225, -0.001031129797, -0.000116326446, 0.001221545516, -0.001283033553, 0.000188595187, 0.001135011051, -0.001504133289, 0.000534532130, 0.000968840506, -0.001676417945, 0.000907713138, 0.000720078744, -0.001782097249, 0.001290744615, 0.000390162458, -0.001804660569, 0.001663138369, -0.000014590558, -0.001729982154, 0.002002071311, -0.000482709596, -0.001547415871, 0.002283356090, -0.000997550639, -0.001250819205, 0.002482588461, -0.001537549767, -0.000839446201, 0.002576425342, -0.002076759145, -0.000318652447, 0.002543937593, -0.002585659616, 0.000299637919, 0.002367974348, -0.003032228571, 0.000996742953, 0.002036471863, -0.003383226914, 0.001747338078, 0.001543639676, -0.003605655228, 0.002519886698, 0.000890960766, -0.003668317686, 0.003277379952, 0.000087950501, -0.003543423486, 0.003978360688, -0.000847368586, -0.003208150350, 0.004578187781, -0.001888302720, -0.002646093302, 0.005030477865, -0.002999639536, -0.001848525011, 0.005288642731, -0.004138098653, -0.000815401499, 0.005307421603, -0.005253031397, 0.000443940851, 0.005044286849, -0.006287283867, 0.001910434252, 0.004460576004, -0.007178088892, 0.003555289874, 0.003522165648, -0.007857782931, 0.005340357225, 0.002199439774, -0.008254034229, 0.007218783623, 0.000466188658, -0.008289077393, 0.009135872891, -0.001703156472, -0.007877086354, 0.011029959300, -0.004339029707, -0.006918070698, 0.012832959027, -0.007487121002, -0.005285018690, 0.014469934196, -0.011228329988, -0.002796977675, 0.015856209702, -0.015719571938, 0.000840113048, 0.016888374734, -0.021286180845, 0.006176617919, 0.017418316795, -0.028664190885, 0.014423128798, 0.017170558739, -0.039788109397, 0.028902976187, 0.015402967339, -0.061443132232, 0.063143302703, 0.008478137643, -0.142826907286, 0.304298327257, 0.687239330924, 0.223190384075, -0.149655115537, 0.035528299478, 0.045917716787, -0.062744421730, 0.027949864633, 0.018041222597, -0.038675181756, 0.024489680726, 0.006228944730, -0.026354039734, 0.021866928789, -0.000343535243, -0.018339357829, 0.019451503900, -0.004407578401, -0.012462467142, 0.017068235640, -0.006978929401, -0.007880382572, 0.014675886261, -0.008531794547, -0.004208003619, 0.012284620249, -0.009329103970, -0.001248775632, 0.009926860382, -0.009540105621, 0.001108323305, 0.007644284260, -0.009288837303, 0.002934112125, 0.005480820686, -0.008675935976, 0.004281125651, 0.003478310168, -0.007788806386, 0.005194795395, 0.001673586025, -0.006706229208, 0.005719181194, 0.000096470864, -0.005500154066, 0.005899694295, -0.001231532499, -0.004236040202, 0.005784046546, -0.002297963727, -0.002972480726, 0.005422110344, -0.003099607091, -0.001760537637, 0.004865106531, -0.003642227503, -0.000643049142, 0.004164398858, -0.003939896985, 0.000345926738, 0.003370096241, -0.004013975371, 0.001181431672, 0.002529616078, -0.003891817105, 0.001847634161, 0.001686328240, -0.003605282675, 0.002337543303, 0.000878372346, -0.003189136999, 0.002652415537, 0.000137717147, -0.002679417475, 0.002800882570, -0.000510491542, -0.002111851073, 0.002797845734, -0.001048269037, -0.001520392971, 0.002663194415, -0.001464810813, -0.000935949133, 0.002420414119, -0.001756205359, -0.000385332574, 0.002095153200, -0.001924869932, 0.000109511529, 0.001713816628, -0.001978751677, 0.000531992346, 0.001302250654, -0.001930346722, 0.000871067791, 0.000884574375, -0.001795596555, 0.001121158257, 0.000482203725, -0.001592723995, 0.001281804888, 0.000113100906, -0.001341070590, 0.001357109206, -0.000208731325, -0.001059993296, 0.001354999925, -0.000473505068, -0.000767871519, 0.001286378779, -0.000675660409, -0.000481266278, 0.001164200012, -0.000813656569, -0.000214262258, 0.001002537826, -0.000889571781, 0.000021988569, 0.000815692747, -0.000908550726, 0.000219515441, 0.000617381887, -0.000878143749, 0.000373575059, 0.000420049958, -0.000807584646, 0.000482512088, 0.000234328215, -0.000707053590, 0.000547459599, 0.000068657870, -0.000586968783, 0.000571912243, -0.000070916285, -0.000457345223, 0.000561209638, -0.000180786774, -0.000327251773, 0.000521969602, -0.000259672973, -0.000204389262, 0.000461510515, -0.000308381340, -0.000094803035, 0.000387299357, -0.000329464363, -0.000002734006, 0.000306457235, -0.000326810115, 0.000069396769, 0.000225347831, -0.000305195875, 0.000120882943, 0.000149266672, -0.000269838614, 0.000152526749, 0.000082241072, -0.000225972495, 0.000166356313, 0.000026942416, -0.000178479020, 0.000165293792, -0.000015295152, -0.000131589744, 0.000152802577, -0.000044362298, -0.000088674689, 0.000132540792, -0.000061186312, -0.000052122565, 0.000108045485, -0.000067488942, -0.000023311848, 0.000082467623, -0.000065513958, -0.000002665351, 0.000058372621, -0.000057748398, 0.000010224573, 0.000037615094, -0.000046659881, 0.000016417246, 0.000021290238, -0.000034469366, 0.000017411025, 0.000009758246, -0.000022974516, 0.000014917625, 0.000002732772, -0.000013433703, 0.000010643665, -0.000000579925, -0.000006515197, 0.000006097715, -0.000001307633, -0.000002310515, 0.000002437809, -0.000000722833, -0.000000405726, 0.000000370132, -0.000000055724, -0.000000000105, },
	{ 0.000000076678, 0.000000329112, -0.000001180066, 0.000001113270, 0.000001099321, -0.000004101475, 0.000004088842, 0.000001188517, -0.000008322639, 0.000009627998, -0.000000677170, -0.000012902271, 0.000017904110, -0.000005721818, -0.000016491013, 0.000028542777, -0.000014929298, -0.000017459372, 0.000040578424, -0.000028859595, -0.000014072076, 0.000052472569, -0.000047490369, -0.000004695871, 0.000062197438, -0.000070101248, 0.000011975965, 0.000067383202, -0.000095215965, 0.000036701865, 0.000065521504, -0.000120613655, 0.000069493684, 0.000054212601, -0.000143415701, 0.000109462370, 0.000031438736, -0.000160248791, 0.000154726176, -0.000004157342, -0.000167478625, 0.000202396544, -0.000053012048, -0.000161502523, 0.000248651916, -0.000114422906, -0.000139083393, 0.000288903733, -0.000186395714, -0.000097702642, 0.000318052076, -0.000265577031, -0.000035906019, 0.000330821317, -0.000347287505, 0.000046385586, 0.000322159168, -0.000425665474, 0.000147628450, 0.000287676215, -0.000493923074, 0.000264497587, 0.000224097837, -0.000544709123, 0.000391839810, 0.000129696816, -0.000570564861, 0.000522754771, 0.000004673221, -0.000564450780, 0.000648813087, -0.000148551385, -0.000520315737, 0.000760412099, -0.000325155648, -0.000433673950, 0.000847260561, -0.000517881339, -0.000302151676, 0.000898974113, -0.000717155782, -0.000125963813, 0.000905754461, -0.000911383381, 0.000091718460, 0.000859117261, -0.001087405830, 0.000344544444, 0.000752627456, -0.001231119885, 0.000622934616, 0.000582596672, -0.001328230753, 0.000914226591, 0.000348695654, -0.001365108940, 0.001203027577, 0.000054435860, -0.001329709392, 0.001471773108, -0.000292521644, -0.001212504677, 0.001701479533, -0.000680265087, -0.001007379203, 0.001872665486, -0.001092764453, -0.000712429631, 0.001966405874, -0.001510251866, -0.000330617827, 0.001965471710, -0.001909851282, 0.000129772850, 0.001855500989, -0.002266445073, 0.000654919621, 0.001626140347, -0.002553751192, 0.001225512024, 0.001272095018, -0.002745571461, 0.001817091855, 0.000794025803, -0.002817159914, 0.002400685317, 0.000199236654, -0.002746650902, 0.002943715766, -0.000497895086, -0.002516480372, 0.003411169630, -0.001275781943, -0.002114731140, 0.003766972863, -0.002105804390, -0.001536334298, 0.003975521584, -0.002952807866, -0.000784064610, 0.004003299077, -0.003775903573, 0.000130722121, 0.003820502787, -0.004529537326, 0.001187647033, 0.003402599815, -0.005164768960, 0.002357179428, 0.002731727930, -0.005630681839, 0.003600814686, 0.001797861269, -0.005875816906, 0.004871521655, 0.000599665250, -0.005849496014, 0.006114383163, -0.000855027220, -0.005502859788, 0.007267300375, -0.002549178082, -0.004789385212, 0.008261554006, -0.004456999463, -0.003664545718, 0.009021889875, -0.006544959725, -0.002084085594, 0.009465572568, -0.008773421591, 0, 0.009499415631, -0.011099063901, 0.002647495773, 0.009012875502, -0.013478417786, 0.005945558488, 0.007863174651, -0.015873302635, 0.010039947549, 0.005843038405, -0.018260172858, 0.015202383315, 0.002606265694, -0.020649082347, 0.021993657100, -0.002524908060, -0.023131145536, 0.031731809722, -0.011159644804, -0.026033596020, 0.048240351982, -0.028381184389, -0.030678155188, 0.088420166541, -0.083150440583, -0.048854008615, 0.531054090984, 0.590731029313, 0.006308111859, -0.110159414661, 0.084876879137, -0.013194190249, -0.041538569437, 0.048376511392, -0.016567558248, -0.020490392388, 0.033537912391, -0.017419098451, -0.009810578008, 0.024672948328, -0.017228610492, -0.003243930227, 0.018336836059, -0.016424249360, 0.001147759043, 0.013365501987, -0.015200256202, 0.004162541523, 0.009276268401, -0.013677201780, 0.006195378263, 0.005845150475, -0.011947351053, 0.007473041297, 0.002960449028, -0.010089897933, 0.008144772144, 0.000562274446, -0.008176195029, 0.008321832668, -0.001385695375, -0.006271145766, 0.008096052763, -0.002910537626, -0.004433030683, 0.007548733315, -0.004037658197, -0.002712738121, 0.006754737304, -0.004794746159, -0.001152867675, 0.005784043718, -0.005213610886, 0.000213045661, 0.004701936023, -0.005330692261, 0.001361049804, 0.003568481110, -0.005186703091, 0.002276964031, 0.002437693783, -0.004825699990, 0.002956208287, 0.001356638751, -0.004293794185, 0.003403275740, 0.000364635815, -0.003637665907, 0.003630875602, -0.000507323492, -0.002903015732, 0.003658792482, -0.001236881601, -0.002133063620, 0.003512522972, -0.001810309894, -0.001367186848, 0.003221759997, -0.002222187138, -0.000639769181, 0.002818800740, -0.002474778191, 0.000020685286, 0.002336954767, -0.002577148210, 0.000592139243, 0.001809025694, -0.002544061987, 0.001059294732, 0.001265932596, -0.002394728189, 0.001413553699, 0.000735527175, -0.002151454292, 0.001652685646, 0.000241649913, -0.001838279793, 0.001780235945, -0.000196545921, -0.001479653287, 0.001804720122, -0.000564988776, -0.001099213317, 0.001738657968, -0.000854803335, -0.000718724320, 0.001597506562, -0.001062160838, -0.000357207989, 0.001398552881, -0.001187893664, -0.000030297763, 0.001159824981, -0.001236913020, 0.000250169289, 0.000899075802, -0.001217476346, 0.000476322402, 0.000632886107, -0.001140355690, 0.000644200773, 0.000375923371, -0.001017959992, 0.000753494223, 0.000140382279, -0.000863462698, 0.000807113409, -0.000064379385, -0.000689981978, 0.000810629082, -0.000232007591, -0.000509854142, 0.000771624074, -0.000359131028, -0.000334032380, 0.000699003183, -0.000445171504, -0.000171633150, 0.000602304805, -0.000492013240, -0.000029642139, 0.000491054472, -0.000503564532, 0.000087218681, 0.000374194574, -0.000485248782, 0.000176471138, 0.000259617048, -0.000443463031, 0.000237724841, 0.000153817260, -0.000385040807, 0.000272408796, 0.000061678228, -0.000316752638, 0.000283419273, -0.000013614658, -0.000244872285, 0.000274715385, -0.000070536569, -0.000174830056, 0.000250894423, -0.000109079203, -0.000110967029, 0.000216777470, -0.000130520801, -0.000056396101, 0.000177032455, -0.000137135178, -0.000012968082, 0.000135856868, -0.000131866613, 0.000018665973, 0.000096736308, -0.000117997504, 0.000038910915, 0.000062288332, -0.000098833828, 0.000049021371, 0.000034194168, -0.000077430054, 0.000050855363, 0.000013214295, -0.000056370415, 0.000046610855, -0.000000721959, -0.000037617904, 0.000038567726, -0.000008367388, -0.000022436317, 0.000028855497, -0.000010966434, -0.000011384649, 0.000019263546, -0.000010043069, -0.000004377555, 0.000011106000, -0.000007187119, -0.000000800802, 0.000005148248, -0.000003857825, 0.000000333035, 0.000001596589, -0.000001220840, 0.000000205745, 0.000000147223, -0.000000031093, 0.000000009548, },
	{ 0.000000302950, -0.000000172505, -0.000000996732, 0.000002298845, -0.000001437204, -0.000002428544, 0.000006218985, -0.000004808075, -0.000003193123, 0.000011675105, -0.000011020308, -0.000001951843, 0.000017768343, -0.000020377816, 0.000002640316, 0.000023143035, -0.000032636252, 0.000011739808, 0.000026098847, -0.000046935756, 0.000026118546, 0.000024755045, -0.000061794186, 0.000045985824, 0.000017255701, -0.000075167000, 0.000070846798, 0.000002000291, -0.000084574687, 0.000099414458, -0.000022119201, -0.000087292930, 0.000129588802, -0.000055495677, -0.000080595008, 0.000158512426, -0.000097620315, -0.000062030704, 0.000182706221, -0.000146952431, -0.000029721623, 0.000198282659, -0.000200863478, 0.000017350348, 0.000201227693, -0.000255668612, 0.000079086262, 0.000187736054, -0.000306753583, 0.000154069777, 0.000154579112, -0.000348798113, 0.000239445947, 0.000099480011, -0.000376089650, 0.000330898107, 0.000021467792, -0.000382914075, 0.000422736283, -0.000078818975, -0.000364002953, 0.000508103730, -0.000198907672, -0.000315010821, 0.000579300307, -0.000334372005, -0.000232991354, 0.000628213006, -0.000478838095, -0.000116838258, 0.000646835537, -0.000624130401, 0.000032344052, 0.000627851003, -0.000760563419, 0.000210973517, 0.000565245014, -0.000877375798, 0.000412856980, 0.000454911435, -0.000963293843, 0.000629213946, 0.000295209992, -0.001007201670, 0.000848873268, 0.000087434277, -0.000998886419, 0.001058648881, -0.000163849344, -0.000929819302, 0.001243889976, -0.000450626822, -0.000793927597, 0.001389189805, -0.000761453418, -0.000588309370, 0.001479226289, -0.001081681160, -0.000313842072, 0.001499697423, -0.001393904361, 0.000024361559, 0.001438305837, -0.001678618520, 0.000416691623, 0.001285740373, -0.001915075217, 0.000849006600, 0.001036598743, -0.002082303044, 0.001302849196, 0.000690194482, -0.002160253102, 0.001755923001, 0.000251193907, -0.002131017725, 0.002182826695, -0.000269965475, -0.001980063709, 0.002556028210, -0.000856914828, -0.001697416822, 0.002847047099, -0.001487480117, -0.001278733398, 0.003027800327, -0.002134108635, -0.000726197438, 0.003072055489, -0.002764594416, -0.000049188113, 0.002956926961, -0.003343084676, 0.000735327293, 0.002664345275, -0.003831332889, 0.001602706321, 0.002182428693, -0.004190148478, 0.002520864737, 0.001506688937, -0.004380978947, 0.003450825533, 0.000641010560, -0.004367548338, 0.004347556804, -0.000401644206, -0.004117466531, 0.005161047653, -0.001598835911, -0.003603717137, 0.005837544333, -0.002918561536, -0.002805927151, 0.006320837546, -0.004319459664, -0.001711317702, 0.006553452558, -0.005751246793, -0.000315229516, 0.006477538777, -0.007155271091, 0.001378896390, 0.006035169129, -0.008464990431, 0.003360233225, 0.005167609177, -0.009606050960, 0.005612199220, 0.003812831444, -0.010495405510, 0.008115383223, 0.001899972864, -0.011038438729, 0.010852498657, -0.000661822449, -0.011122035463, 0.013816933456, -0.004005681292, -0.010599062403, 0.017028566913, -0.008353508748, -0.009253160543, 0.020566402095, -0.014121936920, -0.006712716259, 0.024646499989, -0.022198424538, -0.002209749332, 0.029848332464, -0.034822753387, 0.006268425760, 0.037993005321, -0.059522968225, 0.026477946578, 0.057968238783, -0.145424906995, 0.144614207162, 0.670553090469, 0.384790099177, -0.123935066259, -0.021624173200, 0.076750208654, -0.055481911090, 0.001167834156, 0.038021580776, -0.037992028213, 0.008373102470, 0.021764532142, -0.028916155320, 0.011591460709, 0.012372268545, -0.022722775491, 0.013039958433, 0.006111713008, -0.017873012668, 0.013463088696, 0.001648188578, -0.013797334664, 0.013200701823, -0.001611484909, -0.010255996249, 0.012447453051, -0.003974195981, -0.007144029260, 0.011336769535, -0.005621046716, -0.004416953641, 0.009972818597, -0.006673698783, -0.002057740907, 0.008443710560, -0.007224781626, -0.000060386974, 0.006826963620, -0.007352662256, 0.001578884938, 0.005191498028, -0.007128682743, 0.002866483106, 0.003598026863, -0.006620475382, 0.003814043630, 0.002098749285, -0.005893123328, 0.004439598611, 0.000736824501, -0.005009112336, 0.004767774993, -0.000454105735, -0.004027623751, 0.004829307012, -0.001450193339, -0.003003514167, 0.004660059663, -0.002237376274, -0.001986212159, 0.004299717169, -0.002811051828, -0.001018691405, 0.003790266460, -0.003175429995, -0.000136630597, 0.003174390032, -0.003342592155, 0.000632166551, 0.002493869729, -0.003331300007, 0.001268048383, 0.001788090199, -0.003165613948, 0.001759472693, 0.001092716763, -0.002873389298, 0.002102650210, 0.000438607080, -0.002484723281, 0.002300899181, -0.000149000757, -0.002030425579, 0.002363751868, -0.000650998431, -0.001540581163, 0.002305865821, -0.001054608078, -0.001043266347, 0.002145801053, -0.001353282291, -0.000563468317, 0.001904728414, -0.001546327474, -0.000122245474, 0.001605134859, -0.001638287582, 0.000263848359, 0.001269587941, -0.001638135528, 0.000583067593, 0.000919615272, -0.001558326668, 0.000828512633, 0.000574745437, -0.001413772550, 0.000997921326, 0.000251745457, -0.001220793483, 0.001093245263, -0.000035922679, -0.000996105625, 0.001120051275, -0.000278417100, -0.000755892575, 0.001086794963, -0.000469606270, -0.000515003260, 0.001004016522, -0.000606949827, -0.000286307930, 0.000883509612, -0.000691195805, -0.000080232927, 0.000737511577, -0.000725928201, 0.000095516695, 0.000577958334, -0.000717004604, 0.000236048993, 0.000415840056, -0.000671926636, 0.000339204138, 0.000260685045, -0.000599186340, 0.000405322317, 0.000120189402, -0.000507629466, 0.000436889382, 0, -0.000405872117, 0.000438093910, -0.000096351629, -0.000301800899, 0.000414331867, -0.000167375830, -0.000202178970, 0.000371695142, -0.000213430823, -0.000112371866, 0.000316478061, -0.000236433106, -0.000036198175, 0.000254731856, -0.000239501086, 0.000024098314, 0.000191891336, -0.000226562602, 0.000067765996, 0.000132491113, -0.000201956620, 0.000095369717, 0.000079981253, -0.000170057135, 0.000108544007, 0.000036644595, -0.000134943301, 0.000109700315, 0.000003610813, -0.000100134546, 0.000101714258, -0.000019044088, -0.000068403167, 0.000087618105, -0.000032129260, -0.000041670321, 0.000070321158, -0.000037121482, -0.000020984712, 0.000052376751, -0.000035920626, -0.000006577217, 0.000035809595, -0.000030600316, 0.000002020533, 0.000022011479, -0.000023174619, 0.000005809554, 0.000011707463, -0.000015398795, 0.000006127397, 0.000004988998, -0.000008618087, 0.000004442065, 0.000001405292, -0.000003673767, 0.000002154981, 0.000000100117, -0.000000870334, 0.000000430074, -0.000000021737, -0.000000002524, 0.000000062929, },
};
### executing D:/Praat-work/稳定早期版/test/fon/resample16_8.praat:
static double filter_2 [400] = { 0.000000016702, 0.000000174774, -0.000000345164, -0.000001067720, 0.000000851116, 0.000002863235, -0.000001162714, -0.000005620738, 0.000000869420, 0.000009277718, 0.000000447469, -0.000013643072, -0.000003181916, 0.000018398021, 0.000007669494, -0.000023104940, -0.000014154730, 0.000027224071, 0.000022761189, -0.000030137733, -0.000033466018, 0.000031181246, 0.000046080541, -0.000029679474, -0.000060238279, 0.000024987538, 0.000075391555, -0.000016534012, -0.000090817454, 0.000003864673, 0.000105633592, 0.000013315223, -0.000118823707, -0.000035102267, 0.000129272664, 0.000061361904, -0.000135810030, -0.000091703098, 0.000137260959, 0.000125462425, -0.000132502707, -0.000161699103, 0.000120524792, 0.000199202081, -0.000100490480, -0.000236509923, 0.000071797107, 0.000271943724, -0.000034132582, -0.000303652795, -0.000012474578, 0.000329672327, 0.000067614278, -0.000347991715, -0.000130465370, 0.000356631711, 0.000199779799, -0.000353728109, -0.000273882156, 0.000337619261, 0.000350685947, -0.000306934364, -0.000427727336, 0.000260679253, 0.000502216568, -0.000198316265, -0.000571106593, 0.000119834734, 0.000631177784, -0.000025808772, -0.000679136985, -0.000082560777, 0.000711728474, 0.000203422993, -0.000725853861, -0.000334274450, 0.000718697419, 0.000471979431, -0.000687852915, -0.000612813891, 0.000631447717, 0.000752533481, -0.000548259722, -0.000886465206, 0.000437822646, 0.001009621457, -0.000300515279, -0.001116834317, 0.000137630561, 0.001202907280, 0.000048579274, -0.001262780731, -0.000254884693, 0.001291706920, 0.000477090570, -0.001285429535, -0.000710079347, 0.001240362582, 0.000947886565, -0.001153762960, -0.001183808695, 0.001023890984, 0.001410542205, -0.000850153142, -0.001620351820, 0.000633221579, 0.001805264886, -0.000375125202, -0.001957287830, 0.000079307829, 0.002068639830, 0.000249350425, -0.002131998034, -0.000604551503, 0.002140748031, 0.000978639454, -0.002089232836, -0.001362703051, 0.001972993320, 0.001746720645, -0.001788992959, -0.002119745782, 0.001535819854, 0.002470130811, -0.001213859345, -0.002785784615, 0.000825431027, 0.003054459424, -0.000374884759, -0.003264060704, -0.000131348838, 0.003402973242, 0.000684756792, -0.003460395844, -0.001274793231, 0.003426676592, 0.001888980669, -0.003293640334, -0.002513062421, 0.003054900050, 0.003131203974, -0.002706143987, -0.003726239548, 0.002245390964, 0.004279958612, -0.001673207027, -0.004773425560, 0.000992877707, 0.005187324370, -0.000210531477, -0.005502318658, -0.000664788329, 0.005699416227, 0.001621103939, -0.005760325942, -0.002643534378, 0.005667793394, 0.003714373277, -0.005405900367, -0.004813205737, 0.004960311262, 0.005917052679, -0.004318447082, -0.007000525980, 0.003469563839, 0.008035970655, -0.002404706319, -0.008993560546, 0.001116498572, 0.009841299190, 0.000401283468, -0.010544854465, -0.002154438860, 0.011067117695, 0.004149496820, -0.011367312948, -0.006395513339, 0.011399365941, 0.008906878884, -0.011109024015, -0.011707809328, 0.010428788786, 0.014839807808, -0.009268824094, -0.018374717666, 0.007499986425, 0.022439097988, -0.004920206118, -0.027263637100, 0.001182094632, 0.033294433052, 0.004381979544, -0.041481559558, -0.013258031379, 0.054196129859, 0.029577145865, -0.079289808914, -0.070710139611, 0.166626320294, 0.432131364222, 0.432131364222, 0.166626320294, -0.070710139611, -0.079289808914, 0.029577145865, 0.054196129859, -0.013258031379, -0.041481559558, 0.004381979544, 0.033294433052, 0.001182094632, -0.027263637100, -0.004920206118, 0.022439097988, 0.007499986425, -0.018374717666, -0.009268824094, 0.014839807808, 0.010428788786, -0.011707809328, -0.011109024015, 0.008906878884, 0.011399365941, -0.006395513339, -0.011367312948, 0.004149496820, 0.011067117695, -0.002154438860, -0.010544854465, 0.000401283468, 0.009841299190, 0.001116498572, -0.008993560546, -0.002404706319, 0.008035970655, 0.003469563839, -0.007000525980, -0.004318447082, 0.005917052679, 0.004960311262, -0.004813205737, -0.005405900367, 0.003714373277, 0.005667793394, -0.002643534378, -0.005760325942, 0.001621103939, 0.005699416227, -0.000664788329, -0.005502318658, -0.000210531477, 0.005187324370, 0.000992877707, -0.004773425560, -0.001673207027, 0.004279958612, 0.002245390964, -0.003726239548, -0.002706143987, 0.003131203974, 0.003054900050, -0.002513062421, -0.003293640334, 0.001888980669, 0.003426676592, -0.001274793231, -0.003460395844, 0.000684756792, 0.003402973242, -0.000131348838, -0.003264060704, -0.000374884759, 0.003054459424, 0.000825431027, -0.002785784615, -0.001213859345, 0.002470130811, 0.001535819854, -0.002119745782, -0.001788992959, 0.001746720645, 0.001972993320, -0.001362703051, -0.002089232836, 0.000978639454, 0.002140748031, -0.000604551503, -0.002131998034, 0.000249350425, 0.002068639830, 0.000079307829, -0.001957287830, -0.000375125202, 0.001805264886, 0.000633221579, -0.001620351820, -0.000850153142, 0.001410542205, 0.001023890984, -0.001183808695, -0.001153762960, 0.000947886565, 0.001240362582, -0.000710079347, -0.001285429535, 0.000477090570, 0.001291706920, -0.000254884693, -0.001262780731, 0.000048579274, 0.001202907280, 0.000137630561, -0.001116834317, -0.000300515279, 0.001009621457, 0.000437822646, -0.000886465206, -0.000548259722, 0.000752533481, 0.000631447717, -0.000612813891, -0.000687852915, 0.000471979431, 0.000718697419, -0.000334274450, -0.000725853861, 0.000203422993, 0.000711728474, -0.000082560777, -0.000679136985, -0.000025808772, 0.000631177784, 0.000119834734, -0.000571106593, -0.000198316265, 0.000502216568, 0.000260679253, -0.000427727336, -0.000306934364, 0.000350685947, 0.000337619261, -0.000273882156, -0.000353728109, 0.000199779799, 0.000356631711, -0.000130465370, -0.000347991715, 0.000067614278, 0.000329672327, -0.000012474578, -0.000303652795, -0.000034132582, 0.000271943724, 0.000071797107, -0.000236509923, -0.000100490480, 0.000199202081, 0.000120524792, -0.000161699103, -0.000132502707, 0.000125462425, 0.000137260959, -0.000091703098, -0.000135810030, 0.000061361904, 0.000129272664, -0.000035102267, -0.000118823707, 0.000013315223, 0.000105633592, 0.000003864673, -0.000090817454, -0.000016534012, 0.000075391555, 0.000024987538, -0.000060238279, -0.000029679474, 0.000046080541, 0.000031181246, -0.000033466018, -0.000030137733, 0.000022761189, 0.000027224071, -0.000014154730, -0.000023104940, 0.000007669494, 0.000018398021, -0.000003181916, -0.000013643072, 0.000000447469, 0.000009277718, 0.000000869420, -0.000005620738, -0.000001162714, 0.000002863235, 0.000000851116, -0.000001067720, -0.000000345164, 0.000000174774, 0.000000016702, };
### executing D:/Praat-work/稳定早期版/test/fon/resample22_8.praat:
static double filter_11_4 [4] [400] = {
	{ -0.000000004837, 0.000000285737, 0.000000752718, 0.000000192176, -0.000001868819, -0.000003273977, -0.000000917717, 0.000004685848, 0.000007744866, 0.000002549393, -0.000008521074, -0.000014307495, -0.000005462250, 0.000013112923, 0.000023062120, 0.000010033061, -0.000018155448, -0.000034063239, -0.000016634707, 0.000023300354, 0.000047316080, 0.000025630410, -0.000028159582, -0.000062773512, -0.000037367844, 0.000032308444, 0.000080333438, 0.000052173203, -0.000035289272, -0.000099836678, -0.000070345272, 0.000036615581, 0.000121065390, 0.000092149569, -0.000035776675, -0.000143742051, -0.000117812605, 0.000032242686, 0.000167529002, 0.000147516336, -0.000025469995, -0.000192028578, -0.000181392843, 0.000014906971, 0.000216783826, 0.000219519307, 0, -0.000241279800, -0.000261913316, -0.000019800273, 0.000264945425, 0.000308528563, 0.000045032541, -0.000287155912, -0.000359250951, -0.000076218326, 0.000307235689, 0.000413895165, 0.000113855442, -0.000324461830, -0.000472201711, -0.000158411476, 0.000338067910, 0.000533834460, 0.000210317376, -0.000347248265, -0.000598378696, -0.000269961179, 0.000351162574, 0.000665339668, 0.000337681967, -0.000348940704, -0.000734141644, -0.000413764107, 0.000339687741, 0.000804127432, 0.000498431815, -0.000322489115, -0.000874558343, -0.000591844122, 0.000296415723, 0.000944614548, 0.000694090274, -0.000260528951, -0.001013395746, -0.000805185620, 0.000213885467, 0.001079922090, 0.000925068013, -0.000155541650, -0.001143135232, -0.001053594770, 0.000084557521, 0.001201899386, 0.001190540198, 0, -0.001255002230, -0.001335593702, -0.000099054697, 0.001301155480, 0.001488358485, 0.000213519739, -0.001338994868, -0.001648350813, -0.000344297684, 0.001367079273, 0.001814999827, 0.000492282107, -0.001383888631, -0.001987647870, -0.000658361211, 0.001387820204, 0.002165551246, 0.000843423840, -0.001377182651, -0.002347881339, -0.001048368451, 0.001350187240, 0.002533725988, 0.001274115708, -0.001304935309, -0.002722090937, -0.001521625559, 0.001239400876, 0.002911901202, 0.001791919946, -0.001151406902, -0.003102002069, -0.002086112597, 0.001038593296, 0.003291159394, 0.002405447929, -0.000898374025, -0.003478058766, -0.002751351743, 0.000727879774, 0.003661302903, 0.003125497467, -0.000523881249, -0.003839406475, -0.003529893184, 0.000282686159, 0.004010787172, 0.003966996936, 0, -0.004173751393, -0.004439871147, -0.000329263827, 0.004326472154, 0.004952392225, 0.000711246026, -0.004466955669, -0.005509539568, -0.001153508137, 0.004592991221, 0.006117801373, 0.001665554713, -0.004702075895, -0.006785756515, -0.002259591963, 0.004791300633, 0.007524929063, 0.002951656203, -0.004857175125, -0.008351078017, -0.003763339272, 0.004895352834, 0.009286206346, 0.004724513121, -0.004900186630, -0.010361807555, -0.005877799054, 0.004863984138, 0.011624344095, 0.007286239149, -0.004775701689, -0.013144984008, -0.009047208411, 0.004618519235, 0.015038038753, 0.011319419356, -0.004365000273, -0.017498771962, -0.014380068561, 0.003966484532, 0.020889378059, 0.018760351058, -0.003326725926, -0.025964057946, -0.025621881757, 0.002223519832, 0.034592704087, 0.038084063522, 0, -0.053026277720, -0.068343581553, -0.006522209889, 0.122821778456, 0.258705703638, 0.325636273365, 0.284403416927, 0.159284833540, 0.021153626218, -0.060753462001, -0.062503874551, -0.013713871631, 0.032116025232, 0.039256333579, 0.011246821107, -0.020769505247, -0.028684412120, -0.009971804582, 0.014636460631, 0.022565144539, 0.009158524205, -0.010769364991, -0.018523885523, -0.008567376278, 0.008094975173, 0.015620480040, 0.008096916656, -0.006129044687, -0.013408604026, -0.007697107226, 0.004621091566, 0.011649470697, 0.007340662874, -0.003428552445, -0.010204000363, -0.007011658054, 0.002464303634, 0.008985878011, 0.006700367494, -0.001672067575, -0.007938835275, -0.006400691551, 0.001013824672, 0.007024725729, 0.006108769837, -0.000462908331, -0.006216848565, -0.005822187079, 0, 0.005496008923, 0.005539493997, 0.000389302970, -0.004848089130, -0.005259904995, -0.000716022110, 0.004262494986, 0.004983099691, 0.000988798263, -0.003731129853, -0.004709087853, -0.001214561906, 0.003247698482, 0.004438114407, 0.001398992938, -0.002807223239, -0.004170590570, -0.001546842393, 0.002405700929, 0.003907042494, 0.001662161333, -0.002039854965, -0.003648071997, -0.001748465968, 0.001706953645, 0.003394325842, 0.001808858076, -0.001404675166, -0.003146471245, -0.001846113577, 0.001131006325, 0.002905176043, 0.001862748036, -0.000884165889, -0.002671092456, -0.001861065247, 0.000662546344, 0.002444843690, 0.001843193261, -0.000464669500, -0.002227012876, -0.001811111014, 0.000289152735, 0.002018133961, 0.001766667862, -0.000134683455, -0.001818684289, -0.001711597747, 0, 0.001629078661, 0.001647529287, 0.000116122349, -0.001449664742, -0.001575992788, -0.000214881309, 0.001280719682, 0.001498424943, 0.000297454282, -0.001122447855, -0.001416171812, -0.000365002428, 0.000974979654, 0.001330490565, 0.000418672640, -0.000838371244, -0.001242550365, -0.000459597838, 0.000712605226, 0.001153432683, 0.000488895926, -0.000597592153, -0.001064131309, -0.000507667696, 0.000493172809, 0.000975552229, 0.000516993943, -0.000399121224, -0.000888513552, -0.000517931967, 0.000315148332, 0.000803745598, 0.000511511686, -0.000240906231, -0.000721891247, -0.000498731475, 0.000175992955, 0.000643506640, 0.000480553905, -0.000119957712, -0.000569062271, -0.000457901486, 0.000072306502, 0.000498944528, 0.000431652514, -0.000032508054, -0.000433457698, -0.000402637140, 0, 0.000372826454, 0.000371633714, 0.000025804771, -0.000317198831, -0.000339365493, -0.000045511669, 0.000266649664, 0.000306497765, 0.000059737918, -0.000221184494, -0.000273635438, -0.000069106128, 0.000180743896, 0.000241321136, 0.000074237961, -0.000145208206, -0.000210033828, -0.000075747979, 0.000114402605, 0.000180188013, 0.000074237721, -0.000088102510, -0.000152133483, -0.000070290080, 0.000066039234, 0.000126155648, 0.000064464025, -0.000047905846, -0.000102476437, -0.000057289714, 0.000033363189, 0.000081255766, 0.000049264056, -0.000022045995, -0.000062593537, -0.000040846749, 0.000013569025, 0.000046532159, 0.000032456827, -0.000007533201, -0.000033059562, -0.000024469752, 0.000003531641, 0.000022112659, 0.000017215063, -0.000001155566, -0.000013581216, -0.000010974600, 0, 0.000007312092, 0.000005981307, 0.000000330770, -0.000003113798, -0.000002418629, -0.000000218042, 0.000000761317, 0.000000420471, 0.000000023886, -0.000000001136, },
	{ -0.000000012122, 0.000000169416, 0.000000676600, 0.000000492927, -0.000001285212, -0.000003179366, -0.000001931892, 0.000003233437, 0.000007616850, 0.000004679783, -0.000005730447, -0.000014039846, -0.000009081966, 0.000008453379, 0.000022451649, 0.000015472775, -0.000011042922, -0.000032805323, -0.000024169813, 0.000013106621, 0.000045001449, 0.000035468218, -0.000014222684, -0.000058886389, -0.000049634984, 0.000013944270, 0.000074251099, 0.000066903370, -0.000011804215, -0.000090830494, -0.000087467464, 0.000007320153, 0.000108303405, 0.000111476963, 0, -0.000126293112, -0.000139032216, -0.000010652257, 0.000144368472, 0.000170179582, 0.000025130521, -0.000162045633, -0.000204907158, -0.000043920344, 0.000178790315, 0.000243140907, 0.000067492550, -0.000194020649, -0.000284741235, -0.000096296772, 0.000207110540, 0.000329500048, 0.000130754977, -0.000217393526, -0.000377138307, -0.000171255030, 0.000224167086, 0.000427304104, 0.000218144362, -0.000226697360, -0.000479571278, -0.000271723801, 0.000224224212, 0.000533438554, 0.000332241627, -0.000215966592, -0.000588329216, -0.000399887895, 0.000201128112, 0.000643591279, 0.000474789089, -0.000178902778, -0.000698498149, -0.000557003149, 0.000148480784, 0.000752249713, 0.000646514900, -0.000109054287, -0.000803973818, -0.000743231935, 0.000059823072, 0.000852728059, 0.000846980959, 0, -0.000897501798, -0.000957504615, -0.000071183873, 0.000937218308, 0.001074458805, 0.000154474606, -0.000970736921, -0.001197410480, -0.000250591266, 0.000996855019, 0.001325835897, 0.000360222516, -0.001014309715, -0.001459119281, -0.000484024076, 0.001021778975, 0.001596551861, 0.000622617215, -0.001017881970, -0.001737331166, -0.000776588482, 0.001001178307, 0.001880560505, 0.000946490896, -0.000970165803, -0.002025248453, -0.001132846877, 0.000923276314, 0.002170308192, 0.001336153238, -0.000858869066, -0.002314556436, -0.001556888643, 0.000775220763, 0.002456711655, 0.001795524040, -0.000670511571, -0.002595391195, -0.002052536706, 0.000542805794, 0.002729106773, 0.002328428747, -0.000390025715, -0.002856257679, -0.002623751147, 0.000209916580, 0.002975120789, 0.002939134854, 0, -0.003083836190, -0.003275330905, -0.000242487938, 0.003180386773, 0.003633262369, 0.000520678978, -0.003262569544, -0.004014091993, -0.000838182618, 0.003327955466, 0.004419311117, 0.001199233966, -0.003373833281, -0.004850857887, -0.001608894499, 0.003397130661, 0.005311276666, 0.002073328001, -0.003394302793, -0.005803936561, -0.002600185390, 0.003361173285, 0.006333336706, 0.003199150848, -0.003292703784, -0.006905541981, -0.003882732732, 0.003182654340, 0.007528820207, 0.004667436373, -0.003023071579, -0.008214600091, -0.005575551582, 0.002803496501, 0.008978957648, 0.006637965725, -0.002509698336, -0.009845008592, -0.007898760790, 0.002121571233, 0.010846927800, 0.009423070177, -0.001609472975, -0.012037057319, -0.011311253848, 0.000927475671, 0.013499286072, 0.013726239294, 0, -0.015376281313, -0.016950911786, -0.001307203136, 0.017930807465, 0.021522732967, 0.003258284252, -0.021704063043, -0.028601904130, -0.006455296225, 0.028014305405, 0.041238081091, 0.012633496080, -0.041125260999, -0.070848685816, -0.029698258828, 0.086848743375, 0.228504104017, 0.318533831737, 0.304607916884, 0.194946137547, 0.052590787864, -0.047864405745, -0.068697688194, -0.027714776066, 0.023513625232, 0.041574658715, 0.020040993409, -0.014267198235, -0.029612972832, -0.016241020727, 0.009368762048, 0.022799646187, 0.013923221613, -0.006323143586, -0.018349979227, -0.012324905384, 0.004242973372, 0.015182730823, 0.011127687616, -0.002733376580, -0.012790727215, -0.010175427696, 0.001591914694, 0.010904793689, 0.009382851319, -0.000704040392, -0.009369008356, -0.008699688556, 0, 0.008086953789, 0.008094593164, 0.000565192138, -0.006995906794, -0.007547182475, -0.001021935886, 0.006053373284, 0.007043782726, 0.001391600420, -0.005229587141, -0.006575010406, -0.001689731495, 0.004503102497, 0.006134325631, 0.001927991219, -0.003858086493, -0.005717129005, -0.002115377469, 0.003282593265, 0.005320176610, 0.002259015751, -0.002767427908, -0.004941188682, -0.002364687703, 0.002305377999, 0.004578580265, 0.002437192048, -0.001890681320, -0.004231271079, -0.002480595949, 0.001518649550, 0.003898548192, 0.002498412852, -0.001185397509, -0.003579964819, -0.002493729934, 0.000887645414, 0.003275264371, 0.002469300366, -0.000622572640, -0.002984322577, -0.002427610543, 0.000387708503, 0.002707102800, 0.002370929290, -0.000180850063, -0.002443621176, -0.002301343911, 0, 0.002193919243, 0.002220786529, 0.000156680457, -0.001958042366, -0.002131053240, -0.000290907100, 0.001736022764, 0.002033817894, 0.000404299495, -0.001527866233, -0.001930641882, -0.000498400850, 0.001333541913, 0.001822980947, 0.000574692522, -0.001152974594, -0.001712189817, -0.000634604282, 0.000986039171, 0.001599525245, 0.000679521232, -0.000832556943, -0.001486147962, -0.000710788079, 0.000692293501, 0.001373123872, 0.000729711329, -0.000564958021, -0.001261424828, -0.000737559833, 0.000450203762, 0.001151929177, 0.000735564090, -0.000347629643, -0.001045422296, -0.000724914587, 0.000256782749, 0.000942597235, 0.000706759449, -0.000177161659, -0.000844055599, -0.000682201610, 0.000108220470, 0.000750308745, 0.000652295699, -0.000049373417, -0.000661779363, -0.000618044791, 0, 0.000578803483, 0.000580397165, 0.000040549498, -0.000501632932, -0.000540243182, -0.000072948180, 0.000430438271, 0.000498412381, 0.000097886477, -0.000365312189, -0.000455670886, -0.000116065967, 0.000306273365, 0.000412719179, 0.000128193129, -0.000253270768, -0.000370190311, -0.000134973130, 0.000206188370, 0.000328648587, 0.000137103709, -0.000164850235, -0.000288588760, -0.000135269231, 0.000129025942, 0.000250435770, 0.000130134984, -0.000098436302, -0.000214545028, -0.000122341770, 0.000072759307, 0.000181203253, 0.000112500850, -0.000051636262, -0.000150629872, -0.000101189305, 0.000034678046, 0.000122978957, 0.000088945836, -0.000021471436, -0.000098341687, -0.000076267067, 0.000011585438, 0.000076749312, 0.000063604359, -0.000004577564, -0.000058176584, -0.000051361182, 0, 0.000042545616, 0.000039891055, 0.000002594400, -0.000029730140, -0.000029496065, -0.000003646347, 0.000019560093, 0.000020425977, 0.000003584624, -0.000011826509, -0.000012877927, -0.000002820927, 0.000006286643, 0.000006996704, 0.000001745080, -0.000002669279, -0.000002875593, -0.000000720661, 0.000000680172, 0.000000557768, 0.000000081088, -0.000000007546, },
	{ -0.000000007546, 0.000000081088, 0.000000557768, 0.000000680172, -0.000000720661, -0.000002875593, -0.000002669279, 0.000001745080, 0.000006996704, 0.000006286643, -0.000002820927, -0.000012877927, -0.000011826509, 0.000003584624, 0.000020425977, 0.000019560093, -0.000003646347, -0.000029496065, -0.000029730140, 0.000002594400, 0.000039891055, 0.000042545616, 0, -0.000051361182, -0.000058176584, -0.000004577564, 0.000063604359, 0.000076749312, 0.000011585438, -0.000076267067, -0.000098341687, -0.000021471436, 0.000088945836, 0.000122978957, 0.000034678046, -0.000101189305, -0.000150629872, -0.000051636262, 0.000112500850, 0.000181203253, 0.000072759307, -0.000122341770, -0.000214545028, -0.000098436302, 0.000130134984, 0.000250435770, 0.000129025942, -0.000135269231, -0.000288588760, -0.000164850235, 0.000137103709, 0.000328648587, 0.000206188370, -0.000134973130, -0.000370190311, -0.000253270768, 0.000128193129, 0.000412719179, 0.000306273365, -0.000116065967, -0.000455670886, -0.000365312189, 0.000097886477, 0.000498412381, 0.000430438271, -0.000072948180, -0.000540243182, -0.000501632932, 0.000040549498, 0.000580397165, 0.000578803483, 0, -0.000618044791, -0.000661779363, -0.000049373417, 0.000652295699, 0.000750308745, 0.000108220470, -0.000682201610, -0.000844055599, -0.000177161659, 0.000706759449, 0.000942597235, 0.000256782749, -0.000724914587, -0.001045422296, -0.000347629643, 0.000735564090, 0.001151929177, 0.000450203762, -0.000737559833, -0.001261424828, -0.000564958021, 0.000729711329, 0.001373123872, 0.000692293501, -0.000710788079, -0.001486147962, -0.000832556943, 0.000679521232, 0.001599525245, 0.000986039171, -0.000634604282, -0.001712189817, -0.001152974594, 0.000574692522, 0.001822980947, 0.001333541913, -0.000498400850, -0.001930641882, -0.001527866233, 0.000404299495, 0.002033817894, 0.001736022764, -0.000290907100, -0.002131053240, -0.001958042366, 0.000156680457, 0.002220786529, 0.002193919243, 0, -0.002301343911, -0.002443621176, -0.000180850063, 0.002370929290, 0.002707102800, 0.000387708503, -0.002427610543, -0.002984322577, -0.000622572640, 0.002469300366, 0.003275264371, 0.000887645414, -0.002493729934, -0.003579964819, -0.001185397509, 0.002498412852, 0.003898548192, 0.001518649550, -0.002480595949, -0.004231271079, -0.001890681320, 0.002437192048, 0.004578580265, 0.002305377999, -0.002364687703, -0.004941188682, -0.002767427908, 0.002259015751, 0.005320176610, 0.003282593265, -0.002115377469, -0.005717129005, -0.003858086493, 0.001927991219, 0.006134325631, 0.004503102497, -0.001689731495, -0.006575010406, -0.005229587141, 0.001391600420, 0.007043782726, 0.006053373284, -0.001021935886, -0.007547182475, -0.006995906794, 0.000565192138, 0.008094593164, 0.008086953789, 0, -0.008699688556, -0.009369008356, -0.000704040392, 0.009382851319, 0.010904793689, 0.001591914694, -0.010175427696, -0.012790727215, -0.002733376580, 0.011127687616, 0.015182730823, 0.004242973372, -0.012324905384, -0.018349979227, -0.006323143586, 0.013923221613, 0.022799646187, 0.009368762048, -0.016241020727, -0.029612972832, -0.014267198235, 0.020040993409, 0.041574658715, 0.023513625232, -0.027714776066, -0.068697688194, -0.047864405745, 0.052590787864, 0.194946137547, 0.304607916884, 0.318533831737, 0.228504104017, 0.086848743375, -0.029698258828, -0.070848685816, -0.041125260999, 0.012633496080, 0.041238081091, 0.028014305405, -0.006455296225, -0.028601904130, -0.021704063043, 0.003258284252, 0.021522732967, 0.017930807465, -0.001307203136, -0.016950911786, -0.015376281313, 0, 0.013726239294, 0.013499286072, 0.000927475671, -0.011311253848, -0.012037057319, -0.001609472975, 0.009423070177, 0.010846927800, 0.002121571233, -0.007898760790, -0.009845008592, -0.002509698336, 0.006637965725, 0.008978957648, 0.002803496501, -0.005575551582, -0.008214600091, -0.003023071579, 0.004667436373, 0.007528820207, 0.003182654340, -0.003882732732, -0.006905541981, -0.003292703784, 0.003199150848, 0.006333336706, 0.003361173285, -0.002600185390, -0.005803936561, -0.003394302793, 0.002073328001, 0.005311276666, 0.003397130661, -0.001608894499, -0.004850857887, -0.003373833281, 0.001199233966, 0.004419311117, 0.003327955466, -0.000838182618, -0.004014091993, -0.003262569544, 0.000520678978, 0.003633262369, 0.003180386773, -0.000242487938, -0.003275330905, -0.003083836190, 0, 0.002939134854, 0.002975120789, 0.000209916580, -0.002623751147, -0.002856257679, -0.000390025715, 0.002328428747, 0.002729106773, 0.000542805794, -0.002052536706, -0.002595391195, -0.000670511571, 0.001795524040, 0.002456711655, 0.000775220763, -0.001556888643, -0.002314556436, -0.000858869066, 0.001336153238, 0.002170308192, 0.000923276314, -0.001132846877, -0.002025248453, -0.000970165803, 0.000946490896, 0.001880560505, 0.001001178307, -0.000776588482, -0.001737331166, -0.001017881970, 0.000622617215, 0.001596551861, 0.001021778975, -0.000484024076, -0.001459119281, -0.001014309715, 0.000360222516, 0.001325835897, 0.000996855019, -0.000250591266, -0.001197410480, -0.000970736921, 0.000154474606, 0.001074458805, 0.000937218308, -0.000071183873, -0.000957504615, -0.000897501798, 0, 0.000846980959, 0.000852728059, 0.000059823072, -0.000743231935, -0.000803973818, -0.000109054287, 0.000646514900, 0.000752249713, 0.000148480784, -0.000557003149, -0.000698498149, -0.000178902778, 0.000474789089, 0.000643591279, 0.000201128112, -0.000399887895, -0.000588329216, -0.000215966592, 0.000332241627, 0.000533438554, 0.000224224212, -0.000271723801, -0.000479571278, -0.000226697360, 0.000218144362, 0.000427304104, 0.000224167086, -0.000171255030, -0.000377138307, -0.000217393526, 0.000130754977, 0.000329500048, 0.000207110540, -0.000096296772, -0.000284741235, -0.000194020649, 0.000067492550, 0.000243140907, 0.000178790315, -0.000043920344, -0.000204907158, -0.000162045633, 0.000025130521, 0.000170179582, 0.000144368472, -0.000010652257, -0.000139032216, -0.000126293112, 0, 0.000111476963, 0.000108303405, 0.000007320153, -0.000087467464, -0.000090830494, -0.000011804215, 0.000066903370, 0.000074251099, 0.000013944270, -0.000049634984, -0.000058886389, -0.000014222684, 0.000035468218, 0.000045001449, 0.000013106621, -0.000024169813, -0.000032805323, -0.000011042922, 0.000015472775, 0.000022451649, 0.000008453379, -0.000009081966, -0.000014039846, -0.000005730447, 0.000004679783, 0.000007616850, 0.000003233437, -0.000001931892, -0.000003179366, -0.000001285212, 0.000000492927, 0.000000676600, 0.000000169416, -0.000000012122, },
	{ -0.000000001136, 0.000000023886, 0.000000420471, 0.000000761317, -0.000000218042, -0.000002418629, -0.000003113798, 0.000000330770, 0.000005981307, 0.000007312092, 0, -0.000010974600, -0.000013581216, -0.000001155566, 0.000017215063, 0.000022112659, 0.000003531641, -0.000024469752, -0.000033059562, -0.000007533201, 0.000032456827, 0.000046532159, 0.000013569025, -0.000040846749, -0.000062593537, -0.000022045995, 0.000049264056, 0.000081255766, 0.000033363189, -0.000057289714, -0.000102476437, -0.000047905846, 0.000064464025, 0.000126155648, 0.000066039234, -0.000070290080, -0.000152133483, -0.000088102510, 0.000074237721, 0.000180188013, 0.000114402605, -0.000075747979, -0.000210033828, -0.000145208206, 0.000074237961, 0.000241321136, 0.000180743896, -0.000069106128, -0.000273635438, -0.000221184494, 0.000059737918, 0.000306497765, 0.000266649664, -0.000045511669, -0.000339365493, -0.000317198831, 0.000025804771, 0.000371633714, 0.000372826454, 0, -0.000402637140, -0.000433457698, -0.000032508054, 0.000431652514, 0.000498944528, 0.000072306502, -0.000457901486, -0.000569062271, -0.000119957712, 0.000480553905, 0.000643506640, 0.000175992955, -0.000498731475, -0.000721891247, -0.000240906231, 0.000511511686, 0.000803745598, 0.000315148332, -0.000517931967, -0.000888513552, -0.000399121224, 0.000516993943, 0.000975552229, 0.000493172809, -0.000507667696, -0.001064131309, -0.000597592153, 0.000488895926, 0.001153432683, 0.000712605226, -0.000459597838, -0.001242550365, -0.000838371244, 0.000418672640, 0.001330490565, 0.000974979654, -0.000365002428, -0.001416171812, -0.001122447855, 0.000297454282, 0.001498424943, 0.001280719682, -0.000214881309, -0.001575992788, -0.001449664742, 0.000116122349, 0.001647529287, 0.001629078661, 0, -0.001711597747, -0.001818684289, -0.000134683455, 0.001766667862, 0.002018133961, 0.000289152735, -0.001811111014, -0.002227012876, -0.000464669500, 0.001843193261, 0.002444843690, 0.000662546344, -0.001861065247, -0.002671092456, -0.000884165889, 0.001862748036, 0.002905176043, 0.001131006325, -0.001846113577, -0.003146471245, -0.001404675166, 0.001808858076, 0.003394325842, 0.001706953645, -0.001748465968, -0.003648071997, -0.002039854965, 0.001662161333, 0.003907042494, 0.002405700929, -0.001546842393, -0.004170590570, -0.002807223239, 0.001398992938, 0.004438114407, 0.003247698482, -0.001214561906, -0.004709087853, -0.003731129853, 0.000988798263, 0.004983099691, 0.004262494986, -0.000716022110, -0.005259904995, -0.004848089130, 0.000389302970, 0.005539493997, 0.005496008923, 0, -0.005822187079, -0.006216848565, -0.000462908331, 0.006108769837, 0.007024725729, 0.001013824672, -0.006400691551, -0.007938835275, -0.001672067575, 0.006700367494, 0.008985878011, 0.002464303634, -0.007011658054, -0.010204000363, -0.003428552445, 0.007340662874, 0.011649470697, 0.004621091566, -0.007697107226, -0.013408604026, -0.006129044687, 0.008096916656, 0.015620480040, 0.008094975173, -0.008567376278, -0.018523885523, -0.010769364991, 0.009158524205, 0.022565144539, 0.014636460631, -0.009971804582, -0.028684412120, -0.020769505247, 0.011246821107, 0.039256333579, 0.032116025232, -0.013713871631, -0.062503874551, -0.060753462001, 0.021153626218, 0.159284833540, 0.284403416927, 0.325636273365, 0.258705703638, 0.122821778456, -0.006522209889, -0.068343581553, -0.053026277720, 0, 0.038084063522, 0.034592704087, 0.002223519832, -0.025621881757, -0.025964057946, -0.003326725926, 0.018760351058, 0.020889378059, 0.003966484532, -0.014380068561, -0.017498771962, -0.004365000273, 0.011319419356, 0.015038038753, 0.004618519235, -0.009047208411, -0.013144984008, -0.004775701689, 0.007286239149, 0.011624344095, 0.004863984138, -0.005877799054, -0.010361807555, -0.004900186630, 0.004724513121, 0.009286206346, 0.004895352834, -0.003763339272, -0.008351078017, -0.004857175125, 0.002951656203, 0.007524929063, 0.004791300633, -0.002259591963, -0.006785756515, -0.004702075895, 0.001665554713, 0.006117801373, 0.004592991221, -0.001153508137, -0.005509539568, -0.004466955669, 0.000711246026, 0.004952392225, 0.004326472154, -0.000329263827, -0.004439871147, -0.004173751393, 0, 0.003966996936, 0.004010787172, 0.000282686159, -0.003529893184, -0.003839406475, -0.000523881249, 0.003125497467, 0.003661302903, 0.000727879774, -0.002751351743, -0.003478058766, -0.000898374025, 0.002405447929, 0.003291159394, 0.001038593296, -0.002086112597, -0.003102002069, -0.001151406902, 0.001791919946, 0.002911901202, 0.001239400876, -0.001521625559, -0.002722090937, -0.001304935309, 0.001274115708, 0.002533725988, 0.001350187240, -0.001048368451, -0.002347881339, -0.001377182651, 0.000843423840, 0.002165551246, 0.001387820204, -0.000658361211, -0.001987647870, -0.001383888631, 0.000492282107, 0.001814999827, 0.001367079273, -0.000344297684, -0.001648350813, -0.001338994868, 0.000213519739, 0.001488358485, 0.001301155480, -0.000099054697, -0.001335593702, -0.001255002230, 0, 0.001190540198, 0.001201899386, 0.000084557521, -0.001053594770, -0.001143135232, -0.000155541650, 0.000925068013, 0.001079922090, 0.000213885467, -0.000805185620, -0.001013395746, -0.000260528951, 0.000694090274, 0.000944614548, 0.000296415723, -0.000591844122, -0.000874558343, -0.000322489115, 0.000498431815, 0.000804127432, 0.000339687741, -0.000413764107, -0.000734141644, -0.000348940704, 0.000337681967, 0.000665339668, 0.000351162574, -0.000269961179, -0.000598378696, -0.000347248265, 0.000210317376, 0.000533834460, 0.000338067910, -0.000158411476, -0.000472201711, -0.000324461830, 0.000113855442, 0.000413895165, 0.000307235689, -0.000076218326, -0.000359250951, -0.000287155912, 0.000045032541, 0.000308528563, 0.000264945425, -0.000019800273, -0.000261913316, -0.000241279800, 0, 0.000219519307, 0.000216783826, 0.000014906971, -0.000181392843, -0.000192028578, -0.000025469995, 0.000147516336, 0.000167529002, 0.000032242686, -0.000117812605, -0.000143742051, -0.000035776675, 0.000092149569, 0.000121065390, 0.000036615581, -0.000070345272, -0.000099836678, -0.000035289272, 0.000052173203, 0.000080333438, 0.000032308444, -0.000037367844, -0.000062773512, -0.000028159582, 0.000025630410, 0.000047316080, 0.000023300354, -0.000016634707, -0.000034063239, -0.000018155448, 0.000010033061, 0.000023062120, 0.000013112923, -0.000005462250, -0.000014307495, -0.000008521074, 0.000002549393, 0.000007744866, 0.000004685848, -0.000000917717, -0.000003273977, -0.000001868819, 0.000000192176, 0.000000752718, 0.000000285737, -0.000000004837, },
};
### executing D:/Praat-work/稳定早期版/test/fon/resample24_8.praat:
static double filter_3 [400] = { -0.000000011170, -0.000000219812, -0.000000439311, 0.000000191437, 0.000001811373, 0.000002719232, 0.000000670086, -0.000004052324, -0.000007305895, -0.000004215243, 0.000005174413, 0.000013569150, 0.000011532878, -0.000002990355, -0.000019743509, -0.000022668936, -0.000004531703, 0.000023152156, 0.000036312659, 0.000018632462, -0.000020690154, -0.000049745817, -0.000039188255, 0.000009502022, 0.000059101549, 0.000064325193, 0.000012253900, -0.000059927652, -0.000090325382, -0.000044690063, 0.000047993620, 0.000111890200, 0.000085667068, -0.000020229856, -0.000122771032, -0.000130592507, -0.000024350091, 0.000116715836, 0.000172632174, 0.000083910803, -0.000088619429, -0.000203367861, -0.000153398872, 0.000035715983, 0.000213867283, 0.000224614907, 0.000041377530, -0.000196060383, -0.000286822187, -0.000137961766, 0.000144252753, 0.000327886078, 0.000245068469, -0.000056561452, -0.000335855818, -0.000349901868, -0.000063960436, 0.000300820852, 0.000436945075, 0.000208730966, -0.000216809361, -0.000489675782, -0.000363751984, 0.000083457680, 0.000492739457, 0.000510523761, 0.000092825825, -0.000434341909, -0.000627757900, -0.000298445883, 0.000308559445, 0.000693772963, 0.000513127331, -0.000117235100, -0.000689347811, -0.000711414336, -0.000128859019, 0.000600715516, 0.000865107928, 0.000409857417, -0.000422319947, -0.000946456235, -0.000697801853, 0.000158938983, 0.000931789155, 0.000958843616, 0.000173190544, -0.000805192195, -0.001156534198, -0.000546529509, 0.000561758004, 0.001255938660, 0.000923831518, -0.000209949880, -0.001228169922, -0.001261172751, -0.000227335219, 0.001054841044, 0.001512235673, 0.000713306628, -0.000731882213, -0.001633491315, -0.001199566832, 0.000272180499, 0.001589774863, 0.001630096562, 0.000293421937, -0.001359644161, -0.001946682741, -0.000917094971, 0.000939866878, 0.002095336184, 0.001537084014, -0.000348410250, -0.002033081378, -0.002082774017, -0.000374589482, 0.001734390975, 0.002481420264, 0.001168228107, -0.001196500346, -0.002665989836, -0.001954726741, 0.000442882673, 0.002583377046, 0.002645676531, 0.000475705757, -0.002202141220, -0.003150223631, -0.001482995009, 0.001518883576, 0.003384535058, 0.002481906225, -0.000562441589, -0.003281688641, -0.003362013262, -0.000604765984, 0.002801009206, 0.004009279993, 0.001888672569, -0.001935846985, -0.004317317729, -0.003168904378, 0.000718872404, 0.004199193367, 0.004307321658, 0.000775857208, -0.003598692837, -0.005159218112, -0.002434530886, 0.002499926273, 0.005586335136, 0.004109047679, -0.000934261558, -0.005470616456, -0.005626060434, -0.001016208322, 0.004727497665, 0.006798964082, 0.003219130798, -0.003317516771, -0.007441836864, -0.005496337329, 0.001255160918, 0.007384044634, 0.007631810031, 0.001385860966, -0.006483991977, -0.009382137036, -0.004471300907, 0.004640336968, 0.010487719730, 0.007808780112, -0.001798813645, -0.010682011986, -0.011152805309, -0.002047553465, 0.009694358125, 0.014209822649, 0.006868083597, -0.007238278817, -0.016637841497, -0.012620211699, 0.002967457323, 0.018027976328, 0.019307146955, 0.003647178675, -0.017833324677, -0.027115915700, -0.013669432859, 0.015127009739, 0.036822557237, 0.029906520112, -0.007640761798, -0.051470392966, -0.062947095189, -0.014216284551, 0.089996883709, 0.209564788440, 0.289014735598, 0.289014735598, 0.209564788440, 0.089996883709, -0.014216284551, -0.062947095189, -0.051470392966, -0.007640761798, 0.029906520112, 0.036822557237, 0.015127009739, -0.013669432859, -0.027115915700, -0.017833324677, 0.003647178675, 0.019307146955, 0.018027976328, 0.002967457323, -0.012620211699, -0.016637841497, -0.007238278817, 0.006868083597, 0.014209822649, 0.009694358125, -0.002047553465, -0.011152805309, -0.010682011986, -0.001798813645, 0.007808780112, 0.010487719730, 0.004640336968, -0.004471300907, -0.009382137036, -0.006483991977, 0.001385860966, 0.007631810031, 0.007384044634, 0.001255160918, -0.005496337329, -0.007441836864, -0.003317516771, 0.003219130798, 0.006798964082, 0.004727497665, -0.001016208322, -0.005626060434, -0.005470616456, -0.000934261558, 0.004109047679, 0.005586335136, 0.002499926273, -0.002434530886, -0.005159218112, -0.003598692837, 0.000775857208, 0.004307321658, 0.004199193367, 0.000718872404, -0.003168904378, -0.004317317729, -0.001935846985, 0.001888672569, 0.004009279993, 0.002801009206, -0.000604765984, -0.003362013262, -0.003281688641, -0.000562441589, 0.002481906225, 0.003384535058, 0.001518883576, -0.001482995009, -0.003150223631, -0.002202141220, 0.000475705757, 0.002645676531, 0.002583377046, 0.000442882673, -0.001954726741, -0.002665989836, -0.001196500346, 0.001168228107, 0.002481420264, 0.001734390975, -0.000374589482, -0.002082774017, -0.002033081378, -0.000348410250, 0.001537084014, 0.002095336184, 0.000939866878, -0.000917094971, -0.001946682741, -0.001359644161, 0.000293421937, 0.001630096562, 0.001589774863, 0.000272180499, -0.001199566832, -0.001633491315, -0.000731882213, 0.000713306628, 0.001512235673, 0.001054841044, -0.000227335219, -0.001261172751, -0.001228169922, -0.000209949880, 0.000923831518, 0.001255938660, 0.000561758004, -0.000546529509, -0.001156534198, -0.000805192195, 0.000173190544, 0.000958843616, 0.000931789155, 0.000158938983, -0.000697801853, -0.000946456235, -0.000422319947, 0.000409857417, 0.000865107928, 0.000600715516, -0.000128859019, -0.000711414336, -0.000689347811, -0.000117235100, 0.000513127331, 0.000693772963, 0.000308559445, -0.000298445883, -0.000627757900, -0.000434341909, 0.000092825825, 0.000510523761, 0.000492739457, 0.000083457680, -0.000363751984, -0.000489675782, -0.000216809361, 0.000208730966, 0.000436945075, 0.000300820852, -0.000063960436, -0.000349901868, -0.000335855818, -0.000056561452, 0.000245068469, 0.000327886078, 0.000144252753, -0.000137961766, -0.000286822187, -0.000196060383, 0.000041377530, 0.000224614907, 0.000213867283, 0.000035715983, -0.000153398872, -0.000203367861, -0.000088619429, 0.000083910803, 0.000172632174, 0.000116715836, -0.000024350091, -0.000130592507, -0.000122771032, -0.000020229856, 0.000085667068, 0.000111890200, 0.000047993620, -0.000044690063, -0.000090325382, -0.000059927652, 0.000012253900, 0.000064325193, 0.000059101549, 0.000009502022, -0.000039188255, -0.000049745817, -0.000020690154, 0.000018632462, 0.000036312659, 0.000023152156, -0.000004531703, -0.000022668936, -0.000019743509, -0.000002990355, 0.000011532878, 0.000013569150, 0.000005174413, -0.000004215243, -0.000007305895, -0.000004052324, 0.000000670086, 0.000002719232, 0.000001811373, 0.000000191437, -0.000000439311, -0.000000219812, -0.000000011170, };
### executing D:/Praat-work/稳定早期版/test/fon/resample32_8.praat:
static double filter_4 [400] = { 0.000000008516, 0.000000194176, 0.000000609342, 0.000000757619, -0.000000079813, -0.000002071612, -0.000004253809, -0.000004765036, -0.000002007838, 0.000003887208, 0.000010350691, 0.000013222511, 0.000009061339, -0.000002246814, -0.000016271628, -0.000025422368, -0.000022749646, -0.000006387675, 0.000017964336, 0.000038504863, 0.000042757180, 0.000024609890, -0.000010812032, -0.000047701193, -0.000066280185, -0.000053013655, -0.000009207011, 0.000047084929, 0.000088017921, 0.000089396232, 0.000044258698, -0.000030750160, -0.000100733975, -0.000128422233, -0.000093531526, -0.000005754218, 0.000096366345, 0.000161889771, 0.000152498632, 0.000063972718, -0.000067562525, -0.000179649714, -0.000212770685, -0.000141347266, 0.000009423504, 0.000171119968, 0.000262670923, 0.000230542986, 0.000078825742, -0.000127225412, -0.000288557493, -0.000319509869, -0.000192549365, 0.000042497645, 0.000276795815, 0.000392401908, 0.000321088403, 0.000082996418, -0.000216162300, -0.000431352404, -0.000448046790, -0.000242248853, 0.000100359105, 0.000418966711, 0.000552588942, 0.000420748528, 0.000069745009, -0.000341260788, -0.000611721137, -0.000596999323, -0.000284546969, 0.000190665755, 0.000603374864, 0.000744226436, 0.000525170732, 0.000031346617, -0.000509964127, -0.000833217675, -0.000764213140, -0.000312471005, 0.000321972308, 0.000836074052, 0.000967880506, 0.000629006649, -0.000041056858, -0.000730482633, -0.001099440193, -0.000946807356, -0.000317843845, 0.000503997910, 0.001123718458, 0.001223854331, 0.000725850916, -0.000157746578, -0.001012197130, -0.001414358249, -0.001141247737, -0.000291030450, 0.000748122269, 0.001474081855, 0.001512469179, 0.000808108981, -0.000330960268, -0.001366375961, -0.001782873274, -0.001343445262, -0.000220463601, 0.001068267254, 0.001896952598, 0.001834520451, 0.000866725281, -0.000575849561, -0.001807422453, -0.002211761820, -0.001548876807, -0.000091772003, 0.001482451129, 0.002405673199, 0.002192020106, 0.000890644881, -0.000912199340, -0.002355063915, -0.002711288170, -0.001752723845, 0.000113829770, 0.002015574518, 0.003019853267, 0.002589448234, 0.000865758396, -0.001367586513, -0.003038314538, -0.003298073404, -0.001950024296, 0.000422592459, 0.002704606070, 0.003770372607, 0.003035991576, 0.000772797925, -0.001983441931, -0.003903031115, -0.004000519275, -0.002135832127, 0.000874300135, 0.003608818324, 0.004709238901, 0.003549882264, 0.000582943032, -0.002827479296, -0.005027420236, -0.004869939144, -0.002305378934, 0.001535261338, 0.004831736565, 0.005930835971, 0.004167718538, 0.000247897675, -0.004021680384, -0.006557238012, -0.006006022510, -0.002454231626, 0.002529240062, 0.006573919083, 0.007623650949, 0.004967343737, -0.000325358662, -0.005814195969, -0.008797658433, -0.007624380044, -0.002578440410, 0.004123338768, 0.009282346252, 0.010219799445, 0.006135328880, -0.001351544937, -0.008803587914, -0.012507455606, -0.010278942999, -0.002674671624, 0.007029780440, 0.014193219311, 0.014958245225, 0.008230952322, -0.003481914087, -0.014896961272, -0.020217703737, -0.015911999144, -0.002740320480, 0.014011575475, 0.026423209940, 0.027343792004, 0.013949807227, -0.010119738096, -0.035166403034, -0.048504730343, -0.039212054557, -0.002773599525, 0.056261449038, 0.124829461306, 0.185123913210, 0.220341809314, 0.220341809314, 0.185123913210, 0.124829461306, 0.056261449038, -0.002773599525, -0.039212054557, -0.048504730343, -0.035166403034, -0.010119738096, 0.013949807227, 0.027343792004, 0.026423209940, 0.014011575475, -0.002740320480, -0.015911999144, -0.020217703737, -0.014896961272, -0.003481914087, 0.008230952322, 0.014958245225, 0.014193219311, 0.007029780440, -0.002674671624, -0.010278942999, -0.012507455606, -0.008803587914, -0.001351544937, 0.006135328880, 0.010219799445, 0.009282346252, 0.004123338768, -0.002578440410, -0.007624380044, -0.008797658433, -0.005814195969, -0.000325358662, 0.004967343737, 0.007623650949, 0.006573919083, 0.002529240062, -0.002454231626, -0.006006022510, -0.006557238012, -0.004021680384, 0.000247897675, 0.004167718538, 0.005930835971, 0.004831736565, 0.001535261338, -0.002305378934, -0.004869939144, -0.005027420236, -0.002827479296, 0.000582943032, 0.003549882264, 0.004709238901, 0.003608818324, 0.000874300135, -0.002135832127, -0.004000519275, -0.003903031115, -0.001983441931, 0.000772797925, 0.003035991576, 0.003770372607, 0.002704606070, 0.000422592459, -0.001950024296, -0.003298073404, -0.003038314538, -0.001367586513, 0.000865758396, 0.002589448234, 0.003019853267, 0.002015574518, 0.000113829770, -0.001752723845, -0.002711288170, -0.002355063915, -0.000912199340, 0.000890644881, 0.002192020106, 0.002405673199, 0.001482451129, -0.000091772003, -0.001548876807, -0.002211761820, -0.001807422453, -0.000575849561, 0.000866725281, 0.001834520451, 0.001896952598, 0.001068267254, -0.000220463601, -0.001343445262, -0.001782873274, -0.001366375961, -0.000330960268, 0.000808108981, 0.001512469179, 0.001474081855, 0.000748122269, -0.000291030450, -0.001141247737, -0.001414358249, -0.001012197130, -0.000157746578, 0.000725850916, 0.001223854331, 0.001123718458, 0.000503997910, -0.000317843845, -0.000946807356, -0.001099440193, -0.000730482633, -0.000041056858, 0.000629006649, 0.000967880506, 0.000836074052, 0.000321972308, -0.000312471005, -0.000764213140, -0.000833217675, -0.000509964127, 0.000031346617, 0.000525170732, 0.000744226436, 0.000603374864, 0.000190665755, -0.000284546969, -0.000596999323, -0.000611721137, -0.000341260788, 0.000069745009, 0.000420748528, 0.000552588942, 0.000418966711, 0.000100359105, -0.000242248853, -0.000448046790, -0.000431352404, -0.000216162300, 0.000082996418, 0.000321088403, 0.000392401908, 0.000276795815, 0.000042497645, -0.000192549365, -0.000319509869, -0.000288557493, -0.000127225412, 0.000078825742, 0.000230542986, 0.000262670923, 0.000171119968, 0.000009423504, -0.000141347266, -0.000212770685, -0.000179649714, -0.000067562525, 0.000063972718, 0.000152498632, 0.000161889771, 0.000096366345, -0.000005754218, -0.000093531526, -0.000128422233, -0.000100733975, -0.000030750160, 0.000044258698, 0.000089396232, 0.000088017921, 0.000047084929, -0.000009207011, -0.000053013655, -0.000066280185, -0.000047701193, -0.000010812032, 0.000024609890, 0.000042757180, 0.000038504863, 0.000017964336, -0.000006387675, -0.000022749646, -0.000025422368, -0.000016271628, -0.000002246814, 0.000009061339, 0.000013222511, 0.000010350691, 0.000003887208, -0.000002007838, -0.000004765036, -0.000004253809, -0.000002071612, -0.000000079813, 0.000000757619, 0.000000609342, 0.000000194176, 0.000000008516, };
### executing D:/Praat-work/稳定早期版/test/fon/resample44_8.praat:
static double filter_11_2 [2] [400] = {
	{ 0.000000055174, 0.000000277337, 0.000000450187, 0.000000179867, -0.000000851070, -0.000002611097, -0.000004565714, -0.000005749774, -0.000005087324, -0.000001871802, 0.000003769112, 0.000010629989, 0.000016563395, 0.000019033505, 0.000015970691, 0.000006671300, -0.000007581445, -0.000023461483, -0.000036247785, -0.000041093761, -0.000034606212, -0.000016261128, 0.000010843619, 0.000040263707, 0.000063601229, 0.000072757896, 0.000062476782, 0.000032422771, -0.000011914475, -0.000059948846, -0.000098372574, -0.000114691386, -0.000101016657, -0.000057015661, 0.000008966947, 0.000081181427, 0.000140063629, 0.000167376085, 0.000151587163, 0.000091956505, 0, -0.000102378760, -0.000187918299, -0.000231091155, -0.000215454493, -0.000139199676, -0.000017149215, 0.000121712840, 0.000240914206, 0.000305896990, 0.000293770410, 0.000200719788, 0.000044794174, -0.000137112818, -0.000297756366, -0.000391622368, -0.000387556722, -0.000278497785, -0.000085390203, 0.000146266797, 0.000356872279, 0.000487854976, 0.000497694485, 0.000374512121, 0.000141529978, -0.000146621317, -0.000416407450, -0.000593935289, -0.000624918980, -0.000490736963, -0.000215945639, 0.000135376360, 0.000474219934, 0.000708953660, 0.000769821723, 0.000629149836, 0.000311520596, -0.000109472922, -0.000527871964, -0.000831750257, -0.000932861004, -0.000791751881, -0.000431315103, 0.000065569222, 0.000574615914, 0.000960917254, 0.001114382909, 0.000980604938, 0.000578611187, 0, -0.000611370729, -0.001094802342, -0.001314655439, -0.001197891316, -0.000756984749, -0.000091288861, 0.000634683300, 0.001231512176, 0.001533919442, 0.001446004656, 0.000970416132, 0.000212841741, -0.000640666698, -0.001368913711, -0.001772461783, -0.001727684287, -0.001223455958, -0.000369847601, 0.000624903157, 0.001504630400, 0.002030719051, 0.002046212027, 0.001521471886, 0.000568373163, -0.000582293209, -0.001636028616, -0.002309424841, -0.002405701181, -0.001871016833, -0.000815716035, 0.000506821390, 0.001760187064, 0.002609821760, 0.002811526094, 0.002280384654, 0.001120944995, -0.000391190014, -0.001873837424, -0.002933973708, -0.003270973520, -0.002760464782, -0.001495741490, 0.000226238320, 0.001973256292, 0.003285240257, 0.003794257739, 0.003326091621, 0.001955743905, 0, -0.002054073109, -0.003669025376, -0.004396158328, -0.003998248426, -0.002522767724, -0.000303875015, 0.002110927976, 0.004094014258, 0.005098777490, 0.004807822155, 0.003228630625, 0.000708875204, -0.002136848235, -0.004574329705, -0.005936429749, -0.005802344507, -0.004122102052, -0.001250698648, 0.002122064373, 0.005133542203, 0.006964885112, 0.007058909557, 0.005282403228, 0.001987249332, -0.002051616713, -0.005812740659, -0.008280300052, -0.008711064253, -0.006847782451, -0.003020173141, 0.001900076206, 0.006688493515, 0.010062235306, 0.011011201370, 0.009083278631, 0.004547121681, -0.001618385085, -0.007918566842, -0.012686223538, -0.014498616692, -0.012568942588, -0.007011777006, 0.001094688959, 0.009882983553, 0.017085642652, 0.020564230626, 0.018863536140, 0.011661506360, 0, -0.013776369605, -0.026384436580, -0.034213031918, -0.034064301050, -0.023874062684, -0.003255217358, 0.026261900755, 0.061359646357, 0.097425545656, 0.129322694523, 0.152293110015, 0.162817838257, 0.159262939613, 0.142181712077, 0.114212202530, 0.079590694412, 0.043379100563, 0.010560651538, -0.014817859367, -0.030292406834, -0.035299003505, -0.031114660113, -0.020452847595, -0.006813207957, 0.006269327376, 0.015917847225, 0.020411990447, 0.019403503166, 0.013825880818, 0.005541715333, -0.003175344886, -0.010198114609, -0.014017361680, -0.014029860051, -0.010593581160, -0.004856552208, 0.001583265840, 0.007095277376, 0.010407750261, 0.010883816971, 0.008625493829, 0.004393471278, -0.000625288600, -0.005136170416, -0.008059550875, -0.008779598327, -0.007263982008, -0.004033741297, 0, 0.003784564043, 0.006393737065, 0.007248619398, 0.006239991529, 0.003727858557, 0.000425268114, -0.002798512791, -0.005142482576, -0.006069127359, -0.005423708192, -0.003452146175, -0.000718427546, 0.002052736172, 0.004165062363, 0.005123027157, 0.004745358772, 0.003194401255, 0.000918233877, -0.001475696951, -0.003380529789, -0.004341941491, -0.004164521344, -0.002948169988, -0.001048776431, 0.001023367229, 0.002739012034, 0.003683717443, 0.003656480136, 0.002710138541, 0.001126138837, -0.000666941370, -0.002208034326, -0.003121048493, -0.003205507681, -0.002478815555, -0.001161748726, 0.000386555553, 0.001765431346, 0.002635496761, 0.002801284782, 0.002253808695, 0.001164181279, -0.000167852585, -0.001395422102, -0.002214143281, -0.002436867245, -0.002035397826, -0.001140182203, 0, 0.001086318847, 0.001847610680, 0.002107469085, 0.001824266809, 0.001095271127, 0.000125502556, -0.000829132017, -0.001528845503, -0.001809702078, -0.001621325381, -0.001034107618, -0.000215564895, 0.000616691749, 0.001252342328, 0.001541083224, 0.001427585165, 0.000960717220, 0.000275978806, -0.000443080194, -0.001013635983, -0.001299706534, -0.001244070088, -0.000878632195, -0.000311724246, 0.000303257849, 0.000808962726, 0.001084019658, 0.001071749961, 0.000790979017, 0.000327169551, -0.000192814894, -0.000635031513, -0.000892669940, -0.000911490615, -0.000700532155, -0.000326202509, 0.000107805282, 0.000488869158, 0.000724398058, 0.000764016582, 0.000609746461, 0.000312315523, -0.000044636849, -0.000367716410, -0.000577965339, -0.000629883811, -0.000520776151, -0.000288659959, 0, 0.000268959907, 0.000452105641, 0.000509460785, 0.000435485754, 0.000258079794, 0.000029176743, -0.000190089846, -0.000345495595, -0.000402916932, -0.000355456646, -0.000223131503, -0.000045752432, 0.000128676316, 0.000256738876, 0.000310217486, 0.000281991715, 0.000186095046, 0.000052386338, -0.000082359244, -0.000184361325, -0.000231124162, -0.000216119905, -0.000148979462, -0.000051541750, 0.000048848214, 0.000126814555, 0.000165201040, 0.000158601858, 0.000113525594, 0.000045483999, -0.000025929333, -0.000082486131, -0.000111825152, -0.000109937468, -0.000081207809, -0.000036275077, 0.000011476919, 0.000049714805, 0.000070201196, 0.000070375865, 0.000053236073, 0.000025766641, -0.000003468261, -0.000026809498, -0.000039379855, -0.000039928117, -0.000030559353, -0.000015592798, 0, 0.000012070897, 0.000018279146, 0.000018382733, 0.000013871059, 0.000007163753, 0.000000695047, -0.000003814684, -0.000005708213, -0.000005323916, -0.000003616947, -0.000001661142, -0.000000231600, 0.000000395484, 0.000000392959, 0.000000152379, 0.000000005766, },
	{ 0.000000005766, 0.000000152379, 0.000000392959, 0.000000395484, -0.000000231600, -0.000001661142, -0.000003616947, -0.000005323916, -0.000005708213, -0.000003814684, 0.000000695047, 0.000007163753, 0.000013871059, 0.000018382733, 0.000018279146, 0.000012070897, 0, -0.000015592798, -0.000030559353, -0.000039928117, -0.000039379855, -0.000026809498, -0.000003468261, 0.000025766641, 0.000053236073, 0.000070375865, 0.000070201196, 0.000049714805, 0.000011476919, -0.000036275077, -0.000081207809, -0.000109937468, -0.000111825152, -0.000082486131, -0.000025929333, 0.000045483999, 0.000113525594, 0.000158601858, 0.000165201040, 0.000126814555, 0.000048848214, -0.000051541750, -0.000148979462, -0.000216119905, -0.000231124162, -0.000184361325, -0.000082359244, 0.000052386338, 0.000186095046, 0.000281991715, 0.000310217486, 0.000256738876, 0.000128676316, -0.000045752432, -0.000223131503, -0.000355456646, -0.000402916932, -0.000345495595, -0.000190089846, 0.000029176743, 0.000258079794, 0.000435485754, 0.000509460785, 0.000452105641, 0.000268959907, 0, -0.000288659959, -0.000520776151, -0.000629883811, -0.000577965339, -0.000367716410, -0.000044636849, 0.000312315523, 0.000609746461, 0.000764016582, 0.000724398058, 0.000488869158, 0.000107805282, -0.000326202509, -0.000700532155, -0.000911490615, -0.000892669940, -0.000635031513, -0.000192814894, 0.000327169551, 0.000790979017, 0.001071749961, 0.001084019658, 0.000808962726, 0.000303257849, -0.000311724246, -0.000878632195, -0.001244070088, -0.001299706534, -0.001013635983, -0.000443080194, 0.000275978806, 0.000960717220, 0.001427585165, 0.001541083224, 0.001252342328, 0.000616691749, -0.000215564895, -0.001034107618, -0.001621325381, -0.001809702078, -0.001528845503, -0.000829132017, 0.000125502556, 0.001095271127, 0.001824266809, 0.002107469085, 0.001847610680, 0.001086318847, 0, -0.001140182203, -0.002035397826, -0.002436867245, -0.002214143281, -0.001395422102, -0.000167852585, 0.001164181279, 0.002253808695, 0.002801284782, 0.002635496761, 0.001765431346, 0.000386555553, -0.001161748726, -0.002478815555, -0.003205507681, -0.003121048493, -0.002208034326, -0.000666941370, 0.001126138837, 0.002710138541, 0.003656480136, 0.003683717443, 0.002739012034, 0.001023367229, -0.001048776431, -0.002948169988, -0.004164521344, -0.004341941491, -0.003380529789, -0.001475696951, 0.000918233877, 0.003194401255, 0.004745358772, 0.005123027157, 0.004165062363, 0.002052736172, -0.000718427546, -0.003452146175, -0.005423708192, -0.006069127359, -0.005142482576, -0.002798512791, 0.000425268114, 0.003727858557, 0.006239991529, 0.007248619398, 0.006393737065, 0.003784564043, 0, -0.004033741297, -0.007263982008, -0.008779598327, -0.008059550875, -0.005136170416, -0.000625288600, 0.004393471278, 0.008625493829, 0.010883816971, 0.010407750261, 0.007095277376, 0.001583265840, -0.004856552208, -0.010593581160, -0.014029860051, -0.014017361680, -0.010198114609, -0.003175344886, 0.005541715333, 0.013825880818, 0.019403503166, 0.020411990447, 0.015917847225, 0.006269327376, -0.006813207957, -0.020452847595, -0.031114660113, -0.035299003505, -0.030292406834, -0.014817859367, 0.010560651538, 0.043379100563, 0.079590694412, 0.114212202530, 0.142181712077, 0.159262939613, 0.162817838257, 0.152293110015, 0.129322694523, 0.097425545656, 0.061359646357, 0.026261900755, -0.003255217358, -0.023874062684, -0.034064301050, -0.034213031918, -0.026384436580, -0.013776369605, 0, 0.011661506360, 0.018863536140, 0.020564230626, 0.017085642652, 0.009882983553, 0.001094688959, -0.007011777006, -0.012568942588, -0.014498616692, -0.012686223538, -0.007918566842, -0.001618385085, 0.004547121681, 0.009083278631, 0.011011201370, 0.010062235306, 0.006688493515, 0.001900076206, -0.003020173141, -0.006847782451, -0.008711064253, -0.008280300052, -0.005812740659, -0.002051616713, 0.001987249332, 0.005282403228, 0.007058909557, 0.006964885112, 0.005133542203, 0.002122064373, -0.001250698648, -0.004122102052, -0.005802344507, -0.005936429749, -0.004574329705, -0.002136848235, 0.000708875204, 0.003228630625, 0.004807822155, 0.005098777490, 0.004094014258, 0.002110927976, -0.000303875015, -0.002522767724, -0.003998248426, -0.004396158328, -0.003669025376, -0.002054073109, 0, 0.001955743905, 0.003326091621, 0.003794257739, 0.003285240257, 0.001973256292, 0.000226238320, -0.001495741490, -0.002760464782, -0.003270973520, -0.002933973708, -0.001873837424, -0.000391190014, 0.001120944995, 0.002280384654, 0.002811526094, 0.002609821760, 0.001760187064, 0.000506821390, -0.000815716035, -0.001871016833, -0.002405701181, -0.002309424841, -0.001636028616, -0.000582293209, 0.000568373163, 0.001521471886, 0.002046212027, 0.002030719051, 0.001504630400, 0.000624903157, -0.000369847601, -0.001223455958, -0.001727684287, -0.001772461783, -0.001368913711, -0.000640666698, 0.000212841741, 0.000970416132, 0.001446004656, 0.001533919442, 0.001231512176, 0.000634683300, -0.000091288861, -0.000756984749, -0.001197891316, -0.001314655439, -0.001094802342, -0.000611370729, 0, 0.000578611187, 0.000980604938, 0.001114382909, 0.000960917254, 0.000574615914, 0.000065569222, -0.000431315103, -0.000791751881, -0.000932861004, -0.000831750257, -0.000527871964, -0.000109472922, 0.000311520596, 0.000629149836, 0.000769821723, 0.000708953660, 0.000474219934, 0.000135376360, -0.000215945639, -0.000490736963, -0.000624918980, -0.000593935289, -0.000416407450, -0.000146621317, 0.000141529978, 0.000374512121, 0.000497694485, 0.000487854976, 0.000356872279, 0.000146266797, -0.000085390203, -0.000278497785, -0.000387556722, -0.000391622368, -0.000297756366, -0.000137112818, 0.000044794174, 0.000200719788, 0.000293770410, 0.000305896990, 0.000240914206, 0.000121712840, -0.000017149215, -0.000139199676, -0.000215454493, -0.000231091155, -0.000187918299, -0.000102378760, 0, 0.000091956505, 0.000151587163, 0.000167376085, 0.000140063629, 0.000081181427, 0.000008966947, -0.000057015661, -0.000101016657, -0.000114691386, -0.000098372574, -0.000059948846, -0.000011914475, 0.000032422771, 0.000062476782, 0.000072757896, 0.000063601229, 0.000040263707, 0.000010843619, -0.000016261128, -0.000034606212, -0.000041093761, -0.000036247785, -0.000023461483, -0.000007581445, 0.000006671300, 0.000015970691, 0.000019033505, 0.000016563395, 0.000010629989, 0.000003769112, -0.000001871802, -0.000005087324, -0.000005749774, -0.000004565714, -0.000002611097, -0.000000851070, 0.000000179867, 0.000000450187, 0.000000277337, 0.000000055174, },
};
### executing D:/Praat-work/稳定早期版/test/fon/resample48_8.praat:
static double filter_6 [400] = { -0.000000005744, -0.000000144536, -0.000000573985, -0.000001219977, -0.000001733371, -0.000001594590, -0.000000336078, 0.000002193095, 0.000005624677, 0.000009028299, 0.000011082671, 0.000010446644, 0.000006241528, -0.000001499796, -0.000011577829, -0.000021692751, -0.000028879304, -0.000030249650, -0.000023877075, -0.000009580922, 0.000010638999, 0.000032709932, 0.000051201755, 0.000060553788, 0.000056556476, 0.000037721060, 0.000006145876, -0.000032432505, -0.000069539885, -0.000095718149, -0.000102793780, -0.000086142250, -0.000046362531, 0.000010146172, 0.000071994397, 0.000124968839, 0.000155176468, 0.000152496088, 0.000113512791, 0.000043147431, -0.000045568634, -0.000133722776, -0.000200424628, -0.000227608191, -0.000204657578, -0.000131716860, -0.000020752671, 0.000106106766, 0.000220819237, 0.000295489512, 0.000308963685, 0.000252433588, 0.000132629664, -0.000028368083, -0.000196949856, -0.000334834145, -0.000407602363, -0.000393040094, -0.000287309451, -0.000107330696, 0.000111484655, 0.000321982071, 0.000475263311, 0.000531852972, 0.000471520759, 0.000299377221, 0.000046556278, -0.000235063376, -0.000483299505, -0.000639217886, -0.000660879332, -0.000534123313, -0.000277701599, 0.000058798614, 0.000404241776, 0.000680778905, 0.000821183287, 0.000784870069, 0.000568844228, 0.000210751106, -0.000217159413, -0.000622334103, -0.000911719066, -0.001012874672, -0.000891663787, -0.000562277329, -0.000086862757, 0.000435765445, 0.000890394855, 0.001170568791, 0.001203185515, 0.000966924561, 0.000499972374, -0.000105299198, -0.000720213486, -0.001206863231, -0.001448745177, -0.001378211719, -0.000994357474, -0.000366786483, 0.000376338159, 0.001074088071, 0.001567304452, 0.001734531880, 0.001521314844, 0.000955908061, 0.000147164145, -0.000735831703, -0.001498715992, -0.001964253960, -0.002013027327, -0.001613161601, -0.000831861144, 0.000174743228, 0.001192223162, 0.001993084117, 0.002387156324, 0.002266083577, 0.001631636411, 0.000600709796, -0.000615247549, -0.001752998534, -0.002553965185, -0.002822370148, -0.002472129822, -0.001551456264, -0.000238587584, 0.001191786329, 0.002425300453, 0.003176310975, 0.003253177888, 0.002605692602, 0.001343193562, -0.000282089459, -0.001924421349, -0.003217235851, -0.003854008214, -0.003659682881, -0.002636267347, -0.000971166596, 0.000995423959, 0.002838814893, 0.004140359512, 0.004581177224, 0.004018364709, 0.002525864780, 0.000389126879, -0.001947592137, -0.003971989133, -0.005214331215, -0.005354396478, -0.004300818839, -0.002223793281, 0.000468573702, 0.003208034720, 0.005383787009, 0.006476017709, 0.006176753094, 0.004470599966, 0.001655296079, -0.001705886728, -0.004893315398, -0.007181287228, -0.007998797252, -0.007066067640, -0.004475384402, -0.000695070881, 0.003509099655, 0.007223138378, 0.009576729557, 0.009938774670, 0.008074306588, 0.004226067474, -0.000902185006, -0.006264059198, -0.010672535256, -0.013048498243, -0.012666247725, -0.009343545853, -0.003531609171, 0.003721965740, 0.010940068625, 0.016489047098, 0.018910793941, 0.017251642760, 0.011321941188, 0.001829222234, -0.009651294093, -0.020876055273, -0.029277488685, -0.032399358555, -0.028349023824, -0.016185238935, 0.003832181698, 0.030182852155, 0.060236422502, 0.090596493388, 0.117586209299, 0.137797512216, 0.148613084905, 0.148613084905, 0.137797512216, 0.117586209299, 0.090596493388, 0.060236422502, 0.030182852155, 0.003832181698, -0.016185238935, -0.028349023824, -0.032399358555, -0.029277488685, -0.020876055273, -0.009651294093, 0.001829222234, 0.011321941188, 0.017251642760, 0.018910793941, 0.016489047098, 0.010940068625, 0.003721965740, -0.003531609171, -0.009343545853, -0.012666247725, -0.013048498243, -0.010672535256, -0.006264059198, -0.000902185006, 0.004226067474, 0.008074306588, 0.009938774670, 0.009576729557, 0.007223138378, 0.003509099655, -0.000695070881, -0.004475384402, -0.007066067640, -0.007998797252, -0.007181287228, -0.004893315398, -0.001705886728, 0.001655296079, 0.004470599966, 0.006176753094, 0.006476017709, 0.005383787009, 0.003208034720, 0.000468573702, -0.002223793281, -0.004300818839, -0.005354396478, -0.005214331215, -0.003971989133, -0.001947592137, 0.000389126879, 0.002525864780, 0.004018364709, 0.004581177224, 0.004140359512, 0.002838814893, 0.000995423959, -0.000971166596, -0.002636267347, -0.003659682881, -0.003854008214, -0.003217235851, -0.001924421349, -0.000282089459, 0.001343193562, 0.002605692602, 0.003253177888, 0.003176310975, 0.002425300453, 0.001191786329, -0.000238587584, -0.001551456264, -0.002472129822, -0.002822370148, -0.002553965185, -0.001752998534, -0.000615247549, 0.000600709796, 0.001631636411, 0.002266083577, 0.002387156324, 0.001993084117, 0.001192223162, 0.000174743228, -0.000831861144, -0.001613161601, -0.002013027327, -0.001964253960, -0.001498715992, -0.000735831703, 0.000147164145, 0.000955908061, 0.001521314844, 0.001734531880, 0.001567304452, 0.001074088071, 0.000376338159, -0.000366786483, -0.000994357474, -0.001378211719, -0.001448745177, -0.001206863231, -0.000720213486, -0.000105299198, 0.000499972374, 0.000966924561, 0.001203185515, 0.001170568791, 0.000890394855, 0.000435765445, -0.000086862757, -0.000562277329, -0.000891663787, -0.001012874672, -0.000911719066, -0.000622334103, -0.000217159413, 0.000210751106, 0.000568844228, 0.000784870069, 0.000821183287, 0.000680778905, 0.000404241776, 0.000058798614, -0.000277701599, -0.000534123313, -0.000660879332, -0.000639217886, -0.000483299505, -0.000235063376, 0.000046556278, 0.000299377221, 0.000471520759, 0.000531852972, 0.000475263311, 0.000321982071, 0.000111484655, -0.000107330696, -0.000287309451, -0.000393040094, -0.000407602363, -0.000334834145, -0.000196949856, -0.000028368083, 0.000132629664, 0.000252433588, 0.000308963685, 0.000295489512, 0.000220819237, 0.000106106766, -0.000020752671, -0.000131716860, -0.000204657578, -0.000227608191, -0.000200424628, -0.000133722776, -0.000045568634, 0.000043147431, 0.000113512791, 0.000152496088, 0.000155176468, 0.000124968839, 0.000071994397, 0.000010146172, -0.000046362531, -0.000086142250, -0.000102793780, -0.000095718149, -0.000069539885, -0.000032432505, 0.000006145876, 0.000037721060, 0.000056556476, 0.000060553788, 0.000051201755, 0.000032709932, 0.000010638999, -0.000009580922, -0.000023877075, -0.000030249650, -0.000028879304, -0.000021692751, -0.000011577829, -0.000001499796, 0.000006241528, 0.000010446644, 0.000011082671, 0.000009028299, 0.000005624677, 0.000002193095, -0.000000336078, -0.000001594590, -0.000001733371, -0.000001219977, -0.000000573985, -0.000000144536, -0.000000005744, };
### executing D:/Praat-work/稳定早期版/test/fon/resample96_8.praat:
static double filter_12 [400] = { 0.000000002892, 0.000000077031, 0.000000345175, 0.000000898657, 0.000001773797, 0.000002937373, 0.000004280321, 0.000005620906, 0.000006717707, 0.000007291788, 0.000007056415, 0.000005751845, 0.000003182011, -0.000000750502, -0.000006014940, -0.000012431852, -0.000019664574, -0.000027224884, -0.000034493938, -0.000040758285, -0.000045259460, -0.000047254296, -0.000046081917, -0.000041232449, -0.000032411830, -0.000019596929, -0.000003075413, 0.000016534506, 0.000038288143, 0.000060944426, 0.000083022334, 0.000102882066, 0.000118827257, 0.000129222643, 0.000132619930, 0.000127883364, 0.000114305786, 0.000091705837, 0.000060497586, 0.000021725031, -0.000022944124, -0.000071268665, -0.000120528392, -0.000167660299, -0.000209430605, -0.000242633890, -0.000264308056, -0.000271951848, -0.000263730506, -0.000238654799, -0.000196719375, -0.000138988055, -0.000067616298, 0.000014195464, 0.000102319825, 0.000191889385, 0.000277545706, 0.000353738677, 0.000415060658, 0.000456596455, 0.000474267847, 0.000465150344, 0.000427740114, 0.000362150768, 0.000270222825, 0.000155533116, 0.000023296885, -0.000119838314, -0.000266101111, -0.000406994573, -0.000533765219, -0.000637918207, -0.000711749736, -0.000748864932, -0.000744648445, -0.000696656041, -0.000604898422, -0.000471993531, -0.000303170261, -0.000106114647, 0.000109341274, 0.000331678135, 0.000548276100, 0.000746101753, 0.000912459183, 0.001035763654, 0.001106292608, 0.001116867681, 0.001063423138, 0.000945420559, 0.000766076772, 0.000532381468, 0.000254892307, -0.000052691999, -0.000374166904, -0.000691638672, -0.000986483493, -0.001240399636, -0.001436495270, -0.001560349596, -0.001600983462, -0.001551677816, -0.001410584343, -0.001181082149, -0.000871847075, -0.000496615470, -0.000073641330, 0.000375136408, 0.000825181872, 0.001250654462, 0.001625839877, 0.001926643401, 0.002132061725, 0.002225546936, 0.002196178566, 0.002039566855, 0.001758422408, 0.001362743760, 0.000869594192, 0.000302461559, -0.000309781419, -0.000934275145, -0.001535865735, -0.002079008761, -0.002529784871, -0.002857917127, -0.003038674927, -0.003054550672, -0.002896603235, -0.002565376523, -0.002071321491, -0.001434674956, -0.000684777248, 0.000141158317, 0.000999779636, 0.001843758823, 0.002624281719, 0.003293738728, 0.003808474993, 0.004131448333, 0.004234641797, 0.004101084643, 0.003726350865, 0.003119427613, 0.002302876050, 0.001312242858, 0.000194720128, -0.000992907368, -0.002186947659, -0.003320001759, -0.004324527141, -0.005136586580, -0.005699586490, -0.005967800739, -0.005909478457, -0.005509347771, -0.004770351461, -0.003714484240, -0.002382643425, -0.000833453086, 0.000858925829, 0.002607933129, 0.004318576090, 0.005892058340, 0.007230862577, 0.008244046595, 0.008852491075, 0.008993829217, 0.008626793419, 0.007734732955, 0.006328088498, 0.004445653122, 0.002154503221, -0.000451455782, -0.003254317892, -0.006116300439, -0.008885018791, -0.011399706482, -0.013498122932, -0.015023849552, -0.015833647103, -0.015804534328, -0.014840251128, -0.012876789068, -0.009886707109, -0.005881999932, -0.000915347683, 0.004920353103, 0.011494200683, 0.018641185209, 0.026167637378, 0.033858021177, 0.041482798766, 0.048807042888, 0.055599433968, 0.061641257263, 0.066735011229, 0.070712251985, 0.073440329918, 0.074827721652, 0.074827721652, 0.073440329918, 0.070712251985, 0.066735011229, 0.061641257263, 0.055599433968, 0.048807042888, 0.041482798766, 0.033858021177, 0.026167637378, 0.018641185209, 0.011494200683, 0.004920353103, -0.000915347683, -0.005881999932, -0.009886707109, -0.012876789068, -0.014840251128, -0.015804534328, -0.015833647103, -0.015023849552, -0.013498122932, -0.011399706482, -0.008885018791, -0.006116300439, -0.003254317892, -0.000451455782, 0.002154503221, 0.004445653122, 0.006328088498, 0.007734732955, 0.008626793419, 0.008993829217, 0.008852491075, 0.008244046595, 0.007230862577, 0.005892058340, 0.004318576090, 0.002607933129, 0.000858925829, -0.000833453086, -0.002382643425, -0.003714484240, -0.004770351461, -0.005509347771, -0.005909478457, -0.005967800739, -0.005699586490, -0.005136586580, -0.004324527141, -0.003320001759, -0.002186947659, -0.000992907368, 0.000194720128, 0.001312242858, 0.002302876050, 0.003119427613, 0.003726350865, 0.004101084643, 0.004234641797, 0.004131448333, 0.003808474993, 0.003293738728, 0.002624281719, 0.001843758823, 0.000999779636, 0.000141158317, -0.000684777248, -0.001434674956, -0.002071321491, -0.002565376523, -0.002896603235, -0.003054550672, -0.003038674927, -0.002857917127, -0.002529784871, -0.002079008761, -0.001535865735, -0.000934275145, -0.000309781419, 0.000302461559, 0.000869594192, 0.001362743760, 0.001758422408, 0.002039566855, 0.002196178566, 0.002225546936, 0.002132061725, 0.001926643401, 0.001625839877, 0.001250654462, 0.000825181872, 0.000375136408, -0.000073641330, -0.000496615470, -0.000871847075, -0.001181082149, -0.001410584343, -0.001551677816, -0.001600983462, -0.001560349596, -0.001436495270, -0.001240399636, -0.000986483493, -0.000691638672, -0.000374166904, -0.000052691999, 0.000254892307, 0.000532381468, 0.000766076772, 0.000945420559, 0.001063423138, 0.001116867681, 0.001106292608, 0.001035763654, 0.000912459183, 0.000746101753, 0.000548276100, 0.000331678135, 0.000109341274, -0.000106114647, -0.000303170261, -0.000471993531, -0.000604898422, -0.000696656041, -0.000744648445, -0.000748864932, -0.000711749736, -0.000637918207, -0.000533765219, -0.000406994573, -0.000266101111, -0.000119838314, 0.000023296885, 0.000155533116, 0.000270222825, 0.000362150768, 0.000427740114, 0.000465150344, 0.000474267847, 0.000456596455, 0.000415060658, 0.000353738677, 0.000277545706, 0.000191889385, 0.000102319825, 0.000014195464, -0.000067616298, -0.000138988055, -0.000196719375, -0.000238654799, -0.000263730506, -0.000271951848, -0.000264308056, -0.000242633890, -0.000209430605, -0.000167660299, -0.000120528392, -0.000071268665, -0.000022944124, 0.000021725031, 0.000060497586, 0.000091705837, 0.000114305786, 0.000127883364, 0.000132619930, 0.000129222643, 0.000118827257, 0.000102882066, 0.000083022334, 0.000060944426, 0.000038288143, 0.000016534506, -0.000003075413, -0.000019596929, -0.000032411830, -0.000041232449, -0.000046081917, -0.000047254296, -0.000045259460, -0.000040758285, -0.000034493938, -0.000027224884, -0.000019664574, -0.000012431852, -0.000006014940, -0.000000750502, 0.000003182011, 0.000005751845, 0.000007056415, 0.000007291788, 0.000006717707, 0.000005620906, 0.000004280321, 0.000002937373, 0.000001773797, 0.000000898657, 0.000000345175, 0.000000077031, 0.000000002892, };
### executing D:/Praat-work/稳定早期版/test/fon/resamplingDepth.praat:
### executing D:/Praat-work/稳定早期版/test/fon/soundFiles.praat:
Sound files...
Testing WAV files...
1 channels: 0.0003 seconds
2 channels: 0.0003 seconds
3 channels: 0.0004 seconds
4 channels: 0.0004 seconds
5 channels: 0.0009 seconds
6 channels: 0.0008 seconds
7 channels: 0.0008 seconds
8 channels: 0.0008 seconds
Testing WAV files...
1 channels: 0.0003 seconds
2 channels: 0.0003 seconds
3 channels: 0.0004 seconds
4 channels: 0.0005 seconds
5 channels: 0.0010 seconds
6 channels: 0.0009 seconds
7 channels: 0.0009 seconds
8 channels: 0.0008 seconds
Testing AIFF files...
1 channels: 0.0004 seconds
2 channels: 0.0003 seconds
3 channels: 0.0004 seconds
4 channels: 0.0004 seconds
5 channels: 0.0008 seconds
6 channels: 0.0008 seconds
7 channels: 0.0009 seconds
8 channels: 0.0008 seconds
Testing AIFC files...
1 channels: 0.0003 seconds
2 channels: 0.0004 seconds
3 channels: 0.0004 seconds
4 channels: 0.0004 seconds
5 channels: 0.0009 seconds
6 channels: 0.0010 seconds
7 channels: 0.0010 seconds
8 channels: 0.0011 seconds
Testing NeXT/Sun files...
1 channels: 0.0005 seconds
2 channels: 0.0005 seconds
3 channels: 0.0005 seconds
4 channels: 0.0006 seconds
5 channels: 0.0010 seconds
6 channels: 0.0010 seconds
7 channels: 0.0012 seconds
8 channels: 0.0009 seconds
Testing NIST files...
1 channels: 0.0004 seconds
2 channels: 0.0004 seconds
3 channels: 0.0004 seconds
4 channels: 0.0005 seconds
5 channels: 0.0009 seconds
6 channels: 0.0010 seconds
7 channels: 0.0010 seconds
8 channels: 0.0010 seconds
Testing Kay sound files...
1 channels: 0.0034 seconds
2 channels: 0.0021 seconds
3 channels: 0.0030 seconds
4 channels: 0.0020 seconds
5 channels: 0.0023 seconds
6 channels: 0.0020 seconds
7 channels: 0.0019 seconds
8 channels: 0.0019 seconds
Testing FLAC files...
1 channels: 0.0015 seconds
2 channels: 0.0013 seconds
3 channels: 0.0014 seconds
4 channels: 0.0014 seconds
5 channels: 0.0018 seconds
6 channels: 0.0015 seconds
7 channels: 0.0015 seconds
8 channels: 0.0016 seconds
Testing WAV files...
1 channels: 0.0021 seconds
2 channels: 0.0021 seconds
3 channels: 0.0022 seconds
4 channels: 0.0023 seconds
5 channels: 0.0077 seconds
6 channels: 0.0073 seconds
7 channels: 0.0085 seconds
8 channels: 0.0076 seconds
Testing WAV files...
1 channels: 0.0022 seconds
2 channels: 0.0020 seconds
3 channels: 0.0019 seconds
4 channels: 0.0019 seconds
5 channels: 0.0076 seconds
6 channels: 0.0074 seconds
7 channels: 0.0077 seconds
8 channels: 0.0082 seconds
Testing 24-bit WAV files...
1 channels: 0.0003 seconds
2 channels: 0.0004 seconds
3 channels: 0.0009 seconds
4 channels: 0.0010 seconds
5 channels: 0.0010 seconds
6 channels: 0.0011 seconds
7 channels: 0.0009 seconds
8 channels: 0.0010 seconds
Testing 32-bit WAV files...
1 channels: 0.0004 seconds
2 channels: 0.0005 seconds
3 channels: 0.0010 seconds
4 channels: 0.0012 seconds
5 channels: 0.0010 seconds
6 channels: 0.0010 seconds
7 channels: 0.0009 seconds
8 channels: 0.0009 seconds
Testing 32-bit WAV files...
1 channels: 0.0004 seconds
2 channels: 0.0004 seconds
3 channels: 0.0010 seconds
4 channels: 0.0011 seconds
5 channels: 0.0009 seconds
6 channels: 0.0011 seconds
7 channels: 0.0009 seconds
8 channels: 0.0009 seconds
Optimized:
Portable:
OK
### executing D:/Praat-work/稳定早期版/test/fon/stereoAnalysis.praat:
### executing D:/Praat-work/稳定早期版/test/fon/stereoFormula.praat:
Stereo formulas
-0.23965461029823842
-0.723470691998612
0.24416147140213518
-0.23965461029823842   -0.23965461029823842
-0.23965461029823842   -0.23965461029823842
-0.723470691998612   -0.723470691998612
0.24416147140213518   0.24416147140213518
0.01093665932276816
-0.42345794565325345
by hand: -0.42345794565325345
0.4453312642987898
0.01093665932276816   0.01093665932276816
0.01093665932276816   0.01093665932276816
-0.42345794565325345   -0.42345794565325345
0.4453312642987898   0.4453312642987898
OK
### executing D:/Praat-work/稳定早期版/test/fon/texio.praat:
texio
Error: Script assertion fails in line 128: error « Cannot open file “D:\Praat-work\稳定早期版\test\fon\texio\texio99.TextGrid”. » not raised. Instead:
Cannot 打开 file “D:\Praat-work\稳定早期版\test\fon\texio\texio99.TextGrid”.
Hint: one of the folders or files in this file path does not exist.

Script line 129 not performed or completed:
« Read from file... texio/texio99.TextGrid »
Script “D:\Praat-work\稳定早期版\test\fon\texio.praat” not completed.
Formula not run.
Script line 64 not performed or completed:
« runScript: .filePath$ »
Script “D:\Praat-work\稳定早期版-主菜单UI备份-20260929\run-headless-core-tests.praat” not completed.
Praat: script command <<D:\Praat-work\稳定早期版-主菜单UI备份-20260929\run-headless-core-tests.praat>> not completed.

